***** Running training *****
  Num examples = 440
  Total train batch size (w. parallel, distributed & accumulation) = 3
***** Arguments *****
  pretrained_model_name_or_path = THUDM/CogVideoX-5B
  revision = None
  prompt = A dog walking
  train_data_dir = ./motoken/data/A_dog_walking/train
  validation_data_dir = ./motoken/data/A_dog_walking/eval
  placeholder_token = <>
  concept = walking
  repeats = 5
  output_dir = ./motoken/output/l1_1e_3
  seed = 1024
  validation_seed = 1024
  resolution = (480, 720)
  center_crop = False
  remove_concept_tokens = True
  train_batch_size = 3
  num_train_epochs = 4
  max_train_steps = 500
  dictionary_size = 5000
  num_explanation_tokens = 50
  gradient_accumulation_steps = 1
  gradient_checkpointing = True
  print_gpu_status = False
  learning_rate = 0.001
  sparsity_coeff = 0.001
  scale_lr = False
  lr_scheduler = constant
  lr_warmup_steps = 500
  dataloader_num_workers = 0
  adam_beta1 = 0.9
  adam_beta2 = 0.999
  adam_weight_decay = 0.01
  adam_epsilon = 1e-08
  logging_dir = logs
  mixed_precision = fp16
  allow_tf32 = False
  report_to = tensorboard
  validation_prompt = a dog <>
  num_validation_videos = 5
  validation_steps = 50
  path_to_encoder_embeddings = ./motoken/data/LB_text_encoding.pt
  local_rank = -1
  enable_xformers_memory_efficient_attention = False
Saving dictionary
Epoch: 0 batch_num: 0
0: 7.8125 * aleg
1: 6.4375 * accru
2: 6.21875 * Schä
3: 6.0625 * somit
4: 6.0 * aille
5: 5.96875 * startet
6: 5.9375 * aţii
7: 5.875 * bereit
8: 5.75 * furnizat
9: 5.625 * SUA
10: 5.625 * vient
11: 5.625 * shout
12: 5.5625 * dün
13: 5.5 * realizate
14: 5.4375 * со
15: 5.40625 * reguli
16: 5.375 * ţiei
17: 5.375 * selbst
18: 5.34375 * cinci
19: 5.34375 * numai
20: 5.3125 * vă
21: 5.28125 * roam
22: 5.28125 * sympathetic
23: 5.1875 * văzut
24: 5.0625 * bu
25: 5.0625 * auszu
26: 5.0 * aimerai
27: 5.0 * Groß
28: 4.96875 * Bai
29: 4.96875 * schimb
30: 4.96875 * rend
31: 4.96875 * Burton
32: 4.96875 * milioane
33: 4.9375 * varf
34: 4.90625 * Süd
35: 4.875 * dient
36: 4.875 * wenn
37: 4.78125 * doamn
38: 4.78125 * effet
39: 4.71875 * pra
40: 4.71875 * şi
41: 4.6875 * anii
42: 4.6875 * Bü
43: 4.6875 * effortlessly
44: 4.65625 * indicat
45: 4.65625 * fiz
46: 4.65625 * permitted
47: 4.65625 * acestei
48: 4.65625 * gestartet
49: 4.625 * bu
Total loss: 6.958837509155273 = MSE Loss: 0.17758770287036896, 0.001 * Sparsity Loss: 6784.0
Running validation... 
 Generating 5 videos with prompt: a dog <>.
Video generated motoken/output/l1_1e_3/validation/epoch_0/0.mp4
Video generated motoken/output/l1_1e_3/validation/epoch_0/1.mp4
Video generated motoken/output/l1_1e_3/validation/epoch_0/2.mp4
Video generated motoken/output/l1_1e_3/validation/epoch_0/3.mp4
Video generated motoken/output/l1_1e_3/validation/epoch_0/4.mp4
validation probability:  0.4861529052257538
replacing best alphas
saving alphas from step:  0
saving best alphas from validation epoch 0, words =  ['aleg', 'accru', 'Schä', 'somit', 'aille', 'startet', 'aţii', 'bereit', 'furnizat', 'SUA', 'vient', 'shout', 'dün', 'realizate', 'со', 'reguli', 'ţiei', 'selbst', 'cinci', 'numai', 'vă', 'roam', 'sympathetic', 'văzut', 'bu', 'auszu', 'aimerai', 'Groß', 'Bai', 'schimb', 'rend', 'Burton', 'milioane', 'varf', 'Süd', 'dient', 'wenn', 'doamn', 'effet', 'pra', 'şi', 'anii', 'Bü', 'effortlessly', 'indicat', 'fiz', 'permitted', 'acestei', 'gestartet', 'bu']
Epoch: 0 batch_num: 1
0: 25.25 * Numai
1: 25.125 * legat
2: 24.5 * 2014-11-
3: 24.125 * inspirat
4: 23.875 * aimerai
5: 23.875 * luat
6: 23.375 * erst
7: 22.875 * ruhig
8: 22.875 * aleg
9: 22.875 * randul
10: 22.625 * Gerne
11: 22.625 * algré
12: 22.625 * paralel
13: 22.5 * Lü
14: 22.5 * jurul
15: 22.125 * chauff
16: 22.0 * continuu
17: 22.0 * aveam
18: 21.875 * patru
19: 21.875 * Stadi
20: 21.875 * corpul
21: 21.875 * stipulate
22: 21.625 * Dami
23: 21.375 * idylli
24: 21.25 * attentive
25: 21.25 * destinat
26: 21.125 * oriunde
27: 21.125 * lumini
28: 21.125 * declarat
29: 21.0 * Lorsqu
30: 21.0 * Vier
31: 20.875 * Aujourd
32: 20.875 * consta
33: 20.875 * vient
34: 20.875 * breit
35: 20.875 * restitu
36: 20.75 * convient
37: 20.625 * avea
38: 20.625 * Höchst
39: 20.5 * indiqu
40: 20.5 * Dreh
41: 20.5 * repet
42: 20.5 * reguli
43: 20.5 * Rü
44: 20.5 * rasch
45: 20.25 * Gegen
46: 20.125 * doved
47: 20.125 * prolong
48: 20.125 * fehlt
49: 20.125 * dulci
Total loss: 40.49740219116211 = MSE Loss: 0.24740096926689148, 0.001 * Sparsity Loss: 40192.0
Epoch: 0 batch_num: 2
0: 15.875 * prolonged
1: 14.5625 * welcoming
2: 14.5 * responsibly
3: 14.4375 * waiting
4: 14.1875 * promised
5: 14.1875 * stipulate
6: 13.9375 * prolong
7: 13.5 * continually
8: 13.375 * correspond
9: 13.25 * Extended
10: 13.1875 * Numai
11: 13.125 * obedience
12: 13.0625 * accompany
13: 13.0625 * awaiting
14: 13.0625 * undergo
15: 12.9375 * participated
16: 12.75 * endure
17: 12.75 * défend
18: 12.625 * 2014-11-
19: 12.625 * startet
20: 12.5625 * harmonious
21: 12.5 * consecutive
22: 12.4375 * attentive
23: 12.4375 * accompanied
24: 12.375 * unconditional
25: 12.375 * punish
26: 12.3125 * impresionant
27: 12.3125 * welcomed
28: 12.25 * joyful
29: 12.25 * exceeding
30: 12.1875 * enjoyable
31: 12.125 * Bru
32: 12.125 * obligat
33: 12.0625 * punished
34: 12.0 * anticipat
35: 12.0 * august
36: 11.9375 * extended
37: 11.9375 * inspirat
38: 11.9375 * spacious
39: 11.875 * timely
40: 11.875 * waive
41: 11.75 * heureux
42: 11.75 * courageous
43: 11.75 * deployed
44: 11.6875 * repet
45: 11.6875 * 6:30
46: 11.625 * hosted
47: 11.625 * begging
48: 11.5625 * foreseeable
49: 11.5 * Continuous
Total loss: 21.34069061279297 = MSE Loss: 0.21569131314754486, 0.001 * Sparsity Loss: 21120.0
Epoch: 0 batch_num: 3
0: 19.0 * Helfer
1: 14.125 * wurf
2: 14.125 * Begriff
3: 13.125 * jungen
4: 12.6875 * eidig
5: 12.625 * ismus
6: 12.3125 * Arzt
7: 12.3125 * mediu
8: 12.25 * Westfalen
9: 12.1875 * Meine
10: 12.0 * Bru
11: 11.9375 * nici
12: 11.9375 * ruhigen
13: 11.75 * Hobb
14: 11.6875 * Dich
15: 11.625 * affin
16: 11.5625 * arro
17: 11.4375 * wesen
18: 11.4375 * Perspektive
19: 11.3125 * Allerdings
20: 11.1875 * tatea
21: 11.1875 * ungen
22: 11.1875 * bibli
23: 11.125 * Feli
24: 11.125 * atsu
25: 11.0 * feti
26: 10.9375 * porni
27: 10.9375 * auteur
28: 10.9375 * haltung
29: 10.875 * Glauben
30: 10.8125 * Autor
31: 10.8125 * Austausch
32: 10.75 * riti
33: 10.75 * denken
34: 10.5625 * ajutorul
35: 10.5625 * Nieder
36: 10.5625 * impresi
37: 10.5625 * Seiten
38: 10.5 * aveau
39: 10.5 * seiten
40: 10.4375 * benso
41: 10.4375 * Bau
42: 10.4375 * effet
43: 10.375 * Ein
44: 10.375 * leiste
45: 10.375 * Brun
46: 10.375 * linii
47: 10.375 * isser
48: 10.375 * cheie
49: 10.3125 * Nico
Total loss: 16.265119552612305 = MSE Loss: 0.26512038707733154, 0.001 * Sparsity Loss: 16000.0
Epoch: 0 batch_num: 4
0: 13.8125 * Helfer
1: 12.8125 * thumbnail
2: 12.1875 * stark
3: 12.0 * Begriff
4: 10.875 * Perspektive
5: 10.5 * frunt
6: 10.25 * jungen
7: 10.1875 * Pretty
8: 10.1875 * Glauben
9: 9.9375 * wurf
10: 9.9375 * Arzt
11: 9.75 * doigt
12: 9.6875 * deutlich
13: 9.625 * Austausch
14: 9.5625 * acţiune
15: 9.5 * ajutorul
16: 9.5 * Hobb
17: 9.375 * Viele
18: 9.375 * ständig
19: 9.3125 * Allerdings
20: 9.3125 * anfang
21: 9.25 * weist
22: 9.25 * bewusst
23: 9.25 * Aktionen
24: 9.1875 * longueur
25: 9.1875 * impresi
26: 9.0625 * Funny
27: 9.0 * mediu
28: 9.0 * taie
29: 9.0 * lustig
30: 8.9375 * simplistic
31: 8.875 * adoptat
32: 8.875 * Intermediate
33: 8.875 * Ablauf
34: 8.875 * Westfalen
35: 8.875 * englez
36: 8.8125 * incapable
37: 8.8125 * effet
38: 8.75 * erstmal
39: 8.625 * sourire
40: 8.625 * Benutzer
41: 8.5625 * findest
42: 8.5625 * effet
43: 8.5 * freien
44: 8.5 * atteinte
45: 8.4375 * CH
46: 8.4375 * impartial
47: 8.4375 * lovitur
48: 8.4375 * skinny
49: 8.4375 * bibli
Total loss: 14.142231941223145 = MSE Loss: 0.2047320157289505, 0.001 * Sparsity Loss: 13952.0
Epoch: 0 batch_num: 5
0: 9.9375 * thumbnail
1: 9.75 * stark
2: 9.125 * bis
3: 8.875 * CH
4: 8.375 * acţiune
5: 8.3125 * Intermediate
6: 8.1875 * chi
7: 8.1875 * Average
8: 8.0625 * Pretty
9: 7.84375 * ation
10: 7.8125 * CR
11: 7.71875 * lightly
12: 7.6875 * accidental
13: 7.65625 * Previous
14: 7.65625 * 1/4
15: 7.625 * ат
16: 7.5625 * bu
17: 7.53125 * shortest
18: 7.5 * rie
19: 7.46875 * Mo
20: 7.4375 * Begriff
21: 7.4375 * Tra
22: 7.40625 * incapable
23: 7.34375 * ke
24: 7.34375 * Short
25: 7.3125 * de
26: 7.25 * Cro
27: 7.21875 * taie
28: 7.1875 * closest
29: 7.15625 * ma
30: 7.15625 * Featuring
31: 7.15625 * le
32: 7.125 * Immediately
33: 7.0625 * adoptat
34: 7.0625 * reusit
35: 7.0625 * Before
36: 7.03125 * ch
37: 7.03125 * lowest
38: 7.03125 * Helfer
39: 7.03125 * our
40: 7.0 * 3/4
41: 6.96875 * Walking
42: 6.96875 * од
43: 6.96875 * л
44: 6.9375 * Aktionen
45: 6.9375 * clever
46: 6.90625 * vârf
47: 6.90625 * frunt
48: 6.875 * Ablauf
49: 6.875 * Having
Total loss: 12.226536750793457 = MSE Loss: 0.28903642296791077, 0.001 * Sparsity Loss: 11968.0
Epoch: 0 batch_num: 6
0: 8.25 * bis
1: 8.1875 * Walking
2: 7.78125 * walks
3: 7.375 * од
4: 7.25 * running
5: 7.09375 * chen
6: 7.09375 * Weekend
7: 7.09375 * Having
8: 7.09375 * lation
9: 7.0625 * illon
10: 7.0 * ат
11: 6.96875 * ready
12: 6.96875 * SW
13: 6.9375 * Average
14: 6.78125 * rie
15: 6.71875 * chi
16: 6.6875 * ин
17: 6.65625 * (8
18: 6.59375 * и
19: 6.5625 * ixie
20: 6.53125 * Walk
21: 6.5 * TAN
22: 6.46875 * (5
23: 6.46875 * Before
24: 6.46875 * logy
25: 6.4375 * Short
26: 6.40625 * zhou
27: 6.40625 * ation
28: 6.40625 * 1/4
29: 6.375 * heiten
30: 6.34375 * WITH
31: 6.3125 * cion
32: 6.28125 * our
33: 6.25 * bon
34: 6.25 * Previous
35: 6.1875 * chro
36: 6.1875 * ли
37: 6.1875 * ma
38: 6.1875 * actively
39: 6.1875 * stark
40: 6.15625 * closest
41: 6.09375 * Running
42: 6.0625 * Kro
43: 6.03125 * lightly
44: 6.03125 * lead
45: 6.0 * (7)
46: 6.0 * cas
47: 5.96875 * ura
48: 5.96875 * de
49: 5.9375 * bri
Total loss: 9.562768936157227 = MSE Loss: 0.18776924908161163, 0.001 * Sparsity Loss: 9344.0
Epoch: 0 batch_num: 7
0: 8.9375 * ST
1: 8.625 * SW
2: 8.0 * walks
3: 7.84375 * Walk
4: 7.46875 * running
5: 7.09375 * ixie
6: 7.0625 * SW
7: 6.96875 * Run
8: 6.875 * Walking
9: 6.84375 * WA
10: 6.78125 * walk
11: 6.78125 * ST
12: 6.75 * Wa
13: 6.625 * Tr
14: 6.625 * Pat
15: 6.59375 * wa
16: 6.59375 * heiten
17: 6.59375 * run
18: 6.5625 * AT
19: 6.5 * Do
20: 6.5 * St
21: 6.40625 * Sw
22: 6.21875 * (8
23: 6.1875 * Ho
24: 6.1875 * и
25: 6.1875 * lation
26: 6.125 * illon
27: 6.03125 * DO
28: 6.0 * Pa
29: 5.9375 * ready
30: 5.9375 * wh
31: 5.84375 * од
32: 5.84375 * lead
33: 5.75 * sh
34: 5.6875 * go
35: 5.53125 * West
36: 5.5 * BO
37: 5.5 * taken
38: 5.5 * logy
39: 5.5 * WITH
40: 5.46875 * Free
41: 5.4375 * fach
42: 5.4375 * Go
43: 5.40625 * TAN
44: 5.40625 * going
45: 5.375 * Having
46: 5.375 * free
47: 5.34375 * 3
48: 5.3125 * At
49: 5.28125 * walking
Total loss: 7.11718225479126 = MSE Loss: 0.14843225479125977, 0.001 * Sparsity Loss: 6976.0
Epoch: 0 batch_num: 8
0: 9.75 * ST
1: 8.5 * SW
2: 8.375 * St
3: 8.25 * Pa
4: 8.25 * ST
5: 7.9375 * Pat
6: 7.875 * Ho
7: 7.71875 * Ho
8: 7.71875 * Do
9: 7.6875 * WA
10: 7.59375 * sh
11: 7.5625 * SW
12: 7.53125 * Tr
13: 7.46875 * West
14: 7.21875 * Sw
15: 7.15625 * Wa
16: 7.03125 * RE
17: 6.78125 * Pe
18: 6.75 * Bre
19: 6.65625 * Ste
20: 6.46875 * Walk
21: 6.4375 * Ke
22: 6.4375 * DO
23: 6.4375 * go
24: 6.40625 * Sco
25: 6.28125 * wa
26: 6.28125 * Run
27: 6.25 * SH
28: 6.1875 * BO
29: 6.15625 * ixie
30: 6.15625 * Go
31: 6.15625 * AT
32: 6.0625 * Ag
33: 6.0625 * Ben
34: 6.03125 * CH
35: 6.0 * walks
36: 6.0 * Brown
37: 6.0 * run
38: 5.96875 * Sh
39: 5.9375 * pe
40: 5.875 * Pet
41: 5.84375 * WA
42: 5.78125 * do
43: 5.6875 * running
44: 5.6875 * PA
45: 5.59375 * walk
46: 5.5625 * wh
47: 5.53125 * HO
48: 5.5 * Sh
49: 5.4375 * PE
Total loss: 5.7345452308654785 = MSE Loss: 0.17204533517360687, 0.001 * Sparsity Loss: 5568.0
Epoch: 0 batch_num: 9
0: 8.5 * RE
1: 8.0625 * Pa
2: 7.9375 * Ho
3: 7.8125 * ST
4: 7.625 * ST
5: 7.4375 * West
6: 7.40625 * SH
7: 7.40625 * Pat
8: 7.34375 * sh
9: 7.0 * Ho
10: 7.0 * St
11: 6.71875 * Ch
12: 6.6875 * SW
13: 6.6875 * SW
14: 6.6875 * Pe
15: 6.5625 * Bre
16: 6.5625 * Sco
17: 6.5 * Do
18: 6.5 * PE
19: 6.46875 * WA
20: 6.46875 * м
21: 6.4375 * CH
22: 6.4375 * Brown
23: 6.40625 * ch
24: 6.28125 * Ste
25: 6.28125 * middle
26: 6.25 * Tr
27: 6.21875 * medium
28: 6.1875 * WA
29: 6.15625 * Pet
30: 6.15625 * pe
31: 6.09375 * Ke
32: 6.0 * Ag
33: 5.875 * PA
34: 5.84375 * HO
35: 5.84375 * Sh
36: 5.75 * CH
37: 5.71875 * Sw
38: 5.6875 * do
39: 5.6875 * Middle
40: 5.65625 * Wa
41: 5.625 * Sh
42: 5.59375 * Ben
43: 5.5 * Do
44: 5.4375 * TA
45: 5.375 * Reg
46: 5.34375 * Medium
47: 5.25 * DO
48: 5.25 * Din
49: 5.21875 * brown
Total loss: 5.331002712249756 = MSE Loss: 0.17475289106369019, 0.001 * Sparsity Loss: 5152.0
Epoch: 0 batch_num: 10
0: 7.84375 * RE
1: 7.34375 * ch
2: 6.90625 * middle
3: 6.75 * SH
4: 6.53125 * м
5: 6.375 * Ch
6: 6.3125 * CH
7: 6.3125 * West
8: 6.28125 * medium
9: 6.25 * Ho
10: 6.03125 * Brown
11: 6.0 * Pa
12: 5.90625 * PE
13: 5.8125 * Middle
14: 5.71875 * Pat
15: 5.65625 * ements
16: 5.53125 * sh
17: 5.5 * shortest
18: 5.46875 * Sco
19: 5.46875 * Third
20: 5.46875 * ST
21: 5.3125 * pet
22: 5.3125 * CH
23: 5.28125 * ation
24: 5.28125 * Short
25: 5.15625 * ke
26: 5.15625 * Medium
27: 5.15625 * WA
28: 5.09375 * Bre
29: 5.03125 * Featuring
30: 5.0 * SW
31: 4.96875 * Pet
32: 4.9375 * ATION
33: 4.90625 * sco
34: 4.90625 * Edge
35: 4.84375 * HO
36: 4.84375 * BS
37: 4.84375 * pe
38: 4.8125 * SCO
39: 4.8125 * ted
40: 4.8125 * Din
41: 4.8125 * Pe
42: 4.78125 * Sh
43: 4.78125 * ches
44: 4.78125 * ich
45: 4.78125 * Ag
46: 4.71875 * brown
47: 4.71875 * TA
48: 4.71875 * pe
49: 4.625 * Ho
Total loss: 5.025450706481934 = MSE Loss: 0.21295078098773956, 0.001 * Sparsity Loss: 4800.0
Epoch: 0 batch_num: 11
0: 6.59375 * ements
1: 6.5625 * ch
2: 6.40625 * middle
3: 6.3125 * Third
4: 6.125 * ation
5: 6.0625 * Th
6: 5.78125 * RE
7: 5.65625 * м
8: 5.59375 * ATION
9: 5.59375 * Short
10: 5.34375 * medium
11: 5.25 * CH
12: 5.21875 * ich
13: 5.1875 * ity
14: 5.15625 * Going
15: 5.125 * ches
16: 5.09375 * Featuring
17: 5.09375 * Middle
18: 5.0625 * Brown
19: 4.96875 * SH
20: 4.96875 * Speed
21: 4.9375 * Coming
22: 4.90625 * Walking
23: 4.90625 * (30
24: 4.84375 * Low
25: 4.8125 * shortest
26: 4.8125 * West
27: 4.8125 * With
28: 4.75 * Ch
29: 4.71875 * pet
30: 4.71875 * west
31: 4.625 * (10
32: 4.59375 * short
33: 4.5625 * walking
34: 4.5625 * Edge
35: 4.5625 * Speed
36: 4.5625 * tation
37: 4.5 * Fast
38: 4.46875 * Looking
39: 4.46875 * About
40: 4.46875 * Average
41: 4.40625 * (20
42: 4.40625 * Friday
43: 4.375 * bis
44: 4.34375 * sco
45: 4.34375 * ted
46: 4.3125 * (5
47: 4.3125 * ized
48: 4.3125 * Right
49: 4.28125 * ke
Total loss: 4.408611297607422 = MSE Loss: 0.25236108899116516, 0.001 * Sparsity Loss: 4160.0
Epoch: 0 batch_num: 12
0: 7.28125 * Th
1: 6.375 * ements
2: 6.09375 * Third
3: 5.9375 * Walk
4: 5.75 * ation
5: 5.40625 * ATION
6: 5.40625 * Going
7: 5.28125 * Path
8: 5.125 * ity
9: 5.0 * Walking
10: 4.96875 * With
11: 4.9375 * walking
12: 4.90625 * middle
13: 4.875 * Spo
14: 4.875 * Short
15: 4.84375 * ch
16: 4.6875 * Coming
17: 4.6875 * (30
18: 4.6875 * ich
19: 4.65625 * (10
20: 4.65625 * St
21: 4.625 * Speed
22: 4.59375 * Low
23: 4.59375 * tation
24: 4.5625 * ches
25: 4.5625 * Speed
26: 4.4375 * Str
27: 4.4375 * Lead
28: 4.40625 * Featuring
29: 4.375 * (5
30: 4.375 * west
31: 4.34375 * м
32: 4.34375 * Fast
33: 4.25 * From
34: 4.21875 * logy
35: 4.1875 * Per
36: 4.1875 * (8
37: 4.125 * Fo
38: 4.125 * At
39: 4.0625 * From
40: 4.0625 * Ave
41: 4.0 * (20
42: 3.984375 * (1
43: 3.984375 * Right
44: 3.96875 * bis
45: 3.96875 * Looking
46: 3.953125 * walk
47: 3.9375 * short
48: 3.921875 * walks
49: 3.90625 * Fa
Total loss: 3.5375139713287354 = MSE Loss: 0.16251394152641296, 0.001 * Sparsity Loss: 3376.0
Epoch: 0 batch_num: 13
0: 7.3125 * Th
1: 7.03125 * St
2: 6.03125 * Walk
3: 5.90625 * ST
4: 5.46875 * Path
5: 5.1875 * Spo
6: 5.15625 * ements
7: 5.0625 * Third
8: 4.84375 * Str
9: 4.71875 * Going
10: 4.59375 * Per
11: 4.5 * ATION
12: 4.34375 * Ave
13: 4.28125 * ation
14: 4.28125 * Go
15: 4.25 * With
16: 4.1875 * ity
17: 4.1875 * AT
18: 4.15625 * walking
19: 4.15625 * Fo
20: 4.15625 * tation
21: 4.125 * At
22: 4.03125 * Wi
23: 4.03125 * Lead
24: 4.0 * Do
25: 3.953125 * Bo
26: 3.921875 * (10
27: 3.890625 * Fa
28: 3.859375 * walk
29: 3.828125 * Coming
30: 3.78125 * Walking
31: 3.75 * Speed
32: 3.703125 * From
33: 3.6875 * Run
34: 3.6875 * Sw
35: 3.65625 * (30
36: 3.65625 * (8
37: 3.640625 * Re
38: 3.625 * Cr
39: 3.59375 * Low
40: 3.578125 * Ross
41: 3.5625 * (5
42: 3.515625 * ich
43: 3.5 * cr
44: 3.484375 * walks
45: 3.484375 * Speed
46: 3.484375 * Fast
47: 3.421875 * Short
48: 3.421875 * west
49: 3.421875 * 1
Total loss: 2.909785747528076 = MSE Loss: 0.22228564321994781, 0.001 * Sparsity Loss: 2688.0
Epoch: 0 batch_num: 14
0: 7.78125 * St
1: 6.75 * ST
2: 6.34375 * Th
3: 4.65625 * Path
4: 4.625 * Spo
5: 4.625 * ST
6: 4.59375 * Walk
7: 4.4375 * Str
8: 4.4375 * Do
9: 4.4375 * CR
10: 4.21875 * Re
11: 4.15625 * Bo
12: 4.09375 * Go
13: 4.09375 * Col
14: 4.0625 * Ave
15: 3.9375 * AT
16: 3.84375 * Per
17: 3.796875 * Sw
18: 3.765625 * Wi
19: 3.75 * Ross
20: 3.75 * PT
21: 3.734375 * /2019
22: 3.671875 * /2016
23: 3.65625 * do
24: 3.578125 * small
25: 3.546875 * Fo
26: 3.546875 * PD
27: 3.5 * Cr
28: 3.484375 * Hu
29: 3.46875 * Tr
30: 3.46875 * PR
31: 3.4375 * cr
32: 3.421875 * Mo
33: 3.421875 * tation
34: 3.375 * Third
35: 3.359375 * summer
36: 3.34375 * Going
37: 3.34375 * big
38: 3.3125 * WR
39: 3.28125 * Ch
40: 3.234375 * WH
41: 3.203125 * ements
42: 3.1875 * BO
43: 3.1875 * SH
44: 3.171875 * Pr
45: 3.171875 * Fa
46: 3.171875 * Summer
47: 3.171875 * At
48: 3.125 * ATION
49: 3.125 * go
Total loss: 2.43475079536438 = MSE Loss: 0.2472507357597351, 0.001 * Sparsity Loss: 2192.0
Epoch: 0 batch_num: 15
0: 7.0625 * St
1: 6.28125 * ST
2: 5.0625 * ST
3: 4.78125 * Th
4: 4.65625 * CR
5: 4.5625 * big
6: 4.15625 * summer
7: 4.125 * Summer
8: 3.984375 * Col
9: 3.9375 * /2019
10: 3.921875 * Big
11: 3.875 * PT
12: 3.859375 * PD
13: 3.828125 * /2016
14: 3.765625 * Re
15: 3.75 * Ross
16: 3.734375 * Do
17: 3.59375 * Spo
18: 3.53125 * Bo
19: 3.53125 * do
20: 3.53125 * RE
21: 3.515625 * small
22: 3.515625 * PA
23: 3.484375 * Str
24: 3.328125 * WS
25: 3.3125 * Ave
26: 3.296875 * Leaving
27: 3.265625 * morning
28: 3.203125 * New
29: 3.1875 * re
30: 3.15625 * Hu
31: 3.140625 * Path
32: 3.140625 * Standard
33: 3.109375 * SH
34: 2.984375 * Mo
35: 2.984375 * Sw
36: 2.96875 * Mile
37: 2.953125 * CW
38: 2.9375 * Big
39: 2.921875 * PR
40: 2.921875 * WR
41: 2.90625 * Ch
42: 2.90625 * cr
43: 2.890625 * Tr
44: 2.890625 * DOT
45: 2.859375 * Wi
46: 2.859375 * AT
47: 2.859375 * WH
48: 2.828125 * ped
49: 2.828125 * Go
Total loss: 2.2186858654022217 = MSE Loss: 0.3046233654022217, 0.001 * Sparsity Loss: 1912.0
Epoch: 0 batch_num: 16
0: 5.3125 * St
1: 5.0625 * big
2: 4.84375 * ST
3: 4.71875 * Big
4: 4.625 * ST
5: 4.21875 * Summer
6: 4.15625 * morning
7: 4.15625 * summer
8: 4.0625 * WS
9: 4.0625 * CR
10: 3.8125 * RE
11: 3.71875 * PA
12: 3.65625 * Mile
13: 3.59375 * PD
14: 3.515625 * /2019
15: 3.515625 * Ross
16: 3.515625 * re
17: 3.484375 * Leaving
18: 3.359375 * middle
19: 3.3125 * Standard
20: 3.3125 * PT
21: 3.21875 * /2016
22: 3.1875 * New
23: 3.125 * CC
24: 3.125 * Big
25: 3.109375 * Walking
26: 3.078125 * Small
27: 3.0625 * small
28: 3.046875 * Th
29: 3.046875 * Col
30: 2.984375 * Around
31: 2.984375 * small
32: 2.984375 * mid
33: 2.9375 * ped
34: 2.890625 * running
35: 2.890625 * Morning
36: 2.875 * CH
37: 2.875 * WA
38: 2.859375 * 8%
39: 2.859375 * DOT
40: 2.84375 * CW
41: 2.765625 * right
42: 2.75 * ly
43: 2.71875 * Tail
44: 2.703125 * major
45: 2.6875 * staffed
46: 2.671875 * 5%
47: 2.65625 * long
48: 2.609375 * standard
49: 2.59375 * do
Total loss: 1.991414189338684 = MSE Loss: 0.19453918933868408, 0.001 * Sparsity Loss: 1800.0
Epoch: 0 batch_num: 17
0: 4.90625 * big
1: 4.875 * Big
2: 4.34375 * Walking
3: 4.34375 * WS
4: 4.0625 * morning
5: 3.9375 * Mile
6: 3.921875 * walks
7: 3.796875 * running
8: 3.78125 * middle
9: 3.640625 * ation
10: 3.546875 * Summer
11: 3.546875 * ST
12: 3.453125 * 8%
13: 3.421875 * summer
14: 3.359375 * PA
15: 3.34375 * walk
16: 3.328125 * long
17: 3.234375 * Leaving
18: 3.21875 * RE
19: 3.203125 * re
20: 3.171875 * walking
21: 3.171875 * Small
22: 3.171875 * right
23: 3.140625 * Around
24: 3.140625 * mid
25: 3.125 * Standard
26: 3.0625 * Walk
27: 3.0625 * West
28: 3.046875 * small
29: 3.046875 * Ross
30: 3.03125 * Wind
31: 3.015625 * St
32: 2.96875 * low
33: 2.96875 * CC
34: 2.953125 * Big
35: 2.9375 * ITY
36: 2.9375 * Average
37: 2.90625 * CH
38: 2.90625 * ST
39: 2.875 * Tail
40: 2.875 * Morning
41: 2.875 * CR
42: 2.859375 * Long
43: 2.859375 * Speed
44: 2.796875 * 5%
45: 2.796875 * PD
46: 2.78125 * just
47: 2.78125 * When
48: 2.765625 * edge
49: 2.765625 * Side
Total loss: 1.9960649013519287 = MSE Loss: 0.26950234174728394, 0.001 * Sparsity Loss: 1728.0
Epoch: 0 batch_num: 18
0: 4.5625 * Walking
1: 4.4375 * Big
2: 4.40625 * walks
3: 4.21875 * WS
4: 4.1875 * Walk
5: 4.09375 * big
6: 4.0625 * walk
7: 4.0 * ation
8: 3.828125 * running
9: 3.796875 * Mile
10: 3.609375 * 8%
11: 3.59375 * West
12: 3.546875 * walking
13: 3.4375 * Run
14: 3.421875 * middle
15: 3.390625 * 3
16: 3.375 * long
17: 3.34375 * Speed
18: 3.25 * Wind
19: 3.1875 * morning
20: 3.171875 * low
21: 3.140625 * ITY
22: 3.09375 * ements
23: 3.0625 * right
24: 3.03125 * going
25: 2.953125 * logy
26: 2.921875 * edge
27: 2.890625 * mid
28: 2.875 * Side
29: 2.875 * just
30: 2.859375 * When
31: 2.84375 * Long
32: 2.84375 * ],
33: 2.84375 * Short
34: 2.84375 * west
35: 2.828125 * Per
36: 2.8125 * Average
37: 2.765625 * Low
38: 2.765625 * short
39: 2.765625 * On
40: 2.75 * 4%
41: 2.734375 * Around
42: 2.734375 * Small
43: 2.71875 * Standing
44: 2.671875 * /3
45: 2.671875 * go
46: 2.671875 * Standard
47: 2.671875 * Leaving
48: 2.671875 * ears
49: 2.65625 * Tail
Total loss: 1.8203786611557007 = MSE Loss: 0.2110036164522171, 0.001 * Sparsity Loss: 1608.0
Epoch: 0 batch_num: 19
0: 4.15625 * Walk
1: 3.90625 * walks
2: 3.90625 * west
3: 3.890625 * Walking
4: 3.84375 * West
5: 3.8125 * walk
6: 3.75 * WS
7: 3.734375 * 3
8: 3.5 * ation
9: 3.453125 * Per
10: 3.4375 * Big
11: 3.375 * 8%
12: 3.3125 * Mile
13: 3.265625 * Run
14: 3.234375 * going
15: 3.1875 * ],
16: 3.1875 * west
17: 3.171875 * Speed
18: 3.078125 * go
19: 3.0625 * walking
20: 3.0 * running
21: 2.9375 * path
22: 2.9375 * ements
23: 2.90625 * long
24: 2.90625 * local
25: 2.859375 * low
26: 2.84375 * ITY
27: 2.78125 * logy
28: 2.78125 * lead
29: 2.78125 * Wind
30: 2.765625 * 4%
31: 2.734375 * big
32: 2.6875 * Low
33: 2.640625 * At
34: 2.59375 * /3
35: 2.578125 * just
36: 2.5625 * edge
37: 2.5625 * 2013
38: 2.515625 * When
39: 2.5 * Side
40: 2.484375 * Standing
41: 2.484375 * right
42: 2.453125 * Go
43: 2.4375 * Short
44: 2.4375 * middle
45: 2.421875 * short
46: 2.390625 * Look
47: 2.390625 * Edge
48: 2.390625 * stick
49: 2.375 * Pe
Total loss: 1.6488591432571411 = MSE Loss: 0.23479662835597992, 0.001 * Sparsity Loss: 1416.0
Epoch: 0 batch_num: 20
0: 5.09375 * west
1: 3.90625 * West
2: 3.65625 * local
3: 3.515625 * West
4: 3.4375 * 3
5: 3.28125 * Per
6: 3.21875 * west
7: 3.15625 * outdoor
8: 3.078125 * WS
9: 3.0625 * ],
10: 3.0 * Walk
11: 2.859375 * going
12: 2.765625 * 8%
13: 2.71875 * 2016
14: 2.65625 * walk
15: 2.640625 * go
16: 2.59375 * path
17: 2.59375 * Mile
18: 2.578125 * outdoors
19: 2.5625 * walks
20: 2.46875 * Walking
21: 2.453125 * 4%
22: 2.453125 * lead
23: 2.453125 * Pe
24: 2.390625 * AT
25: 2.375 * Speed
26: 2.3125 * ation
27: 2.3125 * Outdoor
28: 2.296875 * Run
29: 2.28125 * PR
30: 2.21875 * /3
31: 2.203125 * logy
32: 2.1875 * Sw
33: 2.1875 * At
34: 2.171875 * Low
35: 2.171875 * Do
36: 2.15625 * low
37: 2.15625 * 2013
38: 2.15625 * ements
39: 2.15625 * ST
40: 2.15625 * British
41: 2.140625 * ITY
42: 2.109375 * Go
43: 2.078125 * Path
44: 2.0625 * long
45: 2.046875 * Edge
46: 2.046875 * 2014
47: 2.0 * Standing
48: 2.0 * Big
49: 1.9921875 * Ho
Total loss: 1.3138220310211182 = MSE Loss: 0.1419469714164734, 0.001 * Sparsity Loss: 1168.0
Epoch: 0 batch_num: 21
0: 5.9375 * west
1: 4.5625 * West
2: 4.15625 * local
3: 3.828125 * outdoor
4: 3.71875 * West
5: 2.953125 * west
6: 2.921875 * outdoors
7: 2.75 * summer
8: 2.71875 * Outdoor
9: 2.578125 * 3
10: 2.546875 * 2016
11: 2.515625 * Per
12: 2.5 * ],
13: 2.46875 * ST
14: 2.40625 * PR
15: 2.40625 * PR
16: 2.375 * Summer
17: 2.3125 * CR
18: 2.28125 * WS
19: 2.125 * Territory
20: 2.09375 * New
21: 2.046875 * going
22: 2.03125 * Boston
23: 2.015625 * ST
24: 2.015625 * PT
25: 2.0 * British
26: 2.0 * Pe
27: 1.96875 * AT
28: 1.9609375 * side
29: 1.9609375 * 8%
30: 1.921875 * RF
31: 1.921875 * day
32: 1.90625 * new
33: 1.8984375 * weekend
34: 1.890625 * 4%
35: 1.875 * Do
36: 1.8671875 * |
37: 1.8359375 * Sw
38: 1.8125 * lead
39: 1.8046875 * Mile
40: 1.765625 * Tr
41: 1.765625 * and
42: 1.75 * San
43: 1.734375 * Friday
44: 1.734375 * St
45: 1.7109375 * Re
46: 1.703125 * does
47: 1.6953125 * path
48: 1.6953125 * RE
49: 1.6796875 * mile
Total loss: 1.1184849739074707 = MSE Loss: 0.1927037090063095, 0.001 * Sparsity Loss: 924.0
Epoch: 0 batch_num: 22
0: 6.28125 * west
1: 5.1875 * West
2: 4.15625 * local
3: 3.96875 * outdoor
4: 3.46875 * summer
5: 3.1875 * West
6: 3.03125 * Summer
7: 2.90625 * outdoors
8: 2.859375 * day
9: 2.8125 * Outdoor
10: 2.703125 * New
11: 2.65625 * small
12: 2.640625 * PR
13: 2.640625 * morning
14: 2.609375 * CR
15: 2.4375 * ST
16: 2.34375 * side
17: 2.34375 * west
18: 2.28125 * weekend
19: 2.25 * new
20: 2.234375 * running
21: 2.234375 * RE
22: 2.203125 * Boston
23: 2.171875 * big
24: 2.140625 * PR
25: 2.140625 * mile
26: 2.140625 * PT
27: 2.109375 * Friday
28: 2.078125 * ST
29: 2.0625 * PD
30: 2.03125 * Territory
31: 2.015625 * side
32: 1.9921875 * TA
33: 1.953125 * afternoon
34: 1.953125 * transition
35: 1.9140625 * DB
36: 1.8828125 * 2016
37: 1.8671875 * Day
38: 1.828125 * More
39: 1.8125 * RF
40: 1.7890625 * Providing
41: 1.7890625 * San
42: 1.78125 * Morning
43: 1.75 * Speed
44: 1.7109375 * |
45: 1.6875 * Weekend
46: 1.6796875 * British
47: 1.6796875 * weekends
48: 1.6640625 * middle
49: 1.6328125 * medium
Total loss: 1.1115443706512451 = MSE Loss: 0.29513809084892273, 0.001 * Sparsity Loss: 816.0
Epoch: 0 batch_num: 23
0: 5.75 * west
1: 4.875 * West
2: 3.578125 * local
3: 3.515625 * outdoor
4: 3.4375 * summer
5: 3.265625 * running
6: 3.203125 * day
7: 3.171875 * small
8: 3.109375 * side
9: 3.0 * Summer
10: 2.9375 * morning
11: 2.859375 * big
12: 2.734375 * New
13: 2.578125 * Walk
14: 2.546875 * Speed
15: 2.515625 * walking
16: 2.515625 * PR
17: 2.46875 * outdoors
18: 2.46875 * Outdoor
19: 2.421875 * CR
20: 2.375 * walks
21: 2.359375 * ST
22: 2.34375 * mile
23: 2.328125 * ation
24: 2.3125 * run
25: 2.3125 * middle
26: 2.265625 * RE
27: 2.25 * walk
28: 2.234375 * transition
29: 2.234375 * legs
30: 2.1875 * new
31: 2.171875 * More
32: 2.15625 * Walking
33: 2.125 * West
34: 2.109375 * Day
35: 2.0625 * owner
36: 2.0625 * weekend
37: 2.0625 * Friday
38: 2.0625 * PD
39: 2.046875 * medium
40: 2.015625 * wind
41: 2.0 * TA
42: 1.9765625 * Wind
43: 1.9609375 * afternoon
44: 1.953125 * Morning
45: 1.953125 * CC
46: 1.9296875 * Boston
47: 1.9296875 * Run
48: 1.9140625 * 
49: 1.8984375 * On
Total loss: 1.0054413080215454 = MSE Loss: 0.18122254312038422, 0.001 * Sparsity Loss: 824.0
Epoch: 0 batch_num: 24
0: 4.4375 * west
1: 3.59375 * West
2: 3.515625 * running
3: 3.21875 * side
4: 3.09375 * small
5: 3.015625 * Walk
6: 2.890625 * day
7: 2.8125 * big
8: 2.8125 * Speed
9: 2.78125 * summer
10: 2.65625 * ation
11: 2.65625 * run
12: 2.625 * legs
13: 2.609375 * morning
14: 2.59375 * walking
15: 2.59375 * walk
16: 2.578125 * walks
17: 2.515625 * local
18: 2.5 * outdoor
19: 2.4375 * leg
20: 2.390625 * Summer
21: 2.375 * middle
22: 2.3125 * mile
23: 2.296875 * Run
24: 2.296875 * transition
25: 2.265625 * owner
26: 2.265625 * New
27: 2.234375 * Walking
28: 2.21875 * Wind
29: 2.21875 * On
30: 2.171875 * More
31: 2.140625 * stick
32: 2.109375 * PR
33: 2.09375 * medium
34: 2.078125 * )
35: 2.0625 * wind
36: 2.015625 * go
37: 2.015625 * speed
38: 2.0 * Mo
39: 2.0 * ized
40: 1.984375 * 
41: 1.984375 * Right
42: 1.9453125 * CC
43: 1.9375 * ST
44: 1.90625 * CR
45: 1.90625 * RE
46: 1.8828125 * Small
47: 1.8671875 * Third
48: 1.859375 * Cro
49: 1.859375 * Go
Total loss: 1.0557096004486084 = MSE Loss: 0.2393033504486084, 0.001 * Sparsity Loss: 816.0
Epoch: 0 batch_num: 25
0: 3.015625 * running
1: 2.75 * side
2: 2.59375 * Speed
3: 2.546875 * leg
4: 2.515625 * west
5: 2.5 * legs
6: 2.484375 * Walk
7: 2.4375 * small
8: 2.421875 * run
9: 2.234375 * ation
10: 2.171875 * big
11: 2.15625 * owner
12: 2.15625 * go
13: 2.15625 * transition
14: 2.125 * walk
15: 2.09375 * path
16: 2.09375 * mile
17: 2.0625 * stick
18: 2.03125 * day
19: 2.03125 * On
20: 2.015625 * walks
21: 2.0 * )
22: 1.9921875 * Run
23: 1.9765625 * ized
24: 1.9453125 * walking
25: 1.9453125 * middle
26: 1.9375 * Third
27: 1.9375 * Right
28: 1.921875 * Wind
29: 1.8984375 * More
30: 1.8984375 * speed
31: 1.8828125 * Do
32: 1.875 * Mo
33: 1.828125 * Go
34: 1.8203125 * 
35: 1.8125 * morning
36: 1.8125 * medium
37: 1.703125 * In
38: 1.6875 * ity
39: 1.671875 * summer
40: 1.65625 * ,
41: 1.65625 * ements
42: 1.640625 * (8
43: 1.6328125 * CC
44: 1.6328125 * At
45: 1.625 * tail
46: 1.625 * Cro
47: 1.5859375 * Walking
48: 1.578125 * wind
49: 1.5703125 * Path
Total loss: 0.9641227126121521 = MSE Loss: 0.2258414626121521, 0.001 * Sparsity Loss: 740.0
Epoch: 0 batch_num: 26
0: 2.640625 * West
1: 2.265625 * leg
2: 1.9921875 * path
3: 1.984375 * west
4: 1.96875 * Speed
5: 1.9453125 * running
6: 1.9375 * legs
7: 1.8515625 * transition
8: 1.828125 * side
9: 1.8125 * Do
10: 1.75 * owner
11: 1.7421875 * mile
12: 1.7265625 * Third
13: 1.7109375 * go
14: 1.6953125 * run
15: 1.640625 * -3
16: 1.6328125 * walk
17: 1.6171875 * Pat
18: 1.59375 * Right
19: 1.578125 * stick
20: 1.5625 * ,
21: 1.5546875 * ized
22: 1.546875 * Path
23: 1.5390625 * AT
24: 1.5 * 1
25: 1.46875 * 
26: 1.4609375 * (3)
27: 1.4609375 * In
28: 1.453125 * do
29: 1.4375 * )
30: 1.4296875 * On
31: 1.4140625 * (
32: 1.40625 * 3
33: 1.40625 * More
34: 1.390625 * Per
35: 1.390625 * staffed
36: 1.375 * tail
37: 1.375 * profile
38: 1.375 * ling
39: 1.3671875 * Mo
40: 1.3671875 * ),
41: 1.359375 * small
42: 1.359375 * speed
43: 1.3515625 * owned
44: 1.3515625 * (8
45: 1.3515625 * 2016
46: 1.34375 * #
47: 1.34375 * command
48: 1.328125 * say
49: 1.3203125 * Go
Total loss: 0.8817334771156311 = MSE Loss: 0.2645459771156311, 0.001 * Sparsity Loss: 616.0
Epoch: 0 batch_num: 27
0: 3.75 * West
1: 3.234375 * West
2: 2.578125 * west
3: 2.4375 * walk
4: 1.796875 * weekends
5: 1.7578125 * (
6: 1.7421875 * weekend
7: 1.7421875 * Local
8: 1.7265625 * dogs
9: 1.6953125 * leg
10: 1.6875 * west
11: 1.6484375 * (3)
12: 1.6171875 * -3
13: 1.578125 * #
14: 1.5703125 * day
15: 1.5546875 * outdoor
16: 1.5 * path
17: 1.5 * local
18: 1.484375 * Pat
19: 1.453125 * Brown
20: 1.4375 * outdoors
21: 1.40625 * AT
22: 1.40625 * 18,
23: 1.3828125 * transition
24: 1.3359375 * Outdoor
25: 1.3203125 * owned
26: 1.3203125 * mile
27: 1.3125 * (5)
28: 1.3125 * Third
29: 1.3046875 * Do
30: 1.296875 * and
31: 1.28125 * 1
32: 1.2578125 * profile
33: 1.2578125 * ling
34: 1.2265625 * dog
35: 1.2265625 * command
36: 1.21875 * 2016
37: 1.2109375 * ,
38: 1.2109375 * 2014
39: 1.203125 * Weekend
40: 1.1953125 * Path
41: 1.1875 * say
42: 1.171875 * Bark
43: 1.1640625 * Profile
44: 1.1484375 * staffed
45: 1.140625 * ike
46: 1.140625 * local
47: 1.140625 * Fox
48: 1.140625 * Day
49: 1.1328125 * from
Total loss: 0.7192074656486511 = MSE Loss: 0.19576995074748993, 0.001 * Sparsity Loss: 524.0
Epoch: 0 batch_num: 28
0: 4.625 * West
1: 4.1875 * West
2: 2.890625 * west
3: 2.671875 * walk
4: 2.65625 * west
5: 2.21875 * dogs
6: 2.1875 * weekend
7: 2.140625 * outdoor
8: 2.0625 * local
9: 1.9453125 * summer
10: 1.9453125 * Local
11: 1.9453125 * weekends
12: 1.9296875 * Day
13: 1.859375 * (
14: 1.8359375 * outdoors
15: 1.828125 * day
16: 1.796875 * Outdoor
17: 1.7734375 * Brown
18: 1.703125 * dog
19: 1.6875 * Walking
20: 1.6640625 * Summer
21: 1.6015625 * (3)
22: 1.6015625 * Speed
23: 1.578125 * New
24: 1.5546875 * #
25: 1.515625 * Weekend
26: 1.5078125 * day
27: 1.5 * 18,
28: 1.421875 * (5)
29: 1.4140625 * Walk
30: 1.4140625 * walks
31: 1.375 * ation
32: 1.3515625 * from
33: 1.3359375 * around
34: 1.3359375 * ATION
35: 1.3203125 * spots
36: 1.3203125 * -3
37: 1.296875 * morning
38: 1.2890625 * walk
39: 1.28125 * walking
40: 1.265625 * Bark
41: 1.2578125 * wind
42: 1.2578125 * е
43: 1.25 * Sunday
44: 1.234375 * Dog
45: 1.2265625 * St
46: 1.1953125 * Pat
47: 1.1953125 * imprumut
48: 1.1875 * Boston
49: 1.171875 * Fox
Total loss: 0.7282261848449707 = MSE Loss: 0.2204136699438095, 0.001 * Sparsity Loss: 508.0
Epoch: 0 batch_num: 29
0: 4.90625 * West
1: 3.984375 * West
2: 3.125 * west
3: 2.34375 * walk
4: 2.3125 * west
5: 2.28125 * Day
6: 2.265625 * day
7: 2.234375 * Speed
8: 2.15625 * dogs
9: 2.140625 * outdoor
10: 2.109375 * weekend
11: 2.109375 * summer
12: 2.03125 * ation
13: 1.96875 * local
14: 1.84375 * Local
15: 1.84375 * Outdoor
16: 1.8046875 * outdoors
17: 1.7734375 * New
18: 1.7421875 * Summer
19: 1.734375 * Walk
20: 1.7265625 * dog
21: 1.7109375 * Walking
22: 1.6953125 * ATION
23: 1.671875 * Run
24: 1.6640625 * Brown
25: 1.6640625 * weekends
26: 1.6484375 * (
27: 1.6328125 * St
28: 1.5703125 * walks
29: 1.5703125 * ements
30: 1.5390625 * morning
31: 1.5390625 * wind
32: 1.5 * walk
33: 1.4453125 * Weekend
34: 1.4296875 * middle
35: 1.40625 * 18,
36: 1.3984375 * Dog
37: 1.390625 * е
38: 1.3671875 * big
39: 1.3515625 * good
40: 1.3515625 * imprumut
41: 1.3359375 * side
42: 1.3203125 * walking
43: 1.3203125 * small
44: 1.296875 * around
45: 1.265625 * running
46: 1.265625 * spots
47: 1.2578125 * (3)
48: 1.234375 * (5)
49: 1.234375 * From
Total loss: 0.714102566242218 = MSE Loss: 0.20629005134105682, 0.001 * Sparsity Loss: 506.0
Epoch: 0 batch_num: 30
0: 4.09375 * West
1: 3.28125 * West
2: 2.5 * west
3: 2.40625 * Speed
4: 2.15625 * Day
5: 2.09375 * day
6: 2.078125 * ation
7: 1.7265625 * Run
8: 1.71875 * ements
9: 1.6796875 * west
10: 1.6796875 * summer
11: 1.6484375 * weekend
12: 1.625 * ATION
13: 1.6171875 * outdoor
14: 1.578125 * walk
15: 1.578125 * middle
16: 1.5703125 * St
17: 1.546875 * side
18: 1.5390625 * dogs
19: 1.5234375 * Outdoor
20: 1.4765625 * New
21: 1.4765625 * Local
22: 1.421875 * outdoors
23: 1.3671875 * ating
24: 1.359375 * Side
25: 1.34375 * Summer
26: 1.34375 * speed
27: 1.3359375 * dog
28: 1.328125 * Speed
29: 1.3203125 * е
30: 1.3125 * morning
31: 1.3125 * good
32: 1.296875 * Walk
33: 1.296875 * local
34: 1.2734375 * (
35: 1.2734375 * wind
36: 1.2578125 * 3
37: 1.25 * ted
38: 1.234375 * Go
39: 1.2265625 * imprumut
40: 1.203125 * Brown
41: 1.1640625 * running
42: 1.1640625 * small
43: 1.1484375 * Dog
44: 1.140625 * Walking
45: 1.125 * DB
46: 1.125 * 18,
47: 1.109375 * Cro
48: 1.109375 * и
49: 1.1015625 * mo
Total loss: 0.6711365580558777 = MSE Loss: 0.21019907295703888, 0.001 * Sparsity Loss: 460.0
Epoch: 0 batch_num: 31
0: 2.484375 * West
1: 2.25 * West
2: 2.125 * Speed
3: 1.6328125 * Day
4: 1.546875 * pets
5: 1.515625 * ation
6: 1.46875 * ements
7: 1.4296875 * 3
8: 1.3671875 * day
9: 1.34375 * Speed
10: 1.34375 * middle
11: 1.3203125 * ating
12: 1.3125 * Transition
13: 1.3046875 * Run
14: 1.265625 * west
15: 1.25 * side
16: 1.171875 * owner
17: 1.171875 * ATION
18: 1.171875 * Side
19: 1.140625 * speed
20: 1.1328125 * standard
21: 1.109375 * ted
22: 1.0703125 * е
23: 1.0390625 * in
24: 1.0390625 * St
25: 1.0234375 * /3
26: 1.0234375 * of
27: 0.9921875 * fit
28: 0.984375 * /
29: 0.96484375 * good
30: 0.95703125 * realizeaz
31: 0.94921875 * Outdoor
32: 0.93359375 * Local
33: 0.9296875 * ging
34: 0.92578125 * third
35: 0.921875 * Cro
36: 0.921875 * mo
37: 0.91796875 * TH
38: 0.91015625 * Go
39: 0.91015625 * ling
40: 0.90625 * BD
41: 0.90625 * 3,
42: 0.90234375 * DB
43: 0.8984375 * legs
44: 0.8984375 * ized
45: 0.8984375 * tation
46: 0.89453125 * west
47: 0.8828125 * PR
48: 0.87890625 * и
49: 0.87890625 * actiuni
Total loss: 0.6013525724411011 = MSE Loss: 0.21463380753993988, 0.001 * Sparsity Loss: 386.0
Epoch: 0 batch_num: 32
0: 1.875 * pets
1: 1.4453125 * Transition
2: 1.4453125 * Speed
3: 1.3515625 * walking
4: 1.3125 * of
5: 1.1875 * and
6: 1.140625 * walks
7: 1.125 * walk
8: 1.125 * 3
9: 1.09375 * on
10: 1.0859375 * ling
11: 1.0859375 * West
12: 1.078125 * standard
13: 1.0703125 * Walk
14: 1.03125 * /3
15: 1.0234375 * walked
16: 1.015625 * owner
17: 1.0078125 * Walking
18: 1.0078125 * Speed
19: 0.9921875 * ating
20: 0.98828125 * Fox
21: 0.9609375 * Walker
22: 0.94140625 * Command
23: 0.93359375 * /
24: 0.9140625 * local
25: 0.87890625 * ements
26: 0.8671875 * pet
27: 0.85546875 * the
28: 0.85546875 * realizeaz
29: 0.83984375 * Day
30: 0.828125 * sweeping
31: 0.82421875 * middle
32: 0.8203125 * Boston
33: 0.81640625 * 1,
34: 0.80859375 * ging
35: 0.80859375 * fit
36: 0.796875 * TH
37: 0.78515625 * The
38: 0.78515625 * in
39: 0.78125 * Sw
40: 0.76953125 * profile
41: 0.76953125 * 1
42: 0.76171875 * friend
43: 0.76171875 * Path
44: 0.76171875 * in
45: 0.76171875 * third
46: 0.73828125 * Edge
47: 0.7265625 * shedding
48: 0.71875 * Walk
49: 0.71875 * Side
Total loss: 0.5152562260627747 = MSE Loss: 0.17931871116161346, 0.001 * Sparsity Loss: 336.0
Epoch: 0 batch_num: 33
0: 2.015625 * pets
1: 1.953125 * walking
2: 1.8984375 * Walk
3: 1.875 * walks
4: 1.859375 * walk
5: 1.6796875 * local
6: 1.6484375 * Walking
7: 1.640625 * west
8: 1.53125 * dogs
9: 1.4765625 * on
10: 1.4453125 * Transition
11: 1.4140625 * big
12: 1.3671875 * Fox
13: 1.3203125 * West
14: 1.296875 * of
15: 1.2265625 * and
16: 1.203125 * Walker
17: 1.1796875 * walked
18: 1.1484375 * Wind
19: 1.1328125 * around
20: 1.09375 * running
21: 1.0859375 * Edge
22: 1.078125 * from
23: 1.0546875 * Sw
24: 1.046875 * Boston
25: 1.0390625 * weekends
26: 1.03125 * wind
27: 1.0078125 * in
28: 1.0 * at
29: 0.96875 * walk
30: 0.96484375 * spots
31: 0.95703125 * Big
32: 0.9453125 * edge
33: 0.9453125 * ling
34: 0.9453125 * outdoor
35: 0.92578125 * Dog
36: 0.9140625 * and
37: 0.90625 * summer
38: 0.8984375 * .
39: 0.86328125 * small
40: 0.859375 * Walk
41: 0.85546875 * pet
42: 0.85546875 * about
43: 0.84765625 * Bark
44: 0.8359375 * profile
45: 0.83203125 * Friday
46: 0.828125 * 2010,
47: 0.8046875 * dog
48: 0.8046875 * standing
49: 0.8046875 * SW
Total loss: 0.5574391484260559 = MSE Loss: 0.2254079133272171, 0.001 * Sparsity Loss: 332.0
Epoch: 0 batch_num: 34
0: 2.3125 * west
1: 2.203125 * West
2: 2.09375 * Walk
3: 2.015625 * walk
4: 2.015625 * walks
5: 1.9765625 * walking
6: 1.921875 * dogs
7: 1.9140625 * local
8: 1.8984375 * pets
9: 1.765625 * big
10: 1.6796875 * Walking
11: 1.4296875 * Fox
12: 1.3984375 * on
13: 1.359375 * ation
14: 1.359375 * Wind
15: 1.3125 * Transition
16: 1.2890625 * running
17: 1.2890625 * edge
18: 1.28125 * wind
19: 1.2734375 * around
20: 1.2734375 * Edge
21: 1.2421875 * spots
22: 1.2109375 * Dog
23: 1.171875 * Walker
24: 1.1640625 * weekends
25: 1.1640625 * outdoor
26: 1.109375 * day
27: 1.1015625 * Sw
28: 1.09375 * Big
29: 1.09375 * summer
30: 1.09375 * St
31: 1.09375 * and
32: 1.0546875 * from
33: 1.046875 * small
34: 1.015625 * In
35: 1.0078125 * dog
36: 1.0 * walked
37: 0.9921875 * of
38: 0.97265625 * Bark
39: 0.953125 * .
40: 0.953125 * able
41: 0.9296875 * Boston
42: 0.90234375 * go
43: 0.89453125 * at
44: 0.87109375 * side
45: 0.8671875 * 2010,
46: 0.86328125 * walk
47: 0.85546875 * Mo
48: 0.8515625 * Summer
49: 0.84375 * and
Total loss: 0.5436425805091858 = MSE Loss: 0.2037988156080246, 0.001 * Sparsity Loss: 340.0
Epoch: 0 batch_num: 35
0: 2.140625 * west
1: 1.921875 * West
2: 1.6796875 * dogs
3: 1.671875 * local
4: 1.6484375 * Walk
5: 1.640625 * big
6: 1.625 * ation
7: 1.5625 * walk
8: 1.5546875 * walks
9: 1.46875 * walking
10: 1.46875 * pets
11: 1.4609375 * In
12: 1.3515625 * in
13: 1.3359375 * edge
14: 1.265625 * Edge
15: 1.1953125 * spots
16: 1.1640625 * Fox
17: 1.15625 * Walking
18: 1.15625 * actiuni
19: 1.109375 * Wind
20: 1.078125 * around
21: 1.0625 * Transition
22: 1.0625 * speed
23: 1.0390625 * IN
24: 1.03125 * wind
25: 1.0078125 * at
26: 1.0 * Dog
27: 1.0 * side
28: 1.0 * day
29: 1.0 * realizeaz
30: 0.984375 * Big
31: 0.9765625 * able
32: 0.9609375 * running
33: 0.95703125 * weekends
34: 0.95703125 * and
35: 0.953125 * Territory
36: 0.9453125 * St
37: 0.9296875 * outdoor
38: 0.92578125 * Mo
39: 0.92578125 * go
40: 0.91015625 * AN
41: 0.91015625 * Sw
42: 0.890625 * on
43: 0.8828125 * Walker
44: 0.8828125 * territory
45: 0.87109375 * lation
46: 0.8671875 * Bark
47: 0.84375 * ped
48: 0.83984375 * ",
49: 0.8046875 * 2013
Total loss: 0.5937433838844299 = MSE Loss: 0.27929025888442993, 0.001 * Sparsity Loss: 314.0
Epoch: 0 batch_num: 36
0: 1.65625 * in
1: 1.59375 * In
2: 1.453125 * actiuni
3: 1.4375 * ation
4: 1.28125 * west
5: 1.171875 * at
6: 1.1484375 * realizeaz
7: 1.1171875 * edge
8: 1.109375 * big
9: 1.1015625 * Edge
10: 1.09375 * local
11: 1.0078125 * The
12: 0.98046875 * Territory
13: 0.9765625 * ped
14: 0.94921875 * dogs
15: 0.92578125 * IN
16: 0.91015625 * spots
17: 0.89453125 * territory
18: 0.89453125 * AN
19: 0.8828125 * 2016
20: 0.8671875 * speed
21: 0.859375 * average
22: 0.84765625 * pets
23: 0.8359375 * able
24: 0.82421875 * West
25: 0.8046875 * on
26: 0.79296875 * decizie
27: 0.78515625 * Leaving
28: 0.77734375 * ted
29: 0.765625 * ",
30: 0.765625 * %
31: 0.7578125 * an
32: 0.75390625 * hip
33: 0.74609375 * In
34: 0.7421875 * AT
35: 0.73046875 * Walk
36: 0.7265625 * 2013
37: 0.72265625 * logy
38: 0.71875 * 3
39: 0.71484375 * Transition
40: 0.703125 * 3,
41: 0.69921875 * Mo
42: 0.6953125 * Do
43: 0.69140625 * side
44: 0.69140625 * lation
45: 0.68359375 * Fox
46: 0.6796875 * imprumut
47: 0.67578125 * walk
48: 0.67578125 * do
49: 0.67578125 * With
Total loss: 0.4594922959804535 = MSE Loss: 0.1938672959804535, 0.001 * Sparsity Loss: 266.0
Epoch: 0 batch_num: 37
0: 1.4453125 * actiuni
1: 1.3828125 * in
2: 1.1796875 * In
3: 1.109375 * The
4: 1.078125 * 2016
5: 1.0078125 * at
6: 0.98046875 * decizie
7: 0.95703125 * the
8: 0.9296875 * walk
9: 0.91796875 * In
10: 0.91796875 * at
11: 0.90625 * ped
12: 0.8984375 * realizeaz
13: 0.84765625 * in
14: 0.84375 * Chuck
15: 0.84375 * With
16: 0.828125 * The
17: 0.8125 * Territory
18: 0.8125 * Edge
19: 0.79296875 * morning
20: 0.7890625 * Ross
21: 0.78515625 * territory
22: 0.78125 * ation
23: 0.77734375 * on
24: 0.7734375 * %
25: 0.765625 * At
26: 0.75 * dog
27: 0.7421875 * Walk
28: 0.7421875 * On
29: 0.73828125 * average
30: 0.734375 * an
31: 0.73046875 * and
32: 0.71484375 * hip
33: 0.71484375 * friend
34: 0.71484375 * WS
35: 0.6640625 * -
36: 0.6640625 * edge
37: 0.66015625 * Summer
38: 0.66015625 * Command
39: 0.65234375 * stick
40: 0.65234375 * with
41: 0.64453125 * summer
42: 0.640625 * Walking
43: 0.640625 * intention
44: 0.625 * guest
45: 0.62109375 * Pet
46: 0.62109375 * Leaving
47: 0.61328125 * weekend
48: 0.60546875 * he
49: 0.60546875 * Profile
Total loss: 0.47732895612716675 = MSE Loss: 0.23611803352832794, 0.001 * Sparsity Loss: 241.0
Epoch: 0 batch_num: 38
0: 1.1875 * West
1: 1.1328125 * 2016
2: 1.1171875 * dog
3: 1.0625 * actiuni
4: 1.0546875 * summer
5: 1.0390625 * weekend
6: 1.0234375 * morning
7: 0.953125 * Chuck
8: 0.94921875 * The
9: 0.9453125 * Summer
10: 0.9375 * day
11: 0.90234375 * small
12: 0.890625 * decizie
13: 0.87109375 * the
14: 0.859375 * Walking
15: 0.85546875 * west
16: 0.8515625 * wind
17: 0.8515625 * intention
18: 0.83203125 * Command
19: 0.81640625 * Profile
20: 0.80859375 * walks
21: 0.8046875 * at
22: 0.7734375 * walk
23: 0.7734375 * Day
24: 0.765625 * friend
25: 0.76171875 * walk
26: 0.75 * walking
27: 0.75 * adecvat
28: 0.74609375 * Friday
29: 0.74609375 * WS
30: 0.73046875 * Walk
31: 0.73046875 * running
32: 0.73046875 * Cro
33: 0.73046875 * The
34: 0.7109375 * Dog
35: 0.6875 * ://
36: 0.67578125 * St
37: 0.671875 * ATION
38: 0.671875 * Run
39: 0.671875 * New
40: 0.671875 * Ross
41: 0.66796875 * Brown
42: 0.66796875 * run
43: 0.66015625 * -
44: 0.66015625 * guest
45: 0.65625 * On
46: 0.65234375 * CC
47: 0.6484375 * Walk
48: 0.640625 * Pet
49: 0.640625 * Go
Total loss: 0.403653621673584 = MSE Loss: 0.16341926157474518, 0.001 * Sparsity Loss: 240.0
Epoch: 0 batch_num: 39
0: 1.234375 * IN
1: 1.0703125 * weekend
2: 1.0546875 * dog
3: 1.0546875 * west
4: 0.9921875 * summer
5: 0.93359375 * 2016
6: 0.91796875 * West
7: 0.87890625 * small
8: 0.87890625 * pets
9: 0.87890625 * intention
10: 0.875 * ATION
11: 0.85546875 * Friday
12: 0.84765625 * morning
13: 0.84765625 * Profile
14: 0.83984375 * day
15: 0.83203125 * Chuck
16: 0.828125 * Command
17: 0.82421875 * Summer
18: 0.7890625 * wind
19: 0.78515625 * Cro
20: 0.78125 * ation
21: 0.77734375 * CC
22: 0.7734375 * IN
23: 0.76953125 * ity
24: 0.73828125 * ized
25: 0.71484375 * ements
26: 0.7109375 * side
27: 0.7109375 * FC
28: 0.6875 * mile
29: 0.67578125 * In
30: 0.671875 * spot
31: 0.671875 * realizeaz
32: 0.671875 * Speed
33: 0.6640625 * WS
34: 0.66015625 * ://
35: 0.66015625 * trecută
36: 0.66015625 * adecvat
37: 0.65234375 * Go
38: 0.6171875 * The
39: 0.6171875 * ON
40: 0.609375 * ST
41: 0.6015625 * Dog
42: 0.5859375 * Brown
43: 0.5859375 * run
44: 0.5859375 * Standard
45: 0.58203125 * decizie
46: 0.58203125 * Day
47: 0.578125 * walks
48: 0.578125 * ating
49: 0.57421875 * friend
Total loss: 0.4913606643676758 = MSE Loss: 0.2677278518676758, 0.001 * Sparsity Loss: 224.0
Epoch: 0 batch_num: 40
0: 1.5234375 * IN
1: 1.3046875 * realizeaz
2: 1.1640625 * In
3: 1.0546875 * Leaving
4: 1.0078125 * IN
5: 0.98046875 * in
6: 0.8671875 * pets
7: 0.8515625 * West
8: 0.84375 * ted
9: 0.83203125 * ST
10: 0.81640625 * on
11: 0.8046875 * ling
12: 0.8046875 * ized
13: 0.78125 * ation
14: 0.765625 * weekend
15: 0.765625 * ON
16: 0.76171875 * intention
17: 0.76171875 * On
18: 0.75 * Friday
19: 0.74609375 * trecută
20: 0.7421875 * of
21: 0.73828125 * Profile
22: 0.734375 * west
23: 0.73046875 * CC
24: 0.71875 * walk
25: 0.71484375 * ATION
26: 0.7109375 * ity
27: 0.6875 * From
28: 0.6796875 * PR
29: 0.6796875 * ating
30: 0.671875 * spot
31: 0.66796875 * FC
32: 0.65625 * side
33: 0.65234375 * mile
34: 0.65234375 * Command
35: 0.64453125 * clădiri
36: 0.6328125 * In
37: 0.6171875 * cărui
38: 0.6171875 * Our
39: 0.6015625 * Cro
40: 0.6015625 * spots
41: 0.59765625 * dog
42: 0.59375 * was
43: 0.58203125 * re
44: 0.578125 * at
45: 0.55859375 * CR
46: 0.55078125 * summer
47: 0.546875 * Shepherd
48: 0.546875 * PD
49: 0.52734375 * 2016
Total loss: 0.4413261413574219 = MSE Loss: 0.23234176635742188, 0.001 * Sparsity Loss: 209.0
Epoch: 0 batch_num: 41
0: 1.5859375 * realizeaz
1: 1.3203125 * West
2: 1.2890625 * IN
3: 1.1796875 * Leaving
4: 1.1640625 * walk
5: 1.0234375 * In
6: 0.984375 * Walk
7: 0.95703125 * West
8: 0.91015625 * ling
9: 0.859375 * IN
10: 0.85546875 * actiuni
11: 0.84765625 * in
12: 0.83984375 * dogs
13: 0.8125 * ST
14: 0.78125 * walk
15: 0.7734375 * on
16: 0.76953125 * ted
17: 0.71484375 * On
18: 0.69140625 * PR
19: 0.69140625 * St
20: 0.68359375 * Territory
21: 0.68359375 * Our
22: 0.66796875 * Dog
23: 0.66796875 * cărui
24: 0.66796875 * ON
25: 0.640625 * Walking
26: 0.640625 * Wind
27: 0.640625 * clădiri
28: 0.63671875 * Shepherd
29: 0.6171875 * west
30: 0.6015625 * walks
31: 0.59765625 * 4%
32: 0.59375 * of
33: 0.5859375 * intention
34: 0.58203125 * pets
35: 0.57421875 * >
36: 0.57421875 * trecută
37: 0.5703125 * th
38: 0.5625 * Profile
39: 0.5625 * mile
40: 0.55859375 * New
41: 0.5546875 * From
42: 0.5546875 * and
43: 0.55078125 * Friday
44: 0.546875 * New
45: 0.546875 * ized
46: 0.546875 * at
47: 0.5390625 * walking
48: 0.53515625 * In
49: 0.52734375 * imprumut
Total loss: 0.3941100239753723 = MSE Loss: 0.19098500907421112, 0.001 * Sparsity Loss: 203.0
Epoch: 0 batch_num: 42
0: 1.4765625 * dogs
1: 1.46875 * West
2: 1.4453125 * realizeaz
3: 1.3828125 * West
4: 1.078125 * Dog
5: 1.078125 * walk
6: 0.9765625 * Wind
7: 0.96484375 * owner
8: 0.94140625 * Leaving
9: 0.9375 * actiuni
10: 0.91796875 * mândr
11: 0.8984375 * Walk
12: 0.8125 * walk
13: 0.76171875 * Territory
14: 0.71875 * day
15: 0.7109375 * decizie
16: 0.70703125 * wind
17: 0.69921875 * outdoor
18: 0.6796875 * ling
19: 0.671875 * St
20: 0.66015625 * Scout
21: 0.65234375 * vet
22: 0.65234375 * IN
23: 0.63671875 * >
24: 0.63671875 * Day
25: 0.6328125 * stability
26: 0.60546875 * Shepherd
27: 0.59375 * Speed
28: 0.5859375 * dog
29: 0.58203125 * Ross
30: 0.578125 * west
31: 0.578125 * legs
32: 0.578125 * as
33: 0.56640625 * ST
34: 0.55859375 * walks
35: 0.55078125 * PR
36: 0.54296875 * duty
37: 0.53515625 * and
38: 0.53125 * Walking
39: 0.52734375 * Animal
40: 0.5234375 * Summer
41: 0.51953125 * Our
42: 0.515625 * ation
43: 0.51171875 * New
44: 0.51171875 * clădiri
45: 0.5078125 * running
46: 0.50390625 * Brown
47: 0.49609375 * Boston
48: 0.49609375 * 4%
49: 0.4921875 * cărui
Total loss: 0.5024971961975098 = MSE Loss: 0.31304410099983215, 0.001 * Sparsity Loss: 189.0
Epoch: 0 batch_num: 43
0: 1.5859375 * dogs
1: 1.2421875 * West
2: 1.203125 * mândr
3: 1.171875 * owner
4: 1.0390625 * ation
5: 1.0078125 * Dog
6: 0.99609375 * West
7: 0.93359375 * AT
8: 0.890625 * Wind
9: 0.8515625 * trecută
10: 0.8125 * and
11: 0.80859375 * as
12: 0.765625 * realizeaz
13: 0.75 * decizie
14: 0.69921875 * actiuni
15: 0.69140625 * Territory
16: 0.68359375 * in
17: 0.66796875 * vet
18: 0.66015625 * Scout
19: 0.65625 * in
20: 0.6328125 * ATION
21: 0.6328125 * outdoor
22: 0.62109375 * wind
23: 0.62109375 * stability
24: 0.6171875 * dog
25: 0.6171875 * In
26: 0.59765625 * day
27: 0.58203125 * duty
28: 0.57421875 * Speed
29: 0.56640625 * TA
30: 0.5546875 * legs
31: 0.53125 * command
32: 0.53125 * AND
33: 0.5234375 * ability
34: 0.5234375 * by
35: 0.515625 * >
36: 0.50390625 * As
37: 0.50390625 * speed
38: 0.5 * DOT
39: 0.49609375 * animal
40: 0.494140625 * with
41: 0.4921875 * walk
42: 0.4921875 * Speed
43: 0.48828125 * Chuck
44: 0.48828125 * и
45: 0.486328125 * /2016
46: 0.482421875 * Day
47: 0.470703125 * at
48: 0.466796875 * Ross
49: 0.462890625 * Shepherd
Total loss: 0.47671276330947876 = MSE Loss: 0.30288463830947876, 0.001 * Sparsity Loss: 174.0
Epoch: 0 batch_num: 44
0: 1.46875 * trecută
1: 1.296875 * dogs
2: 1.1171875 * owner
3: 1.0859375 * mândr
4: 1.0703125 * AT
5: 1.015625 * ation
6: 0.94140625 * in
7: 0.734375 * walks
8: 0.70703125 * In
9: 0.703125 * CC
10: 0.703125 * and
11: 0.6953125 * TA
12: 0.6796875 * Walking
13: 0.6484375 * ATION
14: 0.63671875 * in
15: 0.62890625 * From
16: 0.62890625 * at
17: 0.6171875 * Dog
18: 0.61328125 * Walk
19: 0.609375 * walking
20: 0.609375 * decizie
21: 0.60546875 * West
22: 0.6015625 * PR
23: 0.6015625 * as
24: 0.58984375 * and
25: 0.578125 * vet
26: 0.56640625 * on
27: 0.55078125 * stepping
28: 0.55078125 * In
29: 0.546875 * On
30: 0.54296875 * AN
31: 0.53515625 * Territory
32: 0.53515625 * PA
33: 0.53515625 * command
34: 0.53125 * Wind
35: 0.51171875 * stability
36: 0.51171875 * duty
37: 0.50390625 * Scout
38: 0.49609375 * #
39: 0.494140625 * around
40: 0.4921875 * и
41: 0.48828125 * Col
42: 0.486328125 * AND
43: 0.478515625 * Command
44: 0.4765625 * As
45: 0.470703125 * transition
46: 0.451171875 * Do
47: 0.4453125 * Walker
48: 0.43359375 * Chuck
49: 0.431640625 * Path
Total loss: 0.33558204770088196 = MSE Loss: 0.17151954770088196, 0.001 * Sparsity Loss: 164.0
Epoch: 0 batch_num: 45
0: 1.625 * trecută
1: 1.09375 * walks
2: 0.984375 * Walk
3: 0.9296875 * realizeaz
4: 0.90234375 * owner
5: 0.87890625 * Walking
6: 0.8359375 * walking
7: 0.83203125 * AT
8: 0.76953125 * walk
9: 0.74609375 * dogs
10: 0.70703125 * CC
11: 0.67578125 * stepping
12: 0.65234375 * in
13: 0.62890625 * PR
14: 0.61328125 * TA
15: 0.58984375 * New
16: 0.5859375 * mândr
17: 0.55859375 * day
18: 0.55078125 * ation
19: 0.546875 * small
20: 0.5390625 * west
21: 0.53515625 * walked
22: 0.52734375 * St
23: 0.515625 * around
24: 0.51171875 * Walker
25: 0.490234375 * west
26: 0.486328125 * From
27: 0.484375 * and
28: 0.46484375 * does
29: 0.455078125 * AN
30: 0.447265625 * run
31: 0.4453125 * PT
32: 0.443359375 * running
33: 0.44140625 * good
34: 0.43359375 * :
35: 0.427734375 * Command
36: 0.42578125 * command
37: 0.423828125 * Col
38: 0.416015625 * vet
39: 0.416015625 * PA
40: 0.4140625 * Path
41: 0.4140625 * Pitt
42: 0.412109375 * at
43: 0.408203125 * on
44: 0.40625 * transition
45: 0.40234375 * Walk
46: 0.40234375 * ATION
47: 0.400390625 * Din
48: 0.3984375 * decizie
49: 0.39453125 * walk
Total loss: 0.32513129711151123 = MSE Loss: 0.17376410961151123, 0.001 * Sparsity Loss: 151.0
Epoch: 0 batch_num: 46
0: 1.328125 * trecută
1: 0.9921875 * walks
2: 0.921875 * realizeaz
3: 0.79296875 * Walk
4: 0.71484375 * ements
5: 0.67578125 * walking
6: 0.640625 * west
7: 0.625 * walk
8: 0.625 * owner
9: 0.6171875 * stepping
10: 0.609375 * with
11: 0.60546875 * Walking
12: 0.578125 * west
13: 0.57421875 * of
14: 0.56640625 * With
15: 0.53515625 * from
16: 0.53125 * does
17: 0.515625 * :
18: 0.515625 * able
19: 0.51171875 * wind
20: 0.49609375 * CC
21: 0.48828125 * small
22: 0.47265625 * New
23: 0.46875 * clădiri
24: 0.462890625 * day
25: 0.4609375 * PR
26: 0.44140625 * ...
27: 0.44140625 * big
28: 0.439453125 * summer
29: 0.42578125 * AT
30: 0.4140625 * Sw
31: 0.412109375 * dog
32: 0.408203125 * do
33: 0.408203125 * 4%
34: 0.404296875 * good
35: 0.400390625 * Din
36: 0.396484375 * IN
37: 0.390625 * interest
38: 0.390625 * Fox
39: 0.388671875 * Outdoor
40: 0.38671875 * walked
41: 0.38671875 * around
42: 0.3828125 * Brown
43: 0.380859375 * ity
44: 0.376953125 * assistant
45: 0.376953125 * at
46: 0.375 * on
47: 0.3671875 * actiuni
48: 0.3671875 * Big
49: 0.365234375 * Walker
Total loss: 0.4536137878894806 = MSE Loss: 0.3159184753894806, 0.001 * Sparsity Loss: 138.0
Epoch: 0 batch_num: 47
0: 0.828125 * trecută
1: 0.7890625 * ements
2: 0.7109375 * ST
3: 0.6640625 * With
4: 0.63671875 * able
5: 0.6171875 * walk
6: 0.59765625 * with
7: 0.56640625 * In
8: 0.5546875 * On
9: 0.546875 * ating
10: 0.53515625 * ...
11: 0.515625 * WS
12: 0.5078125 * from
13: 0.494140625 * ity
14: 0.484375 * of
15: 0.474609375 * ted
16: 0.470703125 * 4%
17: 0.447265625 * dog
18: 0.447265625 * walks
19: 0.439453125 * Transition
20: 0.423828125 * mândr
21: 0.416015625 * AS
22: 0.412109375 * AT
23: 0.41015625 * At
24: 0.408203125 * lation
25: 0.400390625 * stepping
26: 0.400390625 * clădiri
27: 0.39453125 * ation
28: 0.39453125 * DOT
29: 0.38671875 * As
30: 0.384765625 * west
31: 0.376953125 * wind
32: 0.375 * Dog
33: 0.373046875 * west
34: 0.369140625 * IN
35: 0.369140625 * realizeaz
36: 0.3671875 * bebelus
37: 0.361328125 * licensed
38: 0.353515625 * based
39: 0.353515625 * maşin
40: 0.3515625 * lead
41: 0.349609375 * at
42: 0.345703125 * ST
43: 0.34375 * standard
44: 0.33984375 * ability
45: 0.337890625 * ped
46: 0.337890625 * in
47: 0.337890625 * and
48: 0.3359375 * ....
49: 0.333984375 * :
Total loss: 0.3107421100139618 = MSE Loss: 0.1749999225139618, 0.001 * Sparsity Loss: 136.0
Epoch: 0 batch_num: 48
0: 1.0703125 * walk
1: 0.953125 * ST
2: 0.58984375 * WS
3: 0.58203125 * Walking
4: 0.578125 * ements
5: 0.52734375 * walk
6: 0.52734375 * Transition
7: 0.5234375 * ://
8: 0.515625 * able
9: 0.50390625 * path
10: 0.5 * Walk
11: 0.5 * With
12: 0.49609375 * On
13: 0.47265625 * Walk
14: 0.470703125 * morning
15: 0.4609375 * ...
16: 0.458984375 * %
17: 0.458984375 * ST
18: 0.455078125 * ating
19: 0.455078125 * and
20: 0.451171875 * weekend
21: 0.44921875 * DOT
22: 0.44140625 * lation
23: 0.4375 * trecută
24: 0.43359375 * AT
25: 0.431640625 * Friday
26: 0.4296875 * stick
27: 0.427734375 * AS
28: 0.42578125 * intention
29: 0.41796875 * Run
30: 0.41796875 * Leaving
31: 0.4140625 * bebelus
32: 0.412109375 * Path
33: 0.404296875 * PA
34: 0.396484375 * TH
35: 0.39453125 * ted
36: 0.392578125 * In
37: 0.388671875 * erstellt
38: 0.384765625 * duty
39: 0.376953125 * 23
40: 0.375 * maşin
41: 0.373046875 * 4%
42: 0.37109375 * licensed
43: 0.369140625 * Go
44: 0.369140625 * mândr
45: 0.365234375 * ,
46: 0.36328125 * PD
47: 0.357421875 * realizeaz
48: 0.34765625 * Walker
49: 0.34765625 * ped
Total loss: 0.31224071979522705 = MSE Loss: 0.18040476739406586, 0.001 * Sparsity Loss: 132.0
Epoch: 0 batch_num: 49
0: 1.0546875 * walk
1: 0.89453125 * ST
2: 0.66796875 * %
3: 0.64453125 * Walking
4: 0.62109375 * walk
5: 0.578125 * in
6: 0.56640625 * Walk
7: 0.56640625 * "
8: 0.56640625 * realizeaz
9: 0.546875 * WS
10: 0.5390625 * Walk
11: 0.52734375 * ://
12: 0.494140625 * the
13: 0.490234375 * on
14: 0.48046875 * Walker
15: 0.462890625 * intention
16: 0.455078125 * 5%
17: 0.453125 * was
18: 0.451171875 * ”
19: 0.44140625 * walking
20: 0.44140625 * Friday
21: 0.44140625 * Transition
22: 0.431640625 * morning
23: 0.416015625 * be
24: 0.416015625 * erstellt
25: 0.416015625 * at
26: 0.4140625 * path
27: 0.41015625 * Col
28: 0.404296875 * ,
29: 0.404296875 * stick
30: 0.392578125 * </s>
31: 0.388671875 * PA
32: 0.388671875 * In
33: 0.384765625 * DOT
34: 0.37890625 * Path
35: 0.37890625 * invested
36: 0.375 * The
37: 0.3671875 * weekend
38: 0.365234375 * duty
39: 0.36328125 * were
40: 0.361328125 * small
41: 0.359375 * ears
42: 0.34375 * Summer
43: 0.34375 * bebelus
44: 0.333984375 * Fox
45: 0.33203125 * ke
46: 0.330078125 * low
47: 0.330078125 * TH
48: 0.328125 * and
49: 0.3203125 * walked
Total loss: 0.4013059139251709 = MSE Loss: 0.2787473201751709, 0.001 * Sparsity Loss: 122.5
Epoch: 0 batch_num: 50
0: 0.765625 * %
1: 0.7578125 * 5%
2: 0.6328125 * "
3: 0.5859375 * ”
4: 0.57421875 * ST
5: 0.5625 * ation
6: 0.55078125 * walk
7: 0.482421875 * -3
8: 0.48046875 * Col
9: 0.466796875 * ity
10: 0.462890625 * FC
11: 0.453125 * owner
12: 0.447265625 * intention
13: 0.416015625 * small
14: 0.412109375 * go
15: 0.41015625 * WS
16: 0.40625 * ”.
17: 0.404296875 * big
18: 0.404296875 * on
19: 0.40234375 * 8%
20: 0.388671875 * ized
21: 0.384765625 * on
22: 0.37890625 * 2010,
23: 0.375 * ling
24: 0.37109375 * was
25: 0.369140625 * Walker
26: 0.361328125 * invested
27: 0.357421875 * the
28: 0.357421875 * third
29: 0.353515625 * ears
30: 0.34765625 * </s>
31: 0.34765625 * day
32: 0.345703125 * Side
33: 0.345703125 * Friday
34: 0.341796875 * Brown
35: 0.33984375 * /
36: 0.3359375 * Walk
37: 0.3359375 * ements
38: 0.330078125 * The
39: 0.330078125 * ITY
40: 0.328125 * ."
41: 0.326171875 * West
42: 0.326171875 * On
43: 0.32421875 * West
44: 0.322265625 * be
45: 0.3203125 * ON
46: 0.31640625 * ncing
47: 0.3125 * were
48: 0.3125 * From
49: 0.3125 * And
Total loss: 0.3409365117549896 = MSE Loss: 0.22472557425498962, 0.001 * Sparsity Loss: 116.0
Epoch: 0 batch_num: 51
0: 0.81640625 * 5%
1: 0.7265625 * %
2: 0.6171875 * -3
3: 0.5390625 * FC
4: 0.53125 * St
5: 0.494140625 * walks
6: 0.494140625 * Col
7: 0.4921875 * owner
8: 0.48828125 * Day
9: 0.484375 * ements
10: 0.484375 * West
11: 0.474609375 * realizeaz
12: 0.46875 * day
13: 0.458984375 * go
14: 0.44921875 * ation
15: 0.439453125 * Walk
16: 0.4375 * stick
17: 0.4296875 * big
18: 0.427734375 * weekends
19: 0.42578125 * Wednesday
20: 0.41796875 * legs
21: 0.416015625 * ling
22: 0.40625 * 8%
23: 0.3984375 * ity
24: 0.38671875 * Scout
25: 0.38671875 * And
26: 0.384765625 * /
27: 0.3828125 * standing
28: 0.3828125 * about
29: 0.380859375 * small
30: 0.380859375 * 2010,
31: 0.376953125 * pathway
32: 0.365234375 * intention
33: 0.36328125 * third
34: 0.357421875 * Side
35: 0.349609375 * on
36: 0.34765625 * Weekend
37: 0.345703125 * TED
38: 0.345703125 * ITY
39: 0.3359375 * ST
40: 0.3359375 * at
41: 0.32421875 * strip
42: 0.318359375 * West
43: 0.31640625 * guest
44: 0.310546875 * Walking
45: 0.302734375 * Dog
46: 0.302734375 * walking
47: 0.302734375 * ”
48: 0.296875 * th
49: 0.294921875 * —
Total loss: 0.5741217732429504 = MSE Loss: 0.46132880449295044, 0.001 * Sparsity Loss: 113.0
Epoch: 0 batch_num: 52
0: 0.62890625 * 5%
1: 0.60546875 * -3
2: 0.60546875 * realizeaz
3: 0.53125 * St
4: 0.52734375 * trecută
5: 0.5234375 * owner
6: 0.5078125 * %
7: 0.4765625 * Walk
8: 0.4765625 * actiuni
9: 0.44921875 * Wednesday
10: 0.439453125 * FC
11: 0.427734375 * #
12: 0.423828125 * West
13: 0.421875 * in
14: 0.416015625 * about
15: 0.412109375 * at
16: 0.41015625 * Walking
17: 0.40625 * And
18: 0.3984375 * )
19: 0.38671875 * ements
20: 0.384765625 * in
21: 0.380859375 * '
22: 0.37890625 * weekends
23: 0.376953125 * Col
24: 0.376953125 * AT
25: 0.37109375 * big
26: 0.3671875 * walks
27: 0.357421875 * from
28: 0.35546875 * Day
29: 0.353515625 * by
30: 0.349609375 * edge
31: 0.34765625 * of
32: 0.345703125 * Scout
33: 0.34375 * west
34: 0.337890625 * ,"
35: 0.333984375 * Boston
36: 0.333984375 * pathway
37: 0.33203125 * stepping
38: 0.330078125 * ST
39: 0.330078125 * imprumut
40: 0.328125 * Weekend
41: 0.328125 * strip
42: 0.322265625 * pets
43: 0.3203125 * walking
44: 0.31640625 * legs
45: 0.314453125 * TED
46: 0.3125 * ."
47: 0.3125 * stick
48: 0.306640625 * standing
49: 0.3046875 * ling
Total loss: 0.4895877242088318 = MSE Loss: 0.3797244429588318, 0.001 * Sparsity Loss: 110.0
Epoch: 0 batch_num: 53
0: 0.77734375 * trecută
1: 0.62890625 * edge
2: 0.59765625 * side
3: 0.55078125 * stepping
4: 0.53515625 * west
5: 0.482421875 * owner
6: 0.478515625 * ,"
7: 0.478515625 * imprumut
8: 0.470703125 * misiune
9: 0.46875 * actiuni
10: 0.466796875 * Speed
11: 0.46484375 * AT
12: 0.40234375 * speed
13: 0.400390625 * )
14: 0.3984375 * -3
15: 0.3984375 * at
16: 0.396484375 * ging
17: 0.396484375 * cărui
18: 0.396484375 * speed
19: 0.392578125 * ”,
20: 0.388671875 * ",
21: 0.3828125 * ".
22: 0.3828125 * #
23: 0.3828125 * interest
24: 0.380859375 * '
25: 0.37890625 * ."
26: 0.375 * running
27: 0.357421875 * Small
28: 0.357421875 * started
29: 0.35546875 * "
30: 0.35546875 * day
31: 0.3515625 * And
32: 0.34375 * run
33: 0.341796875 * west
34: 0.337890625 * >
35: 0.337890625 * erstellt
36: 0.33203125 * day
37: 0.328125 * in
38: 0.3203125 * ation
39: 0.3203125 * Wednesday
40: 0.3203125 * realizeaz
41: 0.318359375 * from
42: 0.31640625 * middle
43: 0.314453125 * by
44: 0.314453125 * on
45: 0.306640625 * Speed
46: 0.296875 * ),
47: 0.291015625 * Wir
48: 0.2890625 * side
49: 0.283203125 * ATION
Total loss: 0.2975947856903076 = MSE Loss: 0.19359087944030762, 0.001 * Sparsity Loss: 104.0
Epoch: 0 batch_num: 54
0: 0.765625 * trecută
1: 0.6875 * side
2: 0.67578125 * edge
3: 0.64453125 * stepping
4: 0.59375 * west
5: 0.54296875 * day
6: 0.51953125 * misiune
7: 0.50390625 * day
8: 0.484375 * %
9: 0.46484375 * ation
10: 0.42578125 * ging
11: 0.42578125 * AT
12: 0.41796875 * IN
13: 0.412109375 * Small
14: 0.412109375 * CC
15: 0.37109375 * started
16: 0.369140625 * ity
17: 0.3671875 * West
18: 0.3671875 * Speed
19: 0.36328125 * walk
20: 0.3515625 * imprumut
21: 0.349609375 * cărui
22: 0.34765625 * ATION
23: 0.34765625 * side
24: 0.34765625 * ncing
25: 0.34375 * FC
26: 0.341796875 * (5)
27: 0.33984375 * speed
28: 0.337890625 * /3
29: 0.337890625 * 4%
30: 0.333984375 * PD
31: 0.33203125 * owner
32: 0.330078125 * walks
33: 0.32421875 * ://
34: 0.3203125 * Chuck
35: 0.3203125 * ,"
36: 0.318359375 * erstellt
37: 0.314453125 * small
38: 0.306640625 * speed
39: 0.30078125 * From
40: 0.298828125 * PR
41: 0.298828125 * west
42: 0.294921875 * Wir
43: 0.28515625 * -2018
44: 0.27734375 * Standard
45: 0.275390625 * With
46: 0.2734375 * 8%
47: 0.271484375 * Our
48: 0.267578125 * running
49: 0.265625 * ITY
Total loss: 0.3158791661262512 = MSE Loss: 0.21529322862625122, 0.001 * Sparsity Loss: 100.5
Epoch: 0 batch_num: 55
0: 0.68359375 * %
1: 0.5390625 * stepping
2: 0.515625 * edge
3: 0.4921875 * trecută
4: 0.490234375 * day
5: 0.447265625 * side
6: 0.439453125 * CC
7: 0.42578125 * IN
8: 0.419921875 * misiune
9: 0.3984375 * west
10: 0.39453125 * realizeaz
11: 0.390625 * Small
12: 0.369140625 * ]
13: 0.35546875 * ”
14: 0.35546875 * 8%
15: 0.3515625 * /3
16: 0.349609375 * Chuck
17: 0.337890625 * ging
18: 0.33203125 * good
19: 0.326171875 * able
20: 0.326171875 * %)
21: 0.32421875 * Licensed
22: 0.3203125 * ”.
23: 0.318359375 * wind
24: 0.31640625 * (3)
25: 0.3125 * 4%
26: 0.3125 * FC
27: 0.310546875 * ],
28: 0.310546875 * Speed
29: 0.296875 * small
30: 0.296875 * With
31: 0.29296875 * Our
32: 0.291015625 * Barnes
33: 0.2890625 * summer
34: 0.287109375 * From
35: 0.275390625 * started
36: 0.271484375 * ?
37: 0.267578125 * "
38: 0.265625 * Wir
39: 0.259765625 * in
40: 0.2578125 * Scout
41: 0.255859375 * ation
42: 0.255859375 * side
43: 0.255859375 * Run
44: 0.25390625 * licensed
45: 0.2490234375 * (5)
46: 0.248046875 * 3
47: 0.244140625 * of
48: 0.240234375 * ements
49: 0.240234375 * Wind
Total loss: 0.3556749224662781 = MSE Loss: 0.2648546099662781, 0.001 * Sparsity Loss: 91.0
Epoch: 0 batch_num: 56
0: 0.5625 * Speed
1: 0.53125 * %
2: 0.490234375 * wind
3: 0.4140625 * Speed
4: 0.40625 * /
5: 0.392578125 * able
6: 0.384765625 * -
7: 0.384765625 * Licensed
8: 0.37890625 * standard
9: 0.375 * Wind
10: 0.37109375 * the
11: 0.365234375 * walk
12: 0.361328125 * summer
13: 0.359375 * owner
14: 0.357421875 * path
15: 0.35546875 * stepping
16: 0.341796875 * west
17: 0.33203125 * decizie
18: 0.328125 * of
19: 0.32421875 * day
20: 0.314453125 * tracking
21: 0.310546875 * WS
22: 0.30859375 * edge
23: 0.3046875 * Run
24: 0.302734375 * speed
25: 0.298828125 * ke
26: 0.298828125 * actiuni
27: 0.296875 * spot
28: 0.29296875 * The
29: 0.287109375 * Dog
30: 0.287109375 * ST
31: 0.275390625 * Barnes
32: 0.2734375 * 8%
33: 0.267578125 * ted
34: 0.265625 * dogs
35: 0.265625 * CC
36: 0.265625 * adecvat
37: 0.265625 * tation
38: 0.263671875 * Small
39: 0.259765625 * %)
40: 0.2578125 * from
41: 0.2578125 * 2016
42: 0.2578125 * Day
43: 0.25390625 * West
44: 0.248046875 * good
45: 0.248046875 * stick
46: 0.244140625 * 2010,
47: 0.2421875 * morning
48: 0.2392578125 * on
49: 0.232421875 * Chuck
Total loss: 0.3331142067909241 = MSE Loss: 0.24473528563976288, 0.001 * Sparsity Loss: 88.5
Epoch: 0 batch_num: 57
0: 0.625 * /
1: 0.470703125 * Dog
2: 0.45703125 * In
3: 0.44140625 * local
4: 0.4375 * owner
5: 0.41015625 * -
6: 0.41015625 * Speed
7: 0.3984375 * ted
8: 0.37890625 * standard
9: 0.376953125 * tracking
10: 0.376953125 * legs
11: 0.369140625 * wind
12: 0.36328125 * ke
13: 0.361328125 * WS
14: 0.337890625 * ://
15: 0.318359375 * able
16: 0.318359375 * in
17: 0.314453125 * %
18: 0.3125 * ST
19: 0.3046875 * ATION
20: 0.3046875 * Licensed
21: 0.30078125 * dog
22: 0.30078125 * actiuni
23: 0.298828125 * decizie
24: 0.296875 * walk
25: 0.296875 * (4)
26: 0.296875 * cărui
27: 0.29296875 * tation
28: 0.291015625 * 23
29: 0.2890625 * Leaving
30: 0.28515625 * echival
31: 0.283203125 * the
32: 0.279296875 * ation
33: 0.279296875 * The
34: 0.279296875 * stick
35: 0.27734375 * day
36: 0.275390625 * In
37: 0.26953125 * ating
38: 0.267578125 * <unk>
39: 0.267578125 * din
40: 0.265625 * path
41: 0.263671875 * The
42: 0.259765625 * tested
43: 0.255859375 * 2013.
44: 0.25390625 * Chris
45: 0.25390625 * Wind
46: 0.25390625 * 2010,
47: 0.2490234375 * in
48: 0.244140625 * 3.
49: 0.2431640625 * Day
Total loss: 0.32034748792648315 = MSE Loss: 0.22952716052532196, 0.001 * Sparsity Loss: 91.0
Epoch: 0 batch_num: 58
0: 0.71875 * legs
1: 0.52734375 * /
2: 0.5 * local
3: 0.439453125 * In
4: 0.408203125 * fit
5: 0.392578125 * in
6: 0.38671875 * misiune
7: 0.361328125 * ted
8: 0.35546875 * ://
9: 0.353515625 * ke
10: 0.3515625 * WS
11: 0.34765625 * Dog
12: 0.333984375 * owner
13: 0.314453125 * day
14: 0.302734375 * West
15: 0.298828125 * PR
16: 0.29296875 * West
17: 0.29296875 * annual
18: 0.291015625 * speed
19: 0.2890625 * 4%
20: 0.2890625 * speed
21: 0.287109375 * in
22: 0.28125 * (4)
23: 0.27734375 * '
24: 0.27734375 * tracking
25: 0.2734375 * spots
26: 0.2734375 * standard
27: 0.26953125 * IN
28: 0.267578125 * wait
29: 0.267578125 * Of
30: 0.267578125 * day
31: 0.265625 * Leaving
32: 0.263671875 * Owner
33: 0.259765625 * <unk>
34: 0.2578125 * big
35: 0.2578125 * In
36: 0.251953125 * ready
37: 0.25 * %
38: 0.2431640625 * outdoors
39: 0.240234375 * echival
40: 0.2392578125 * cărui
41: 0.236328125 * е
42: 0.2353515625 * #
43: 0.2333984375 * tation
44: 0.2275390625 * ].
45: 0.2275390625 * din
46: 0.2255859375 * ears
47: 0.2255859375 * tested
48: 0.2236328125 * small
49: 0.2236328125 * Bark
Total loss: 0.34307312965393066 = MSE Loss: 0.25567078590393066, 0.001 * Sparsity Loss: 87.5
Epoch: 0 batch_num: 59
0: 0.87109375 * legs
1: 0.51171875 * speed
2: 0.490234375 * Speed
3: 0.47265625 * speed
4: 0.4453125 * '
5: 0.416015625 * fit
6: 0.38671875 * spots
7: 0.3828125 * misiune
8: 0.380859375 * ST
9: 0.349609375 * ation
10: 0.33203125 * annual
11: 0.328125 * local
12: 0.32421875 * ’
13: 0.310546875 * day
14: 0.3046875 * /
15: 0.3046875 * leg
16: 0.302734375 * ke
17: 0.298828125 * PR
18: 0.298828125 * day
19: 0.296875 * profile
20: 0.294921875 * .
21: 0.291015625 * ements
22: 0.291015625 * West
23: 0.287109375 * 2013
24: 0.28515625 * Owner
25: 0.279296875 * west
26: 0.27734375 * /2019
27: 0.271484375 * Speed
28: 0.26953125 * ability
29: 0.267578125 * WS
30: 0.265625 * 
31: 0.265625 * mândr
32: 0.263671875 * ready
33: 0.259765625 * dogs
34: 0.251953125 * 5%
35: 0.25 * lation
36: 0.2431640625 * licensed
37: 0.2412109375 * vigoare
38: 0.2392578125 * bebelus
39: 0.2373046875 * wait
40: 0.2353515625 * Of
41: 0.23046875 * Chuck
42: 0.2294921875 * staffed
43: 0.2255859375 * 2014
44: 0.224609375 * и
45: 0.2236328125 * and
46: 0.220703125 * <unk>
47: 0.21875 * ://
48: 0.2177734375 * has
49: 0.2177734375 * -3
Total loss: 0.24605117738246918 = MSE Loss: 0.16060195863246918, 0.001 * Sparsity Loss: 85.5
Epoch: 0 batch_num: 60
0: 0.84765625 * legs
1: 0.51171875 * Speed
2: 0.494140625 * speed
3: 0.462890625 * speed
4: 0.455078125 * ST
5: 0.41015625 * ation
6: 0.380859375 * 5%
7: 0.380859375 * west
8: 0.3515625 * fit
9: 0.349609375 * spots
10: 0.34765625 * as
11: 0.34375 * dogs
12: 0.34375 * adecvat
13: 0.34375 * Din
14: 0.326171875 * misiune
15: 0.3203125 * Speed
16: 0.318359375 * '
17: 0.3125 * PR
18: 0.302734375 * ability
19: 0.302734375 * leg
20: 0.30078125 * and
21: 0.298828125 * at
22: 0.294921875 * Brown
23: 0.291015625 * /
24: 0.28515625 * and
25: 0.283203125 * annual
26: 0.27734375 * At
27: 0.275390625 * ON
28: 0.271484375 * the
29: 0.26953125 * Owner
30: 0.26953125 * -3
31: 0.267578125 * ].
32: 0.267578125 * ements
33: 0.26171875 * <unk>
34: 0.259765625 * ]
35: 0.2578125 * be
36: 0.255859375 * Chuck
37: 0.255859375 * 2013
38: 0.25390625 * DOT
39: 0.2470703125 * begging
40: 0.24609375 * /2019
41: 0.2431640625 * vigoare
42: 0.2353515625 * Wednesday
43: 0.234375 * lation
44: 0.232421875 * ke
45: 0.22265625 * by
46: 0.22265625 * ’
47: 0.21875 * profile
48: 0.2158203125 * from
49: 0.2119140625 * ”.
Total loss: 0.3098652958869934 = MSE Loss: 0.22636918723583221, 0.001 * Sparsity Loss: 83.5
Epoch: 0 batch_num: 61
0: 0.6171875 * legs
1: 0.427734375 * west
2: 0.375 * ST
3: 0.37109375 * ]
4: 0.37109375 * 5%
5: 0.34765625 * adecvat
6: 0.34375 * begging
7: 0.341796875 * Din
8: 0.3359375 * ://
9: 0.330078125 * walk
10: 0.314453125 * the
11: 0.314453125 * "
12: 0.3125 * PR
13: 0.29296875 * ”.
14: 0.287109375 * ation
15: 0.27734375 * interest
16: 0.2734375 * speed
17: 0.267578125 * speed
18: 0.263671875 * trained
19: 0.26171875 * Brown
20: 0.2578125 * and
21: 0.255859375 * having
22: 0.251953125 * ”
23: 0.251953125 * %
24: 0.25 * stepping
25: 0.244140625 * Speed
26: 0.2392578125 * The
27: 0.236328125 * ].
28: 0.228515625 * Chuck
29: 0.228515625 * path
30: 0.224609375 * dărui
31: 0.216796875 * (
32: 0.2158203125 * Walk
33: 0.21484375 * ability
34: 0.2138671875 * annual
35: 0.2109375 * ON
36: 0.2099609375 * Walking
37: 0.2099609375 * ],
38: 0.2099609375 * PA
39: 0.20703125 * DOT
40: 0.20703125 * fit
41: 0.2060546875 * ears
42: 0.205078125 * vigoare
43: 0.203125 * Wednesday
44: 0.203125 * -2018
45: 0.2021484375 * ,”
46: 0.2001953125 * misiune
47: 0.1953125 * medium
48: 0.1943359375 * as
49: 0.1923828125 * ",
Total loss: 0.2702637314796448 = MSE Loss: 0.19506843388080597, 0.001 * Sparsity Loss: 75.0
Epoch: 0 batch_num: 62
0: 0.455078125 * ://
1: 0.419921875 * west
2: 0.38671875 * ]
3: 0.37109375 * ements
4: 0.35546875 * %
5: 0.353515625 * legs
6: 0.349609375 * and
7: 0.33984375 * "
8: 0.32421875 * begging
9: 0.314453125 * trained
10: 0.314453125 * having
11: 0.3125 * IN
12: 0.29296875 * about
13: 0.287109375 * ears
14: 0.28125 * erstellt
15: 0.26953125 * PR
16: 0.267578125 * Profile
17: 0.265625 * 5%
18: 0.255859375 * stepping
19: 0.25390625 * pets
20: 0.25390625 * Din
21: 0.251953125 * ”.
22: 0.25 * adecvat
23: 0.244140625 * path
24: 0.2431640625 * dărui
25: 0.23828125 * ncing
26: 0.236328125 * dog
27: 0.2333984375 * Dog
28: 0.2255859375 * PA
29: 0.224609375 * from
30: 0.22265625 * 
31: 0.2216796875 * dogs
32: 0.220703125 * walk
33: 0.21875 * in
34: 0.21875 * ST
35: 0.2158203125 * ATION
36: 0.2158203125 * ”
37: 0.212890625 * ‘
38: 0.2080078125 * relates
39: 0.205078125 * profile
40: 0.2001953125 * Small
41: 0.1982421875 * doamn
42: 0.1982421875 * ging
43: 0.197265625 * licensed
44: 0.1953125 * profile
45: 0.19140625 * 3
46: 0.1904296875 * Madison
47: 0.189453125 * weekends
48: 0.1845703125 * Boston
49: 0.1845703125 * Average
Total loss: 0.2685733735561371 = MSE Loss: 0.19435462355613708, 0.001 * Sparsity Loss: 74.0
Epoch: 0 batch_num: 63
0: 0.49609375 * ements
1: 0.455078125 * and
2: 0.431640625 * ://
3: 0.42578125 * 
4: 0.376953125 * dogs
5: 0.369140625 * wind
6: 0.3515625 * west
7: 0.2890625 * trained
8: 0.287109375 * dog
9: 0.287109375 * erstellt
10: 0.2734375 * weekends
11: 0.26953125 * Territory
12: 0.26953125 * %
13: 0.26171875 * ears
14: 0.2578125 * Speed
15: 0.25390625 * walks
16: 0.251953125 * ]
17: 0.251953125 * WS
18: 0.248046875 * outdoor
19: 0.240234375 * having
20: 0.2373046875 * ‘
21: 0.2353515625 * Dog
22: 0.232421875 * Walk
23: 0.2294921875 * Outdoor
24: 0.2255859375 * middle
25: 0.224609375 * begging
26: 0.216796875 * medium
27: 0.2158203125 * ncing
28: 0.21484375 * ”,
29: 0.21484375 * Speed
30: 0.2109375 * ,"
31: 0.2109375 * about
32: 0.2060546875 * weekend
33: 0.205078125 * fit
34: 0.203125 * 3
35: 0.2021484375 * grupului
36: 0.2021484375 * 3
37: 0.2001953125 * ON
38: 0.1982421875 * Small
39: 0.1982421875 * decizie
40: 0.197265625 * misiune
41: 0.1943359375 * actiuni
42: 0.193359375 * pets
43: 0.1904296875 * morning
44: 0.189453125 * "
45: 0.189453125 * stick
46: 0.1865234375 * ging
47: 0.1845703125 * side
48: 0.1845703125 * summer
49: 0.18359375 * walked
Total loss: 0.37925273180007935 = MSE Loss: 0.30356913805007935, 0.001 * Sparsity Loss: 75.5
Epoch: 0 batch_num: 64
0: 0.447265625 * ements
1: 0.40625 * ://
2: 0.376953125 * Territory
3: 0.36328125 * )
4: 0.353515625 * 
5: 0.353515625 * and
6: 0.318359375 * WS
7: 0.30859375 * actiuni
8: 0.3046875 * dogs
9: 0.3046875 * decizie
10: 0.296875 * medium
11: 0.29296875 * pet
12: 0.29296875 * realizeaz
13: 0.27734375 * ”,
14: 0.275390625 * ],
15: 0.271484375 * ”
16: 0.26953125 * ,"
17: 0.267578125 * wind
18: 0.263671875 * Outdoor
19: 0.259765625 * west
20: 0.2578125 * /
21: 0.2578125 * do
22: 0.25 * doing
23: 0.2373046875 * trained
24: 0.2373046875 * CC
25: 0.2373046875 * fit
26: 0.2333984375 * 4%
27: 0.228515625 * erstellt
28: 0.2255859375 * PR
29: 0.2255859375 * go
30: 0.220703125 * outdoor
31: 0.2177734375 * west
32: 0.2060546875 * <unk>
33: 0.2060546875 * On
34: 0.205078125 * territory
35: 0.203125 * Owner
36: 0.2021484375 * ears
37: 0.1982421875 * just
38: 0.1962890625 * dog
39: 0.193359375 * fit
40: 0.193359375 * Speed
41: 0.1923828125 * owner
42: 0.1923828125 * with
43: 0.19140625 * misiune
44: 0.189453125 * local
45: 0.1884765625 * (4)
46: 0.185546875 * PA
47: 0.185546875 * legs
48: 0.1845703125 * ."
49: 0.18359375 * morning
Total loss: 0.6574124097824097 = MSE Loss: 0.5856350660324097, 0.001 * Sparsity Loss: 72.0
Epoch: 0 batch_num: 65
0: 0.427734375 * )
1: 0.384765625 * pet
2: 0.375 * ”
3: 0.361328125 * ://
4: 0.353515625 * /
5: 0.353515625 * realizeaz
6: 0.34375 * <unk>
7: 0.341796875 * WS
8: 0.333984375 * ements
9: 0.318359375 * legs
10: 0.283203125 * Territory
11: 0.27734375 * Profile
12: 0.275390625 * go
13: 0.271484375 * mândr
14: 0.267578125 * decizie
15: 0.267578125 * actiuni
16: 0.251953125 * Dog
17: 0.24609375 * ],
18: 0.2451171875 * fit
19: 0.244140625 * local
20: 0.2431640625 * (3)
21: 0.240234375 * PR
22: 0.2373046875 * ST
23: 0.2333984375 * and
24: 0.23046875 * 4%
25: 0.2294921875 * CC
26: 0.228515625 * walks
27: 0.228515625 * dărui
28: 0.2265625 * Weekend
29: 0.2255859375 * Owner
30: 0.2255859375 * -2018
31: 0.2216796875 * walk
32: 0.2216796875 * vigoare
33: 0.216796875 * Chuck
34: 0.21484375 * ability
35: 0.2119140625 * %
36: 0.2080078125 * medium
37: 0.2080078125 * Burton
38: 0.203125 * Speed
39: 0.2021484375 * owner
40: 0.19921875 * 3
41: 0.1982421875 * PA
42: 0.1953125 * ”,
43: 0.1953125 * just
44: 0.1953125 * At
45: 0.193359375 * adecvat
46: 0.1923828125 * Standard
47: 0.19140625 * free
48: 0.1904296875 * AT
49: 0.1884765625 * doing
Total loss: 0.2936103343963623 = MSE Loss: 0.2213447242975235, 0.001 * Sparsity Loss: 72.5
Epoch: 0 batch_num: 66
0: 0.447265625 * Dog
1: 0.388671875 * pet
2: 0.345703125 * dogs
3: 0.345703125 * Speed
4: 0.341796875 * dărui
5: 0.322265625 * (
6: 0.322265625 * Do
7: 0.302734375 * ).
8: 0.302734375 * WS
9: 0.296875 * ),
10: 0.294921875 * clădiri
11: 0.29296875 * west
12: 0.2890625 * ",
13: 0.283203125 * local
14: 0.28125 * mândr
15: 0.279296875 * ,
16: 0.279296875 * 3
17: 0.279296875 * ST
18: 0.267578125 * vigoare
19: 0.2490234375 * /2016
20: 0.2490234375 * At
21: 0.2470703125 * ?
22: 0.2451171875 * speed
23: 0.2431640625 * Chuck
24: 0.23828125 * 
25: 0.23828125 * Standard
26: 0.2353515625 * running
27: 0.234375 * <unk>
28: 0.2294921875 * .
29: 0.2275390625 * misiune
30: 0.2177734375 * Profile
31: 0.2177734375 * Speed
32: 0.21484375 * West
33: 0.2138671875 * stick
34: 0.2119140625 * Burton
35: 0.2099609375 * %
36: 0.2080078125 * Weekend
37: 0.20703125 * PR
38: 0.2060546875 * trecută
39: 0.205078125 * -2018
40: 0.2041015625 * stepping
41: 0.19921875 * And
42: 0.197265625 * IN
43: 0.197265625 * free
44: 0.197265625 * maşin
45: 0.1962890625 * legs
46: 0.1943359375 * path
47: 0.193359375 * ability
48: 0.1923828125 * (3)
49: 0.189453125 * West
Total loss: 0.2656441330909729 = MSE Loss: 0.1933784931898117, 0.001 * Sparsity Loss: 72.5
Epoch: 0 batch_num: 67
0: 0.443359375 * west
1: 0.408203125 * realizeaz
2: 0.396484375 * Dog
3: 0.390625 * IN
4: 0.38671875 * ,
5: 0.38671875 * (
6: 0.3671875 * ),
7: 0.3515625 * dogs
8: 0.33203125 * dărui
9: 0.326171875 * ://
10: 0.318359375 * erstellt
11: 0.298828125 * ).
12: 0.294921875 * misiune
13: 0.294921875 * ears
14: 0.28515625 * ?
15: 0.283203125 * clădiri
16: 0.26953125 * pet
17: 0.26953125 * running
18: 0.26953125 * vigoare
19: 0.267578125 * 3
20: 0.265625 * outdoor
21: 0.263671875 * 
22: 0.263671875 * ST
23: 0.26171875 * Do
24: 0.25390625 * ",
25: 0.251953125 * New
26: 0.251953125 * local
27: 0.25 * Speed
28: 0.2431640625 * -
29: 0.2431640625 * Leaving
30: 0.232421875 * .
31: 0.2275390625 * stick
32: 0.224609375 * stepping
33: 0.22265625 * /2016
34: 0.2177734375 * ements
35: 0.216796875 * run
36: 0.21484375 * /
37: 0.21484375 * leg
38: 0.2138671875 * about
39: 0.2119140625 * —
40: 0.2119140625 * trecută
41: 0.2099609375 * misiei
42: 0.205078125 * Side
43: 0.2021484375 * WS
44: 0.2001953125 * interest
45: 0.2001953125 * Sw
46: 0.197265625 * PR
47: 0.197265625 * Standard
48: 0.1962890625 * ncing
49: 0.1962890625 * -2018
Total loss: 0.27281495928764343 = MSE Loss: 0.20152589678764343, 0.001 * Sparsity Loss: 71.5
Epoch: 0 batch_num: 68
0: 0.42578125 * west
1: 0.3984375 * ements
2: 0.369140625 * ://
3: 0.35546875 * and
4: 0.3359375 * 3
5: 0.333984375 * pets
6: 0.326171875 * erstellt
7: 0.32421875 * outdoor
8: 0.3046875 * mândr
9: 0.30078125 * </s>
10: 0.294921875 * ".
11: 0.287109375 * ...
12: 0.28125 * ”.
13: 0.28125 * realizeaz
14: 0.27734375 * ears
15: 0.2734375 * ”
16: 0.25 * (
17: 0.25 * cărui
18: 0.2451171875 * )
19: 0.244140625 * with
20: 0.2431640625 * IN
21: 0.2431640625 * wind
22: 0.2412109375 * owner
23: 0.2412109375 * ;
24: 0.2392578125 * :
25: 0.2314453125 * With
26: 0.23046875 * vigoare
27: 0.228515625 * Walk
28: 0.2275390625 * decizie
29: 0.2265625 * misiune
30: 0.2265625 * Speed
31: 0.2216796875 * ],
32: 0.21875 * interest
33: 0.2177734375 * spots
34: 0.2158203125 * ”,
35: 0.21484375 * dărui
36: 0.2109375 * leg
37: 0.2099609375 * Pet
38: 0.208984375 * misiei
39: 0.208984375 * îngrij
40: 0.2080078125 * !
41: 0.2080078125 * average
42: 0.20703125 * Side
43: 0.20703125 * Outdoor
44: 0.2041015625 * PR
45: 0.2041015625 * about
46: 0.201171875 * New
47: 0.189453125 * Sw
48: 0.1884765625 * speed
49: 0.18359375 * started
Total loss: 0.24787364900112152 = MSE Loss: 0.17609630525112152, 0.001 * Sparsity Loss: 72.0
Epoch: 0 batch_num: 69
0: 0.474609375 * ://
1: 0.4453125 * mândr
2: 0.43359375 * west
3: 0.390625 * ements
4: 0.3828125 * small
5: 0.345703125 * pets
6: 0.3359375 * </s>
7: 0.31640625 * ...
8: 0.296875 * owner
9: 0.29296875 * Speed
10: 0.287109375 * dog
11: 0.287109375 * cărui
12: 0.28515625 * about
13: 0.275390625 * and
14: 0.267578125 * AT
15: 0.265625 * ”.
16: 0.265625 * outdoor
17: 0.25390625 * begging
18: 0.25390625 * erstellt
19: 0.25 * trecută
20: 0.240234375 * morning
21: 0.23828125 * ;
22: 0.23828125 * free
23: 0.234375 * (
24: 0.234375 * IN
25: 0.2333984375 * Walk
26: 0.2314453125 * local
27: 0.2294921875 * 3
28: 0.2177734375 * path
29: 0.216796875 * Pet
30: 0.2138671875 * îngrij
31: 0.2099609375 * Outdoor
32: 0.205078125 * acţiune
33: 0.205078125 * On
34: 0.2021484375 * 23,
35: 0.201171875 * dogs
36: 0.201171875 * having
37: 0.2001953125 * maşin
38: 0.1953125 * shedding
39: 0.193359375 * !
40: 0.1923828125 * Local
41: 0.19140625 * Run
42: 0.189453125 * #
43: 0.1884765625 * >
44: 0.1884765625 * at
45: 0.1865234375 * ears
46: 0.185546875 * Fox
47: 0.1845703125 * ".
48: 0.18359375 * miere
49: 0.1787109375 * and
Total loss: 0.30654194951057434 = MSE Loss: 0.23671773076057434, 0.001 * Sparsity Loss: 70.0
Epoch: 0 batch_num: 70
0: 0.91796875 * Speed
1: 0.765625 * Speed
2: 0.6484375 * mândr
3: 0.55859375 * West
4: 0.55859375 * Fox
5: 0.546875 * west
6: 0.515625 * trecută
7: 0.51171875 * dog
8: 0.50390625 * small
9: 0.49609375 * West
10: 0.484375 * speed
11: 0.462890625 * west
12: 0.45703125 * realizeaz
13: 0.439453125 * speed
14: 0.4375 * dogs
15: 0.42578125 * Walk
16: 0.419921875 * path
17: 0.400390625 * DOT
18: 0.38671875 * IN
19: 0.380859375 * walk
20: 0.36328125 * PA
21: 0.357421875 * ://
22: 0.35546875 * Pitt
23: 0.35546875 * imprumut
24: 0.353515625 * actiuni
25: 0.3515625 * /
26: 0.34765625 * edge
27: 0.34765625 * ements
28: 0.34765625 * begging
29: 0.3359375 * Dog
30: 0.330078125 * about
31: 0.328125 * Wind
32: 0.326171875 * Walking
33: 0.326171875 * ation
34: 0.326171875 * AT
35: 0.3203125 * .
36: 0.318359375 * walks
37: 0.314453125 * ),
38: 0.310546875 * running
39: 0.306640625 * ity
40: 0.3046875 * ?
41: 0.30078125 * From
42: 0.298828125 * ).
43: 0.298828125 * </s>
44: 0.298828125 * at
45: 0.294921875 * CC
46: 0.294921875 * maşin
47: 0.27734375 * dărui
48: 0.275390625 * Run
49: 0.2734375 * local
Total loss: 0.4298475682735443 = MSE Loss: 0.3341444432735443, 0.001 * Sparsity Loss: 95.5
Epoch: 0 batch_num: 71
0: 1.2421875 * Speed
1: 1.109375 * Speed
2: 0.8828125 * Fox
3: 0.7109375 * speed
4: 0.6875 * IN
5: 0.640625 * west
6: 0.59375 * PA
7: 0.58203125 * speed
8: 0.56640625 * edge
9: 0.5625 * West
10: 0.55078125 * dog
11: 0.54296875 * walks
12: 0.53125 * IN
13: 0.51953125 * West
14: 0.51953125 * DOT
15: 0.51953125 * realizeaz
16: 0.51171875 * walk
17: 0.49609375 * Wind
18: 0.4921875 * Pitt
19: 0.490234375 * ation
20: 0.484375 * Walk
21: 0.482421875 * mândr
22: 0.470703125 * dărui
23: 0.462890625 * CC
24: 0.447265625 * small
25: 0.4453125 * trecută
26: 0.44140625 * west
27: 0.439453125 * re
28: 0.435546875 * (5)
29: 0.435546875 * in
30: 0.43359375 * leg
31: 0.4296875 * medium
32: 0.41796875 * Din
33: 0.380859375 * dogs
34: 0.373046875 * Walking
35: 0.36328125 * imprumut
36: 0.361328125 * path
37: 0.3515625 * Dog
38: 0.3515625 * Col
39: 0.345703125 * In
40: 0.330078125 * RE
41: 0.326171875 * actiuni
42: 0.314453125 * St
43: 0.3125 * anului
44: 0.302734375 * LC
45: 0.298828125 * Leaving
46: 0.296875 * PR
47: 0.296875 * striped
48: 0.2890625 * Walk
49: 0.28515625 * more
Total loss: 0.42029431462287903 = MSE Loss: 0.31189587712287903, 0.001 * Sparsity Loss: 108.5
Epoch: 0 batch_num: 72
0: 1.296875 * Speed
1: 1.1796875 * Speed
2: 1.09375 * Fox
3: 0.7421875 * walks
4: 0.7421875 * speed
5: 0.73046875 * IN
6: 0.6875 * west
7: 0.6796875 * Wind
8: 0.6640625 * IN
9: 0.65234375 * PA
10: 0.63671875 * edge
11: 0.59765625 * dărui
12: 0.58203125 * speed
13: 0.5625 * walk
14: 0.5625 * (5)
15: 0.55859375 * Pitt
16: 0.5546875 * leg
17: 0.546875 * DOT
18: 0.5 * West
19: 0.482421875 * Din
20: 0.478515625 * medium
21: 0.478515625 * CC
22: 0.4296875 * Col
23: 0.419921875 * pets
24: 0.39453125 * re
25: 0.392578125 * anului
26: 0.3828125 * Walk
27: 0.3828125 * ements
28: 0.380859375 * Walk
29: 0.37890625 * LC
30: 0.3203125 * Edge
31: 0.3203125 * Mil
32: 0.318359375 * OF
33: 0.310546875 * dog
34: 0.310546875 * In
35: 0.310546875 * striped
36: 0.310546875 * RE
37: 0.3046875 * guest
38: 0.302734375 * Go
39: 0.302734375 * mon
40: 0.30078125 * West
41: 0.298828125 * Pa
42: 0.298828125 * WS
43: 0.298828125 * on
44: 0.296875 * in
45: 0.294921875 * searching
46: 0.291015625 * ation
47: 0.2890625 * foster
48: 0.2890625 * friend
49: 0.2890625 * cărui
Total loss: 0.33248472213745117 = MSE Loss: 0.22359801828861237, 0.001 * Sparsity Loss: 109.0
Epoch: 0 batch_num: 73
0: 1.1953125 * Fox
1: 1.125 * Speed
2: 1.0625 * Speed
3: 0.8828125 * walks
4: 0.77734375 * Wind
5: 0.75390625 * pets
6: 0.7109375 * realizeaz
7: 0.70703125 * ements
8: 0.6796875 * west
9: 0.65234375 * dărui
10: 0.62109375 * speed
11: 0.59375 * leg
12: 0.5859375 * Pitt
13: 0.578125 * PA
14: 0.57421875 * walk
15: 0.56640625 * IN
16: 0.56640625 * DOT
17: 0.5625 * /
18: 0.546875 * edge
19: 0.5390625 * )
20: 0.51953125 * (5)
21: 0.49609375 * dogs
22: 0.482421875 * Din
23: 0.474609375 * speed
24: 0.443359375 * -
25: 0.44140625 * 
26: 0.4375 * the
27: 0.43359375 * Walk
28: 0.43359375 * Col
29: 0.431640625 * LC
30: 0.427734375 * outdoor
31: 0.408203125 * ”
32: 0.388671875 * anului
33: 0.37890625 * CC
34: 0.375 * Edge
35: 0.373046875 * at
36: 0.369140625 * medium
37: 0.3671875 * West
38: 0.357421875 * Mil
39: 0.341796875 * mon
40: 0.3359375 * ST
41: 0.333984375 * de
42: 0.33203125 * searching
43: 0.330078125 * In
44: 0.328125 * IN
45: 0.322265625 * actiuni
46: 0.3203125 * in
47: 0.318359375 * WS
48: 0.31640625 * by
49: 0.314453125 * Pet
Total loss: 0.32408028841018677 = MSE Loss: 0.20982247591018677, 0.001 * Sparsity Loss: 114.5
Epoch: 0 batch_num: 74
0: 1.1953125 * Fox
1: 1.140625 * realizeaz
2: 0.82421875 * Speed
3: 0.8125 * pets
4: 0.8125 * Speed
5: 0.74609375 * walks
6: 0.71875 * Wind
7: 0.70703125 * ements
8: 0.6328125 * dărui
9: 0.625 * 
10: 0.625 * west
11: 0.62109375 * )
12: 0.6015625 * actiuni
13: 0.57421875 * leg
14: 0.5625 * the
15: 0.5546875 * DOT
16: 0.49609375 * dogs
17: 0.49609375 * -
18: 0.484375 * outdoor
19: 0.46875 * (5)
20: 0.46875 * begging
21: 0.451171875 * PA
22: 0.447265625 * edge
23: 0.447265625 * Pitt
24: 0.439453125 * Din
25: 0.4375 * ST
26: 0.431640625 * in
27: 0.431640625 * LC
28: 0.427734375 * /
29: 0.419921875 * ”
30: 0.41015625 * IN
31: 0.40625 * west
32: 0.404296875 * In
33: 0.404296875 * on
34: 0.384765625 * misiune
35: 0.384765625 * de
36: 0.384765625 * at
37: 0.380859375 * speed
38: 0.37890625 * Walk
39: 0.375 * ation
40: 0.3671875 * anului
41: 0.3671875 * Edge
42: 0.3671875 * of
43: 0.365234375 * in
44: 0.365234375 * Mil
45: 0.345703125 * Pet
46: 0.341796875 * Local
47: 0.333984375 * mon
48: 0.33203125 * Dog
49: 0.330078125 * able
Total loss: 0.28985512256622314 = MSE Loss: 0.18292154371738434, 0.001 * Sparsity Loss: 107.0
Epoch: 0 batch_num: 75
0: 1.296875 * realizeaz
1: 0.98828125 * Fox
2: 0.6953125 * actiuni
3: 0.62109375 * imprumut
4: 0.58203125 * pets
5: 0.53125 * leg
6: 0.51171875 * dărui
7: 0.47265625 * Speed
8: 0.455078125 * west
9: 0.453125 * ements
10: 0.435546875 * 
11: 0.431640625 * DOT
12: 0.41796875 * begging
13: 0.416015625 * Wind
14: 0.400390625 * )
15: 0.400390625 * Speed
16: 0.380859375 * (5)
17: 0.376953125 * misiune
18: 0.365234375 * the
19: 0.36328125 * ?
20: 0.357421875 * LC
21: 0.35546875 * ST
22: 0.3515625 * ).
23: 0.34765625 * ),
24: 0.345703125 * walks
25: 0.341796875 * acţiune
26: 0.33984375 * PA
27: 0.33984375 * Average
28: 0.33984375 * and
29: 0.337890625 * walk
30: 0.337890625 * .
31: 0.337890625 * Mil
32: 0.333984375 * ",
33: 0.333984375 * edge
34: 0.326171875 * West
35: 0.32421875 * 5%
36: 0.32421875 * Din
37: 0.322265625 * anului
38: 0.318359375 * From
39: 0.31640625 * mândr
40: 0.3125 * maşin
41: 0.310546875 * path
42: 0.298828125 * Edge
43: 0.29296875 * west
44: 0.29296875 * de
45: 0.29296875 * mon
46: 0.2890625 * Leaving
47: 0.287109375 * And
48: 0.28515625 * walking
49: 0.28515625 * wind
Total loss: 0.26443392038345337 = MSE Loss: 0.16677767038345337, 0.001 * Sparsity Loss: 97.5
Epoch: 0 batch_num: 76
0: 1.09375 * realizeaz
1: 0.734375 * Fox
2: 0.66796875 * imprumut
3: 0.5390625 * dogs
4: 0.51953125 * actiuni
5: 0.515625 * outdoors
6: 0.462890625 * dog
7: 0.45703125 * wind
8: 0.453125 * Average
9: 0.44921875 * speed
10: 0.4296875 * walk
11: 0.400390625 * 5%
12: 0.3984375 * acţiune
13: 0.39453125 * and
14: 0.384765625 * Dog
15: 0.380859375 * ),
16: 0.35546875 * .
17: 0.345703125 * supplied
18: 0.34375 * tracking
19: 0.341796875 * with
20: 0.3359375 * leg
21: 0.33203125 * running
22: 0.326171875 * ).
23: 0.326171875 * From
24: 0.3203125 * from
25: 0.314453125 * maşin
26: 0.3125 * walk
27: 0.310546875 * ",
28: 0.30859375 * invested
29: 0.306640625 * On
30: 0.3046875 * dărui
31: 0.3046875 * pets
32: 0.30078125 * Scout
33: 0.296875 * 1
34: 0.294921875 * |
35: 0.294921875 * ity
36: 0.29296875 * IN
37: 0.2890625 * Mil
38: 0.2890625 * speed
39: 0.283203125 * Barnes
40: 0.28125 * BS
41: 0.27734375 * '
42: 0.275390625 * )
43: 0.275390625 * specific
44: 0.2734375 * begging
45: 0.26953125 * On
46: 0.265625 * /
47: 0.265625 * ?
48: 0.263671875 * With
49: 0.259765625 * ITY
Total loss: 0.3586099445819855 = MSE Loss: 0.2638833820819855, 0.001 * Sparsity Loss: 94.5
Epoch: 0 batch_num: 77
0: 0.7734375 * speed
1: 0.71484375 * realizeaz
2: 0.65234375 * dogs
3: 0.57421875 * outdoors
4: 0.490234375 * Speed
5: 0.484375 * Average
6: 0.478515625 * Fox
7: 0.470703125 * wind
8: 0.45703125 * Dog
9: 0.453125 * imprumut
10: 0.44921875 * speed
11: 0.416015625 * Walk
12: 0.41015625 * dog
13: 0.39453125 * acţiune
14: 0.39453125 * 5%
15: 0.388671875 * )
16: 0.384765625 * ,"
17: 0.37890625 * supplied
18: 0.37109375 * invested
19: 0.3671875 * Col
20: 0.349609375 * ://
21: 0.349609375 * mândr
22: 0.3359375 * Chuck
23: 0.3359375 * Dixon
24: 0.33203125 * ements
25: 0.314453125 * ...
26: 0.314453125 * Speed
27: 0.3125 * tracking
28: 0.3125 * :
29: 0.310546875 * ."
30: 0.310546875 * Barnes
31: 0.2890625 * medium
32: 0.2890625 * AND
33: 0.287109375 * (4)
34: 0.287109375 * go
35: 0.279296875 * ”.
36: 0.279296875 * specific
37: 0.27734375 * pet
38: 0.26953125 * path
39: 0.267578125 * ”
40: 0.267578125 * 23
41: 0.26171875 * Walking
42: 0.259765625 * side
43: 0.25390625 * logy
44: 0.25 * ($
45: 0.2490234375 * !
46: 0.2470703125 * free
47: 0.24609375 * Berater
48: 0.2451171875 * Cro
49: 0.2421875 * (8
Total loss: 0.26680684089660645 = MSE Loss: 0.17256854474544525, 0.001 * Sparsity Loss: 94.0
Epoch: 0 batch_num: 78
0: 0.875 * speed
1: 0.62109375 * Walk
2: 0.53125 * Speed
3: 0.484375 * ://
4: 0.48046875 * ements
5: 0.462890625 * mândr
6: 0.462890625 * outdoors
7: 0.451171875 * speed
8: 0.435546875 * dogs
9: 0.4296875 * Walking
10: 0.42578125 * Average
11: 0.416015625 * ."
12: 0.3984375 * ,"
13: 0.396484375 * Dixon
14: 0.384765625 * Col
15: 0.3828125 * AND
16: 0.376953125 * Speed
17: 0.369140625 * supplied
18: 0.36328125 * :
19: 0.34765625 * local
20: 0.345703125 * )
21: 0.33984375 * weekends
22: 0.333984375 * invested
23: 0.318359375 * ...
24: 0.310546875 * wind
25: 0.30859375 * Dog
26: 0.30859375 * acţiune
27: 0.3046875 * Chuck
28: 0.30078125 * ”.
29: 0.30078125 * actiuni
30: 0.296875 * !
31: 0.29296875 * West
32: 0.291015625 * IN
33: 0.2890625 * dărui
34: 0.28125 * side
35: 0.279296875 * pet
36: 0.275390625 * Barnes
37: 0.275390625 * and
38: 0.271484375 * Cro
39: 0.26953125 * staffed
40: 0.267578125 * Wind
41: 0.265625 * (4)
42: 0.263671875 * spots
43: 0.251953125 * ($
44: 0.25 * 5%
45: 0.2490234375 * ®
46: 0.2421875 * miere
47: 0.2421875 * CC
48: 0.2421875 * free
49: 0.240234375 * About
Total loss: 0.3110736012458801 = MSE Loss: 0.22220641374588013, 0.001 * Sparsity Loss: 89.0
Epoch: 0 batch_num: 79
0: 0.73828125 * speed
1: 0.7265625 * realizeaz
2: 0.62890625 * Walk
3: 0.5234375 * actiuni
4: 0.5 * dărui
5: 0.43359375 * ements
6: 0.423828125 * Walking
7: 0.419921875 * Dixon
8: 0.400390625 * West
9: 0.365234375 * in
10: 0.359375 * running
11: 0.359375 * –
12: 0.359375 * CC
13: 0.34765625 * local
14: 0.34765625 * Average
15: 0.34375 * weekends
16: 0.333984375 * ://
17: 0.330078125 * side
18: 0.330078125 * ”
19: 0.32421875 * ),
20: 0.322265625 * in
21: 0.318359375 * In
22: 0.31640625 * Run
23: 0.314453125 * run
24: 0.314453125 * ON
25: 0.306640625 * supplied
26: 0.3046875 * at
27: 0.302734375 * dog
28: 0.302734375 * ]
29: 0.302734375 * outdoors
30: 0.30078125 * DOT
31: 0.298828125 * #
32: 0.298828125 * Speed
33: 0.296875 * <unk>
34: 0.29296875 * AND
35: 0.291015625 * walks
36: 0.287109375 * St
37: 0.287109375 * speed
38: 0.283203125 * ,
39: 0.279296875 * an
40: 0.279296875 * Wind
41: 0.271484375 * miere
42: 0.271484375 * trecută
43: 0.271484375 * with
44: 0.26953125 * spots
45: 0.267578125 * PA
46: 0.263671875 * on
47: 0.2578125 * About
48: 0.25390625 * Day
49: 0.251953125 * begging
Total loss: 0.3209904432296753 = MSE Loss: 0.2291935533285141, 0.001 * Sparsity Loss: 92.0
Epoch: 0 batch_num: 80
0: 1.0234375 * realizeaz
1: 0.58203125 * dărui
2: 0.57421875 * Walk
3: 0.55859375 * dog
4: 0.515625 * actiuni
5: 0.5 * walks
6: 0.498046875 * speed
7: 0.4453125 * St
8: 0.435546875 * ”
9: 0.427734375 * dogs
10: 0.423828125 * Scout
11: 0.3828125 * –
12: 0.3828125 * </s>
13: 0.37890625 * Dog
14: 0.375 * Dixon
15: 0.353515625 * CC
16: 0.34765625 * Fox
17: 0.33984375 * #
18: 0.333984375 * Walking
19: 0.32421875 * AND
20: 0.318359375 * running
21: 0.31640625 * Day
22: 0.314453125 * BS
23: 0.30859375 * ements
24: 0.30859375 * logy
25: 0.298828125 * "
26: 0.29296875 * Edge
27: 0.29296875 * West
28: 0.29296875 * weekends
29: 0.29296875 * day
30: 0.291015625 * PA
31: 0.291015625 * About
32: 0.2890625 * —
33: 0.287109375 * decizie
34: 0.283203125 * side
35: 0.283203125 * <unk>
36: 0.283203125 * maşin
37: 0.279296875 * Run
38: 0.279296875 * More
39: 0.263671875 * DOT
40: 0.26171875 * viziune
41: 0.2578125 * leg
42: 0.255859375 * owner
43: 0.255859375 * ”,
44: 0.255859375 * ://
45: 0.251953125 * ON
46: 0.2490234375 * .”
47: 0.24609375 * in
48: 0.2451171875 * (8
49: 0.2431640625 * run
Total loss: 0.3262009620666504 = MSE Loss: 0.2392868995666504, 0.001 * Sparsity Loss: 87.0
Epoch: 0 batch_num: 81
0: 0.95703125 * realizeaz
1: 0.67578125 * walks
2: 0.57421875 * dărui
3: 0.55078125 * dog
4: 0.50390625 * wind
5: 0.50390625 * Fox
6: 0.48046875 * Walk
7: 0.46875 * Scout
8: 0.412109375 * On
9: 0.384765625 * AND
10: 0.376953125 * </s>
11: 0.373046875 * West
12: 0.369140625 * St
13: 0.3671875 * spots
14: 0.349609375 * the
15: 0.345703125 * and
16: 0.34375 * dogs
17: 0.3359375 * actiuni
18: 0.33203125 * BS
19: 0.326171875 * Dog
20: 0.326171875 * /
21: 0.32421875 * about
22: 0.310546875 * speed
23: 0.30859375 * Edge
24: 0.302734375 * Walk
25: 0.296875 * |
26: 0.296875 * IN
27: 0.29296875 * interest
28: 0.29296875 * In
29: 0.28125 * decizie
30: 0.279296875 * free
31: 0.27734375 * About
32: 0.27734375 * logy
33: 0.27734375 * maşin
34: 0.2734375 * adecvat
35: 0.2734375 * Speed
36: 0.267578125 * day
37: 0.26171875 * ",
38: 0.2578125 * /2019
39: 0.255859375 * Territory
40: 0.255859375 * ”
41: 0.255859375 * More
42: 0.25390625 * cât
43: 0.25390625 * CC
44: 0.25390625 * FC
45: 0.251953125 * do
46: 0.251953125 * 2013
47: 0.251953125 * with
48: 0.25 * anului
49: 0.25 * PR
Total loss: 0.26802629232406616 = MSE Loss: 0.18160052597522736, 0.001 * Sparsity Loss: 86.5
Epoch: 0 batch_num: 82
0: 0.890625 * realizeaz
1: 0.71875 * walks
2: 0.56640625 * Fox
3: 0.53125 * wind
4: 0.484375 * dărui
5: 0.421875 * spots
6: 0.3984375 * ://
7: 0.39453125 * interest
8: 0.373046875 * Walk
9: 0.353515625 * Territory
10: 0.3515625 * Speed
11: 0.34765625 * |
12: 0.34765625 * Scout
13: 0.34765625 * average
14: 0.330078125 * and
15: 0.32421875 * ",
16: 0.3203125 * Walk
17: 0.3125 * ATION
18: 0.3125 * Edge
19: 0.29296875 * 5%
20: 0.291015625 * cât
21: 0.291015625 * AND
22: 0.287109375 * dog
23: 0.283203125 * ements
24: 0.279296875 * BS
25: 0.275390625 * ”
26: 0.2734375 * free
27: 0.2734375 * On
28: 0.265625 * West
29: 0.263671875 * trecută
30: 0.259765625 * /
31: 0.25390625 * Chuck
32: 0.248046875 * Brown
33: 0.248046875 * staffed
34: 0.2431640625 * .”
35: 0.2412109375 * able
36: 0.2412109375 * AT
37: 0.2392578125 * medium
38: 0.2392578125 * speed
39: 0.2373046875 * do
40: 0.2265625 * Cooper
41: 0.2265625 * sustinut
42: 0.2255859375 * 2013
43: 0.224609375 * middle
44: 0.22265625 * Wind
45: 0.2216796875 * PR
46: 0.2197265625 * Col
47: 0.21484375 * Average
48: 0.208984375 * Profile
49: 0.205078125 * transition
Total loss: 0.3401261270046234 = MSE Loss: 0.2590714395046234, 0.001 * Sparsity Loss: 81.0
Epoch: 0 batch_num: 83
0: 0.67578125 * realizeaz
1: 0.6640625 * walks
2: 0.609375 * ://
3: 0.55078125 * Fox
4: 0.490234375 * ements
5: 0.408203125 * dogs
6: 0.404296875 * average
7: 0.404296875 * wind
8: 0.40234375 * Dog
9: 0.396484375 * ",
10: 0.37890625 * actiuni
11: 0.37890625 * mândr
12: 0.373046875 * |
13: 0.369140625 * and
14: 0.34765625 * Territory
15: 0.341796875 * interest
16: 0.341796875 * Speed
17: 0.3359375 * spots
18: 0.318359375 * dărui
19: 0.3125 * animal
20: 0.30859375 * Walk
21: 0.298828125 * ATION
22: 0.291015625 * Average
23: 0.2734375 * speed
24: 0.267578125 * cât
25: 0.26171875 * Standard
26: 0.2578125 * outdoors
27: 0.25390625 * do
28: 0.2490234375 * miere
29: 0.2421875 * stick
30: 0.2392578125 * including
31: 0.236328125 * ].
32: 0.234375 * Brown
33: 0.234375 * ered
34: 0.2333984375 * Animal
35: 0.23046875 * /
36: 0.23046875 * Edge
37: 0.228515625 * running
38: 0.2275390625 * run
39: 0.2265625 * DOT
40: 0.224609375 * Licensed
41: 0.2236328125 * Chuck
42: 0.2236328125 * AND
43: 0.220703125 * ation
44: 0.220703125 * staffed
45: 0.2138671875 * Walk
46: 0.2119140625 * west
47: 0.208984375 * isierung
48: 0.208984375 * Mil
49: 0.205078125 * On
Total loss: 0.24369294941425323 = MSE Loss: 0.16312654316425323, 0.001 * Sparsity Loss: 80.5
Epoch: 0 batch_num: 84
0: 0.56640625 * ://
1: 0.55859375 * actiuni
2: 0.54296875 * Dog
3: 0.53515625 * mândr
4: 0.51171875 * ements
5: 0.458984375 * Fox
6: 0.4375 * walks
7: 0.3984375 * ",
8: 0.380859375 * average
9: 0.361328125 * dogs
10: 0.34765625 * |
11: 0.337890625 * stick
12: 0.333984375 * Standard
13: 0.3203125 * and
14: 0.31640625 * ST
15: 0.3125 * animal
16: 0.30859375 * spots
17: 0.30078125 * DOT
18: 0.29296875 * Dixon
19: 0.2890625 * west
20: 0.2890625 * outdoors
21: 0.283203125 * Average
22: 0.26953125 * miere
23: 0.265625 * </s>
24: 0.2490234375 * including
25: 0.24609375 * aprobare
26: 0.244140625 * Walk
27: 0.2353515625 * cărui
28: 0.234375 * #
29: 0.234375 * isierung
30: 0.2333984375 * CC
31: 0.232421875 * Speed
32: 0.2314453125 * Animal
33: 0.2294921875 * west
34: 0.2275390625 * interest
35: 0.2236328125 * walk
36: 0.2236328125 * ].
37: 0.22265625 * On
38: 0.2216796875 * ered
39: 0.220703125 * PR
40: 0.21875 * trecută
41: 0.216796875 * spot
42: 0.216796875 * breath
43: 0.21484375 * Mil
44: 0.212890625 * OF
45: 0.2080078125 * 18,
46: 0.20703125 * wind
47: 0.205078125 * legs
48: 0.2041015625 * cât
49: 0.2041015625 * TA
Total loss: 0.39776691794395447 = MSE Loss: 0.31915363669395447, 0.001 * Sparsity Loss: 78.5
Epoch: 0 batch_num: 85
0: 1.0546875 * realizeaz
1: 0.61328125 * actiuni
2: 0.58984375 * dog
3: 0.54296875 * owner
4: 0.51953125 * dogs
5: 0.498046875 * Speed
6: 0.466796875 * Profile
7: 0.45703125 * profile
8: 0.44140625 * OF
9: 0.43359375 * Standard
10: 0.419921875 * ://
11: 0.408203125 * ",
12: 0.408203125 * ST
13: 0.404296875 * at
14: 0.396484375 * licensed
15: 0.38671875 * Dixon
16: 0.369140625 * IN
17: 0.361328125 * standard
18: 0.34765625 * 2013
19: 0.345703125 * 23
20: 0.341796875 * ating
21: 0.33984375 * DB
22: 0.3359375 * maşin
23: 0.333984375 * %
24: 0.333984375 * average
25: 0.328125 * aprobare
26: 0.326171875 * |
27: 0.32421875 * legs
28: 0.322265625 * in
29: 0.314453125 * (8
30: 0.310546875 * Average
31: 0.30859375 * Walk
32: 0.302734375 * going
33: 0.30078125 * Owner
34: 0.298828125 * walks
35: 0.28515625 * .
36: 0.283203125 * FC
37: 0.28125 * big
38: 0.275390625 * New
39: 0.2734375 * ).
40: 0.2734375 * mândr
41: 0.271484375 * ements
42: 0.26953125 * Third
43: 0.265625 * AN
44: 0.263671875 * logy
45: 0.26171875 * Cooper
46: 0.259765625 * ”.
47: 0.2578125 * cărui
48: 0.255859375 * and
49: 0.25390625 * relates
Total loss: 0.2502237856388092 = MSE Loss: 0.1559855043888092, 0.001 * Sparsity Loss: 94.0
Epoch: 0 batch_num: 86
0: 1.0546875 * realizeaz
1: 0.83984375 * dogs
2: 0.7890625 * dog
3: 0.73046875 * owner
4: 0.69921875 * Walk
5: 0.69921875 * Profile
6: 0.63671875 * profile
7: 0.6328125 * )
8: 0.57421875 * DB
9: 0.546875 * walk
10: 0.54296875 * :
11: 0.5390625 * Speed
12: 0.5234375 * ,
13: 0.51953125 * /
14: 0.49609375 * ://
15: 0.49609375 * with
16: 0.46484375 * 2013
17: 0.462890625 * Standard
18: 0.44921875 * does
19: 0.4453125 * standard
20: 0.439453125 * licensed
21: 0.431640625 * actiuni
22: 0.427734375 * With
23: 0.416015625 * on
24: 0.4140625 * dărui
25: 0.4140625 * AND
26: 0.412109375 * Ross
27: 0.40234375 * Din
28: 0.400390625 * Third
29: 0.3984375 * Edge
30: 0.396484375 * PA
31: 0.390625 * Dixon
32: 0.384765625 * Cooper
33: 0.384765625 * Speed
34: 0.3828125 * ]
35: 0.3828125 * In
36: 0.380859375 * Cro
37: 0.380859375 * ],
38: 0.380859375 * And
39: 0.37890625 * mândr
40: 0.37890625 * Fox
41: 0.376953125 * –
42: 0.369140625 * 23
43: 0.359375 * ”
44: 0.353515625 * maşin
45: 0.3515625 * ’
46: 0.349609375 * ating
47: 0.349609375 * FC
48: 0.341796875 * begging
49: 0.337890625 * bebelus
Total loss: 0.3190508484840393 = MSE Loss: 0.2028398960828781, 0.001 * Sparsity Loss: 116.0
Epoch: 0 batch_num: 87
0: 0.8984375 * dogs
1: 0.85546875 * realizeaz
2: 0.79296875 * dog
3: 0.7265625 * Walk
4: 0.7265625 * owner
5: 0.7265625 * Profile
6: 0.69921875 * DB
7: 0.6484375 * )
8: 0.62890625 * profile
9: 0.62890625 * Fox
10: 0.625 * mândr
11: 0.55078125 * ,
12: 0.51953125 * with
13: 0.5078125 * 2013
14: 0.498046875 * walk
15: 0.4921875 * Din
16: 0.484375 * AND
17: 0.478515625 * PA
18: 0.466796875 * Third
19: 0.46484375 * /
20: 0.462890625 * dărui
21: 0.458984375 * oraş
22: 0.453125 * Edge
23: 0.447265625 * :
24: 0.443359375 * Ross
25: 0.4375 * Rover
26: 0.4375 * Cooper
27: 0.43359375 * cât
28: 0.4296875 * Speed
29: 0.419921875 * With
30: 0.41015625 * Cro
31: 0.39453125 * standard
32: 0.390625 * (8
33: 0.38671875 * FC
34: 0.369140625 * misiune
35: 0.369140625 * And
36: 0.365234375 * west
37: 0.365234375 * on
38: 0.36328125 * Speed
39: 0.361328125 * Kor
40: 0.359375 * licensed
41: 0.357421875 * Dixon
42: 0.353515625 * eed
43: 0.3515625 * –
44: 0.349609375 * Standard
45: 0.34765625 * Frontier
46: 0.345703125 * ]
47: 0.341796875 * outdoors
48: 0.337890625 * 23
49: 0.3359375 * Walker
Total loss: 0.3560681939125061 = MSE Loss: 0.2442517727613449, 0.001 * Sparsity Loss: 112.0
Epoch: 0 batch_num: 88
0: 0.7578125 * DB
1: 0.7109375 * Fox
2: 0.6875 * dogs
3: 0.62890625 * Profile
4: 0.60546875 * dog
5: 0.57421875 * in
6: 0.5703125 * cât
7: 0.5625 * "
8: 0.5390625 * oraş
9: 0.53125 * -
10: 0.52734375 * realizeaz
11: 0.51953125 * Walk
12: 0.515625 * PA
13: 0.5 * profile
14: 0.498046875 * mândr
15: 0.49609375 * owner
16: 0.4921875 * 2013
17: 0.490234375 * Rover
18: 0.48046875 * Din
19: 0.46875 * Third
20: 0.462890625 * (8
21: 0.451171875 * ://
22: 0.43359375 * at
23: 0.431640625 * walks
24: 0.4296875 * .
25: 0.421875 * actiuni
26: 0.416015625 * ).
27: 0.4140625 * Cooper
28: 0.4140625 * Edge
29: 0.4140625 * from
30: 0.40625 * dărui
31: 0.3984375 * FC
32: 0.388671875 * outdoors
33: 0.376953125 * Frontier
34: 0.37109375 * Kor
35: 0.3671875 * eed
36: 0.35546875 * west
37: 0.349609375 * Cro
38: 0.349609375 * IN
39: 0.349609375 * /5
40: 0.345703125 * liable
41: 0.34375 * Walker
42: 0.34375 * breath
43: 0.3359375 * 2012
44: 0.3359375 * joutez
45: 0.33203125 * '
46: 0.33203125 * west
47: 0.330078125 * cărui
48: 0.328125 * ating
49: 0.328125 * legs
Total loss: 0.34766697883605957 = MSE Loss: 0.23878026008605957, 0.001 * Sparsity Loss: 109.0
Epoch: 0 batch_num: 89
0: 0.7421875 * DB
1: 0.71875 * Fox
2: 0.65625 * "
3: 0.640625 * actiuni
4: 0.625 * cât
5: 0.59765625 * -
6: 0.59375 * walks
7: 0.5234375 * in
8: 0.51953125 * PA
9: 0.5078125 * ://
10: 0.5078125 * oraş
11: 0.4921875 * Rover
12: 0.458984375 * .
13: 0.423828125 * Profile
14: 0.416015625 * 2013
15: 0.416015625 * Third
16: 0.4140625 * ).
17: 0.412109375 * from
18: 0.376953125 * miere
19: 0.37109375 * Frontier
20: 0.369140625 * ],
21: 0.3671875 * Walk
22: 0.359375 * Kor
23: 0.3515625 * outdoors
24: 0.34765625 * eed
25: 0.345703125 * joutez
26: 0.33984375 * (8
27: 0.3359375 * '
28: 0.3359375 * ”
29: 0.3359375 * 18,
30: 0.333984375 * Din
31: 0.33203125 * cărui
32: 0.328125 * breath
33: 0.32421875 * wait
34: 0.3203125 * owner
35: 0.318359375 * legs
36: 0.314453125 * average
37: 0.310546875 * West
38: 0.310546875 * IN
39: 0.30859375 * ized
40: 0.30859375 * speed
41: 0.306640625 * dog
42: 0.302734375 * local
43: 0.30078125 * Edge
44: 0.30078125 * From
45: 0.30078125 * .”
46: 0.296875 * Dog
47: 0.296875 * In
48: 0.296875 * 23,
49: 0.296875 * 2012
Total loss: 0.3345675766468048 = MSE Loss: 0.2388644516468048, 0.001 * Sparsity Loss: 95.5
Epoch: 0 batch_num: 90
0: 0.76953125 * Fox
1: 0.68359375 * West
2: 0.64453125 * )
3: 0.63671875 * DB
4: 0.6171875 * walks
5: 0.578125 * path
6: 0.57421875 * /
7: 0.5703125 * cât
8: 0.52734375 * actiuni
9: 0.5078125 * Dog
10: 0.48046875 * Rover
11: 0.474609375 * On
12: 0.46875 * ,
13: 0.466796875 * ",
14: 0.466796875 * PA
15: 0.44921875 * ements
16: 0.408203125 * (
17: 0.40625 * owner
18: 0.404296875 * Speed
19: 0.40234375 * erstellt
20: 0.3984375 * ’
21: 0.3828125 * oraş
22: 0.37890625 * on
23: 0.373046875 * :
24: 0.365234375 * Frontier
25: 0.36328125 * 23,
26: 0.35546875 * miere
27: 0.35546875 * Kor
28: 0.35546875 * -3
29: 0.341796875 * viziune
30: 0.33203125 * does
31: 0.33203125 * %
32: 0.330078125 * of
33: 0.328125 * –
34: 0.326171875 * outdoors
35: 0.322265625 * ),
36: 0.31640625 * spots
37: 0.31640625 * realizeaz
38: 0.30859375 * Path
39: 0.30859375 * speed
40: 0.306640625 * ”,
41: 0.306640625 * Bark
42: 0.306640625 * Third
43: 0.306640625 * at
44: 0.30078125 * veterinary
45: 0.30078125 * do
46: 0.296875 * as
47: 0.29296875 * ".
48: 0.29296875 * eed
49: 0.29296875 * joutez
Total loss: 0.28408998250961304 = MSE Loss: 0.18399234116077423, 0.001 * Sparsity Loss: 100.0
Epoch: 0 batch_num: 91
0: 0.74609375 * Fox
1: 0.65625 * path
2: 0.63671875 * West
3: 0.5546875 * walks
4: 0.55078125 * Dog
5: 0.53125 * ",
6: 0.515625 * mândr
7: 0.482421875 * Rover
8: 0.4765625 * DB
9: 0.455078125 * (
10: 0.447265625 * cât
11: 0.44140625 * ements
12: 0.439453125 * erstellt
13: 0.421875 * On
14: 0.41015625 * viziune
15: 0.39453125 * и
16: 0.37890625 * Bark
17: 0.376953125 * )
18: 0.359375 * Speed
19: 0.35546875 * Path
20: 0.341796875 * Kor
21: 0.333984375 * -
22: 0.326171875 * </s>
23: 0.314453125 * profile
24: 0.314453125 * run
25: 0.3125 * ".
26: 0.310546875 * owner
27: 0.306640625 * supplied
28: 0.306640625 * Frontier
29: 0.302734375 * west
30: 0.30078125 * /
31: 0.30078125 * ’
32: 0.30078125 * cărui
33: 0.296875 * realizeaz
34: 0.294921875 * "
35: 0.29296875 * /2019
36: 0.287109375 * PA
37: 0.28515625 * misiune
38: 0.275390625 * owner
39: 0.271484375 * dogs
40: 0.26953125 * ears
41: 0.267578125 * -3
42: 0.265625 * veterinary
43: 0.265625 * Profile
44: 0.265625 * leg
45: 0.265625 * Ross
46: 0.263671875 * outdoors
47: 0.259765625 * side
48: 0.259765625 * Summer
49: 0.259765625 * din
Total loss: 0.31204766035079956 = MSE Loss: 0.21780936419963837, 0.001 * Sparsity Loss: 94.0
Epoch: 0 batch_num: 92
0: 0.87890625 * mândr
1: 0.59375 * Fox
2: 0.578125 * -
3: 0.53125 * realizeaz
4: 0.5234375 * cărui
5: 0.515625 * </s>
6: 0.51171875 * in
7: 0.4921875 * Profile
8: 0.484375 * AT
9: 0.47265625 * path
10: 0.47265625 * IN
11: 0.470703125 * "
12: 0.4609375 * walks
13: 0.453125 * Rover
14: 0.44921875 * .
15: 0.4453125 * 2016
16: 0.44140625 * profile
17: 0.4375 * ST
18: 0.4140625 * Day
19: 0.41015625 * ",
20: 0.400390625 * RE
21: 0.3828125 * ST
22: 0.375 * #
23: 0.369140625 * with
24: 0.359375 * viziune
25: 0.34765625 * и
26: 0.34765625 * ”
27: 0.345703125 * West
28: 0.34375 * Bark
29: 0.341796875 * (
30: 0.341796875 * supplied
31: 0.341796875 * at
32: 0.33984375 * stick
33: 0.337890625 * %)
34: 0.3359375 * dărui
35: 0.3359375 * <unk>
36: 0.333984375 * erstellt
37: 0.318359375 * trecută
38: 0.31640625 * With
39: 0.31640625 * AND
40: 0.3125 * leg
41: 0.3125 * 3
42: 0.30859375 * from
43: 0.298828125 * 
44: 0.294921875 * at
45: 0.29296875 * DB
46: 0.29296875 * and
47: 0.29296875 * -2018
48: 0.2890625 * Kor
49: 0.28515625 * Path
Total loss: 0.33084264397621155 = MSE Loss: 0.23220983147621155, 0.001 * Sparsity Loss: 98.5
Epoch: 0 batch_num: 93
0: 0.875 * mândr
1: 0.56640625 * West
2: 0.5625 * Profile
3: 0.55859375 * cărui
4: 0.478515625 * ",
5: 0.474609375 * actiuni
6: 0.451171875 * profile
7: 0.4375 * </s>
8: 0.435546875 * stick
9: 0.431640625 * AT
10: 0.408203125 * RE
11: 0.400390625 * %)
12: 0.39453125 * dărui
13: 0.376953125 * Rover
14: 0.37109375 * (
15: 0.369140625 * ST
16: 0.369140625 * 2016
17: 0.365234375 * Fox
18: 0.361328125 * at
19: 0.359375 * Day
20: 0.349609375 * ST
21: 0.33984375 * 3
22: 0.33203125 * #
23: 0.33203125 * AND
24: 0.330078125 * IN
25: 0.328125 * и
26: 0.314453125 * sustinut
27: 0.30859375 * supplied
28: 0.302734375 * west
29: 0.296875 * valeur
30: 0.296875 * -2018
31: 0.294921875 * path
32: 0.29296875 * owner
33: 0.291015625 * logy
34: 0.28515625 * transition
35: 0.283203125 * Bark
36: 0.27734375 * and
37: 0.265625 * trecută
38: 0.265625 * %
39: 0.26171875 * comble
40: 0.26171875 * "
41: 0.26171875 * realizeaz
42: 0.255859375 * <unk>
43: 0.25 * ,”
44: 0.2470703125 * -
45: 0.24609375 * Walker
46: 0.24609375 * providing
47: 0.2451171875 * friend
48: 0.2451171875 * ON
49: 0.2421875 * Wind
Total loss: 0.26040858030319214 = MSE Loss: 0.17056483030319214, 0.001 * Sparsity Loss: 90.0
Epoch: 0 batch_num: 94
0: 0.640625 * mândr
1: 0.58203125 * ",
2: 0.5625 * West
3: 0.46484375 * Profile
4: 0.45703125 * the
5: 0.453125 * and
6: 0.4375 * )
7: 0.4375 * (
8: 0.41796875 * :
9: 0.416015625 * In
10: 0.4140625 * at
11: 0.412109375 * 
12: 0.408203125 * cărui
13: 0.40625 * St
14: 0.392578125 * on
15: 0.390625 * dărui
16: 0.390625 * oraş
17: 0.3828125 * Wind
18: 0.3828125 * %)
19: 0.373046875 * sustinut
20: 0.369140625 * and
21: 0.3671875 * The
22: 0.3671875 * from
23: 0.359375 * clădiri
24: 0.359375 * as
25: 0.357421875 * in
26: 0.357421875 * maşin
27: 0.35546875 * walk
28: 0.345703125 * west
29: 0.337890625 * ements
30: 0.337890625 * actiuni
31: 0.3359375 * As
32: 0.333984375 * ".
33: 0.33203125 * Cro
34: 0.318359375 * misiune
35: 0.318359375 * profile
36: 0.314453125 * of
37: 0.3125 * /
38: 0.310546875 * ],
39: 0.306640625 * owner
40: 0.306640625 * From
41: 0.306640625 * at
42: 0.302734375 * adecvat
43: 0.302734375 * RE
44: 0.30078125 * spot
45: 0.30078125 * ?
46: 0.30078125 * summer
47: 0.296875 * realizeaz
48: 0.29296875 * ized
49: 0.291015625 * -
Total loss: 0.38654017448425293 = MSE Loss: 0.28986048698425293, 0.001 * Sparsity Loss: 96.5
Epoch: 0 batch_num: 95
0: 0.48828125 * summer
1: 0.455078125 * West
2: 0.453125 * oraş
3: 0.447265625 * St
4: 0.423828125 * misiune
5: 0.4140625 * Wind
6: 0.40625 * at
7: 0.39453125 * 
8: 0.39453125 * adecvat
9: 0.384765625 * Cro
10: 0.380859375 * sustinut
11: 0.37109375 * DB
12: 0.369140625 * ",
13: 0.369140625 * weekend
14: 0.3671875 * path
15: 0.36328125 * small
16: 0.36328125 * Summer
17: 0.357421875 * %)
18: 0.35546875 * clădiri
19: 0.34765625 * maşin
20: 0.341796875 * Path
21: 0.341796875 * As
22: 0.326171875 * the
23: 0.3203125 * dărui
24: 0.3203125 * weekends
25: 0.31640625 * ”,
26: 0.31640625 * at
27: 0.314453125 * and
28: 0.3125 * outdoors
29: 0.30859375 * walk
30: 0.30859375 * 2012
31: 0.3046875 * cât
32: 0.30078125 * mândr
33: 0.298828125 * Walk
34: 0.296875 * ements
35: 0.29296875 * pathway
36: 0.287109375 * Fox
37: 0.28515625 * duty
38: 0.283203125 * (
39: 0.283203125 * erstellt
40: 0.27734375 * ized
41: 0.275390625 * running
42: 0.2734375 * de
43: 0.271484375 * as
44: 0.25390625 * in
45: 0.2490234375 * on
46: 0.24609375 * »,
47: 0.23828125 * outdoor
48: 0.2353515625 * realizeaz
49: 0.2333984375 * Profile
Total loss: 0.26455748081207275 = MSE Loss: 0.17813169956207275, 0.001 * Sparsity Loss: 86.5
Epoch: 0 batch_num: 96
0: 0.5859375 * path
1: 0.5390625 * On
2: 0.5234375 * ,
3: 0.5234375 * Fox
4: 0.4921875 * summer
5: 0.478515625 * ”,
6: 0.4765625 * DB
7: 0.474609375 * /
8: 0.47265625 * Speed
9: 0.44140625 * oraş
10: 0.439453125 * about
11: 0.431640625 * .
12: 0.4296875 * does
13: 0.423828125 * Wind
14: 0.416015625 * ://
15: 0.4140625 * Path
16: 0.412109375 * Cro
17: 0.40234375 * Walk
18: 0.390625 * '
19: 0.38671875 * outdoors
20: 0.380859375 * cât
21: 0.380859375 * on
22: 0.3671875 * AND
23: 0.36328125 * )
24: 0.36328125 * /2019
25: 0.361328125 * pathway
26: 0.359375 * of
27: 0.359375 * sustinut
28: 0.357421875 * with
29: 0.3515625 * Summer
30: 0.349609375 * adecvat
31: 0.34765625 * misiune
32: 0.34765625 * With
33: 0.34375 * In
34: 0.337890625 * IN
35: 0.3359375 * realizeaz
36: 0.333984375 * West
37: 0.33203125 * small
38: 0.330078125 * at
39: 0.328125 * ation
40: 0.328125 * :
41: 0.328125 * in
42: 0.328125 * 2012
43: 0.322265625 * by
44: 0.3203125 * pet
45: 0.31640625 * an
46: 0.314453125 * ].
47: 0.30859375 * %)
48: 0.302734375 * ."
49: 0.302734375 * staffed
Total loss: 0.3291945457458496 = MSE Loss: 0.2330031394958496, 0.001 * Sparsity Loss: 96.0
Epoch: 0 batch_num: 97
0: 0.59765625 * Fox
1: 0.58984375 * Speed
2: 0.58984375 * On
3: 0.53125 * mândr
4: 0.515625 * DB
5: 0.48828125 * path
6: 0.408203125 * ,
7: 0.408203125 * about
8: 0.3984375 * profile
9: 0.392578125 * oraş
10: 0.390625 * summer
11: 0.38671875 * cât
12: 0.3828125 * west
13: 0.3828125 * outdoors
14: 0.373046875 * Cro
15: 0.373046875 * on
16: 0.36328125 * PR
17: 0.359375 * pet
18: 0.357421875 * 2012
19: 0.33984375 * /2019
20: 0.337890625 * ://
21: 0.333984375 * Dog
22: 0.33203125 * OF
23: 0.33203125 * cărui
24: 0.328125 * does
25: 0.32421875 * speed
26: 0.3203125 * speed
27: 0.318359375 * 5%
28: 0.314453125 * Path
29: 0.3125 * Wind
30: 0.30859375 * pathway
31: 0.3046875 * of
32: 0.302734375 * Scout
33: 0.30078125 * .
34: 0.30078125 * din
35: 0.298828125 * realizeaz
36: 0.294921875 * и
37: 0.2890625 * transition
38: 0.2890625 * In
39: 0.287109375 * West
40: 0.287109375 * With
41: 0.28515625 * veterinary
42: 0.28515625 * imprumut
43: 0.283203125 * ST
44: 0.28125 * /
45: 0.279296875 * by
46: 0.279296875 * staffed
47: 0.279296875 * sustinut
48: 0.279296875 * Frontier
49: 0.27734375 * ”,
Total loss: 0.3168148100376129 = MSE Loss: 0.23038902878761292, 0.001 * Sparsity Loss: 86.5
Epoch: 0 batch_num: 98
0: 0.6328125 * mândr
1: 0.578125 * Fox
2: 0.5703125 * <unk>
3: 0.515625 * ”
4: 0.51171875 * -
5: 0.478515625 * DB
6: 0.46484375 * Speed
7: 0.451171875 * profile
8: 0.451171875 * "
9: 0.439453125 * transition
10: 0.431640625 * –
11: 0.408203125 * at
12: 0.40625 * in
13: 0.40234375 * west
14: 0.388671875 * ements
15: 0.380859375 * the
16: 0.380859375 * cărui
17: 0.375 * :
18: 0.375 * In
19: 0.369140625 * valeur
20: 0.361328125 * ],
21: 0.361328125 * 2012
22: 0.35546875 * and
23: 0.353515625 * %
24: 0.341796875 * ).
25: 0.33984375 * On
26: 0.337890625 * be
27: 0.333984375 * standing
28: 0.333984375 * _
29: 0.333984375 * path
30: 0.33203125 * 
31: 0.330078125 * ]
32: 0.328125 * PR
33: 0.326171875 * cât
34: 0.32421875 * ;
35: 0.32421875 * /
36: 0.32421875 * in
37: 0.32421875 * on
38: 0.31640625 * ncing
39: 0.302734375 * Scout
40: 0.302734375 * .”
41: 0.302734375 * doesn
42: 0.302734375 * RE
43: 0.29296875 * ...
44: 0.29296875 * speed
45: 0.291015625 * pet
46: 0.291015625 * .
47: 0.291015625 * —
48: 0.291015625 * ST
49: 0.28515625 * veterinary
Total loss: 0.36473405361175537 = MSE Loss: 0.27000749111175537, 0.001 * Sparsity Loss: 94.5
Epoch: 0 batch_num: 99
0: 0.486328125 * Fox
1: 0.462890625 * <unk>
2: 0.43359375 * -
3: 0.423828125 * On
4: 0.419921875 * mândr
5: 0.412109375 * the
6: 0.41015625 * transition
7: 0.408203125 * profile
8: 0.3984375 * valeur
9: 0.3828125 * ”
10: 0.37890625 * go
11: 0.376953125 * pets
12: 0.373046875 * Speed
13: 0.365234375 * doesn
14: 0.359375 * walk
15: 0.357421875 * ).
16: 0.353515625 * DB
17: 0.34765625 * "
18: 0.337890625 * _
19: 0.3359375 * –
20: 0.333984375 * realizeaz
21: 0.328125 * Wind
22: 0.32421875 * ATION
23: 0.314453125 * trecută
24: 0.3125 * RE
25: 0.30859375 * ements
26: 0.298828125 * standing
27: 0.29296875 * summer
28: 0.291015625 * Din
29: 0.2890625 * ears
30: 0.2890625 * in
31: 0.28125 * .
32: 0.28125 * weekends
33: 0.279296875 * walked
34: 0.279296875 * were
35: 0.27734375 * be
36: 0.27734375 * stick
37: 0.275390625 * 2012
38: 0.2734375 * animal
39: 0.2734375 * annual
40: 0.2734375 * on
41: 0.26953125 * ncing
42: 0.26953125 * %
43: 0.267578125 * afternoon
44: 0.265625 * :
45: 0.265625 * Summer
46: 0.263671875 * assistant
47: 0.26171875 * ....
48: 0.26171875 * Do
49: 0.26171875 * supplied
Total loss: 0.2930750846862793 = MSE Loss: 0.2027430534362793, 0.001 * Sparsity Loss: 90.5
Epoch: 0 batch_num: 100
0: 0.5546875 * walk
1: 0.53125 * adecvat
2: 0.52734375 * ,
3: 0.52734375 * Wind
4: 0.5234375 * On
5: 0.494140625 * Speed
6: 0.478515625 * and
7: 0.474609375 * summer
8: 0.45703125 * )
9: 0.45703125 * ",
10: 0.41796875 * /
11: 0.41015625 * ’
12: 0.408203125 * '
13: 0.404296875 * Summer
14: 0.365234375 * transition
15: 0.3515625 * ".
16: 0.349609375 * (
17: 0.34765625 * valeur
18: 0.337890625 * spot
19: 0.33203125 * ://
20: 0.33203125 * maşin
21: 0.328125 * 
22: 0.322265625 * Fox
23: 0.318359375 * pets
24: 0.318359375 * In
25: 0.310546875 * walk
26: 0.310546875 * decizie
27: 0.302734375 * IN
28: 0.30078125 * Din
29: 0.291015625 * imprumut
30: 0.2890625 * stick
31: 0.287109375 * ly
32: 0.287109375 * assistant
33: 0.283203125 * |
34: 0.28125 * DOT
35: 0.27734375 * go
36: 0.275390625 * IN
37: 0.2734375 * on
38: 0.271484375 * anului
39: 0.26953125 * ST
40: 0.26953125 * And
41: 0.267578125 * doesn
42: 0.265625 * ears
43: 0.26171875 * stick
44: 0.259765625 * walked
45: 0.259765625 * afternoon
46: 0.2578125 * lead
47: 0.255859375 * AT
48: 0.25390625 * ],
49: 0.251953125 * West
Total loss: 0.33868423104286194 = MSE Loss: 0.25030532479286194, 0.001 * Sparsity Loss: 88.5
Epoch: 0 batch_num: 101
0: 0.609375 * adecvat
1: 0.546875 * )
2: 0.51171875 * ’
3: 0.474609375 * ,
4: 0.46875 * ",
5: 0.447265625 * '
6: 0.439453125 * summer
7: 0.439453125 * Wind
8: 0.431640625 * and
9: 0.41015625 * /
10: 0.404296875 * IN
11: 0.392578125 * walk
12: 0.388671875 * oraş
13: 0.38671875 * 
14: 0.376953125 * ity
15: 0.361328125 * Summer
16: 0.353515625 * (
17: 0.34765625 * transition
18: 0.3125 * ],
19: 0.310546875 * do
20: 0.306640625 * ly
21: 0.302734375 * /2019
22: 0.283203125 * ".
23: 0.28125 * does
24: 0.275390625 * Path
25: 0.275390625 * 5%
26: 0.2734375 * Animal
27: 0.2734375 * Scout
28: 0.271484375 * |
29: 0.267578125 * maşin
30: 0.263671875 * Walk
31: 0.26171875 * spot
32: 0.26171875 * valeur
33: 0.2578125 * Speed
34: 0.255859375 * path
35: 0.25390625 * ements
36: 0.25390625 * Day
37: 0.251953125 * dogs
38: 0.25 * -3
39: 0.2451171875 * annual
40: 0.2431640625 * doesn
41: 0.2421875 * —
42: 0.240234375 * ‘
43: 0.2392578125 * /3
44: 0.2373046875 * Cooper
45: 0.232421875 * ]
46: 0.232421875 * ped
47: 0.2314453125 * Profile
48: 0.23046875 * ITY
49: 0.2294921875 * weekend
Total loss: 0.38779839873313904 = MSE Loss: 0.30527886748313904, 0.001 * Sparsity Loss: 82.5
Epoch: 0 batch_num: 102
0: 0.53515625 * Walk
1: 0.51953125 * adecvat
2: 0.486328125 * in
3: 0.44921875 * 5%
4: 0.431640625 * AND
5: 0.4140625 * from
6: 0.4140625 * oraş
7: 0.40234375 * ements
8: 0.384765625 * on
9: 0.3828125 * From
10: 0.375 * In
11: 0.373046875 * IN
12: 0.365234375 * with
13: 0.361328125 * 3,
14: 0.361328125 * 3
15: 0.361328125 * With
16: 0.353515625 * /3
17: 0.34765625 * ).
18: 0.345703125 * -
19: 0.341796875 * -3
20: 0.33984375 * St
21: 0.3359375 * imprumut
22: 0.330078125 * Cooper
23: 0.328125 * strip
24: 0.3203125 * Animal
25: 0.3203125 * stick
26: 0.314453125 * misiune
27: 0.314453125 * ST
28: 0.3125 * /2019
29: 0.3125 * IN
30: 0.306640625 * path
31: 0.3046875 * Profile
32: 0.3046875 * Of
33: 0.302734375 * .
34: 0.30078125 * dogs
35: 0.294921875 * Cro
36: 0.29296875 * ’
37: 0.29296875 * and
38: 0.28125 * OF
39: 0.27734375 * 19,
40: 0.271484375 * ),
41: 0.26953125 * "
42: 0.26953125 * transition
43: 0.26953125 * summer
44: 0.267578125 * Wind
45: 0.265625 * at
46: 0.263671875 * owner
47: 0.263671875 * Australian
48: 0.26171875 * pet
49: 0.26171875 * owner
Total loss: 0.28928253054618835 = MSE Loss: 0.20090362429618835, 0.001 * Sparsity Loss: 88.5
Epoch: 0 batch_num: 103
0: 0.478515625 * "
1: 0.47265625 * imprumut
2: 0.4453125 * AND
3: 0.4296875 * oraş
4: 0.427734375 * misiune
5: 0.408203125 * ements
6: 0.404296875 * 5%
7: 0.396484375 * pets
8: 0.373046875 * Walk
9: 0.361328125 * Col
10: 0.35546875 * Walking
11: 0.349609375 * и
12: 0.345703125 * ://
13: 0.34375 * ),
14: 0.34375 * -
15: 0.341796875 * adecvat
16: 0.33984375 * ”
17: 0.333984375 * /3
18: 0.330078125 * ST
19: 0.328125 * Fox
20: 0.322265625 * IN
21: 0.3203125 * ).
22: 0.310546875 * cât
23: 0.294921875 * ation
24: 0.291015625 * ncing
25: 0.2890625 * ”,
26: 0.279296875 * ;
27: 0.2734375 * strip
28: 0.271484375 * average
29: 0.271484375 * DOT
30: 0.26953125 * side
31: 0.267578125 * ON
32: 0.26171875 * medium
33: 0.255859375 * Territory
34: 0.255859375 * 3,
35: 0.25390625 * Cro
36: 0.251953125 * pet
37: 0.251953125 * AS
38: 0.25 * DB
39: 0.24609375 * standing
40: 0.2451171875 * in
41: 0.244140625 * Cooper
42: 0.2412109375 * Australian
43: 0.2392578125 * –
44: 0.2353515625 * /2019
45: 0.234375 * maşin
46: 0.2333984375 * .
47: 0.2275390625 * Animal
48: 0.2216796875 * Licensed
49: 0.2197265625 * owner
Total loss: 0.2780124545097351 = MSE Loss: 0.1959811896085739, 0.001 * Sparsity Loss: 82.0
Epoch: 0 batch_num: 104
0: 0.67578125 * realizeaz
1: 0.6171875 * Walking
2: 0.42578125 * at
3: 0.416015625 * DOT
4: 0.408203125 * from
5: 0.400390625 * ation
6: 0.39453125 * on
7: 0.392578125 * side
8: 0.390625 * standing
9: 0.390625 * with
10: 0.3828125 * pets
11: 0.3828125 * maşin
12: 0.375 * oraş
13: 0.369140625 * mândr
14: 0.3671875 * misiune
15: 0.345703125 * Fox
16: 0.330078125 * West
17: 0.326171875 * staffed
18: 0.326171875 * -2018
19: 0.32421875 * Col
20: 0.318359375 * able
21: 0.318359375 * imprumut
22: 0.31640625 * /2016
23: 0.314453125 * "
24: 0.310546875 * ST
25: 0.306640625 * medium
26: 0.3046875 * 3.
27: 0.298828125 * clădiri
28: 0.298828125 * AND
29: 0.296875 * as
30: 0.294921875 * transition
31: 0.294921875 * ncing
32: 0.29296875 * и
33: 0.291015625 * ITY
34: 0.291015625 * interest
35: 0.291015625 * summer
36: 0.291015625 * at
37: 0.2890625 * Summer
38: 0.2890625 * Din
39: 0.287109375 * In
40: 0.28515625 * On
41: 0.28125 * <unk>
42: 0.279296875 * west
43: 0.279296875 * In
44: 0.275390625 * cât
45: 0.271484375 * Walk
46: 0.26953125 * 2013.
47: 0.267578125 * ON
48: 0.265625 * On
49: 0.263671875 * RE
Total loss: 0.384463369846344 = MSE Loss: 0.295596182346344, 0.001 * Sparsity Loss: 89.0
Epoch: 0 batch_num: 105
0: 0.921875 * realizeaz
1: 0.63671875 * Walking
2: 0.486328125 * DOT
3: 0.470703125 * summer
4: 0.44921875 * Summer
5: 0.41015625 * ation
6: 0.400390625 * maşin
7: 0.396484375 * mândr
8: 0.375 * Fox
9: 0.361328125 * -2018
10: 0.35546875 * standing
11: 0.349609375 * clădiri
12: 0.34375 * interest
13: 0.337890625 * West
14: 0.330078125 * adecvat
15: 0.328125 * tracking
16: 0.328125 * from
17: 0.3203125 * 3.
18: 0.318359375 * <unk>
19: 0.318359375 * -3
20: 0.3125 * AND
21: 0.310546875 * staffed
22: 0.3046875 * able
23: 0.3046875 * in
24: 0.298828125 * with
25: 0.294921875 * side
26: 0.29296875 * RE
27: 0.291015625 * does
28: 0.287109375 * ."
29: 0.283203125 * transition
30: 0.28125 * walk
31: 0.27734375 * Day
32: 0.275390625 * ?
33: 0.275390625 * 8%
34: 0.2734375 * on
35: 0.265625 * edge
36: 0.263671875 * Profile
37: 0.263671875 * /2016
38: 0.26171875 * 2013.
39: 0.26171875 * FC
40: 0.255859375 * %)
41: 0.2490234375 * "
42: 0.2490234375 * valeur
43: 0.2451171875 * weekend
44: 0.244140625 * Do
45: 0.2392578125 * '
46: 0.2392578125 * pets
47: 0.2392578125 * Din
48: 0.236328125 * spot
49: 0.236328125 * и
Total loss: 0.2831677794456482 = MSE Loss: 0.1996717005968094, 0.001 * Sparsity Loss: 83.5
Epoch: 0 batch_num: 106
0: 0.85546875 * West
1: 0.84765625 * realizeaz
2: 0.52734375 * adecvat
3: 0.51953125 * Walking
4: 0.51171875 * in
5: 0.455078125 * does
6: 0.443359375 * summer
7: 0.4375 * DOT
8: 0.427734375 * Summer
9: 0.390625 * in
10: 0.38671875 * spot
11: 0.384765625 * west
12: 0.365234375 * do
13: 0.36328125 * In
14: 0.36328125 * on
15: 0.3515625 * Fox
16: 0.34375 * ,
17: 0.341796875 * edge
18: 0.3359375 * AT
19: 0.3203125 * ements
20: 0.3125 * Profile
21: 0.30859375 * Cooper
22: 0.302734375 * ation
23: 0.302734375 * Day
24: 0.302734375 * maşin
25: 0.30078125 * walk
26: 0.30078125 * local
27: 0.298828125 * On
28: 0.294921875 * AND
29: 0.2890625 * tracking
30: 0.28515625 * wind
31: 0.279296875 * and
32: 0.279296875 * -2018
33: 0.27734375 * RE
34: 0.275390625 * owner
35: 0.275390625 * clădiri
36: 0.275390625 * And
37: 0.2734375 * West
38: 0.26953125 * Do
39: 0.26953125 * 8%
40: 0.263671875 * by
41: 0.26171875 * <unk>
42: 0.2578125 * "
43: 0.25390625 * standing
44: 0.24609375 * '
45: 0.2451171875 * around
46: 0.2451171875 * about
47: 0.244140625 * At
48: 0.2431640625 * interest
49: 0.2431640625 * In
Total loss: 0.28599029779434204 = MSE Loss: 0.20054107904434204, 0.001 * Sparsity Loss: 85.5
Epoch: 0 batch_num: 107
0: 0.87890625 * West
1: 0.5703125 * realizeaz
2: 0.52734375 * adecvat
3: 0.49609375 * west
4: 0.484375 * wind
5: 0.435546875 * ://
6: 0.416015625 * Walking
7: 0.40234375 * Day
8: 0.400390625 * Transition
9: 0.3984375 * <unk>
10: 0.396484375 * owner
11: 0.38671875 * in
12: 0.380859375 * ”
13: 0.3671875 * Cooper
14: 0.359375 * trecută
15: 0.359375 * West
16: 0.35546875 * Walk
17: 0.35546875 * -
18: 0.337890625 * spot
19: 0.326171875 * Speed
20: 0.32421875 * weekends
21: 0.314453125 * Scout
22: 0.3125 * summer
23: 0.302734375 * Summer
24: 0.294921875 * west
25: 0.29296875 * )
26: 0.287109375 * logy
27: 0.27734375 * does
28: 0.267578125 * mândr
29: 0.263671875 * 4%
30: 0.263671875 * licensed
31: 0.26171875 * #
32: 0.2578125 * ’
33: 0.255859375 * local
34: 0.255859375 * ST
35: 0.251953125 * around
36: 0.251953125 * Good
37: 0.25 * decizie
38: 0.2451171875 * strip
39: 0.240234375 * On
40: 0.2392578125 * misiune
41: 0.2392578125 * Fox
42: 0.2353515625 * DOT
43: 0.2333984375 * edge
44: 0.2314453125 * St
45: 0.2265625 * Cro
46: 0.22265625 * fit
47: 0.220703125 * PR
48: 0.220703125 * outdoors
49: 0.2197265625 * Brown
Total loss: 0.2555500566959381 = MSE Loss: 0.1730305254459381, 0.001 * Sparsity Loss: 82.5
Epoch: 0 batch_num: 108
0: 0.64453125 * Walk
1: 0.578125 * ://
2: 0.4765625 * Transition
3: 0.4765625 * adecvat
4: 0.466796875 * 4%
5: 0.453125 * IN
6: 0.416015625 * trecută
7: 0.40625 * ST
8: 0.404296875 * West
9: 0.390625 * St
10: 0.384765625 * weekends
11: 0.361328125 * decizie
12: 0.359375 * Day
13: 0.34765625 * spots
14: 0.34765625 * wind
15: 0.33984375 * OF
16: 0.333984375 * %
17: 0.33203125 * ”
18: 0.330078125 * mândr
19: 0.31640625 * -
20: 0.3125 * <unk>
21: 0.310546875 * #
22: 0.298828125 * PR
23: 0.28515625 * doesn
24: 0.279296875 * Cooper
25: 0.2734375 * Good
26: 0.2734375 * AS
27: 0.259765625 * Scout
28: 0.2578125 * Cro
29: 0.2578125 * oraş
30: 0.2490234375 * intention
31: 0.248046875 * Walking
32: 0.2470703125 * Brown
33: 0.2470703125 * from
34: 0.2451171875 * average
35: 0.23828125 * AND
36: 0.236328125 * strip
37: 0.2353515625 * /2016
38: 0.2333984375 * clădiri
39: 0.2314453125 * In
40: 0.228515625 * Free
41: 0.22265625 * logy
42: 0.2216796875 * Guardian
43: 0.21484375 * free
44: 0.2138671875 * owner
45: 0.2109375 * Pitt
46: 0.208984375 * morning
47: 0.20703125 * stepping
48: 0.205078125 * go
49: 0.2021484375 * Side
Total loss: 0.31231027841567993 = MSE Loss: 0.23174388706684113, 0.001 * Sparsity Loss: 80.5
Epoch: 0 batch_num: 109
0: 0.640625 * Walk
1: 0.54296875 * ://
2: 0.53125 * 4%
3: 0.52734375 * spots
4: 0.51953125 * realizeaz
5: 0.427734375 * Transition
6: 0.375 * ST
7: 0.369140625 * imprumut
8: 0.361328125 * .
9: 0.349609375 * trecută
10: 0.34765625 * west
11: 0.33984375 * weekends
12: 0.33984375 * clădiri
13: 0.337890625 * AND
14: 0.330078125 * %
15: 0.3203125 * decizie
16: 0.318359375 * adecvat
17: 0.3125 * oraş
18: 0.310546875 * Licensed
19: 0.30859375 * St
20: 0.302734375 * IN
21: 0.291015625 * /2016
22: 0.28515625 * ”.
23: 0.28125 * AS
24: 0.279296875 * average
25: 0.26953125 * ."
26: 0.267578125 * summer
27: 0.263671875 * (3)
28: 0.26171875 * ?
29: 0.26171875 * RE
30: 0.259765625 * ements
31: 0.259765625 * doesn
32: 0.2578125 * —
33: 0.255859375 * OF
34: 0.25390625 * Wind
35: 0.25 * maşin
36: 0.2470703125 * Profile
37: 0.2470703125 * legs
38: 0.244140625 * ity
39: 0.2431640625 * dogs
40: 0.2431640625 * Summer
41: 0.2431640625 * Speed
42: 0.240234375 * the
43: 0.23828125 * The
44: 0.2275390625 * side
45: 0.2265625 * valeur
46: 0.2255859375 * begging
47: 0.2255859375 * DOT
48: 0.220703125 * Cro
49: 0.2197265625 * Free
Total loss: 0.3216177225112915 = MSE Loss: 0.2400747388601303, 0.001 * Sparsity Loss: 81.5
Epoch: 0 batch_num: 110
0: 0.55859375 * ://
1: 0.546875 * Walk
2: 0.490234375 * spots
3: 0.439453125 * RE
4: 0.427734375 * 4%
5: 0.419921875 * Profile
6: 0.400390625 * west
7: 0.3828125 * realizeaz
8: 0.37109375 * Licensed
9: 0.318359375 * AND
10: 0.318359375 * imprumut
11: 0.3125 * be
12: 0.310546875 * clădiri
13: 0.306640625 * Summer
14: 0.302734375 * The
15: 0.291015625 * the
16: 0.2890625 * summer
17: 0.287109375 * edge
18: 0.283203125 * Transition
19: 0.279296875 * cărui
20: 0.27734375 * (3)
21: 0.275390625 * oraş
22: 0.271484375 * average
23: 0.26953125 * maşin
24: 0.265625 * begging
25: 0.265625 * valeur
26: 0.265625 * On
27: 0.263671875 * day
28: 0.26171875 * standing
29: 0.26171875 * ”
30: 0.26171875 * Fox
31: 0.255859375 * an
32: 0.25390625 * Edge
33: 0.25 * Scout
34: 0.24609375 * Leaving
35: 0.244140625 * PA
36: 0.2431640625 * Walking
37: 0.2421875 * Wind
38: 0.2421875 * re
39: 0.240234375 * —
40: 0.240234375 * weekends
41: 0.240234375 * middle
42: 0.2392578125 * /2016
43: 0.2392578125 * on
44: 0.234375 * walking
45: 0.2314453125 * dogs
46: 0.2314453125 * DOT
47: 0.23046875 * As
48: 0.224609375 * profile
49: 0.2236328125 * good
Total loss: 0.3813340961933136 = MSE Loss: 0.3022325336933136, 0.001 * Sparsity Loss: 79.0
Epoch: 0 batch_num: 111
0: 0.5234375 * ://
1: 0.49609375 * RE
2: 0.4296875 * Profile
3: 0.390625 * -
4: 0.384765625 * middle
5: 0.3828125 * Walk
6: 0.375 * cărui
7: 0.36328125 * spots
8: 0.35546875 * "
9: 0.353515625 * ements
10: 0.3515625 * adecvat
11: 0.345703125 * Scout
12: 0.31640625 * :
13: 0.314453125 * ”
14: 0.30859375 * (
15: 0.302734375 * %
16: 0.298828125 * small
17: 0.29296875 * leg
18: 0.29296875 * #
19: 0.28515625 * speed
20: 0.279296875 * path
21: 0.279296875 * dărui
22: 0.271484375 * Din
23: 0.26953125 * /
24: 0.267578125 * AND
25: 0.265625 * ;
26: 0.263671875 * #
27: 0.26171875 * Summer
28: 0.259765625 * summer
29: 0.2578125 * Walking
30: 0.2578125 * Brown
31: 0.2578125 * Edge
32: 0.25390625 * trecută
33: 0.25390625 * more
34: 0.2490234375 * edge
35: 0.2490234375 * transition
36: 0.2470703125 * '
37: 0.2470703125 * Standard
38: 0.24609375 * PA
39: 0.244140625 * ),
40: 0.2431640625 * Chuck
41: 0.2392578125 * about
42: 0.2373046875 * ].
43: 0.2373046875 * CC
44: 0.2294921875 * PR
45: 0.2294921875 * Licensed
46: 0.228515625 * ".
47: 0.2265625 * standing
48: 0.2255859375 * average
49: 0.220703125 * On
Total loss: 0.3277475833892822 = MSE Loss: 0.2501108646392822, 0.001 * Sparsity Loss: 77.5
Epoch: 0 batch_num: 112
0: 0.546875 * trecută
1: 0.53125 * ements
2: 0.51171875 * path
3: 0.5 * adecvat
4: 0.443359375 * RE
5: 0.40234375 * %
6: 0.40234375 * middle
7: 0.390625 * small
8: 0.3359375 * <unk>
9: 0.33203125 * speed
10: 0.330078125 * On
11: 0.326171875 * leg
12: 0.3203125 * decizie
13: 0.3203125 * transition
14: 0.318359375 * 5%
15: 0.30078125 * dărui
16: 0.296875 * Profile
17: 0.287109375 * Brown
18: 0.283203125 * Scout
19: 0.283203125 * imprumut
20: 0.279296875 * —
21: 0.279296875 * more
22: 0.275390625 * running
23: 0.263671875 * stepping
24: 0.255859375 * staffed
25: 0.25390625 * Outdoor
26: 0.251953125 * Walk
27: 0.2470703125 * shedding
28: 0.24609375 * cărui
29: 0.236328125 * erstellt
30: 0.236328125 * speed
31: 0.236328125 * on
32: 0.232421875 * (5)
33: 0.2314453125 * ],
34: 0.2314453125 * free
35: 0.2294921875 * ]
36: 0.2294921875 * echival
37: 0.2275390625 * West
38: 0.2255859375 * OF
39: 0.2216796875 * started
40: 0.2197265625 * ’
41: 0.21875 * weekends
42: 0.2177734375 * Standard
43: 0.2177734375 * invested
44: 0.216796875 * Din
45: 0.2119140625 * )
46: 0.2109375 * outdoor
47: 0.208984375 * IN
48: 0.208984375 * legs
49: 0.208984375 * tation
Total loss: 0.3458760976791382 = MSE Loss: 0.2697042226791382, 0.001 * Sparsity Loss: 76.0
Epoch: 0 batch_num: 113
0: 0.9921875 * realizeaz
1: 0.62890625 * <unk>
2: 0.53515625 * path
3: 0.53515625 * ements
4: 0.53125 * ://
5: 0.4765625 * adecvat
6: 0.435546875 * /
7: 0.431640625 * trecută
8: 0.42578125 * In
9: 0.36328125 * IN
10: 0.36328125 * RE
11: 0.349609375 * ]
12: 0.341796875 * )
13: 0.341796875 * maşin
14: 0.3359375 * middle
15: 0.33203125 * ’
16: 0.330078125 * decizie
17: 0.318359375 * dărui
18: 0.31640625 * stepping
19: 0.302734375 * %
20: 0.294921875 * ST
21: 0.294921875 * erstellt
22: 0.29296875 * —
23: 0.2890625 * And
24: 0.27734375 * 5%
25: 0.275390625 * imprumut
26: 0.2734375 * owner
27: 0.271484375 * weekends
28: 0.26953125 * ",
29: 0.26953125 * free
30: 0.267578125 * ”,
31: 0.263671875 * ATION
32: 0.26171875 * animal
33: 0.255859375 * misiune
34: 0.255859375 * tation
35: 0.25 * On
36: 0.2470703125 * 2013
37: 0.2470703125 * legs
38: 0.24609375 * 
39: 0.2451171875 * based
40: 0.2431640625 * ity
41: 0.2431640625 * shedding
42: 0.2392578125 * transition
43: 0.234375 * _
44: 0.234375 * FC
45: 0.2314453125 * walking
46: 0.23046875 * side
47: 0.23046875 * at
48: 0.2265625 * invested
49: 0.2255859375 * 1,
Total loss: 0.29653915762901306 = MSE Loss: 0.21499618887901306, 0.001 * Sparsity Loss: 81.5
Epoch: 0 batch_num: 114
0: 1.3671875 * realizeaz
1: 0.71875 * ://
2: 0.51953125 * <unk>
3: 0.5078125 * maşin
4: 0.427734375 * owner
5: 0.419921875 * ,
6: 0.419921875 * -3
7: 0.40625 * On
8: 0.390625 * adecvat
9: 0.384765625 * FC
10: 0.3828125 * misiune
11: 0.359375 * path
12: 0.35546875 * ATION
13: 0.353515625 * side
14: 0.349609375 * ements
15: 0.345703125 * walking
16: 0.337890625 * clădiri
17: 0.3359375 * cărui
18: 0.328125 * Scout
19: 0.3125 * 2013
20: 0.310546875 * strip
21: 0.310546875 * summer
22: 0.298828125 * spots
23: 0.298828125 * stepping
24: 0.298828125 * big
25: 0.2890625 * Walking
26: 0.28125 * dog
27: 0.271484375 * In
28: 0.267578125 * and
29: 0.265625 * outdoor
30: 0.259765625 * ”
31: 0.255859375 * erstellt
32: 0.25390625 * tation
33: 0.2490234375 * 2016
34: 0.24609375 * :
35: 0.2431640625 * 23,
36: 0.2353515625 * ly
37: 0.2353515625 * on
38: 0.234375 * ”.
39: 0.234375 * "
40: 0.2333984375 * Walk
41: 0.232421875 * average
42: 0.23046875 * as
43: 0.2294921875 * Summer
44: 0.2275390625 * DOT
45: 0.224609375 * free
46: 0.2236328125 * edge
47: 0.22265625 * 2010,
48: 0.2216796875 * animal
49: 0.220703125 * </s>
Total loss: 0.29681867361068726 = MSE Loss: 0.21429914236068726, 0.001 * Sparsity Loss: 82.5
Epoch: 0 batch_num: 115
0: 1.4140625 * realizeaz
1: 0.7890625 * ://
2: 0.56640625 * maşin
3: 0.546875 * trecută
4: 0.5390625 * Scout
5: 0.48828125 * <unk>
6: 0.47265625 * summer
7: 0.439453125 * ,
8: 0.43359375 * -3
9: 0.408203125 * walking
10: 0.396484375 * average
11: 0.388671875 * mândr
12: 0.369140625 * clădiri
13: 0.35546875 * Summer
14: 0.34765625 * misiune
15: 0.345703125 * St
16: 0.345703125 * FC
17: 0.33984375 * Walk
18: 0.3359375 * owner
19: 0.3359375 * outdoor
20: 0.333984375 * In
21: 0.3203125 * –
22: 0.314453125 * cărui
23: 0.310546875 * ”
24: 0.296875 * at
25: 0.294921875 * and
26: 0.291015625 * leg
27: 0.291015625 * DOT
28: 0.2890625 * CC
29: 0.28515625 * edge
30: 0.28515625 * speed
31: 0.28515625 * Speed
32: 0.279296875 * strip
33: 0.275390625 * transition
34: 0.26953125 * side
35: 0.267578125 * Walking
36: 0.265625 * On
37: 0.263671875 * spots
38: 0.259765625 * '
39: 0.25390625 * 2013
40: 0.24609375 * ped
41: 0.2451171875 * Rover
42: 0.2451171875 * 2013
43: 0.244140625 * ”.
44: 0.234375 * pets
45: 0.2333984375 * ],
46: 0.2333984375 * 5%
47: 0.2275390625 * 3
48: 0.2275390625 * constient
49: 0.224609375 * Dog
Total loss: 0.5984549522399902 = MSE Loss: 0.5169119834899902, 0.001 * Sparsity Loss: 81.5
Epoch: 0 batch_num: 116
0: 1.3203125 * realizeaz
1: 0.75390625 * ://
2: 0.75 * trecută
3: 0.58984375 * mândr
4: 0.5390625 * at
5: 0.50390625 * Scout
6: 0.490234375 * Walk
7: 0.484375 * maşin
8: 0.455078125 * from
9: 0.44921875 * <unk>
10: 0.4453125 * average
11: 0.43359375 * leg
12: 0.40625 * transition
13: 0.404296875 * summer
14: 0.40234375 * ation
15: 0.40234375 * speed
16: 0.3828125 * on
17: 0.373046875 * 5%
18: 0.3671875 * -3
19: 0.35546875 * In
20: 0.326171875 * with
21: 0.314453125 * echival
22: 0.30859375 * Summer
23: 0.3046875 * St
24: 0.296875 * in
25: 0.294921875 * clădiri
26: 0.29296875 * walked
27: 0.291015625 * outdoor
28: 0.2890625 * '
29: 0.2890625 * %
30: 0.2890625 * ST
31: 0.28515625 * Dog
32: 0.283203125 * /2016
33: 0.279296875 * imprumut
34: 0.27734375 * .
35: 0.27734375 * Side
36: 0.275390625 * In
37: 0.26953125 * doamn
38: 0.267578125 * )
39: 0.26171875 * –
40: 0.259765625 * CC
41: 0.2578125 * Rover
42: 0.248046875 * erstellt
43: 0.2451171875 * walking
44: 0.2451171875 * West
45: 0.2421875 * ,
46: 0.2412109375 * ?
47: 0.240234375 * 2013
48: 0.236328125 * ’
49: 0.2333984375 * cărui
Total loss: 0.37664419412612915 = MSE Loss: 0.29314810037612915, 0.001 * Sparsity Loss: 83.5
Epoch: 0 batch_num: 117
0: 0.7734375 * realizeaz
1: 0.765625 * trecută
2: 0.4609375 * ://
3: 0.3984375 * Scout
4: 0.384765625 * leg
5: 0.37890625 * RE
6: 0.369140625 * erstellt
7: 0.35546875 * echival
8: 0.353515625 * 5%
9: 0.345703125 * ation
10: 0.34375 * mândr
11: 0.330078125 * Walk
12: 0.330078125 * average
13: 0.328125 * ,
14: 0.322265625 * and
15: 0.3203125 * IN
16: 0.318359375 * path
17: 0.310546875 * transition
18: 0.306640625 * –
19: 0.302734375 * spot
20: 0.298828125 * '
21: 0.291015625 * maşin
22: 0.283203125 * /
23: 0.27734375 * walking
24: 0.2734375 * %
25: 0.271484375 * BS
26: 0.263671875 * doamn
27: 0.263671875 * from
28: 0.26171875 * run
29: 0.259765625 * Dog
30: 0.259765625 * Side
31: 0.2578125 * </s>
32: 0.2578125 * summer
33: 0.2578125 * fit
34: 0.25 * м
35: 0.2490234375 * <unk>
36: 0.2470703125 * West
37: 0.2470703125 * Col
38: 0.2412109375 * guest
39: 0.2412109375 * -3
40: 0.2412109375 * speed
41: 0.2392578125 * /2016
42: 0.2392578125 * weekends
43: 0.236328125 * stepping
44: 0.2353515625 * walked
45: 0.2333984375 * —
46: 0.23046875 * pet
47: 0.2294921875 * Rover
48: 0.228515625 * Day
49: 0.2255859375 * Speed
Total loss: 0.40776124596595764 = MSE Loss: 0.33158937096595764, 0.001 * Sparsity Loss: 76.0
Epoch: 0 batch_num: 118
0: 0.6953125 * decizie
1: 0.53125 * West
2: 0.5078125 * and
3: 0.50390625 * west
4: 0.4609375 * valeur
5: 0.44921875 * stepping
6: 0.443359375 * guest
7: 0.43359375 * pet
8: 0.427734375 * <unk>
9: 0.423828125 * dogs
10: 0.41796875 * DOT
11: 0.4140625 * </s>
12: 0.41015625 * ://
13: 0.392578125 * on
14: 0.375 * 5%
15: 0.361328125 * Summer
16: 0.359375 * comble
17: 0.357421875 * ation
18: 0.357421875 * Wind
19: 0.345703125 * м
20: 0.341796875 * -
21: 0.337890625 * pet
22: 0.333984375 * Profile
23: 0.33203125 * Mo
24: 0.32421875 * 3,
25: 0.322265625 * Speed
26: 0.318359375 * from
27: 0.318359375 * 3
28: 0.31640625 * walk
29: 0.314453125 * и
30: 0.30859375 * cât
31: 0.306640625 * profile
32: 0.306640625 * DB
33: 0.30078125 * summer
34: 0.298828125 * picioare
35: 0.294921875 * day
36: 0.29296875 * running
37: 0.29296875 * ity
38: 0.287109375 * Chuck
39: 0.283203125 * path
40: 0.28125 * leg
41: 0.275390625 * 
42: 0.2734375 * pets
43: 0.26953125 * #
44: 0.267578125 * interest
45: 0.265625 * Day
46: 0.255859375 * 2010,
47: 0.251953125 * Average
48: 0.251953125 * realizeaz
49: 0.2490234375 * walking
Total loss: 0.31528693437576294 = MSE Loss: 0.21714238822460175, 0.001 * Sparsity Loss: 98.0
Epoch: 0 batch_num: 119
0: 1.2734375 * decizie
1: 0.95703125 * realizeaz
2: 0.83984375 * West
3: 0.7890625 * west
4: 0.765625 * DOT
5: 0.6875 * Summer
6: 0.6875 * valeur
7: 0.65625 * Scout
8: 0.65234375 * dogs
9: 0.640625 * comble
10: 0.625 * summer
11: 0.5625 * picioare
12: 0.5625 * and
13: 0.54296875 * Wind
14: 0.5390625 * stepping
15: 0.53515625 * running
16: 0.53515625 * </s>
17: 0.515625 * pet
18: 0.494140625 * PR
19: 0.48828125 * Mo
20: 0.462890625 * Chuck
21: 0.4375 * guest
22: 0.43359375 * Profile
23: 0.43359375 * 3,
24: 0.4296875 * -
25: 0.41015625 * #
26: 0.41015625 * ST
27: 0.40625 * 3
28: 0.3984375 * pet
29: 0.396484375 * 
30: 0.396484375 * и
31: 0.390625 * DB
32: 0.388671875 * FC
33: 0.38671875 * <unk>
34: 0.380859375 * walk
35: 0.373046875 * strip
36: 0.361328125 * cât
37: 0.361328125 * м
38: 0.359375 * middle
39: 0.357421875 * pets
40: 0.35546875 * west
41: 0.353515625 * trecută
42: 0.3515625 * 2010,
43: 0.3515625 * haltung
44: 0.345703125 * maşin
45: 0.3359375 * ity
46: 0.3359375 * sustinut
47: 0.3359375 * invested
48: 0.326171875 * Speed
49: 0.322265625 * ST
Total loss: 0.37420523166656494 = MSE Loss: 0.25652945041656494, 0.001 * Sparsity Loss: 117.5
Epoch: 0 batch_num: 120
0: 1.6875 * decizie
1: 1.4375 * realizeaz
2: 0.9921875 * DOT
3: 0.81640625 * comble
4: 0.8125 * valeur
5: 0.80859375 * West
6: 0.79296875 * Scout
7: 0.78125 * Summer
8: 0.75 * west
9: 0.7421875 * picioare
10: 0.67578125 * summer
11: 0.64453125 * trecută
12: 0.59375 * </s>
13: 0.58203125 * PR
14: 0.58203125 * maşin
15: 0.5234375 * stepping
16: 0.51953125 * Chuck
17: 0.5 * Wind
18: 0.494140625 * Mo
19: 0.490234375 * running
20: 0.486328125 * and
21: 0.478515625 * dogs
22: 0.466796875 * strip
23: 0.458984375 * pet
24: 0.458984375 * erstellt
25: 0.451171875 * 3,
26: 0.451171875 * sustinut
27: 0.44921875 * ST
28: 0.421875 * DB
29: 0.416015625 * #
30: 0.408203125 * 2016
31: 0.408203125 * parinti
32: 0.40234375 * Chris
33: 0.392578125 * adecvat
34: 0.384765625 * и
35: 0.384765625 * haltung
36: 0.380859375 * 2010,
37: 0.369140625 * ://
38: 0.36328125 * (
39: 0.36328125 * FC
40: 0.35546875 * -2018
41: 0.349609375 * е
42: 0.34765625 * invested
43: 0.341796875 * pet
44: 0.341796875 * west
45: 0.3359375 * middle
46: 0.33203125 * 23,
47: 0.330078125 * cât
48: 0.328125 * (3)
49: 0.328125 * /2016
Total loss: 0.2865229845046997 = MSE Loss: 0.1678706258535385, 0.001 * Sparsity Loss: 118.5
Epoch: 0 batch_num: 121
0: 1.9765625 * decizie
1: 1.4296875 * realizeaz
2: 1.078125 * DOT
3: 0.90625 * comble
4: 0.87109375 * valeur
5: 0.8203125 * picioare
6: 0.77734375 * Scout
7: 0.73828125 * trecută
8: 0.71484375 * maşin
9: 0.6875 * Summer
10: 0.6171875 * ://
11: 0.56640625 * PR
12: 0.5390625 * summer
13: 0.51953125 * erstellt
14: 0.515625 * strip
15: 0.51171875 * sustinut
16: 0.50390625 * Chuck
17: 0.482421875 * West
18: 0.46875 * </s>
19: 0.46484375 * 3,
20: 0.4609375 * dog
21: 0.4609375 * stepping
22: 0.4609375 * Chris
23: 0.453125 * Mo
24: 0.451171875 * west
25: 0.4453125 * parinti
26: 0.423828125 * 2010,
27: 0.412109375 * CC
28: 0.41015625 * local
29: 0.392578125 * #
30: 0.376953125 * haltung
31: 0.375 * Din
32: 0.365234375 * DB
33: 0.357421875 * 23,
34: 0.35546875 * pet
35: 0.35546875 * 2016
36: 0.34765625 * adecvat
37: 0.34765625 * and
38: 0.34375 * ation
39: 0.33984375 * rând
40: 0.337890625 * %
41: 0.337890625 * е
42: 0.333984375 * Highland
43: 0.330078125 * ements
44: 0.32421875 * leg
45: 0.3203125 * begging
46: 0.318359375 * 2013
47: 0.318359375 * ST
48: 0.314453125 * As
49: 0.30859375 * Speed
Total loss: 0.3477028012275696 = MSE Loss: 0.23539812862873077, 0.001 * Sparsity Loss: 112.5
Epoch: 0 batch_num: 122
0: 2.03125 * decizie
1: 1.0625 * realizeaz
2: 1.0234375 * DOT
3: 0.94140625 * comble
4: 0.828125 * picioare
5: 0.8203125 * valeur
6: 0.7421875 * maşin
7: 0.69921875 * ://
8: 0.64453125 * trecută
9: 0.63671875 * Scout
10: 0.609375 * dog
11: 0.59375 * ation
12: 0.52734375 * Summer
13: 0.51953125 * sustinut
14: 0.51171875 * strip
15: 0.478515625 * CC
16: 0.458984375 * local
17: 0.443359375 * PR
18: 0.443359375 * erstellt
19: 0.443359375 * parinti
20: 0.43359375 * Chris
21: 0.40625 * mo
22: 0.3984375 * 3,
23: 0.388671875 * 2010,
24: 0.38671875 * Mo
25: 0.3828125 * Chuck
26: 0.369140625 * edge
27: 0.361328125 * path
28: 0.357421875 * interest
29: 0.35546875 * summer
30: 0.34375 * Dog
31: 0.333984375 * St
32: 0.333984375 * Din
33: 0.330078125 * pets
34: 0.32421875 * rând
35: 0.3203125 * Local
36: 0.318359375 * Highland
37: 0.31640625 * stepping
38: 0.310546875 * #
39: 0.310546875 * haltung
40: 0.3046875 * Pet
41: 0.29296875 * weekend
42: 0.291015625 * Interest
43: 0.2890625 * walk
44: 0.28515625 * Tr
45: 0.28515625 * ements
46: 0.28515625 * Transition
47: 0.279296875 * leg
48: 0.27734375 * ank
49: 0.2734375 * day
Total loss: 0.3500904440879822 = MSE Loss: 0.24413341283798218, 0.001 * Sparsity Loss: 106.0
Epoch: 0 batch_num: 123
0: 2.03125 * decizie
1: 2.015625 * realizeaz
2: 0.95703125 * ://
3: 0.93359375 * DOT
4: 0.921875 * comble
5: 0.84765625 * ation
6: 0.81640625 * picioare
7: 0.6796875 * Walking
8: 0.65625 * 
9: 0.640625 * valeur
10: 0.59765625 * Fox
11: 0.5625 * maşin
12: 0.5546875 * imprumut
13: 0.486328125 * trecută
14: 0.486328125 * parinti
15: 0.470703125 * /2019
16: 0.46875 * of
17: 0.455078125 * the
18: 0.451171875 * standing
19: 0.44921875 * sustinut
20: 0.447265625 * dog
21: 0.4453125 * </s>
22: 0.419921875 * mo
23: 0.419921875 * outdoors
24: 0.416015625 * weekend
25: 0.416015625 * staffed
26: 0.396484375 * in
27: 0.39453125 * Owner
28: 0.38671875 * Pitt
29: 0.384765625 * 2010,
30: 0.3828125 * pets
31: 0.376953125 * 5%
32: 0.375 * 3,
33: 0.369140625 * St
34: 0.3671875 * interest
35: 0.361328125 * ATION
36: 0.361328125 * %
37: 0.361328125 * stick
38: 0.359375 * OF
39: 0.357421875 * Walk
40: 0.357421875 * ($
41: 0.349609375 * owner
42: 0.34765625 * an
43: 0.337890625 * strip
44: 0.337890625 * PD
45: 0.337890625 * and
46: 0.3359375 * Mo
47: 0.328125 * guest
48: 0.32421875 * Path
49: 0.3203125 * Transition
Total loss: 0.2726760804653168 = MSE Loss: 0.15353545546531677, 0.001 * Sparsity Loss: 119.0
Epoch: 0 batch_num: 124
0: 2.421875 * realizeaz
1: 1.8046875 * decizie
2: 1.078125 * ://
3: 0.98828125 * Fox
4: 0.828125 * comble
5: 0.796875 * Walking
6: 0.78515625 * ation
7: 0.7421875 * picioare
8: 0.71484375 * DOT
9: 0.69921875 * 
10: 0.6328125 * outdoors
11: 0.625 * /2019
12: 0.609375 * Pitt
13: 0.60546875 * Owner
14: 0.60546875 * imprumut
15: 0.54296875 * in
16: 0.53125 * Path
17: 0.5 * </s>
18: 0.482421875 * parinti
19: 0.474609375 * viziune
20: 0.470703125 * owner
21: 0.46484375 * intention
22: 0.4609375 * standing
23: 0.4453125 * In
24: 0.4453125 * stick
25: 0.443359375 * Wir
26: 0.44140625 * Cro
27: 0.4375 * Dog
28: 0.435546875 * ($
29: 0.43359375 * Command
30: 0.427734375 * of
31: 0.42578125 * outdoor
32: 0.42578125 * Outdoor
33: 0.4140625 * West
34: 0.41015625 * Dis
35: 0.41015625 * >
36: 0.41015625 * Ross
37: 0.408203125 * %
38: 0.404296875 * dogs
39: 0.404296875 * mo
40: 0.392578125 * Licensed
41: 0.388671875 * owner
42: 0.38671875 * valeur
43: 0.3828125 * Territory
44: 0.3828125 * 5%
45: 0.3671875 * breath
46: 0.361328125 * begging
47: 0.359375 * Boston
48: 0.359375 * the
49: 0.359375 * ."
Total loss: 0.4782545566558838 = MSE Loss: 0.3483717441558838, 0.001 * Sparsity Loss: 130.0
Epoch: 0 batch_num: 125
0: 2.3125 * realizeaz
1: 1.3828125 * decizie
2: 1.21875 * Fox
3: 1.0625 * ://
4: 0.796875 * Dog
5: 0.69921875 * in
6: 0.6953125 * Pitt
7: 0.67578125 * comble
8: 0.6640625 * Owner
9: 0.63671875 * outdoors
10: 0.62890625 * Walking
11: 0.62890625 * /2019
12: 0.62890625 * picioare
13: 0.60546875 * Path
14: 0.6015625 * Chuck
15: 0.58984375 * morning
16: 0.57421875 * viziune
17: 0.5703125 * Wir
18: 0.55859375 * dogs
19: 0.55078125 * begging
20: 0.54296875 * Cro
21: 0.5234375 * intention
22: 0.51171875 * Boston
23: 0.478515625 * ation
24: 0.474609375 * Ross
25: 0.46875 * profile
26: 0.458984375 * Scout
27: 0.45703125 * Dis
28: 0.45703125 * In
29: 0.455078125 * ($
30: 0.439453125 * parinti
31: 0.4375 * ements
32: 0.4375 * DOT
33: 0.435546875 * 
34: 0.431640625 * wind
35: 0.427734375 * path
36: 0.421875 * stick
37: 0.41796875 * >
38: 0.416015625 * local
39: 0.41015625 * Outdoor
40: 0.396484375 * %
41: 0.390625 * Ferr
42: 0.390625 * called
43: 0.384765625 * Burton
44: 0.37890625 * owner
45: 0.37890625 * haltung
46: 0.373046875 * breath
47: 0.37109375 * PR
48: 0.369140625 * day
49: 0.365234375 * imprumut
Total loss: 0.5364725589752197 = MSE Loss: 0.40073034167289734, 0.001 * Sparsity Loss: 136.0
Epoch: 0 batch_num: 126
0: 3.140625 * realizeaz
1: 1.3828125 * Fox
2: 1.015625 * Dog
3: 0.94921875 * decizie
4: 0.82421875 * path
5: 0.80859375 * Path
6: 0.79296875 * ://
7: 0.74609375 * viziune
8: 0.74609375 * erstellt
9: 0.71875 * in
10: 0.70703125 * begging
11: 0.67578125 * edge
12: 0.66015625 * Speed
13: 0.6328125 * misiune
14: 0.6328125 * outdoors
15: 0.60546875 * Cro
16: 0.59375 * picioare
17: 0.58203125 * Pitt
18: 0.56640625 * Wir
19: 0.546875 * Chuck
20: 0.52734375 * Walking
21: 0.515625 * morning
22: 0.5078125 * Scout
23: 0.50390625 * haltung
24: 0.5 * CC
25: 0.490234375 * comble
26: 0.484375 * /2019
27: 0.484375 * stick
28: 0.48046875 * Dis
29: 0.48046875 * West
30: 0.46484375 * Owner
31: 0.45703125 * wind
32: 0.453125 * Boston
33: 0.453125 * dogs
34: 0.451171875 * intention
35: 0.447265625 * west
36: 0.4453125 * PR
37: 0.443359375 * ements
38: 0.42578125 * dog
39: 0.42578125 * profile
40: 0.423828125 * mândr
41: 0.4140625 * ],
42: 0.41015625 * walk
43: 0.41015625 * animal
44: 0.41015625 * Highland
45: 0.404296875 * maşin
46: 0.40234375 * Ferr
47: 0.3984375 * local
48: 0.3984375 * pets
49: 0.396484375 * Dixon
Total loss: 0.37164318561553955 = MSE Loss: 0.23101818561553955, 0.001 * Sparsity Loss: 141.0
Epoch: 0 batch_num: 127
0: 2.625 * realizeaz
1: 1.4765625 * Fox
2: 1.1328125 * erstellt
3: 1.0078125 * edge
4: 0.9453125 * path
5: 0.86328125 * Path
6: 0.84375 * in
7: 0.828125 * Speed
8: 0.8203125 * Cro
9: 0.77734375 * misiune
10: 0.63671875 * Dis
11: 0.63671875 * DOT
12: 0.6171875 * viziune
13: 0.60546875 * profile
14: 0.60546875 * the
15: 0.59765625 * imprumut
16: 0.59375 * haltung
17: 0.58984375 * In
18: 0.58203125 * ://
19: 0.578125 * strip
20: 0.578125 * ears
21: 0.5703125 * Wir
22: 0.5625 * Dog
23: 0.5625 * </s>
24: 0.546875 * Do
25: 0.546875 * IN
26: 0.53515625 * decizie
27: 0.53515625 * CC
28: 0.53125 * West
29: 0.53125 * outdoors
30: 0.5234375 * Dixon
31: 0.51171875 * Walking
32: 0.50390625 * west
33: 0.498046875 * The
34: 0.48828125 * ,
35: 0.484375 * -3
36: 0.484375 * maşin
37: 0.482421875 * major
38: 0.47265625 * dogs
39: 0.47265625 * do
40: 0.470703125 * Do
41: 0.46875 * Highland
42: 0.458984375 * middle
43: 0.44921875 * picioare
44: 0.44921875 * supplied
45: 0.44140625 * In
46: 0.435546875 * on
47: 0.43359375 * side
48: 0.431640625 * de
49: 0.42578125 * summer
Total loss: 0.36516717076301575 = MSE Loss: 0.20891717076301575, 0.001 * Sparsity Loss: 156.0
Epoch: 0 batch_num: 128
0: 2.109375 * West
1: 2.03125 * west
2: 1.9609375 * supplied
3: 1.953125 * Licensed
4: 1.9296875 * Weekend
5: 1.78125 * Speed
6: 1.671875 * weekends
7: 1.6328125 * 2016
8: 1.6328125 * assistant
9: 1.5703125 * Do
10: 1.5546875 * adecvat
11: 1.5390625 * profile
12: 1.5078125 * Profile
13: 1.4765625 * staffed
14: 1.3984375 * </s>
15: 1.375 * spots
16: 1.3515625 * Do
17: 1.34375 * weekend
18: 1.2890625 * Path
19: 1.2890625 * Standard
20: 1.28125 * provides
21: 1.28125 * West
22: 1.265625 * In
23: 1.2578125 * Average
24: 1.25 * day
25: 1.2421875 * New
26: 1.1796875 * IN
27: 1.15625 * (8
28: 1.140625 * interest
29: 1.1171875 * west
30: 1.109375 * AT
31: 1.1015625 * Day
32: 1.078125 * providing
33: 1.078125 * Assistant
34: 1.0625 * provided
35: 1.0625 * 2013
36: 1.0625 * Command
37: 1.0390625 * Dis
38: 1.0390625 * eignen
39: 1.03125 * spot
40: 1.0078125 * Run
41: 1.0078125 * ST
42: 0.99609375 * On
43: 0.984375 * Third
44: 0.98046875 * Speed
45: 0.97265625 * big
46: 0.97265625 * shedding
47: 0.953125 * Dixon
48: 0.9453125 * Walk
49: 0.9453125 * OF
Total loss: 0.49979501962661743 = MSE Loss: 0.19706064462661743, 0.001 * Sparsity Loss: 302.0
Epoch: 0 batch_num: 129
0: 3.734375 * west
1: 3.625 * West
2: 3.28125 * Licensed
3: 3.125 * supplied
4: 2.875 * Weekend
5: 2.71875 * assistant
6: 2.59375 * 2016
7: 2.578125 * realizeaz
8: 2.53125 * spots
9: 2.5 * weekends
10: 2.46875 * Profile
11: 2.34375 * staffed
12: 2.328125 * Do
13: 2.296875 * adecvat
14: 2.234375 * profile
15: 2.125 * weekend
16: 2.046875 * Speed
17: 2.03125 * Standard
18: 2.0 * provides
19: 1.984375 * </s>
20: 1.9296875 * West
21: 1.9296875 * New
22: 1.890625 * Do
23: 1.8828125 * Average
24: 1.875 * ears
25: 1.8671875 * west
26: 1.8359375 * providing
27: 1.8203125 * (8
28: 1.7734375 * spot
29: 1.7578125 * eignen
30: 1.7578125 * day
31: 1.75 * interest
32: 1.7109375 * Assistant
33: 1.703125 * big
34: 1.6875 * oraş
35: 1.6640625 * Day
36: 1.65625 * provided
37: 1.65625 * Run
38: 1.65625 * 2013
39: 1.6015625 * owner
40: 1.59375 * shedding
41: 1.5859375 * AT
42: 1.5703125 * Command
43: 1.5390625 * actiuni
44: 1.53125 * Path
45: 1.4921875 * begging
46: 1.484375 * In
47: 1.46875 * Third
48: 1.4375 * cât
49: 1.4375 * OF
Total loss: 0.6499812602996826 = MSE Loss: 0.20857498049736023, 0.001 * Sparsity Loss: 442.0
Epoch: 0 batch_num: 130
0: 5.09375 * realizeaz
1: 4.71875 * west
2: 4.3125 * West
3: 4.1875 * Licensed
4: 3.875 * supplied
5: 3.484375 * assistant
6: 3.453125 * Weekend
7: 3.3125 * spots
8: 3.25 * 2016
9: 3.15625 * Profile
10: 2.984375 * weekends
11: 2.96875 * staffed
12: 2.859375 * Do
13: 2.765625 * adecvat
14: 2.703125 * ears
15: 2.671875 * profile
16: 2.578125 * weekend
17: 2.515625 * Standard
18: 2.5 * provides
19: 2.421875 * </s>
20: 2.40625 * providing
21: 2.296875 * west
22: 2.296875 * oraş
23: 2.28125 * (8
24: 2.28125 * eignen
25: 2.28125 * New
26: 2.265625 * Do
27: 2.234375 * Average
28: 2.21875 * spot
29: 2.171875 * Assistant
30: 2.15625 * interest
31: 2.140625 * West
32: 2.125 * big
33: 2.0625 * 2013
34: 2.046875 * actiuni
35: 2.03125 * provided
36: 2.03125 * Run
37: 2.03125 * begging
38: 2.015625 * owner
39: 2.015625 * shedding
40: 1.96875 * outdoors
41: 1.953125 * Speed
42: 1.9453125 * day
43: 1.90625 * Day
44: 1.8515625 * cât
45: 1.8359375 * Command
46: 1.8125 * AT
47: 1.796875 * wind
48: 1.7578125 * Third
49: 1.71875 * %
Total loss: 0.7666593194007874 = MSE Loss: 0.24322183430194855, 0.001 * Sparsity Loss: 524.0
Epoch: 0 batch_num: 131
0: 6.84375 * realizeaz
1: 5.15625 * west
2: 4.875 * Licensed
3: 4.4375 * supplied
4: 4.34375 * West
5: 4.03125 * assistant
6: 3.8125 * Weekend
7: 3.765625 * spots
8: 3.609375 * Profile
9: 3.609375 * 2016
10: 3.375 * staffed
11: 3.296875 * ears
12: 3.203125 * Do
13: 3.140625 * weekends
14: 2.953125 * adecvat
15: 2.875 * profile
16: 2.859375 * Standard
17: 2.84375 * provides
18: 2.796875 * providing
19: 2.71875 * weekend
20: 2.6875 * </s>
21: 2.6875 * oraş
22: 2.640625 * eignen
23: 2.578125 * (8
24: 2.53125 * Assistant
25: 2.5 * outdoors
26: 2.46875 * west
27: 2.4375 * Do
28: 2.40625 * spot
29: 2.390625 * New
30: 2.390625 * Fox
31: 2.375 * interest
32: 2.375 * Average
33: 2.375 * begging
34: 2.34375 * 2013
35: 2.3125 * provided
36: 2.296875 * actiuni
37: 2.265625 * Run
38: 2.265625 * big
39: 2.265625 * shedding
40: 2.171875 * owner
41: 2.125 * wind
42: 2.109375 * cât
43: 2.015625 * West
44: 1.953125 * Command
45: 1.9453125 * Third
46: 1.9140625 * Day
47: 1.8984375 * striped
48: 1.8828125 * day
49: 1.8359375 * AT
Total loss: 0.7411577701568604 = MSE Loss: 0.18647027015686035, 0.001 * Sparsity Loss: 556.0
Epoch: 0 batch_num: 132
0: 7.96875 * realizeaz
1: 5.34375 * Licensed
2: 5.25 * west
3: 4.84375 * supplied
4: 4.40625 * assistant
5: 4.03125 * Weekend
6: 4.03125 * spots
7: 3.984375 * West
8: 3.859375 * Profile
9: 3.734375 * 2016
10: 3.6875 * ears
11: 3.609375 * staffed
12: 3.375 * Do
13: 3.15625 * weekends
14: 3.078125 * provides
15: 3.078125 * Standard
16: 3.0625 * providing
17: 3.015625 * adecvat
18: 2.953125 * oraş
19: 2.9375 * profile
20: 2.921875 * eignen
21: 2.90625 * outdoors
22: 2.875 * Fox
23: 2.796875 * </s>
24: 2.796875 * Assistant
25: 2.75 * (8
26: 2.703125 * weekend
27: 2.53125 * begging
28: 2.5 * provided
29: 2.5 * west
30: 2.46875 * spot
31: 2.453125 * 2013
32: 2.421875 * Average
33: 2.421875 * shedding
34: 2.40625 * Do
35: 2.40625 * interest
36: 2.34375 * Run
37: 2.3125 * cât
38: 2.296875 * actiuni
39: 2.296875 * New
40: 2.28125 * wind
41: 2.234375 * owner
42: 2.203125 * big
43: 2.09375 * walks
44: 2.0625 * striped
45: 2.03125 * Third
46: 1.9140625 * Providing
47: 1.890625 * foster
48: 1.890625 * Command
49: 1.8515625 * 2012
Total loss: 0.8015096783638 = MSE Loss: 0.24291592836380005, 0.001 * Sparsity Loss: 560.0
Epoch: 0 batch_num: 133
0: 8.25 * realizeaz
1: 5.65625 * Licensed
2: 5.125 * west
3: 5.125 * supplied
4: 4.6875 * assistant
5: 4.125 * Weekend
6: 4.09375 * spots
7: 3.96875 * Profile
8: 3.90625 * ears
9: 3.765625 * 2016
10: 3.640625 * staffed
11: 3.453125 * Do
12: 3.40625 * West
13: 3.265625 * providing
14: 3.25 * provides
15: 3.21875 * Standard
16: 3.203125 * Fox
17: 3.109375 * outdoors
18: 3.09375 * eignen
19: 3.078125 * oraş
20: 3.0 * weekends
21: 3.0 * Assistant
22: 2.90625 * profile
23: 2.90625 * adecvat
24: 2.84375 * (8
25: 2.6875 * </s>
26: 2.640625 * provided
27: 2.515625 * weekend
28: 2.5 * 2013
29: 2.5 * shedding
30: 2.484375 * begging
31: 2.4375 * cât
32: 2.40625 * Average
33: 2.375 * west
34: 2.34375 * spot
35: 2.328125 * Run
36: 2.28125 * interest
37: 2.203125 * walks
38: 2.203125 * Do
39: 2.203125 * wind
40: 2.140625 * striped
41: 2.09375 * New
42: 2.0625 * actiuni
43: 2.0625 * Third
44: 2.046875 * owner
45: 2.015625 * Providing
46: 1.96875 * big
47: 1.921875 * ches
48: 1.90625 * 2012
49: 1.890625 * Haushalt
Total loss: 0.7157373428344727 = MSE Loss: 0.17667485773563385, 0.001 * Sparsity Loss: 540.0
Epoch: 0 batch_num: 134
0: 7.90625 * realizeaz
1: 5.84375 * Licensed
2: 5.34375 * supplied
3: 4.84375 * assistant
4: 4.8125 * west
5: 4.125 * Weekend
6: 4.0625 * spots
7: 3.984375 * ears
8: 3.9375 * Profile
9: 3.671875 * 2016
10: 3.5625 * staffed
11: 3.421875 * Do
12: 3.40625 * Fox
13: 3.375 * providing
14: 3.328125 * provides
15: 3.28125 * Standard
16: 3.203125 * eignen
17: 3.171875 * outdoors
18: 3.125 * oraş
19: 3.109375 * Assistant
20: 2.890625 * (8
21: 2.765625 * weekends
22: 2.75 * profile
23: 2.734375 * provided
24: 2.734375 * adecvat
25: 2.703125 * West
26: 2.515625 * cât
27: 2.515625 * shedding
28: 2.484375 * 2013
29: 2.359375 * </s>
30: 2.359375 * Average
31: 2.3125 * begging
32: 2.265625 * Run
33: 2.234375 * weekend
34: 2.203125 * striped
35: 2.1875 * west
36: 2.109375 * spot
37: 2.0625 * Providing
38: 2.046875 * walks
39: 2.046875 * Third
40: 2.0 * interest
41: 1.9453125 * ches
42: 1.9296875 * Do
43: 1.921875 * Haushalt
44: 1.90625 * 2012
45: 1.8984375 * wind
46: 1.859375 * 2016
47: 1.84375 * New
48: 1.78125 * foster
49: 1.75 * и
Total loss: 0.7615718841552734 = MSE Loss: 0.24985316395759583, 0.001 * Sparsity Loss: 512.0
Epoch: 0 batch_num: 135
0: 7.0 * realizeaz
1: 5.9375 * Licensed
2: 5.46875 * supplied
3: 4.875 * assistant
4: 4.3125 * west
5: 4.0625 * Weekend
6: 3.9375 * ears
7: 3.796875 * Profile
8: 3.78125 * spots
9: 3.484375 * 2016
10: 3.484375 * Fox
11: 3.421875 * providing
12: 3.40625 * staffed
13: 3.34375 * Do
14: 3.296875 * provides
15: 3.296875 * Standard
16: 3.25 * eignen
17: 3.171875 * Assistant
18: 3.109375 * outdoors
19: 3.0625 * oraş
20: 2.875 * (8
21: 2.78125 * provided
22: 2.546875 * cât
23: 2.53125 * profile
24: 2.453125 * 2013
25: 2.453125 * adecvat
26: 2.421875 * shedding
27: 2.40625 * weekends
28: 2.28125 * Average
29: 2.1875 * striped
30: 2.125 * Run
31: 2.0625 * Providing
32: 2.03125 * Third
33: 2.015625 * begging
34: 1.9140625 * ches
35: 1.8984375 * walks
36: 1.890625 * west
37: 1.890625 * Haushalt
38: 1.875 * weekend
39: 1.8671875 * 2016
40: 1.8671875 * 2012
41: 1.84375 * </s>
42: 1.84375 * summer
43: 1.8359375 * West
44: 1.7265625 * Ferr
45: 1.703125 * spot
46: 1.703125 * Interest
47: 1.6640625 * Path
48: 1.65625 * Dixon
49: 1.640625 * foster
Total loss: 0.6986469030380249 = MSE Loss: 0.2240375578403473, 0.001 * Sparsity Loss: 474.0
Epoch: 0 batch_num: 136
0: 5.96875 * Licensed
1: 5.53125 * supplied
2: 5.375 * realizeaz
3: 4.8125 * assistant
4: 3.90625 * Weekend
5: 3.796875 * ears
6: 3.703125 * west
7: 3.5625 * Profile
8: 3.453125 * Fox
9: 3.328125 * providing
10: 3.265625 * Do
11: 3.265625 * 2016
12: 3.25 * Standard
13: 3.21875 * eignen
14: 3.171875 * staffed
15: 3.15625 * spots
16: 3.15625 * Assistant
17: 3.109375 * provides
18: 2.921875 * outdoors
19: 2.875 * (8
20: 2.84375 * oraş
21: 2.75 * provided
22: 2.53125 * cât
23: 2.40625 * 2013
24: 2.234375 * shedding
25: 2.21875 * profile
26: 2.21875 * Average
27: 2.09375 * striped
28: 2.03125 * Providing
29: 2.03125 * Third
30: 2.015625 * Run
31: 2.015625 * adecvat
32: 1.9140625 * weekends
33: 1.875 * ches
34: 1.8515625 * 2016
35: 1.8203125 * 2012
36: 1.8046875 * Haushalt
37: 1.796875 * summer
38: 1.6875 * Ferr
39: 1.6640625 * walks
40: 1.6484375 * Interest
41: 1.6328125 * Path
42: 1.609375 * DB
43: 1.6015625 * Extended
44: 1.5859375 * Dixon
45: 1.578125 * begging
46: 1.5625 * и
47: 1.5625 * west
48: 1.484375 * requesting
49: 1.4765625 * drift
Total loss: 0.6396601796150208 = MSE Loss: 0.20606641471385956, 0.001 * Sparsity Loss: 434.0
Epoch: 0 batch_num: 137
0: 5.90625 * Licensed
1: 5.5 * supplied
2: 4.6875 * assistant
3: 3.703125 * Weekend
4: 3.609375 * realizeaz
5: 3.59375 * ears
6: 3.359375 * Fox
7: 3.25 * Profile
8: 3.171875 * Do
9: 3.15625 * Standard
10: 3.140625 * providing
11: 3.140625 * eignen
12: 3.09375 * Assistant
13: 2.96875 * 2016
14: 2.921875 * west
15: 2.890625 * staffed
16: 2.828125 * provides
17: 2.8125 * (8
18: 2.734375 * outdoors
19: 2.6875 * provided
20: 2.578125 * oraş
21: 2.46875 * cât
22: 2.375 * spots
23: 2.34375 * 2013
24: 2.109375 * Average
25: 1.9921875 * Third
26: 1.9765625 * shedding
27: 1.96875 * Providing
28: 1.953125 * striped
29: 1.8984375 * Run
30: 1.8671875 * profile
31: 1.8125 * 2016
32: 1.8046875 * ches
33: 1.75 * 2012
34: 1.6796875 * Haushalt
35: 1.625 * Ferr
36: 1.625 * summer
37: 1.6171875 * Extended
38: 1.578125 * Path
39: 1.5625 * Interest
40: 1.546875 * DB
41: 1.4765625 * Dixon
42: 1.4765625 * adecvat
43: 1.46875 * requesting
44: 1.4609375 * drift
45: 1.4453125 * и
46: 1.4375 * IN
47: 1.3671875 * Pa
48: 1.3671875 * weekends
49: 1.2890625 * 2015
Total loss: 0.55552738904953 = MSE Loss: 0.15904302895069122, 0.001 * Sparsity Loss: 396.0
Epoch: 0 batch_num: 138
0: 5.8125 * Licensed
1: 5.40625 * supplied
2: 4.53125 * assistant
3: 3.453125 * Weekend
4: 3.296875 * ears
5: 3.203125 * Fox
6: 3.046875 * eignen
7: 3.03125 * Do
8: 3.03125 * Standard
9: 3.015625 * Assistant
10: 2.890625 * providing
11: 2.828125 * Profile
12: 2.703125 * (8
13: 2.609375 * 2016
14: 2.578125 * provided
15: 2.53125 * outdoors
16: 2.515625 * staffed
17: 2.484375 * provides
18: 2.359375 * cât
19: 2.296875 * oraş
20: 2.21875 * 2013
21: 2.15625 * west
22: 1.9921875 * Average
23: 1.921875 * Third
24: 1.875 * Providing
25: 1.8046875 * realizeaz
26: 1.7734375 * striped
27: 1.7578125 * Run
28: 1.75 * 2016
29: 1.71875 * ches
30: 1.6484375 * 2012
31: 1.640625 * shedding
32: 1.625 * Extended
33: 1.53125 * Haushalt
34: 1.5234375 * Ferr
35: 1.515625 * spots
36: 1.453125 * Interest
37: 1.4453125 * requesting
38: 1.4375 * Path
39: 1.4296875 * profile
40: 1.4296875 * DB
41: 1.421875 * drift
42: 1.3984375 * West
43: 1.34375 * Dixon
44: 1.3359375 * Wind
45: 1.3125 * summer
46: 1.296875 * day
47: 1.28125 * IN
48: 1.2734375 * day
49: 1.265625 * angled
Total loss: 0.5197973251342773 = MSE Loss: 0.16042234003543854, 0.001 * Sparsity Loss: 360.0
Epoch: 0 batch_num: 139
0: 5.6875 * Licensed
1: 5.21875 * supplied
2: 4.34375 * assistant
3: 3.15625 * Weekend
4: 3.0 * Fox
5: 2.921875 * eignen
6: 2.921875 * ears
7: 2.90625 * Assistant
8: 2.859375 * Standard
9: 2.84375 * Do
10: 2.609375 * providing
11: 2.578125 * (8
12: 2.421875 * provided
13: 2.328125 * Profile
14: 2.3125 * outdoors
15: 2.21875 * cât
16: 2.203125 * 2016
17: 2.125 * provides
18: 2.09375 * staffed
19: 2.0625 * 2013
20: 2.0 * oraş
21: 1.8359375 * Average
22: 1.8046875 * Third
23: 1.765625 * Providing
24: 1.703125 * West
25: 1.6640625 * 2016
26: 1.6171875 * Extended
27: 1.5859375 * ches
28: 1.578125 * Run
29: 1.5546875 * West
30: 1.5546875 * striped
31: 1.5234375 * 2012
32: 1.4375 * Wind
33: 1.4140625 * owner
34: 1.40625 * Ferr
35: 1.40625 * requesting
36: 1.40625 * day
37: 1.3671875 * Haushalt
38: 1.359375 * west
39: 1.3515625 * Interest
40: 1.34375 * drift
41: 1.25 * DB
42: 1.2421875 * angled
43: 1.234375 * shedding
44: 1.21875 * day
45: 1.1953125 * Path
46: 1.1796875 * Associated
47: 1.171875 * Dixon
48: 1.1171875 * actiuni
49: 1.109375 * Good
Total loss: 0.5481826066970825 = MSE Loss: 0.22201071679592133, 0.001 * Sparsity Loss: 326.0
Epoch: 0 batch_num: 140
0: 5.4375 * Licensed
1: 5.03125 * supplied
2: 4.15625 * assistant
3: 2.84375 * Weekend
4: 2.78125 * Assistant
5: 2.765625 * eignen
6: 2.734375 * Fox
7: 2.640625 * Standard
8: 2.625 * Do
9: 2.484375 * ears
10: 2.421875 * (8
11: 2.3125 * providing
12: 2.3125 * West
13: 2.28125 * provided
14: 2.078125 * outdoors
15: 2.015625 * cât
16: 1.8828125 * 2013
17: 1.796875 * provides
18: 1.734375 * Profile
19: 1.734375 * 2016
20: 1.6953125 * realizeaz
21: 1.6875 * oraş
22: 1.671875 * Third
23: 1.65625 * Providing
24: 1.65625 * Average
25: 1.640625 * West
26: 1.59375 * Extended
27: 1.578125 * staffed
28: 1.5546875 * 2016
29: 1.53125 * owner
30: 1.4140625 * ches
31: 1.3828125 * day
32: 1.3828125 * 2012
33: 1.359375 * requesting
34: 1.3203125 * Run
35: 1.3203125 * striped
36: 1.3125 * spot
37: 1.2890625 * Wind
38: 1.2578125 * Ferr
39: 1.25 * Interest
40: 1.234375 * interest
41: 1.2265625 * drift
42: 1.2109375 * angled
43: 1.171875 * Haushalt
44: 1.1328125 * </s>
45: 1.125 * Associated
46: 1.09375 * new
47: 1.0859375 * day
48: 1.0703125 * 2012
49: 1.0625 * Good
Total loss: 0.4537651538848877 = MSE Loss: 0.1568901687860489, 0.001 * Sparsity Loss: 296.0
Epoch: 0 batch_num: 141
0: 5.125 * Licensed
1: 4.78125 * supplied
2: 3.90625 * assistant
3: 2.90625 * realizeaz
4: 2.75 * West
5: 2.609375 * eignen
6: 2.609375 * Assistant
7: 2.5625 * Weekend
8: 2.390625 * Fox
9: 2.375 * Standard
10: 2.34375 * Do
11: 2.25 * (8
12: 2.125 * provided
13: 2.046875 * providing
14: 1.953125 * ears
15: 1.796875 * cât
16: 1.78125 * outdoors
17: 1.6796875 * 2013
18: 1.6328125 * West
19: 1.546875 * Extended
20: 1.5390625 * owner
21: 1.5390625 * Third
22: 1.53125 * Providing
23: 1.5078125 * spot
24: 1.484375 * provides
25: 1.4453125 * Average
26: 1.4296875 * 2016
27: 1.328125 * interest
28: 1.328125 * oraş
29: 1.3046875 * requesting
30: 1.265625 * </s>
31: 1.265625 * adecvat
32: 1.2421875 * 2016
33: 1.234375 * 2012
34: 1.1875 * ches
35: 1.1640625 * angled
36: 1.1640625 * day
37: 1.1328125 * Interest
38: 1.1171875 * new
39: 1.09375 * Ferr
40: 1.0859375 * Profile
41: 1.0859375 * drift
42: 1.0703125 * Associated
43: 1.0546875 * striped
44: 1.046875 * 2012
45: 1.0390625 * Run
46: 1.0234375 * staffed
47: 1.0078125 * Good
48: 0.96875 * Haushalt
49: 0.94140625 * droite
Total loss: 0.6246613264083862 = MSE Loss: 0.3512238562107086, 0.001 * Sparsity Loss: 274.0
Epoch: 0 batch_num: 142
0: 4.71875 * Licensed
1: 4.53125 * supplied
2: 3.59375 * assistant
3: 3.53125 * realizeaz
4: 2.640625 * West
5: 2.40625 * eignen
6: 2.390625 * Assistant
7: 2.296875 * Weekend
8: 2.109375 * Standard
9: 2.078125 * (8
10: 2.046875 * Do
11: 1.9921875 * Fox
12: 1.9375 * provided
13: 1.734375 * providing
14: 1.6953125 * adecvat
15: 1.5625 * cât
16: 1.5390625 * spot
17: 1.5 * owner
18: 1.5 * Extended
19: 1.4609375 * West
20: 1.453125 * 2013
21: 1.4140625 * outdoors
22: 1.40625 * Third
23: 1.390625 * Providing
24: 1.359375 * ears
25: 1.3359375 * interest
26: 1.2890625 * 2016
27: 1.2265625 * requesting
28: 1.140625 * </s>
29: 1.140625 * Average
30: 1.1328125 * provides
31: 1.109375 * angled
32: 1.09375 * 2012
33: 1.015625 * profile
34: 1.0 * Associated
35: 1.0 * Interest
36: 1.0 * 2012
37: 0.99609375 * new
38: 0.953125 * Good
39: 0.9375 * /2016
40: 0.9375 * oraş
41: 0.921875 * Ferr
42: 0.91796875 * ches
43: 0.9140625 * drift
44: 0.90234375 * big
45: 0.8984375 * droite
46: 0.87109375 * weekend
47: 0.8671875 * decizie
48: 0.84375 * weekends
49: 0.828125 * Run
Total loss: 0.4544353485107422 = MSE Loss: 0.20248223841190338, 0.001 * Sparsity Loss: 251.0
Epoch: 0 batch_num: 143
0: 4.25 * Licensed
1: 4.21875 * supplied
2: 3.84375 * realizeaz
3: 3.21875 * assistant
4: 2.234375 * West
5: 2.171875 * eignen
6: 2.140625 * Assistant
7: 2.0625 * Weekend
8: 1.9296875 * adecvat
9: 1.875 * (8
10: 1.8046875 * Standard
11: 1.75 * Do
12: 1.75 * provided
13: 1.5234375 * Fox
14: 1.4609375 * profile
15: 1.4296875 * spot
16: 1.421875 * Extended
17: 1.3828125 * providing
18: 1.3046875 * cât
19: 1.28125 * owner
20: 1.265625 * Third
21: 1.2421875 * interest
22: 1.234375 * Providing
23: 1.2109375 * 2013
24: 1.1796875 * West
25: 1.1484375 * requesting
26: 1.140625 * 2016
27: 1.046875 * angled
28: 1.0078125 * outdoors
29: 0.9765625 * /2016
30: 0.95703125 * </s>
31: 0.953125 * walks
32: 0.953125 * 2012
33: 0.9375 * weekend
34: 0.9296875 * Associated
35: 0.92578125 * 2012
36: 0.91796875 * actiuni
37: 0.90234375 * weekends
38: 0.86328125 * Interest
39: 0.85546875 * Good
40: 0.84375 * droite
41: 0.83984375 * comble
42: 0.8203125 * spots
43: 0.796875 * big
44: 0.796875 * Summer
45: 0.79296875 * new
46: 0.7578125 * provides
47: 0.734375 * drift
48: 0.73046875 * ears
49: 0.73046875 * Average
Total loss: 0.6143995523452759 = MSE Loss: 0.3839307725429535, 0.001 * Sparsity Loss: 230.0
Epoch: 0 batch_num: 144
0: 3.90625 * supplied
1: 3.71875 * Licensed
2: 3.1875 * realizeaz
3: 2.828125 * assistant
4: 1.8515625 * Assistant
5: 1.84375 * Weekend
6: 1.828125 * eignen
7: 1.7890625 * profile
8: 1.7109375 * West
9: 1.6796875 * adecvat
10: 1.640625 * (8
11: 1.546875 * provided
12: 1.53125 * Standard
13: 1.4296875 * Do
14: 1.34375 * Extended
15: 1.21875 * spot
16: 1.171875 * walks
17: 1.1171875 * Third
18: 1.09375 * Fox
19: 1.0546875 * requesting
20: 1.0546875 * interest
21: 1.046875 * cât
22: 1.046875 * Providing
23: 0.98046875 * providing
24: 0.97265625 * angled
25: 0.96875 * 2016
26: 0.9453125 * weekend
27: 0.91796875 * /2016
28: 0.91015625 * 2012
29: 0.8984375 * 2013
30: 0.8828125 * weekends
31: 0.8671875 * actiuni
32: 0.86328125 * comble
33: 0.84375 * Associated
34: 0.82421875 * Day
35: 0.80078125 * Do
36: 0.796875 * shedding
37: 0.7890625 * Summer
38: 0.78515625 * droite
39: 0.76953125 * imprumut
40: 0.765625 * West
41: 0.7578125 * vet
42: 0.7578125 * New
43: 0.74609375 * spots
44: 0.7421875 * 2012
45: 0.734375 * Interest
46: 0.7109375 * Path
47: 0.703125 * summer
48: 0.69921875 * foster
49: 0.6953125 * 2013
Total loss: 0.5294605493545532 = MSE Loss: 0.3136402368545532, 0.001 * Sparsity Loss: 216.0
Epoch: 0 batch_num: 145
0: 3.546875 * supplied
1: 3.171875 * Licensed
2: 2.40625 * realizeaz
3: 2.390625 * assistant
4: 1.984375 * profile
5: 1.6015625 * Weekend
6: 1.5390625 * Assistant
7: 1.484375 * eignen
8: 1.3828125 * (8
9: 1.375 * adecvat
10: 1.3125 * provided
11: 1.265625 * Standard
12: 1.234375 * Extended
13: 1.1796875 * walks
14: 1.1171875 * Do
15: 1.0390625 * Day
16: 0.99609375 * trecută
17: 0.96484375 * cărui
18: 0.95703125 * requesting
19: 0.953125 * weekend
20: 0.94921875 * West
21: 0.9453125 * Third
22: 0.93359375 * spot
23: 0.9296875 * Do
24: 0.92578125 * Path
25: 0.90234375 * shedding
26: 0.89453125 * angled
27: 0.89453125 * imprumut
28: 0.87109375 * 2012
29: 0.84765625 * comble
30: 0.84765625 * Profile
31: 0.84765625 * staffed
32: 0.84375 * Providing
33: 0.84375 * weekends
34: 0.8125 * vet
35: 0.80078125 * 2016
36: 0.78515625 * walk
37: 0.77734375 * interest
38: 0.7734375 * /2016
39: 0.76953125 * day
40: 0.7578125 * foster
41: 0.7578125 * cât
42: 0.7578125 * Associated
43: 0.7421875 * New
44: 0.734375 * )
45: 0.734375 * morning
46: 0.73046875 * droite
47: 0.71484375 * Speed
48: 0.703125 * standard
49: 0.69921875 * summer
Total loss: 0.3899618983268738 = MSE Loss: 0.18586033582687378, 0.001 * Sparsity Loss: 204.0
Epoch: 0 batch_num: 146
0: 3.1875 * supplied
1: 2.5625 * Licensed
2: 2.09375 * profile
3: 1.9375 * assistant
4: 1.328125 * Weekend
5: 1.2109375 * Assistant
6: 1.15625 * (8
7: 1.125 * Day
8: 1.1171875 * Extended
9: 1.078125 * provided
10: 1.078125 * eignen
11: 1.0703125 * Path
12: 1.03125 * Standard
13: 1.015625 * cărui
14: 1.0 * trecută
15: 0.99609375 * Profile
16: 0.96484375 * weekend
17: 0.94921875 * walks
18: 0.9296875 * ears
19: 0.92578125 * Do
20: 0.921875 * staffed
21: 0.921875 * shedding
22: 0.8984375 * adecvat
23: 0.87109375 * realizeaz
24: 0.86328125 * day
25: 0.859375 * requesting
26: 0.83984375 * 2012
27: 0.81640625 * vet
28: 0.8125 * angled
29: 0.8125 * Do
30: 0.796875 * walk
31: 0.7890625 * Third
32: 0.7890625 * weekends
33: 0.7578125 * standard
34: 0.74609375 * foster
35: 0.73046875 * comble
36: 0.72265625 * AS
37: 0.6796875 * morning
38: 0.671875 * Associated
39: 0.671875 * droite
40: 0.66796875 * New
41: 0.6640625 * и
42: 0.65234375 * oraş
43: 0.640625 * Providing
44: 0.63671875 * 2016
45: 0.63671875 * imprumut
46: 0.625 * owner
47: 0.61328125 * 2016
48: 0.59765625 * Speed
49: 0.59375 * strip
Total loss: 0.4959133267402649 = MSE Loss: 0.3035305142402649, 0.001 * Sparsity Loss: 192.0
Epoch: 1 batch_num: 0
0: 2.796875 * supplied
1: 2.125 * profile
2: 1.9921875 * Licensed
3: 1.5078125 * assistant
4: 1.2265625 * ears
5: 1.0859375 * Path
6: 1.0625 * Profile
7: 1.046875 * Weekend
8: 1.015625 * Day
9: 0.9921875 * Extended
10: 0.984375 * </s>
11: 0.95703125 * Do
12: 0.94140625 * weekend
13: 0.90234375 * Assistant
14: 0.89453125 * staffed
15: 0.88671875 * (8
16: 0.8359375 * provided
17: 0.8359375 * shedding
18: 0.8125 * Standard
19: 0.79296875 * 2012
20: 0.7890625 * cărui
21: 0.78515625 * 2016
22: 0.77734375 * vet
23: 0.7734375 * oraş
24: 0.76171875 * day
25: 0.75390625 * requesting
26: 0.74609375 * standard
27: 0.7421875 * command
28: 0.734375 * walks
29: 0.734375 * angled
30: 0.7265625 * realizeaz
31: 0.71875 * walk
32: 0.71484375 * trecută
33: 0.7109375 * weekends
34: 0.70703125 * AS
35: 0.69140625 * provides
36: 0.6875 * foster
37: 0.6875 * DB
38: 0.67578125 * eignen
39: 0.65625 * Average
40: 0.64453125 * /2019
41: 0.64453125 * Third
42: 0.63671875 * ging
43: 0.62890625 * owner
44: 0.61328125 * west
45: 0.61328125 * droite
46: 0.609375 * begging
47: 0.58984375 * и
48: 0.5859375 * strip
49: 0.58203125 * Associated
Total loss: 0.4215875267982483 = MSE Loss: 0.2438531517982483, 0.001 * Sparsity Loss: 178.0
Running validation... 
 Generating 5 videos with prompt: a dog <>.
Video generated motoken/output/l1_1e_3/validation/epoch_1/0.mp4
Video generated motoken/output/l1_1e_3/validation/epoch_1/1.mp4
Video generated motoken/output/l1_1e_3/validation/epoch_1/2.mp4
Video generated motoken/output/l1_1e_3/validation/epoch_1/3.mp4
Video generated motoken/output/l1_1e_3/validation/epoch_1/4.mp4
validation probability:  0.6336879372596741
replacing best alphas
saving alphas from step:  1
saving best alphas from validation epoch 1, words =  ['supplied', 'profile', 'Licensed', 'assistant', 'ears', 'Path', 'Profile', 'Weekend', 'Day', 'Extended', '</s>', 'Do', 'weekend', 'Assistant', 'staffed', '(8', 'provided', 'shedding', 'Standard', '2012', 'cărui', '2016', 'vet', 'oraş', 'day', 'requesting', 'standard', 'command', 'walks', 'angled', 'realizeaz', 'walk', 'trecută', 'weekends', 'AS', 'provides', 'foster', 'DB', 'eignen', 'Average', '/2019', 'Third', 'ging', 'owner', 'west', 'droite', 'begging', 'и', 'strip', 'Associated']
Epoch: 1 batch_num: 1
0: 2.390625 * supplied
1: 2.0625 * profile
2: 1.75 * realizeaz
3: 1.4296875 * Licensed
4: 1.3515625 * ears
5: 1.2421875 * </s>
6: 1.0859375 * Path
7: 1.078125 * assistant
8: 1.0546875 * Profile
9: 0.921875 * Do
10: 0.8984375 * provides
11: 0.89453125 * command
12: 0.88671875 * weekend
13: 0.86328125 * Extended
14: 0.82421875 * 2016
15: 0.82421875 * oraş
16: 0.8046875 * Day
17: 0.796875 * Weekend
18: 0.76953125 * staffed
19: 0.71484375 * DB
20: 0.71484375 * 2012
21: 0.70703125 * mândr
22: 0.703125 * shedding
23: 0.69921875 * standard
24: 0.69921875 * West
25: 0.6953125 * vet
26: 0.69140625 * ],
27: 0.6875 * Average
28: 0.6875 * legs
29: 0.6875 * Fox
30: 0.68359375 * providing
31: 0.67578125 * outdoors
32: 0.6640625 * ging
33: 0.66015625 * begging
34: 0.6484375 * angled
35: 0.6484375 * AS
36: 0.640625 * /2019
37: 0.640625 * (8
38: 0.640625 * requesting
39: 0.625 * Run
40: 0.6171875 * /
41: 0.6171875 * Assistant
42: 0.61328125 * provided
43: 0.609375 * weekends
44: 0.60546875 * ches
45: 0.60546875 * Standard
46: 0.6015625 * walk
47: 0.59375 * :
48: 0.57421875 * viziune
49: 0.5625 * tracking
Total loss: 0.41178399324417114 = MSE Loss: 0.24283868074417114, 0.001 * Sparsity Loss: 169.0
Epoch: 1 batch_num: 2
0: 2.265625 * realizeaz
1: 1.953125 * supplied
2: 1.8828125 * profile
3: 1.3828125 * </s>
4: 1.3671875 * ears
5: 1.1171875 * mândr
6: 1.0625 * provides
7: 1.046875 * Path
8: 0.98046875 * Profile
9: 0.9609375 * providing
10: 0.92578125 * command
11: 0.91796875 * Fox
12: 0.87109375 * Licensed
13: 0.8203125 * Do
14: 0.8125 * oraş
15: 0.8046875 * ],
16: 0.765625 * 2016
17: 0.76171875 * weekend
18: 0.76171875 * outdoors
19: 0.75390625 * West
20: 0.734375 * Extended
21: 0.7265625 * adecvat
22: 0.71875 * interest
23: 0.69140625 * :
24: 0.6875 * imprumut
25: 0.68359375 * assistant
26: 0.6796875 * Average
27: 0.6796875 * legs
28: 0.67578125 * DB
29: 0.671875 * ches
30: 0.66796875 * /
31: 0.6640625 * Run
32: 0.640625 * standard
33: 0.62109375 * 2012
34: 0.6171875 * begging
35: 0.61328125 * ging
36: 0.6015625 * Weekend
37: 0.5859375 * walk
38: 0.58203125 * vet
39: 0.5703125 * picioare
40: 0.56640625 * striped
41: 0.55078125 * angled
42: 0.54296875 * /2019
43: 0.54296875 * viziune
44: 0.54296875 * staffed
45: 0.54296875 * good
46: 0.54296875 * AS
47: 0.53515625 * Day
48: 0.52734375 * requesting
49: 0.51953125 * dogs
Total loss: 0.6335416436195374 = MSE Loss: 0.47338539361953735, 0.001 * Sparsity Loss: 160.0
Epoch: 1 batch_num: 3
0: 2.5 * realizeaz
1: 1.609375 * profile
2: 1.5 * supplied
3: 1.4296875 * </s>
4: 1.2890625 * mândr
5: 1.2734375 * ears
6: 1.1953125 * provides
7: 1.15625 * providing
8: 1.0390625 * Fox
9: 0.97265625 * adecvat
10: 0.96484375 * Path
11: 0.87109375 * imprumut
12: 0.828125 * command
13: 0.828125 * outdoors
14: 0.8046875 * Profile
15: 0.77734375 * interest
16: 0.76171875 * ],
17: 0.7578125 * oraş
18: 0.71875 * ches
19: 0.6953125 * cât
20: 0.6953125 * West
21: 0.6875 * Do
22: 0.6796875 * Run
23: 0.67578125 * :
24: 0.65625 * Average
25: 0.65234375 * 2016
26: 0.61328125 * Extended
27: 0.59765625 * /
28: 0.59765625 * weekend
29: 0.58203125 * picioare
30: 0.578125 * striped
31: 0.5703125 * /2016
32: 0.56640625 * Summer
33: 0.56640625 * DB
34: 0.55859375 * standard
35: 0.5390625 * walk
36: 0.53125 * 2012
37: 0.5234375 * 2013.
38: 0.5234375 * legs
39: 0.51953125 * good
40: 0.515625 * ging
41: 0.5078125 * territory
42: 0.5 * In
43: 0.49609375 * leg
44: 0.4921875 * begging
45: 0.48046875 * big
46: 0.4765625 * summer
47: 0.46875 * Ferr
48: 0.46875 * new
49: 0.462890625 * local
Total loss: 0.42085692286491394 = MSE Loss: 0.27241942286491394, 0.001 * Sparsity Loss: 148.0
Epoch: 1 batch_num: 4
0: 2.21875 * realizeaz
1: 1.2890625 * </s>
2: 1.25 * profile
3: 1.25 * providing
4: 1.2265625 * provides
5: 1.1328125 * ears
6: 1.109375 * adecvat
7: 1.0859375 * mândr
8: 1.0625 * Fox
9: 1.046875 * supplied
10: 0.88671875 * outdoors
11: 0.8515625 * imprumut
12: 0.84375 * Path
13: 0.8046875 * cât
14: 0.765625 * west
15: 0.75 * ches
16: 0.71484375 * /2016
17: 0.6875 * interest
18: 0.65625 * oraş
19: 0.62890625 * Average
20: 0.6171875 * command
21: 0.61328125 * Run
22: 0.57421875 * West
23: 0.55859375 * Do
24: 0.5546875 * Profile
25: 0.55078125 * striped
26: 0.53515625 * picioare
27: 0.53515625 * 2016
28: 0.52734375 * territory
29: 0.51953125 * Summer
30: 0.4921875 * Do
31: 0.490234375 * PR
32: 0.48828125 * Ferr
33: 0.48828125 * new
34: 0.486328125 * Extended
35: 0.453125 * ],
36: 0.453125 * big
37: 0.447265625 * walk
38: 0.447265625 * 2013.
39: 0.447265625 * day
40: 0.4453125 * drift
41: 0.443359375 * Walking
42: 0.443359375 * in
43: 0.44140625 * standard
44: 0.439453125 * 2012
45: 0.42578125 * Animal
46: 0.41796875 * DB
47: 0.416015625 * Dog
48: 0.412109375 * leg
49: 0.41015625 * ging
Total loss: 0.4494180381298065 = MSE Loss: 0.3117227256298065, 0.001 * Sparsity Loss: 138.0
Epoch: 1 batch_num: 5
0: 1.859375 * realizeaz
1: 1.28125 * providing
2: 1.21875 * provides
3: 1.1015625 * adecvat
4: 1.0859375 * </s>
5: 1.0 * Fox
6: 0.9375 * ears
7: 0.8984375 * outdoors
8: 0.8828125 * west
9: 0.84375 * cât
10: 0.828125 * profile
11: 0.78515625 * /2016
12: 0.73828125 * ches
13: 0.70703125 * Path
14: 0.6953125 * imprumut
15: 0.61328125 * mândr
16: 0.609375 * supplied
17: 0.59765625 * in
18: 0.5859375 * Licensed
19: 0.578125 * Average
20: 0.55078125 * Do
21: 0.546875 * PR
22: 0.54296875 * interest
23: 0.52734375 * Run
24: 0.515625 * Scout
25: 0.515625 * actiuni
26: 0.51171875 * oraş
27: 0.5 * eignen
28: 0.5 * new
29: 0.5 * striped
30: 0.486328125 * 5%
31: 0.478515625 * wind
32: 0.474609375 * Ferr
33: 0.4609375 * walk
34: 0.458984375 * territory
35: 0.45703125 * picioare
36: 0.453125 * West
37: 0.451171875 * ,
38: 0.435546875 * Walking
39: 0.431640625 * drift
40: 0.412109375 * command
41: 0.40625 * big
42: 0.40625 * In
43: 0.40234375 * low
44: 0.3984375 * walking
45: 0.3984375 * Walk
46: 0.39453125 * Animal
47: 0.392578125 * Dog
48: 0.380859375 * Do
49: 0.37890625 * transition
Total loss: 0.33061346411705017 = MSE Loss: 0.19975408911705017, 0.001 * Sparsity Loss: 131.0
Epoch: 1 batch_num: 6
0: 1.3515625 * realizeaz
1: 1.2421875 * providing
2: 1.171875 * provides
3: 0.9609375 * adecvat
4: 0.8828125 * Fox
5: 0.875 * Licensed
6: 0.84765625 * outdoors
7: 0.8359375 * cât
8: 0.8125 * </s>
9: 0.8125 * west
10: 0.796875 * /2016
11: 0.7109375 * actiuni
12: 0.67578125 * ches
13: 0.67578125 * ears
14: 0.61328125 * legs
15: 0.56640625 * Do
16: 0.5625 * eignen
17: 0.51953125 * Path
18: 0.51953125 * 5%
19: 0.51171875 * Scout
20: 0.4921875 * in
21: 0.482421875 * new
22: 0.451171875 * side
23: 0.44921875 * Average
24: 0.447265625 * PR
25: 0.447265625 * ity
26: 0.4453125 * shedding
27: 0.43359375 * transition
28: 0.4296875 * Walk
29: 0.4296875 * Ferr
30: 0.4296875 * staffed
31: 0.427734375 * foster
32: 0.427734375 * weekends
33: 0.41796875 * striped
34: 0.416015625 * viziune
35: 0.4140625 * RE
36: 0.41015625 * wind
37: 0.40234375 * Run
38: 0.40234375 * drift
39: 0.390625 * ements
40: 0.390625 * assistant
41: 0.388671875 * walk
42: 0.38671875 * walking
43: 0.384765625 * profile
44: 0.373046875 * (5)
45: 0.365234375 * low
46: 0.361328125 * '
47: 0.35546875 * DOT
48: 0.3515625 * animal
49: 0.34765625 * tracking
Total loss: 0.3580101430416107 = MSE Loss: 0.23789295554161072, 0.001 * Sparsity Loss: 120.0
Epoch: 1 batch_num: 7
0: 1.171875 * providing
1: 1.078125 * provides
2: 1.0703125 * Licensed
3: 0.7890625 * cât
4: 0.74609375 * /2016
5: 0.734375 * outdoors
6: 0.73046875 * legs
7: 0.72265625 * Fox
8: 0.7109375 * adecvat
9: 0.59375 * west
10: 0.58203125 * eignen
11: 0.57421875 * Do
12: 0.56640625 * ches
13: 0.55859375 * actiuni
14: 0.51953125 * weekends
15: 0.51953125 * assistant
16: 0.5 * mândr
17: 0.4921875 * summer
18: 0.466796875 * 5%
19: 0.458984375 * RE
20: 0.45703125 * ity
21: 0.455078125 * shedding
22: 0.453125 * viziune
23: 0.451171875 * side
24: 0.4453125 * tracking
25: 0.44140625 * new
26: 0.439453125 * animal
27: 0.439453125 * at
28: 0.4375 * in
29: 0.43359375 * foster
30: 0.42578125 * realizeaz
31: 0.421875 * Scout
32: 0.421875 * transition
33: 0.419921875 * Profile
34: 0.412109375 * middle
35: 0.408203125 * staffed
36: 0.3984375 * IN
37: 0.396484375 * (8
38: 0.39453125 * cărui
39: 0.37890625 * Assistant
40: 0.373046875 * acţiune
41: 0.365234375 * Ferr
42: 0.353515625 * 2013
43: 0.353515625 * drift
44: 0.34765625 * ears
45: 0.341796875 * Providing
46: 0.33984375 * Strip
47: 0.337890625 * AT
48: 0.3359375 * decizie
49: 0.330078125 * (5)
Total loss: 0.2956123948097229 = MSE Loss: 0.1833077222108841, 0.001 * Sparsity Loss: 112.5
Epoch: 1 batch_num: 8
0: 1.1875 * Licensed
1: 1.09375 * providing
2: 0.9921875 * provides
3: 0.8984375 * realizeaz
4: 0.703125 * cât
5: 0.66796875 * at
6: 0.65625 * legs
7: 0.6484375 * /2016
8: 0.64453125 * cărui
9: 0.59375 * outdoors
10: 0.59375 * assistant
11: 0.58984375 * imprumut
12: 0.5703125 * eignen
13: 0.55859375 * Profile
14: 0.55078125 * Do
15: 0.546875 * weekends
16: 0.5234375 * Fox
17: 0.515625 * summer
18: 0.50390625 * mândr
19: 0.466796875 * (8
20: 0.455078125 * middle
21: 0.451171875 * St
22: 0.447265625 * /
23: 0.44140625 * of
24: 0.431640625 * West
25: 0.427734375 * tracking
26: 0.427734375 * ches
27: 0.42578125 * west
28: 0.41796875 * shedding
29: 0.4140625 * animal
30: 0.404296875 * Assistant
31: 0.3828125 * RE
32: 0.380859375 * ity
33: 0.380859375 * standard
34: 0.380859375 * IN
35: 0.376953125 * transition
36: 0.376953125 * in
37: 0.373046875 * "
38: 0.37109375 * 2013
39: 0.3671875 * ating
40: 0.36328125 * Strip
41: 0.36328125 * clădiri
42: 0.35546875 * foster
43: 0.3515625 * .
44: 0.349609375 * supplied
45: 0.34765625 * %
46: 0.34375 * DB
47: 0.33984375 * #
48: 0.333984375 * viziune
49: 0.33203125 * Providing
Total loss: 0.3197951316833496 = MSE Loss: 0.2104201316833496, 0.001 * Sparsity Loss: 109.5
Epoch: 1 batch_num: 9
0: 2.171875 * realizeaz
1: 1.1484375 * Licensed
2: 0.9765625 * providing
3: 0.875 * provides
4: 0.84375 * </s>
5: 0.7734375 * cărui
6: 0.73828125 * imprumut
7: 0.72265625 * at
8: 0.62109375 * assistant
9: 0.59375 * cât
10: 0.578125 * eignen
11: 0.54296875 * of
12: 0.53515625 * oraş
13: 0.52734375 * Profile
14: 0.51953125 * weekends
15: 0.515625 * /2016
16: 0.5078125 * legs
17: 0.498046875 * (8
18: 0.498046875 * standard
19: 0.470703125 * Do
20: 0.470703125 * supplied
21: 0.451171875 * "
22: 0.443359375 * outdoors
23: 0.435546875 * interest
24: 0.421875 * profile
25: 0.419921875 * clădiri
26: 0.412109375 * /
27: 0.40234375 * path
28: 0.40234375 * Assistant
29: 0.3984375 * St
30: 0.39453125 * small
31: 0.39453125 * ears
32: 0.384765625 * DB
33: 0.376953125 * Path
34: 0.376953125 * actiuni
35: 0.376953125 * West
36: 0.369140625 * vet
37: 0.369140625 * middle
38: 0.36328125 * summer
39: 0.36328125 * Wind
40: 0.361328125 * ements
41: 0.349609375 * #
42: 0.349609375 * 2013
43: 0.349609375 * ating
44: 0.3359375 * Do
45: 0.333984375 * Go
46: 0.33203125 * 23,
47: 0.326171875 * walk
48: 0.322265625 * ity
49: 0.31640625 * owner
Total loss: 0.30134934186935425 = MSE Loss: 0.19392746686935425, 0.001 * Sparsity Loss: 107.5
Epoch: 1 batch_num: 10
0: 2.953125 * realizeaz
1: 1.1171875 * </s>
2: 1.0546875 * Licensed
3: 0.79296875 * providing
4: 0.71875 * cărui
5: 0.69140625 * provides
6: 0.69140625 * oraş
7: 0.67578125 * Path
8: 0.65234375 * path
9: 0.62890625 * assistant
10: 0.625 * imprumut
11: 0.62109375 * actiuni
12: 0.60546875 * at
13: 0.59375 * ears
14: 0.5625 * eignen
15: 0.55859375 * walk
16: 0.55859375 * standard
17: 0.5390625 * supplied
18: 0.53125 * interest
19: 0.53125 * of
20: 0.51171875 * dog
21: 0.5078125 * (8
22: 0.458984375 * weekends
23: 0.45703125 * cât
24: 0.451171875 * big
25: 0.44921875 * profile
26: 0.427734375 * PR
27: 0.42578125 * Profile
28: 0.400390625 * New
29: 0.396484375 * Do
30: 0.39453125 * Assistant
31: 0.384765625 * ncing
32: 0.384765625 * DB
33: 0.380859375 * small
34: 0.37890625 * Average
35: 0.373046875 * territory
36: 0.37109375 * Do
37: 0.369140625 * vet
38: 0.36328125 * и
39: 0.35546875 * Weekend
40: 0.35546875 * of
41: 0.353515625 * Wind
42: 0.3515625 * /2016
43: 0.3515625 * clădiri
44: 0.337890625 * ly
45: 0.328125 * 23,
46: 0.322265625 * adecvat
47: 0.31640625 * "
48: 0.31640625 * In
49: 0.30859375 * pet
Total loss: 0.28290849924087524 = MSE Loss: 0.17939287424087524, 0.001 * Sparsity Loss: 103.5
Epoch: 1 batch_num: 11
0: 3.28125 * realizeaz
1: 1.2578125 * </s>
2: 0.94921875 * Licensed
3: 0.8828125 * Path
4: 0.80859375 * path
5: 0.75390625 * oraş
6: 0.66796875 * walk
7: 0.65625 * ears
8: 0.62109375 * assistant
9: 0.61328125 * actiuni
10: 0.578125 * standard
11: 0.55859375 * providing
12: 0.55859375 * supplied
13: 0.5234375 * eignen
14: 0.50390625 * (8
15: 0.50390625 * New
16: 0.498046875 * dog
17: 0.4921875 * PR
18: 0.470703125 * interest
19: 0.451171875 * provides
20: 0.44921875 * at
21: 0.447265625 * medium
22: 0.435546875 * big
23: 0.43359375 * cărui
24: 0.4296875 * ncing
25: 0.423828125 * Average
26: 0.419921875 * и
27: 0.404296875 * profile
28: 0.392578125 * territory
29: 0.390625 * imprumut
30: 0.388671875 * Weekend
31: 0.37890625 * Assistant
32: 0.376953125 * 5%
33: 0.376953125 * weekends
34: 0.369140625 * adecvat
35: 0.3671875 * of
36: 0.36328125 * Do
37: 0.361328125 * In
38: 0.3515625 * Side
39: 0.349609375 * staffed
40: 0.333984375 * vet
41: 0.326171875 * DB
42: 0.326171875 * Command
43: 0.30859375 * "
44: 0.30859375 * transition
45: 0.306640625 * picioare
46: 0.3046875 * side
47: 0.302734375 * cât
48: 0.298828125 * viziune
49: 0.298828125 * Fox
Total loss: 0.26557570695877075 = MSE Loss: 0.16303664445877075, 0.001 * Sparsity Loss: 102.5
Epoch: 1 batch_num: 12
0: 3.15625 * realizeaz
1: 1.2421875 * </s>
2: 0.94140625 * Path
3: 0.84375 * Licensed
4: 0.74609375 * oraş
5: 0.703125 * path
6: 0.6328125 * ears
7: 0.6015625 * assistant
8: 0.54296875 * supplied
9: 0.53515625 * standard
10: 0.53125 * walk
11: 0.53125 * Fox
12: 0.51953125 * New
13: 0.46484375 * (8
14: 0.462890625 * eignen
15: 0.455078125 * transition
16: 0.4453125 * PR
17: 0.439453125 * Average
18: 0.4375 * medium
19: 0.43359375 * 5%
20: 0.412109375 * dărui
21: 0.408203125 * shedding
22: 0.3984375 * Weekend
23: 0.369140625 * ity
24: 0.3671875 * territory
25: 0.3671875 * IN
26: 0.36328125 * of
27: 0.36328125 * RE
28: 0.361328125 * Side
29: 0.359375 * ncing
30: 0.359375 * Assistant
31: 0.3515625 * и
32: 0.34765625 * 2013.
33: 0.345703125 * "
34: 0.341796875 * Command
35: 0.3359375 * low
36: 0.33203125 * staffed
37: 0.326171875 * >
38: 0.326171875 * new
39: 0.326171875 * Pitt
40: 0.326171875 * 2012
41: 0.322265625 * In
42: 0.3125 * actiuni
43: 0.310546875 * interest
44: 0.306640625 * providing
45: 0.302734375 * big
46: 0.30078125 * he
47: 0.29296875 * profile
48: 0.2890625 * adecvat
49: 0.287109375 * maşin
Total loss: 0.31183314323425293 = MSE Loss: 0.21173550188541412, 0.001 * Sparsity Loss: 100.0
Epoch: 1 batch_num: 13
0: 2.6875 * realizeaz
1: 1.078125 * </s>
2: 0.8984375 * Path
3: 0.703125 * Licensed
4: 0.671875 * oraş
5: 0.66015625 * Fox
6: 0.5625 * assistant
7: 0.515625 * shedding
8: 0.51171875 * supplied
9: 0.5 * In
10: 0.4765625 * ears
11: 0.458984375 * standard
12: 0.4375 * RE
13: 0.435546875 * transition
14: 0.435546875 * IN
15: 0.43359375 * dărui
16: 0.43359375 * New
17: 0.4296875 * Average
18: 0.4140625 * stick
19: 0.408203125 * path
20: 0.40234375 * (8
21: 0.40234375 * ity
22: 0.392578125 * Weekend
23: 0.3828125 * eignen
24: 0.380859375 * 2013.
25: 0.37109375 * and
26: 0.3671875 * west
27: 0.36328125 * Pitt
28: 0.36328125 * of
29: 0.3515625 * major
30: 0.349609375 * 2012
31: 0.34375 * 5%
32: 0.33984375 * PR
33: 0.3359375 * speed
34: 0.330078125 * Assistant
35: 0.326171875 * "
36: 0.32421875 * he
37: 0.3125 * >
38: 0.310546875 * medium
39: 0.310546875 * Command
40: 0.3046875 * #
41: 0.3046875 * Side
42: 0.302734375 * %
43: 0.30078125 * walk
44: 0.30078125 * /
45: 0.30078125 * misiune
46: 0.30078125 * CC
47: 0.30078125 * new
48: 0.283203125 * ”,
49: 0.283203125 * low
Total loss: 0.3885628879070282 = MSE Loss: 0.2928597629070282, 0.001 * Sparsity Loss: 95.5
Epoch: 1 batch_num: 14
0: 1.90625 * realizeaz
1: 0.7890625 * Path
2: 0.75390625 * </s>
3: 0.69921875 * Fox
4: 0.5546875 * oraş
5: 0.51953125 * IN
6: 0.515625 * Licensed
7: 0.5078125 * shedding
8: 0.50390625 * assistant
9: 0.4921875 * west
10: 0.458984375 * supplied
11: 0.455078125 * actiuni
12: 0.44921875 * In
13: 0.41796875 * misiune
14: 0.416015625 * and
15: 0.400390625 * Average
16: 0.388671875 * RE
17: 0.38671875 * stick
18: 0.3828125 * mândr
19: 0.3828125 * interest
20: 0.376953125 * /
21: 0.373046875 * major
22: 0.373046875 * 2013.
23: 0.361328125 * Weekend
24: 0.357421875 * transition
25: 0.357421875 * 2012
26: 0.345703125 * standard
27: 0.341796875 * /2016
28: 0.33984375 * dărui
29: 0.337890625 * ],
30: 0.3359375 * Pitt
31: 0.333984375 * in
32: 0.328125 * #
33: 0.326171875 * %
34: 0.326171875 * on
35: 0.32421875 * (8
36: 0.3203125 * of
37: 0.314453125 * clădiri
38: 0.30859375 * Profile
39: 0.30078125 * he
40: 0.296875 * CC
41: 0.291015625 * ating
42: 0.2890625 * eignen
43: 0.2890625 * Assistant
44: 0.28125 * 
45: 0.279296875 * provides
46: 0.27734375 * viziune
47: 0.27734375 * ches
48: 0.2734375 * New
49: 0.2734375 * м
Total loss: 0.41753146052360535 = MSE Loss: 0.32964083552360535, 0.001 * Sparsity Loss: 88.0
Epoch: 1 batch_num: 15
0: 0.91015625 * realizeaz
1: 0.6875 * Path
2: 0.6796875 * Fox
3: 0.61328125 * IN
4: 0.57421875 * interest
5: 0.490234375 * west
6: 0.4609375 * ],
7: 0.42578125 * provides
8: 0.42578125 * assistant
9: 0.421875 * mândr
10: 0.396484375 * Profile
11: 0.388671875 * /2016
12: 0.388671875 * oraş
13: 0.3828125 * adecvat
14: 0.380859375 * supplied
15: 0.373046875 * shedding
16: 0.369140625 * providing
17: 0.3671875 * On
18: 0.365234375 * 
19: 0.357421875 * Average
20: 0.35546875 * 2013.
21: 0.353515625 * </s>
22: 0.353515625 * 2012
23: 0.3515625 * viziune
24: 0.34375 * medium
25: 0.341796875 * big
26: 0.337890625 * he
27: 0.3359375 * misiune
28: 0.33203125 * breath
29: 0.328125 * at
30: 0.32421875 * Weekend
31: 0.3203125 * Licensed
32: 0.31640625 * RE
33: 0.314453125 * /2019
34: 0.3125 * Territory
35: 0.3125 * decizie
36: 0.302734375 * actiuni
37: 0.30078125 * logy
38: 0.298828125 * major
39: 0.29296875 * dogs
40: 0.291015625 * from
41: 0.291015625 * and
42: 0.28515625 * Transition
43: 0.28125 * Dis
44: 0.271484375 * walk
45: 0.26953125 * Good
46: 0.267578125 * with
47: 0.265625 * ements
48: 0.265625 * pets
49: 0.259765625 * (8
Total loss: 0.2746328115463257 = MSE Loss: 0.18820704519748688, 0.001 * Sparsity Loss: 86.5
Epoch: 1 batch_num: 16
0: 1.1875 * realizeaz
1: 0.66015625 * Fox
2: 0.640625 * interest
3: 0.58984375 * Path
4: 0.515625 * medium
5: 0.484375 * provides
6: 0.47265625 * Territory
7: 0.466796875 * walk
8: 0.458984375 * Profile
9: 0.453125 * providing
10: 0.404296875 * On
11: 0.40234375 * dărui
12: 0.3828125 * и
13: 0.3828125 * ITY
14: 0.37890625 * territory
15: 0.37890625 * cărui
16: 0.375 * /2016
17: 0.369140625 * 
18: 0.36328125 * breath
19: 0.357421875 * Transition
20: 0.353515625 * path
21: 0.353515625 * assistant
22: 0.3515625 * dog
23: 0.3515625 * IN
24: 0.3515625 * 2012
25: 0.349609375 * ],
26: 0.34765625 * at
27: 0.341796875 * 2013.
28: 0.330078125 * ears
29: 0.322265625 * </s>
30: 0.322265625 * ements
31: 0.3203125 * Dis
32: 0.318359375 * staffed
33: 0.3125 * /2019
34: 0.30859375 * Weekend
35: 0.30859375 * ST
36: 0.306640625 * supplied
37: 0.298828125 * leg
38: 0.298828125 * Average
39: 0.296875 * Ross
40: 0.29296875 * pets
41: 0.291015625 * freedom
42: 0.291015625 * maşin
43: 0.28515625 * PR
44: 0.28515625 * profile
45: 0.28515625 * DB
46: 0.283203125 * anului
47: 0.27734375 * Do
48: 0.27734375 * big
49: 0.2734375 * walks
Total loss: 0.3761964738368988 = MSE Loss: 0.2887941300868988, 0.001 * Sparsity Loss: 87.5
Epoch: 1 batch_num: 17
0: 2.734375 * realizeaz
1: 0.7890625 * </s>
2: 0.66015625 * dărui
3: 0.64453125 * cărui
4: 0.59375 * dog
5: 0.578125 * interest
6: 0.5625 * Fox
7: 0.54296875 * medium
8: 0.50390625 * walk
9: 0.4921875 * mândr
10: 0.482421875 * Territory
11: 0.48046875 * provides
12: 0.46484375 * Path
13: 0.462890625 * providing
14: 0.458984375 * и
15: 0.455078125 * anului
16: 0.4375 * ITY
17: 0.42578125 * In
18: 0.423828125 * does
19: 0.4140625 * Profile
20: 0.41015625 * walks
21: 0.41015625 * West
22: 0.40625 * dogs
23: 0.40625 * territory
24: 0.3984375 * actiuni
25: 0.396484375 * -
26: 0.396484375 * misiune
27: 0.369140625 * Transition
28: 0.35546875 * do
29: 0.3515625 * Ross
30: 0.345703125 * Do
31: 0.3359375 * 2012
32: 0.333984375 * /
33: 0.33203125 * path
34: 0.33203125 * Command
35: 0.330078125 * ears
36: 0.330078125 * Wind
37: 0.3203125 * staffed
38: 0.318359375 * е
39: 0.310546875 * PR
40: 0.310546875 * DB
41: 0.3046875 * stick
42: 0.3046875 * breath
43: 0.298828125 * 
44: 0.296875 * ity
45: 0.294921875 * be
46: 0.294921875 * /2016
47: 0.294921875 * 3
48: 0.28515625 * "
49: 0.279296875 * 2013.
Total loss: 0.26208293437957764 = MSE Loss: 0.16882123053073883, 0.001 * Sparsity Loss: 93.5
Epoch: 1 batch_num: 18
0: 3.5625 * realizeaz
1: 0.97265625 * </s>
2: 0.7109375 * cărui
3: 0.68359375 * dărui
4: 0.625 * mândr
5: 0.6015625 * misiune
6: 0.56640625 * dog
7: 0.56640625 * -
8: 0.5078125 * medium
9: 0.494140625 * anului
10: 0.470703125 * provides
11: 0.458984375 * providing
12: 0.45703125 * dogs
13: 0.40234375 * и
14: 0.3984375 * walk
15: 0.3984375 * walks
16: 0.388671875 * Territory
17: 0.369140625 * /
18: 0.369140625 * territory
19: 0.369140625 * Do
20: 0.369140625 * ITY
21: 0.365234375 * Fox
22: 0.365234375 * oraş
23: 0.361328125 * In
24: 0.357421875 * Path
25: 0.357421875 * CC
26: 0.333984375 * of
27: 0.33203125 * St
28: 0.328125 * does
29: 0.32421875 * standard
30: 0.32421875 * interest
31: 0.31640625 * DB
32: 0.3125 * shedding
33: 0.306640625 * Profile
34: 0.306640625 * 2012
35: 0.29296875 * >
36: 0.2890625 * #
37: 0.2890625 * do
38: 0.283203125 * regiuni
39: 0.28125 * viziune
40: 0.279296875 * ;
41: 0.279296875 * Command
42: 0.279296875 * RE
43: 0.275390625 * ://
44: 0.2734375 * animal
45: 0.267578125 * –
46: 0.265625 * vet
47: 0.265625 * summer
48: 0.259765625 * doing
49: 0.259765625 * clădiri
Total loss: 0.29571670293807983 = MSE Loss: 0.20636123418807983, 0.001 * Sparsity Loss: 89.5
Epoch: 1 batch_num: 19
0: 3.890625 * realizeaz
1: 1.03125 * </s>
2: 0.6015625 * misiune
3: 0.578125 * cărui
4: 0.53515625 * shedding
5: 0.51953125 * of
6: 0.498046875 * oraş
7: 0.484375 * dărui
8: 0.46484375 * -
9: 0.462890625 * mândr
10: 0.44921875 * CC
11: 0.443359375 * anului
12: 0.443359375 * provides
13: 0.443359375 * providing
14: 0.421875 * trecută
15: 0.416015625 * dog
16: 0.400390625 * West
17: 0.39453125 * medium
18: 0.388671875 * ating
19: 0.388671875 * Licensed
20: 0.384765625 * and
21: 0.380859375 * in
22: 0.373046875 * standard
23: 0.3671875 * actiuni
24: 0.361328125 * walks
25: 0.349609375 * ements
26: 0.33984375 * and
27: 0.337890625 * In
28: 0.3359375 * Do
29: 0.3359375 * <unk>
30: 0.326171875 * RE
31: 0.3046875 * eignen
32: 0.29296875 * Do
33: 0.291015625 * "
34: 0.2890625 * St
35: 0.287109375 * DB
36: 0.28515625 * able
37: 0.275390625 * fit
38: 0.2734375 * и
39: 0.271484375 * Pitt
40: 0.271484375 * 2012
41: 0.271484375 * pace
42: 0.26953125 * fit
43: 0.265625 * territory
44: 0.26171875 * dogs
45: 0.259765625 * vet
46: 0.2412109375 * specific
47: 0.2412109375 * speed
48: 0.2392578125 * ON
49: 0.23828125 * leaving
Total loss: 0.34230536222457886 = MSE Loss: 0.25734442472457886, 0.001 * Sparsity Loss: 85.0
Epoch: 1 batch_num: 20
0: 2.015625 * realizeaz
1: 1.671875 * mândr
2: 1.015625 * </s>
3: 0.88671875 * bebelus
4: 0.8671875 * adecvat
5: 0.7890625 * trecută
6: 0.75 * shedding
7: 0.68359375 * in
8: 0.59765625 * West
9: 0.59765625 * Ross
10: 0.58984375 * walk
11: 0.578125 * /
12: 0.5703125 * fit
13: 0.55078125 * Average
14: 0.55078125 * oraş
15: 0.5390625 * <unk>
16: 0.53515625 * Licensed
17: 0.53125 * Wind
18: 0.51953125 * dărui
19: 0.486328125 * CC
20: 0.478515625 * able
21: 0.478515625 * echival
22: 0.46875 * Scout
23: 0.466796875 * Wir
24: 0.455078125 * standard
25: 0.451171875 * on
26: 0.4453125 * running
27: 0.44140625 * begging
28: 0.423828125 * pace
29: 0.416015625 * morning
30: 0.41015625 * RE
31: 0.404296875 * interest
32: 0.40234375 * ating
33: 0.396484375 * Run
34: 0.396484375 * maşin
35: 0.39453125 * anului
36: 0.390625 * providing
37: 0.388671875 * Leaving
38: 0.375 * provides
39: 0.373046875 * re
40: 0.365234375 * wind
41: 0.36328125 * е
42: 0.361328125 * 5%
43: 0.361328125 * leaving
44: 0.357421875 * doamn
45: 0.35546875 * #
46: 0.3515625 * mo
47: 0.349609375 * on
48: 0.345703125 * viziune
49: 0.33984375 * и
Total loss: 0.30963432788848877 = MSE Loss: 0.19293512403964996, 0.001 * Sparsity Loss: 116.5
Epoch: 1 batch_num: 21
0: 2.984375 * mândr
1: 1.5390625 * adecvat
2: 1.2734375 * bebelus
3: 1.1484375 * walk
4: 1.0 * Ross
5: 0.96484375 * Wind
6: 0.95703125 * cărui
7: 0.921875 * trecută
8: 0.91796875 * Scout
9: 0.90234375 * in
10: 0.84765625 * shedding
11: 0.83984375 * </s>
12: 0.796875 * Average
13: 0.7890625 * Wir
14: 0.73046875 * echival
15: 0.7265625 * /
16: 0.703125 * begging
17: 0.69140625 * fit
18: 0.66796875 * wind
19: 0.66015625 * viziune
20: 0.6484375 * Licensed
21: 0.6328125 * dogs
22: 0.62109375 * actiuni
23: 0.58984375 * mo
24: 0.578125 * St
25: 0.5703125 * Fox
26: 0.5625 * able
27: 0.5546875 * Pitt
28: 0.5546875 * maşin
29: 0.53515625 * morning
30: 0.53515625 * interest
31: 0.50390625 * Dis
32: 0.5 * oraş
33: 0.5 * on
34: 0.498046875 * pace
35: 0.494140625 * lovitur
36: 0.48046875 * on
37: 0.4765625 * running
38: 0.46484375 * Owner
39: 0.455078125 * dărui
40: 0.44921875 * е
41: 0.44140625 * standard
42: 0.44140625 * duty
43: 0.439453125 * leg
44: 0.431640625 * Walk
45: 0.427734375 * <unk>
46: 0.423828125 * 5%
47: 0.421875 * #
48: 0.419921875 * ating
49: 0.412109375 * decizie
Total loss: 0.4471532106399536 = MSE Loss: 0.3114110231399536, 0.001 * Sparsity Loss: 136.0
Epoch: 1 batch_num: 22
0: 3.671875 * mândr
1: 1.984375 * realizeaz
2: 1.890625 * adecvat
3: 1.4921875 * bebelus
4: 1.4296875 * walk
5: 1.265625 * Ross
6: 1.25 * cărui
7: 1.1640625 * Scout
8: 1.125 * Wind
9: 0.98828125 * Wir
10: 0.98046875 * in
11: 0.9609375 * actiuni
12: 0.9453125 * Average
13: 0.82421875 * shedding
14: 0.8125 * viziune
15: 0.79296875 * dogs
16: 0.79296875 * echival
17: 0.76953125 * Pitt
18: 0.76953125 * begging
19: 0.74609375 * trecută
20: 0.73828125 * wind
21: 0.73828125 * Fox
22: 0.734375 * mo
23: 0.71875 * /
24: 0.70703125 * Licensed
25: 0.671875 * fit
26: 0.66015625 * Dis
27: 0.65234375 * St
28: 0.640625 * maşin
29: 0.58984375 * owner
30: 0.58203125 * morning
31: 0.57421875 * able
32: 0.5546875 * leg
33: 0.54296875 * </s>
34: 0.53125 * Owner
35: 0.51953125 * interest
36: 0.515625 * Bon
37: 0.486328125 * lovitur
38: 0.48046875 * on
39: 0.474609375 * PR
40: 0.46484375 * guest
41: 0.4609375 * pace
42: 0.458984375 * duty
43: 0.455078125 * -3
44: 0.435546875 * е
45: 0.431640625 * #
46: 0.4296875 * Around
47: 0.427734375 * vârst
48: 0.42578125 * on
49: 0.41796875 * ating
Total loss: 0.37080252170562744 = MSE Loss: 0.22822441160678864, 0.001 * Sparsity Loss: 143.0
Epoch: 1 batch_num: 23
0: 3.984375 * mândr
1: 3.109375 * realizeaz
2: 1.9609375 * adecvat
3: 1.5625 * bebelus
4: 1.453125 * walk
5: 1.421875 * Ross
6: 1.265625 * Scout
7: 1.1953125 * cărui
8: 1.1171875 * Wir
9: 1.078125 * Wind
10: 1.0234375 * Average
11: 1.015625 * in
12: 1.0078125 * actiuni
13: 0.9140625 * Pitt
14: 0.8359375 * viziune
15: 0.82421875 * Fox
16: 0.8046875 * /
17: 0.79296875 * Dis
18: 0.7734375 * mo
19: 0.7421875 * Licensed
20: 0.6953125 * echival
21: 0.67578125 * leg
22: 0.6640625 * maşin
23: 0.6484375 * shedding
24: 0.64453125 * begging
25: 0.6328125 * wind
26: 0.60546875 * dogs
27: 0.60546875 * Bon
28: 0.58984375 * fit
29: 0.578125 * Owner
30: 0.5546875 * St
31: 0.54296875 * morning
32: 0.53515625 * -3
33: 0.53125 * walking
34: 0.53125 * owner
35: 0.515625 * able
36: 0.494140625 * PR
37: 0.482421875 * ements
38: 0.4609375 * vârst
39: 0.458984375 * Walking
40: 0.455078125 * /3
41: 0.455078125 * on
42: 0.439453125 * Cro
43: 0.4375 * interest
44: 0.423828125 * Aufwand
45: 0.408203125 * guest
46: 0.408203125 * duty
47: 0.396484375 * stepping
48: 0.388671875 * Around
49: 0.37890625 * ’
Total loss: 0.30515649914741516 = MSE Loss: 0.16941431164741516, 0.001 * Sparsity Loss: 136.0
Epoch: 1 batch_num: 24
0: 4.0 * mândr
1: 3.734375 * realizeaz
2: 1.875 * adecvat
3: 1.53125 * Ross
4: 1.4921875 * bebelus
5: 1.4453125 * walk
6: 1.234375 * Scout
7: 1.1875 * Wir
8: 1.0234375 * Average
9: 0.96875 * Pitt
10: 0.90625 * cărui
11: 0.90234375 * Dis
12: 0.88671875 * in
13: 0.875 * Wind
14: 0.87109375 * Fox
15: 0.76171875 * viziune
16: 0.7421875 * mo
17: 0.73828125 * /
18: 0.73828125 * leg
19: 0.7265625 * actiuni
20: 0.7109375 * Licensed
21: 0.65625 * Bon
22: 0.609375 * walking
23: 0.609375 * Owner
24: 0.6015625 * maşin
25: 0.478515625 * vârst
26: 0.45703125 * morning
27: 0.45703125 * ://
28: 0.45703125 * -3
29: 0.44921875 * able
30: 0.447265625 * Cro
31: 0.435546875 * Aufwand
32: 0.431640625 * ’
33: 0.427734375 * echival
34: 0.42578125 * Walking
35: 0.423828125 * walk
36: 0.423828125 * run
37: 0.423828125 * ST
38: 0.41796875 * PR
39: 0.408203125 * fit
40: 0.3984375 * begging
41: 0.3984375 * wind
42: 0.38671875 * West
43: 0.38671875 * shedding
44: 0.3828125 * /3
45: 0.380859375 * vet
46: 0.380859375 * dărui
47: 0.369140625 * In
48: 0.357421875 * (8
49: 0.357421875 * ements
Total loss: 0.28409215807914734 = MSE Loss: 0.15713903307914734, 0.001 * Sparsity Loss: 127.0
Epoch: 1 batch_num: 25
0: 4.03125 * realizeaz
1: 3.875 * mândr
2: 1.6875 * adecvat
3: 1.5546875 * Ross
4: 1.4609375 * walk
5: 1.3515625 * bebelus
6: 1.1796875 * Wir
7: 1.109375 * Scout
8: 0.95703125 * Average
9: 0.92578125 * Pitt
10: 0.921875 * Dis
11: 0.8671875 * Fox
12: 0.78125 * in
13: 0.7109375 * mo
14: 0.67578125 * leg
15: 0.66796875 * Bon
16: 0.6171875 * Licensed
17: 0.5859375 * viziune
18: 0.57421875 * Owner
19: 0.5390625 * cărui
20: 0.51953125 * trecută
21: 0.51171875 * /
22: 0.5078125 * ’
23: 0.48046875 * vârst
24: 0.478515625 * walking
25: 0.478515625 * </s>
26: 0.478515625 * 5%
27: 0.45703125 * Wind
28: 0.453125 * ST
29: 0.443359375 * dărui
30: 0.435546875 * Aufwand
31: 0.435546875 * ://
32: 0.421875 * maşin
33: 0.412109375 * <unk>
34: 0.404296875 * ling
35: 0.404296875 * west
36: 0.384765625 * strip
37: 0.37890625 * >
38: 0.376953125 * vet
39: 0.376953125 * with
40: 0.36328125 * Dog
41: 0.34375 * Cro
42: 0.341796875 * DB
43: 0.337890625 * (8
44: 0.333984375 * anului
45: 0.333984375 * lovitur
46: 0.33203125 * Animal
47: 0.33203125 * run
48: 0.33203125 * from
49: 0.326171875 * morning
Total loss: 0.32409316301345825 = MSE Loss: 0.20885880291461945, 0.001 * Sparsity Loss: 115.0
Epoch: 1 batch_num: 26
0: 3.796875 * realizeaz
1: 3.546875 * mândr
2: 1.4921875 * Ross
3: 1.390625 * walk
4: 1.3515625 * adecvat
5: 1.1484375 * bebelus
6: 1.1328125 * Wir
7: 0.8828125 * Average
8: 0.87109375 * in
9: 0.86328125 * Scout
10: 0.859375 * Dis
11: 0.83984375 * Pitt
12: 0.828125 * Fox
13: 0.7265625 * west
14: 0.63671875 * mo
15: 0.6328125 * Bon
16: 0.5546875 * </s>
17: 0.5390625 * actiuni
18: 0.498046875 * leg
19: 0.498046875 * Licensed
20: 0.490234375 * 5%
21: 0.48828125 * trecută
22: 0.48046875 * lovitur
23: 0.470703125 * vârst
24: 0.45703125 * >
25: 0.4453125 * echival
26: 0.44140625 * does
27: 0.431640625 * Owner
28: 0.427734375 * ling
29: 0.419921875 * ST
30: 0.416015625 * wind
31: 0.4140625 * /
32: 0.412109375 * Aufwand
33: 0.41015625 * West
34: 0.408203125 * <unk>
35: 0.400390625 * go
36: 0.3984375 * begging
37: 0.380859375 * St
38: 0.376953125 * West
39: 0.359375 * Animal
40: 0.359375 * ’
41: 0.353515625 * ),
42: 0.3515625 * provides
43: 0.34765625 * pace
44: 0.337890625 * vet
45: 0.3359375 * DB
46: 0.33203125 * dărui
47: 0.328125 * IN
48: 0.326171875 * strip
49: 0.326171875 * fit
Total loss: 0.35971421003341675 = MSE Loss: 0.24838609993457794, 0.001 * Sparsity Loss: 111.5
Epoch: 1 batch_num: 27
0: 3.34375 * realizeaz
1: 2.890625 * mândr
2: 1.3125 * Ross
3: 1.2265625 * walk
4: 1.0703125 * Wir
5: 0.890625 * actiuni
6: 0.87890625 * adecvat
7: 0.8046875 * bebelus
8: 0.79296875 * Average
9: 0.78515625 * west
10: 0.765625 * Dis
11: 0.74609375 * Fox
12: 0.7265625 * echival
13: 0.703125 * Pitt
14: 0.68359375 * in
15: 0.6328125 * begging
16: 0.59375 * Bon
17: 0.58203125 * fit
18: 0.578125 * wind
19: 0.53515625 * interest
20: 0.515625 * mo
21: 0.515625 * </s>
22: 0.51171875 * cărui
23: 0.5078125 * lovitur
24: 0.4921875 * ),
25: 0.478515625 * Scout
26: 0.443359375 * vârst
27: 0.435546875 * West
28: 0.423828125 * >
29: 0.421875 * does
30: 0.400390625 * shedding
31: 0.390625 * West
32: 0.390625 * guest
33: 0.388671875 * <unk>
34: 0.388671875 * average
35: 0.37890625 * 5%
36: 0.375 * go
37: 0.369140625 * Aufwand
38: 0.365234375 * from
39: 0.365234375 * with
40: 0.36328125 * ling
41: 0.36328125 * Licensed
42: 0.353515625 * provides
43: 0.353515625 * %
44: 0.3515625 * Walking
45: 0.349609375 * pace
46: 0.33203125 * Territory
47: 0.330078125 * trecută
48: 0.314453125 * #
49: 0.3125 * Brown
Total loss: 0.5039176940917969 = MSE Loss: 0.3974723815917969, 0.001 * Sparsity Loss: 106.5
Epoch: 1 batch_num: 28
0: 2.59375 * realizeaz
1: 1.8671875 * mândr
2: 1.015625 * Ross
3: 0.98046875 * Wir
4: 0.94921875 * actiuni
5: 0.87890625 * walk
6: 0.86328125 * cărui
7: 0.85546875 * echival
8: 0.6953125 * Average
9: 0.6875 * interest
10: 0.68359375 * Dis
11: 0.6796875 * begging
12: 0.66015625 * fit
13: 0.6015625 * Fox
14: 0.56640625 * west
15: 0.52734375 * Bon
16: 0.51953125 * Pitt
17: 0.46875 * wind
18: 0.45703125 * shedding
19: 0.443359375 * PR
20: 0.439453125 * lovitur
21: 0.43359375 * ),
22: 0.41796875 * average
23: 0.40625 * maşin
24: 0.40234375 * vârst
25: 0.384765625 * dărui
26: 0.380859375 * able
27: 0.37890625 * #
28: 0.37890625 * viziune
29: 0.373046875 * owner
30: 0.373046875 * %
31: 0.373046875 * in
32: 0.373046875 * guest
33: 0.357421875 * ”
34: 0.3515625 * mo
35: 0.3515625 * <unk>
36: 0.34765625 * misiune
37: 0.341796875 * Territory
38: 0.341796875 * West
39: 0.3359375 * bebelus
40: 0.330078125 * Brown
41: 0.318359375 * Walking
42: 0.318359375 * ATION
43: 0.318359375 * edge
44: 0.314453125 * spot
45: 0.3125 * At
46: 0.30859375 * </s>
47: 0.306640625 * Aufwand
48: 0.306640625 * е
49: 0.302734375 * pace
Total loss: 0.27236056327819824 = MSE Loss: 0.17421601712703705, 0.001 * Sparsity Loss: 98.0
Epoch: 1 batch_num: 29
0: 1.4140625 * realizeaz
1: 1.0546875 * cărui
2: 0.85546875 * Wir
3: 0.83984375 * echival
4: 0.74609375 * actiuni
5: 0.68359375 * interest
6: 0.65625 * mândr
7: 0.640625 * Ross
8: 0.62109375 * dărui
9: 0.62109375 * fit
10: 0.5859375 * Average
11: 0.5859375 * begging
12: 0.56640625 * Dis
13: 0.51953125 * West
14: 0.494140625 * Scout
15: 0.48828125 * viziune
16: 0.4765625 * able
17: 0.462890625 * ”
18: 0.455078125 * PR
19: 0.451171875 * shedding
20: 0.421875 * adecvat
21: 0.419921875 * Bon
22: 0.400390625 * Fox
23: 0.400390625 * maşin
24: 0.390625 * walk
25: 0.37109375 * average
26: 0.357421875 * #
27: 0.349609375 * vârst
28: 0.345703125 * 3
29: 0.333984375 * by
30: 0.31640625 * owner
31: 0.3125 * dogs
32: 0.306640625 * morning
33: 0.306640625 * %
34: 0.3046875 * е
35: 0.302734375 * lovitur
36: 0.302734375 * :
37: 0.296875 * ,”
38: 0.294921875 * trecută
39: 0.291015625 * Dog
40: 0.2890625 * as
41: 0.287109375 * spot
42: 0.28515625 * /
43: 0.279296875 * corresponding
44: 0.279296875 * guest
45: 0.2734375 * Pitt
46: 0.2734375 * Col
47: 0.271484375 * medium
48: 0.259765625 * path
49: 0.2578125 * about
Total loss: 0.3167383074760437 = MSE Loss: 0.2264062613248825, 0.001 * Sparsity Loss: 90.5
Epoch: 1 batch_num: 30
0: 0.9609375 * West
1: 0.95703125 * cărui
2: 0.94140625 * Scout
3: 0.8203125 * mândr
4: 0.75390625 * adecvat
5: 0.7109375 * Wir
6: 0.671875 * echival
7: 0.65234375 * dărui
8: 0.54296875 * fit
9: 0.5390625 * interest
10: 0.52734375 * able
11: 0.51953125 * bebelus
12: 0.46875 * Average
13: 0.4453125 * viziune
14: 0.435546875 * medium
15: 0.431640625 * Dis
16: 0.408203125 * /
17: 0.40234375 * trecută
18: 0.384765625 * breath
19: 0.380859375 * at
20: 0.375 * shedding
21: 0.36328125 * PR
22: 0.361328125 * by
23: 0.341796875 * Dog
24: 0.33984375 * begging
25: 0.3359375 * corresponding
26: 0.33203125 * friend
27: 0.33203125 * morning
28: 0.33203125 * 3
29: 0.318359375 * miere
30: 0.318359375 * as
31: 0.314453125 * Path
32: 0.3125 * Wind
33: 0.302734375 * #
34: 0.302734375 * Bon
35: 0.302734375 * decizie
36: 0.30078125 * cuplu
37: 0.30078125 * ST
38: 0.298828125 * in
39: 0.291015625 * vârst
40: 0.2890625 * >
41: 0.2890625 * pets
42: 0.287109375 * average
43: 0.28515625 * Owner
44: 0.28515625 * best
45: 0.283203125 * maşin
46: 0.279296875 * owner
47: 0.26953125 * leg
48: 0.267578125 * TED
49: 0.267578125 * staffed
Total loss: 0.3753662407398224 = MSE Loss: 0.2874756157398224, 0.001 * Sparsity Loss: 88.0
Epoch: 1 batch_num: 31
0: 1.9765625 * mândr
1: 1.453125 * realizeaz
2: 1.1875 * Scout
3: 1.0078125 * West
4: 0.9765625 * adecvat
5: 0.71484375 * bebelus
6: 0.65234375 * cărui
7: 0.5625 * dărui
8: 0.55078125 * Wir
9: 0.51171875 * in
10: 0.5078125 * able
11: 0.5 * ST
12: 0.48828125 * wind
13: 0.486328125 * at
14: 0.484375 * Wind
15: 0.46875 * decizie
16: 0.45703125 * echival
17: 0.44921875 * >
18: 0.439453125 * cuplu
19: 0.412109375 * fit
20: 0.41015625 * medium
21: 0.40234375 * staffed
22: 0.390625 * actiuni
23: 0.37890625 * Dog
24: 0.375 * friend
25: 0.365234375 * best
26: 0.36328125 * by
27: 0.359375 * corresponding
28: 0.357421875 * west
29: 0.353515625 * breath
30: 0.34765625 * leg
31: 0.337890625 * Mal
32: 0.3359375 * Path
33: 0.328125 * on
34: 0.326171875 * St
35: 0.32421875 * trecută
36: 0.318359375 * Owner
37: 0.31640625 * viziune
38: 0.31640625 * as
39: 0.3046875 * Average
40: 0.29296875 * misiune
41: 0.2890625 * legs
42: 0.287109375 * owner
43: 0.287109375 * ling
44: 0.28515625 * small
45: 0.28515625 * dosar
46: 0.28125 * ura
47: 0.279296875 * walk
48: 0.26953125 * miere
49: 0.26953125 * lovitur
Total loss: 0.31836050748825073 = MSE Loss: 0.22802847623825073, 0.001 * Sparsity Loss: 90.5
Epoch: 1 batch_num: 32
0: 2.53125 * mândr
1: 1.921875 * realizeaz
2: 1.2734375 * Scout
3: 0.9765625 * adecvat
4: 0.82421875 * West
5: 0.71484375 * bebelus
6: 0.63671875 * actiuni
7: 0.57421875 * in
8: 0.52734375 * ST
9: 0.5234375 * Ross
10: 0.51171875 * wind
11: 0.447265625 * Wind
12: 0.44140625 * lovitur
13: 0.431640625 * >
14: 0.42578125 * decizie
15: 0.423828125 * staffed
16: 0.423828125 * able
17: 0.41796875 * cuplu
18: 0.400390625 * walk
19: 0.388671875 * Mal
20: 0.376953125 * ling
21: 0.36328125 * leg
22: 0.36328125 * ements
23: 0.36328125 * %
24: 0.353515625 * Wir
25: 0.34765625 * path
26: 0.34765625 * -3
27: 0.33984375 * best
28: 0.337890625 * corresponding
29: 0.33203125 * friend
30: 0.32421875 * at
31: 0.322265625 * Dog
32: 0.314453125 * Walk
33: 0.314453125 * Owner
34: 0.314453125 * ura
35: 0.3125 * St
36: 0.302734375 * dărui
37: 0.296875 * ATION
38: 0.29296875 * stepping
39: 0.28125 * Path
40: 0.279296875 * west
41: 0.279296875 * guest
42: 0.27734375 * on
43: 0.275390625 * /3
44: 0.26953125 * doing
45: 0.263671875 * legs
46: 0.26171875 * on
47: 0.259765625 * dosar
48: 0.2578125 * Walking
49: 0.2578125 * going
Total loss: 0.30018186569213867 = MSE Loss: 0.21033813059329987, 0.001 * Sparsity Loss: 90.0
Epoch: 1 batch_num: 33
0: 2.734375 * mândr
1: 1.96875 * realizeaz
2: 1.21875 * Scout
3: 0.8671875 * adecvat
4: 0.68359375 * Ross
5: 0.66015625 * bebelus
6: 0.62109375 * cărui
7: 0.61328125 * in
8: 0.56640625 * West
9: 0.53515625 * actiuni
10: 0.474609375 * lovitur
11: 0.474609375 * ements
12: 0.466796875 * %
13: 0.423828125 * walk
14: 0.400390625 * Mal
15: 0.396484375 * wind
16: 0.3828125 * begging
17: 0.380859375 * 
18: 0.37890625 * ST
19: 0.365234375 * >
20: 0.357421875 * imprumut
21: 0.35546875 * е
22: 0.349609375 * and
23: 0.33984375 * stepping
24: 0.33984375 * ling
25: 0.337890625 * ATION
26: 0.333984375 * Walking
27: 0.328125 * owner
28: 0.322265625 * ped
29: 0.31640625 * leg
30: 0.3125 * ura
31: 0.30859375 * ITY
32: 0.30859375 * Transition
33: 0.306640625 * Owner
34: 0.3046875 * mo
35: 0.3046875 * speed
36: 0.30078125 * staffed
37: 0.30078125 * cuplu
38: 0.29296875 * viziune
39: 0.28515625 * corresponding
40: 0.283203125 * in
41: 0.27734375 * the
42: 0.275390625 * with
43: 0.2734375 * anului
44: 0.2734375 * interest
45: 0.271484375 * maşin
46: 0.26953125 * guest
47: 0.267578125 * from
48: 0.263671875 * ered
49: 0.26171875 * Walk
Total loss: 0.2971080541610718 = MSE Loss: 0.20872914791107178, 0.001 * Sparsity Loss: 88.5
Epoch: 1 batch_num: 34
0: 2.609375 * mândr
1: 1.5703125 * realizeaz
2: 1.0234375 * Scout
3: 1.015625 * cărui
4: 0.71484375 * Ross
5: 0.6015625 * adecvat
6: 0.5 * bebelus
7: 0.482421875 * %
8: 0.4765625 * speed
9: 0.470703125 * owner
10: 0.416015625 * echival
11: 0.4140625 * lovitur
12: 0.412109375 * in
13: 0.408203125 * viziune
14: 0.404296875 * dog
15: 0.384765625 * begging
16: 0.380859375 * е
17: 0.365234375 * ATION
18: 0.365234375 * 5%
19: 0.365234375 * IN
20: 0.35546875 * Mal
21: 0.35546875 * CC
22: 0.345703125 * 
23: 0.341796875 * ITY
24: 0.33984375 * Walking
25: 0.3359375 * go
26: 0.33203125 * PR
27: 0.326171875 * walk
28: 0.326171875 * stepping
29: 0.3203125 * Dis
30: 0.318359375 * the
31: 0.318359375 * tracking
32: 0.31640625 * mo
33: 0.31640625 * ".
34: 0.31640625 * average
35: 0.310546875 * ped
36: 0.306640625 * walk
37: 0.306640625 * Transition
38: 0.2890625 * interest
39: 0.2890625 * ered
40: 0.2890625 * maşin
41: 0.279296875 * Dog
42: 0.27734375 * ura
43: 0.27734375 * <unk>
44: 0.2734375 * TA
45: 0.26171875 * anului
46: 0.259765625 * OF
47: 0.25390625 * #
48: 0.251953125 * ”
49: 0.251953125 * More
Total loss: 0.34648391604423523 = MSE Loss: 0.26054641604423523, 0.001 * Sparsity Loss: 86.0
Epoch: 1 batch_num: 35
0: 2.28125 * mândr
1: 1.1640625 * cărui
2: 0.93359375 * realizeaz
3: 0.75390625 * Scout
4: 0.66015625 * Ross
5: 0.51953125 * echival
6: 0.458984375 * actiuni
7: 0.408203125 * CC
8: 0.40234375 * owner
9: 0.400390625 * speed
10: 0.396484375 * In
11: 0.380859375 * %
12: 0.380859375 * IN
13: 0.380859375 * IN
14: 0.37890625 * viziune
15: 0.37890625 * Dis
16: 0.369140625 * 5%
17: 0.3671875 * in
18: 0.365234375 * Dog
19: 0.357421875 * dog
20: 0.357421875 * ".
21: 0.357421875 * "
22: 0.3515625 * decizie
23: 0.349609375 * ATION
24: 0.34765625 * Wir
25: 0.345703125 * average
26: 0.337890625 * cuplu
27: 0.333984375 * trecută
28: 0.326171875 * valeur
29: 0.32421875 * west
30: 0.318359375 * Average
31: 0.3125 * friend
32: 0.310546875 * breath
33: 0.30859375 * Wind
34: 0.302734375 * PR
35: 0.296875 * territory
36: 0.296875 * ITY
37: 0.291015625 * tracking
38: 0.291015625 * е
39: 0.2890625 * mo
40: 0.28125 * Mal
41: 0.279296875 * West
42: 0.27734375 * go
43: 0.271484375 * morning
44: 0.26953125 * ized
45: 0.265625 * lovitur
46: 0.265625 * begging
47: 0.26171875 * #
48: 0.259765625 * and
49: 0.25390625 * in
Total loss: 0.2870064079761505 = MSE Loss: 0.2025337517261505, 0.001 * Sparsity Loss: 84.5
Epoch: 1 batch_num: 36
0: 1.765625 * mândr
1: 1.09375 * cărui
2: 0.56640625 * actiuni
3: 0.5546875 * trecută
4: 0.5546875 * Ross
5: 0.515625 * friend
6: 0.498046875 * Scout
7: 0.48828125 * cuplu
8: 0.486328125 * Wir
9: 0.447265625 * walk
10: 0.447265625 * echival
11: 0.42578125 * Dis
12: 0.421875 * wind
13: 0.416015625 * Speed
14: 0.40625 * Average
15: 0.392578125 * ements
16: 0.38671875 * Wind
17: 0.3828125 * West
18: 0.373046875 * legs
19: 0.37109375 * adecvat
20: 0.36328125 * in
21: 0.359375 * decizie
22: 0.33203125 * ON
23: 0.330078125 * '
24: 0.328125 * CC
25: 0.328125 * valeur
26: 0.326171875 * Dog
27: 0.3203125 * Speed
28: 0.314453125 * staffed
29: 0.306640625 * ://
30: 0.30078125 * re
31: 0.296875 * by
32: 0.296875 * west
33: 0.296875 * average
34: 0.294921875 * ized
35: 0.291015625 * territory
36: 0.283203125 * summer
37: 0.28125 * able
38: 0.27734375 * vândut
39: 0.26953125 * breath
40: 0.26171875 * On
41: 0.2578125 * Aufwand
42: 0.255859375 * 5%
43: 0.25390625 * ation
44: 0.24609375 * relates
45: 0.2412109375 * IN
46: 0.240234375 * imprumut
47: 0.2392578125 * walks
48: 0.23828125 * morning
49: 0.2373046875 * Ch
Total loss: 0.26836174726486206 = MSE Loss: 0.18779534101486206, 0.001 * Sparsity Loss: 80.5
Epoch: 1 batch_num: 37
0: 0.9609375 * mândr
1: 0.77734375 * cărui
2: 0.734375 * realizeaz
3: 0.6953125 * adecvat
4: 0.546875 * friend
5: 0.54296875 * cuplu
6: 0.51953125 * Wir
7: 0.515625 * walk
8: 0.48828125 * Speed
9: 0.4609375 * trecută
10: 0.453125 * Speed
11: 0.447265625 * Dis
12: 0.44140625 * Average
13: 0.404296875 * actiuni
14: 0.3984375 * Ross
15: 0.38671875 * by
16: 0.37109375 * '
17: 0.349609375 * ling
18: 0.341796875 * echival
19: 0.3359375 * staffed
20: 0.326171875 * vândut
21: 0.32421875 * owner
22: 0.32421875 * legs
23: 0.318359375 * lovitur
24: 0.3125 * wind
25: 0.29296875 * ST
26: 0.287109375 * ements
27: 0.2734375 * acţiune
28: 0.271484375 * bebelus
29: 0.267578125 * ://
30: 0.26171875 * summer
31: 0.26171875 * ON
32: 0.259765625 * re
33: 0.2578125 * Walk
34: 0.2578125 * West
35: 0.2578125 * %
36: 0.25390625 * pet
37: 0.25390625 * territory
38: 0.251953125 * Aufwand
39: 0.25 * interest
40: 0.2470703125 * Dog
41: 0.2314453125 * "
42: 0.2265625 * dogs
43: 0.2255859375 * animal
44: 0.2255859375 * at
45: 0.224609375 * guest
46: 0.2236328125 * From
47: 0.22265625 * (
48: 0.22265625 * average
49: 0.2216796875 * walk
Total loss: 0.26907891035079956 = MSE Loss: 0.19290703535079956, 0.001 * Sparsity Loss: 76.0
Epoch: 1 batch_num: 38
0: 0.85546875 * adecvat
1: 0.82421875 * realizeaz
2: 0.51953125 * friend
3: 0.51171875 * walk
4: 0.5078125 * at
5: 0.50390625 * Wir
6: 0.50390625 * lovitur
7: 0.49609375 * cuplu
8: 0.44921875 * Walk
9: 0.44921875 * %
10: 0.443359375 * Average
11: 0.44140625 * Scout
12: 0.435546875 * owner
13: 0.416015625 * Dis
14: 0.388671875 * anului
15: 0.388671875 * Speed
16: 0.357421875 * ATION
17: 0.357421875 * bebelus
18: 0.34765625 * ling
19: 0.33984375 * ST
20: 0.337890625 * cărui
21: 0.330078125 * interest
22: 0.330078125 * vândut
23: 0.328125 * '
24: 0.326171875 * ears
25: 0.318359375 * by
26: 0.31640625 * /
27: 0.314453125 * about
28: 0.310546875 * dărui
29: 0.30078125 * Owner
30: 0.283203125 * stick
31: 0.26953125 * walk
32: 0.26953125 * stepping
33: 0.265625 * pet
34: 0.26171875 * Wind
35: 0.259765625 * acţiune
36: 0.259765625 * west
37: 0.2578125 * staffed
38: 0.2578125 * Speed
39: 0.255859375 * an
40: 0.25390625 * The
41: 0.2490234375 * dogs
42: 0.24609375 * west
43: 0.244140625 * As
44: 0.23828125 * AT
45: 0.234375 * stick
46: 0.232421875 * Aufwand
47: 0.2294921875 * /2019
48: 0.228515625 * (
49: 0.2275390625 * go
Total loss: 0.34958988428115845 = MSE Loss: 0.27585941553115845, 0.001 * Sparsity Loss: 73.5
Epoch: 1 batch_num: 39
0: 1.1015625 * mândr
1: 0.93359375 * adecvat
2: 0.7578125 * realizeaz
3: 0.75 * Scout
4: 0.5859375 * at
5: 0.546875 * lovitur
6: 0.53515625 * walk
7: 0.50390625 * actiuni
8: 0.478515625 * Wind
9: 0.46875 * Wir
10: 0.4609375 * anului
11: 0.455078125 * friend
12: 0.455078125 * %
13: 0.435546875 * ATION
14: 0.421875 * by
15: 0.421875 * Average
16: 0.416015625 * and
17: 0.408203125 * ements
18: 0.40234375 * '
19: 0.400390625 * Walk
20: 0.396484375 * )
21: 0.392578125 * In
22: 0.3828125 * St
23: 0.380859375 * -
24: 0.35546875 * cuplu
25: 0.353515625 * stepping
26: 0.349609375 * dog
27: 0.34765625 * AT
28: 0.345703125 * .
29: 0.3359375 * trecută
30: 0.322265625 * ,
31: 0.318359375 * Dis
32: 0.3125 * go
33: 0.30859375 * decizie
34: 0.30859375 * west
35: 0.3046875 * Owner
36: 0.302734375 * owner
37: 0.302734375 * vândut
38: 0.296875 * dărui
39: 0.294921875 * ST
40: 0.29296875 * ears
41: 0.29296875 * interest
42: 0.291015625 * bebelus
43: 0.275390625 * ling
44: 0.271484375 * ",
45: 0.26171875 * TA
46: 0.255859375 * OF
47: 0.25390625 * "
48: 0.251953125 * stick
49: 0.25 * ...
Total loss: 0.4888905882835388 = MSE Loss: 0.4088124632835388, 0.001 * Sparsity Loss: 80.0
Epoch: 1 batch_num: 40
0: 1.796875 * mândr
1: 0.91015625 * Scout
2: 0.83984375 * adecvat
3: 0.68359375 * actiuni
4: 0.609375 * trecută
5: 0.59765625 * cărui
6: 0.51953125 * ements
7: 0.515625 * at
8: 0.486328125 * Wind
9: 0.482421875 * lovitur
10: 0.451171875 * St
11: 0.4453125 * and
12: 0.443359375 * anului
13: 0.4375 * echival
14: 0.4296875 * Wir
15: 0.421875 * walk
16: 0.421875 * )
17: 0.408203125 * %
18: 0.3984375 * In
19: 0.3984375 * AT
20: 0.3515625 * ATION
21: 0.34375 * Average
22: 0.3359375 * by
23: 0.33203125 * -
24: 0.330078125 * speed
25: 0.322265625 * stepping
26: 0.322265625 * Speed
27: 0.29296875 * wind
28: 0.291015625 * TA
29: 0.28515625 * begging
30: 0.28515625 * clădiri
31: 0.28515625 * breath
32: 0.28125 * Owner
33: 0.28125 * LC
34: 0.279296875 * Ross
35: 0.27734375 * friend
36: 0.271484375 * mo
37: 0.259765625 * West
38: 0.2578125 * decizie
39: 0.2578125 * legs
40: 0.255859375 * go
41: 0.251953125 * ON
42: 0.25 * Walk
43: 0.248046875 * animal
44: 0.2451171875 * In
45: 0.244140625 * middle
46: 0.2421875 * '
47: 0.2412109375 * dog
48: 0.2392578125 * walks
49: 0.23828125 * ,
Total loss: 0.4807724058628082 = MSE Loss: 0.3997177183628082, 0.001 * Sparsity Loss: 81.0
Epoch: 1 batch_num: 41
0: 2.109375 * mândr
1: 0.93359375 * Scout
2: 0.90234375 * realizeaz
3: 0.73828125 * cărui
4: 0.7109375 * trecută
5: 0.6015625 * actiuni
6: 0.578125 * adecvat
7: 0.53125 * dogs
8: 0.50390625 * echival
9: 0.455078125 * ements
10: 0.4140625 * West
11: 0.38671875 * animal
12: 0.361328125 * %
13: 0.35546875 * at
14: 0.353515625 * Wir
15: 0.3515625 * anului
16: 0.341796875 * St
17: 0.33984375 * mo
18: 0.337890625 * AT
19: 0.33203125 * lovitur
20: 0.330078125 * In
21: 0.3203125 * Ross
22: 0.310546875 * Animal
23: 0.306640625 * legs
24: 0.302734375 * Speed
25: 0.294921875 * breath
26: 0.287109375 * staffed
27: 0.28515625 * ?
28: 0.28125 * with
29: 0.28125 * pace
30: 0.27734375 * LC
31: 0.275390625 * 
32: 0.267578125 * TA
33: 0.265625 * Wind
34: 0.26171875 * ON
35: 0.255859375 * ]
36: 0.255859375 * dărui
37: 0.251953125 * ,"
38: 0.2490234375 * erstellt
39: 0.240234375 * ,”
40: 0.240234375 * middle
41: 0.234375 * Owner
42: 0.232421875 * owner
43: 0.2314453125 * grupului
44: 0.2294921875 * West
45: 0.228515625 * .
46: 0.2275390625 * approach
47: 0.2255859375 * ’
48: 0.2255859375 * stepping
49: 0.2255859375 * free
Total loss: 0.26699474453926086 = MSE Loss: 0.18984630703926086, 0.001 * Sparsity Loss: 77.0
Epoch: 1 batch_num: 42
0: 2.0625 * mândr
1: 1.296875 * realizeaz
2: 0.8046875 * Scout
3: 0.67578125 * dogs
4: 0.62109375 * cărui
5: 0.490234375 * dărui
6: 0.48046875 * In
7: 0.466796875 * echival
8: 0.44140625 * West
9: 0.416015625 * trecută
10: 0.392578125 * ://
11: 0.38671875 * decizie
12: 0.373046875 * mo
13: 0.369140625 * cuplu
14: 0.365234375 * animal
15: 0.36328125 * owner
16: 0.310546875 * erstellt
17: 0.30859375 * 
18: 0.3046875 * territory
19: 0.302734375 * actiuni
20: 0.296875 * spots
21: 0.29296875 * Ross
22: 0.275390625 * medium
23: 0.271484375 * approach
24: 0.271484375 * staffed
25: 0.26953125 * interest
26: 0.267578125 * grupului
27: 0.2578125 * ized
28: 0.251953125 * path
29: 0.251953125 * pace
30: 0.248046875 * walk
31: 0.2470703125 * Wir
32: 0.2470703125 * logy
33: 0.244140625 * with
34: 0.2412109375 * pet
35: 0.2392578125 * free
36: 0.23828125 * imprumut
37: 0.234375 * West
38: 0.232421875 * misiune
39: 0.232421875 * big
40: 0.23046875 * dis
41: 0.2265625 * ]
42: 0.2255859375 * edge
43: 0.2236328125 * about
44: 0.22265625 * Animal
45: 0.22265625 * breath
46: 0.2216796875 * going
47: 0.2216796875 * LC
48: 0.2197265625 * wind
49: 0.2158203125 * bebelus
Total loss: 0.33214691281318665 = MSE Loss: 0.25841644406318665, 0.001 * Sparsity Loss: 73.5
Epoch: 1 batch_num: 43
0: 1.8046875 * mândr
1: 1.1171875 * realizeaz
2: 0.5546875 * Scout
3: 0.5546875 * ://
4: 0.55078125 * dărui
5: 0.494140625 * dogs
6: 0.4453125 * decizie
7: 0.392578125 * spots
8: 0.3828125 * walk
9: 0.359375 * ity
10: 0.357421875 * leg
11: 0.357421875 * cuplu
12: 0.35546875 * mo
13: 0.34375 * path
14: 0.337890625 * spot
15: 0.330078125 * owner
16: 0.328125 * Walk
17: 0.314453125 * In
18: 0.314453125 * wind
19: 0.310546875 * West
20: 0.302734375 * echival
21: 0.30078125 * territory
22: 0.30078125 * speed
23: 0.28515625 * ized
24: 0.28125 * Wind
25: 0.27734375 * adecvat
26: 0.275390625 * lovitur
27: 0.275390625 * big
28: 0.2734375 * with
29: 0.271484375 * –
30: 0.267578125 * Dis
31: 0.267578125 * logy
32: 0.265625 * actiuni
33: 0.265625 * ling
34: 0.25 * grupului
35: 0.2451171875 * medium
36: 0.244140625 * Col
37: 0.2431640625 * west
38: 0.2421875 * cărui
39: 0.2412109375 * pet
40: 0.240234375 * approach
41: 0.2392578125 * dis
42: 0.232421875 * Walking
43: 0.2314453125 * ements
44: 0.23046875 * best
45: 0.23046875 * clădiri
46: 0.224609375 * /2019
47: 0.2236328125 * in
48: 0.216796875 * Mo
49: 0.216796875 * standard
Total loss: 0.2615240514278412 = MSE Loss: 0.1882818639278412, 0.001 * Sparsity Loss: 73.0
Epoch: 1 batch_num: 44
0: 1.25 * mândr
1: 0.56640625 * adecvat
2: 0.5625 * realizeaz
3: 0.4765625 * walk
4: 0.462890625 * actiuni
5: 0.455078125 * lovitur
6: 0.4296875 * leg
7: 0.427734375 * ://
8: 0.42578125 * Walk
9: 0.421875 * dărui
10: 0.37890625 * ity
11: 0.376953125 * ements
12: 0.33984375 * misiune
13: 0.33984375 * spots
14: 0.3359375 * viziune
15: 0.328125 * trecută
16: 0.31640625 * clădiri
17: 0.302734375 * decizie
18: 0.30078125 * spot
19: 0.29296875 * Dis
20: 0.29296875 * cuplu
21: 0.287109375 * In
22: 0.28515625 * doamn
23: 0.28515625 * PR
24: 0.28125 * path
25: 0.28125 * big
26: 0.2734375 * middle
27: 0.271484375 * anului
28: 0.26953125 * mo
29: 0.267578125 * /2019
30: 0.259765625 * miere
31: 0.259765625 * Brown
32: 0.248046875 * stick
33: 0.2470703125 * Dog
34: 0.2421875 * Animal
35: 0.2314453125 * ized
36: 0.2236328125 * St
37: 0.22265625 * Average
38: 0.2177734375 * relates
39: 0.21484375 * dog
40: 0.2138671875 * West
41: 0.2119140625 * small
42: 0.2119140625 * Scout
43: 0.2099609375 * And
44: 0.2060546875 * Mo
45: 0.2041015625 * breath
46: 0.203125 * FC
47: 0.2001953125 * west
48: 0.19921875 * legs
49: 0.1962890625 * (8
Total loss: 0.3164953589439392 = MSE Loss: 0.24813596904277802, 0.001 * Sparsity Loss: 68.5
Epoch: 1 batch_num: 45
0: 0.6796875 * adecvat
1: 0.53515625 * mândr
2: 0.498046875 * misiune
3: 0.49609375 * West
4: 0.48828125 * walk
5: 0.46484375 * lovitur
6: 0.43359375 * middle
7: 0.404296875 * Walk
8: 0.404296875 * realizeaz
9: 0.37890625 * leg
10: 0.3671875 * stick
11: 0.36328125 * small
12: 0.337890625 * of
13: 0.3359375 * Dog
14: 0.33203125 * owner
15: 0.322265625 * ements
16: 0.318359375 * actiuni
17: 0.314453125 * anului
18: 0.310546875 * viziune
19: 0.30859375 * guest
20: 0.306640625 * breath
21: 0.3046875 * wind
22: 0.298828125 * clădiri
23: 0.291015625 * dog
24: 0.28515625 * Pet
25: 0.283203125 * owner
26: 0.283203125 * new
27: 0.27734375 * dogs
28: 0.275390625 * ”
29: 0.271484375 * Wir
30: 0.26953125 * valeur
31: 0.263671875 * example
32: 0.259765625 * Speed
33: 0.2578125 * ST
34: 0.248046875 * has
35: 0.24609375 * )
36: 0.24609375 * Brown
37: 0.24609375 * /2019
38: 0.2451171875 * Dis
39: 0.244140625 * Average
40: 0.240234375 * legs
41: 0.2373046875 * Animal
42: 0.23046875 * cărui
43: 0.2255859375 * medium
44: 0.2216796875 * On
45: 0.2177734375 * In
46: 0.216796875 * PR
47: 0.2158203125 * #
48: 0.21484375 * And
49: 0.2080078125 * be
Total loss: 0.27092015743255615 = MSE Loss: 0.20011936128139496, 0.001 * Sparsity Loss: 71.0
Epoch: 1 batch_num: 46
0: 0.69921875 * mândr
1: 0.6171875 * owner
2: 0.5546875 * wind
3: 0.51953125 * West
4: 0.5078125 * Scout
5: 0.49609375 * dogs
6: 0.474609375 * dărui
7: 0.470703125 * adecvat
8: 0.466796875 * middle
9: 0.455078125 * owner
10: 0.455078125 * trecută
11: 0.431640625 * IN
12: 0.431640625 * free
13: 0.41796875 * Wir
14: 0.3984375 * Wind
15: 0.39453125 * Din
16: 0.3828125 * logy
17: 0.37890625 * medium
18: 0.3671875 * at
19: 0.357421875 * walk
20: 0.357421875 * pace
21: 0.349609375 * lovitur
22: 0.34375 * realizeaz
23: 0.337890625 * leg
24: 0.333984375 * decizie
25: 0.328125 * ation
26: 0.32421875 * ],
27: 0.3203125 * example
28: 0.3125 * stick
29: 0.310546875 * Walk
30: 0.302734375 * guest
31: 0.30078125 * misiune
32: 0.30078125 * Ross
33: 0.298828125 * new
34: 0.296875 * >
35: 0.291015625 * in
36: 0.291015625 * breath
37: 0.287109375 * legs
38: 0.28515625 * "
39: 0.2734375 * ]
40: 0.2734375 * picioare
41: 0.2734375 * lation
42: 0.26953125 * dog
43: 0.26953125 * Dog
44: 0.265625 * do
45: 0.263671875 * Pet
46: 0.263671875 * of
47: 0.251953125 * ",
48: 0.2451171875 * strip
49: 0.2412109375 * small
Total loss: 0.28267544507980347 = MSE Loss: 0.20748014748096466, 0.001 * Sparsity Loss: 75.0
Epoch: 1 batch_num: 47
0: 1.2421875 * mândr
1: 0.78125 * at
2: 0.74609375 * Scout
3: 0.72265625 * dărui
4: 0.58203125 * free
5: 0.5546875 * .
6: 0.54296875 * wind
7: 0.53125 * Wir
8: 0.51171875 * IN
9: 0.51171875 * realizeaz
10: 0.5078125 * middle
11: 0.484375 * pace
12: 0.474609375 * Din
13: 0.46875 * trecută
14: 0.458984375 * logy
15: 0.45703125 * Wind
16: 0.44921875 * ,
17: 0.42578125 * )
18: 0.42578125 * decizie
19: 0.42578125 * West
20: 0.42578125 * and
21: 0.41796875 * medium
22: 0.4140625 * owner
23: 0.388671875 * ”
24: 0.376953125 * Fox
25: 0.375 * owner
26: 0.373046875 * dogs
27: 0.373046875 * strip
28: 0.353515625 * with
29: 0.353515625 * on
30: 0.349609375 * major
31: 0.34765625 * big
32: 0.345703125 * example
33: 0.34375 * ://
34: 0.3359375 * invested
35: 0.333984375 * in
36: 0.333984375 * At
37: 0.33203125 * Ross
38: 0.330078125 * lation
39: 0.326171875 * 
40: 0.32421875 * stick
41: 0.322265625 * ements
42: 0.3203125 * -
43: 0.302734375 * Territory
44: 0.302734375 * ized
45: 0.28515625 * And
46: 0.283203125 * go
47: 0.283203125 * as
48: 0.27734375 * ?
49: 0.27734375 * dosar
Total loss: 0.40976640582084656 = MSE Loss: 0.32187578082084656, 0.001 * Sparsity Loss: 88.0
Epoch: 1 batch_num: 48
0: 1.140625 * mândr
1: 0.87109375 * Scout
2: 0.80078125 * realizeaz
3: 0.703125 * /
4: 0.65625 * dărui
5: 0.61328125 * Territory
6: 0.59765625 * Wir
7: 0.58984375 * IN
8: 0.578125 * free
9: 0.54296875 * Fox
10: 0.52734375 * ements
11: 0.52734375 * Din
12: 0.51953125 * pace
13: 0.51171875 * big
14: 0.5078125 * </s>
15: 0.494140625 * -
16: 0.47265625 * in
17: 0.46875 * '
18: 0.453125 * "
19: 0.4453125 * dosar
20: 0.4296875 * Animal
21: 0.427734375 * major
22: 0.416015625 * adecvat
23: 0.40625 * middle
24: 0.400390625 * logy
25: 0.396484375 * strip
26: 0.388671875 * walk
27: 0.388671875 * of
28: 0.384765625 * 
29: 0.384765625 * #
30: 0.375 * invested
31: 0.369140625 * West
32: 0.36328125 * (
33: 0.349609375 * Pitt
34: 0.34765625 * local
35: 0.34765625 * On
36: 0.33984375 * Shepherd
37: 0.33984375 * viziune
38: 0.33984375 * The
39: 0.33984375 * wind
40: 0.337890625 * example
41: 0.3359375 * ]
42: 0.330078125 * Ross
43: 0.328125 * from
44: 0.328125 * kind
45: 0.326171875 * >
46: 0.32421875 * medium
47: 0.322265625 * go
48: 0.3125 * ation
49: 0.3125 * ’
Total loss: 0.347778856754303 = MSE Loss: 0.24914604425430298, 0.001 * Sparsity Loss: 98.5
Epoch: 1 batch_num: 49
0: 0.83203125 * Scout
1: 0.75 * Territory
2: 0.734375 * Fox
3: 0.68359375 * mândr
4: 0.6484375 * Wir
5: 0.640625 * realizeaz
6: 0.609375 * big
7: 0.54296875 * /
8: 0.53125 * Din
9: 0.52734375 * walk
10: 0.5234375 * viziune
11: 0.5078125 * Animal
12: 0.494140625 * dosar
13: 0.48828125 * major
14: 0.470703125 * adecvat
15: 0.45703125 * strip
16: 0.443359375 * ements
17: 0.44140625 * legs
18: 0.43359375 * free
19: 0.427734375 * pace
20: 0.416015625 * lovitur
21: 0.412109375 * Pitt
22: 0.41015625 * Shepherd
23: 0.396484375 * </s>
24: 0.384765625 * cărui
25: 0.37890625 * Dog
26: 0.376953125 * doamn
27: 0.375 * -
28: 0.373046875 * dărui
29: 0.37109375 * IN
30: 0.36328125 * small
31: 0.36328125 * '
32: 0.361328125 * (
33: 0.359375 * owner
34: 0.357421875 * leg
35: 0.353515625 * kind
36: 0.345703125 * #
37: 0.33203125 * valeur
38: 0.328125 * Owner
39: 0.32421875 * "
40: 0.322265625 * dog
41: 0.3203125 * CR
42: 0.314453125 * guest
43: 0.306640625 * Mal
44: 0.3046875 * Ross
45: 0.30078125 * example
46: 0.29296875 * animal
47: 0.29296875 * ura
48: 0.291015625 * Cro
49: 0.287109375 * conducere
Total loss: 0.33499085903167725 = MSE Loss: 0.24221742153167725, 0.001 * Sparsity Loss: 93.0
Epoch: 1 batch_num: 50
0: 0.84765625 * Territory
1: 0.81640625 * Fox
2: 0.6953125 * cărui
3: 0.6875 * Scout
4: 0.65625 * Wir
5: 0.5546875 * walk
6: 0.546875 * dosar
7: 0.53125 * New
8: 0.5234375 * viziune
9: 0.5078125 * In
10: 0.50390625 * ,
11: 0.50390625 * Wind
12: 0.486328125 * big
13: 0.478515625 * legs
14: 0.4765625 * Animal
15: 0.462890625 * Din
16: 0.458984375 * major
17: 0.443359375 * strip
18: 0.439453125 * lovitur
19: 0.43359375 * ://
20: 0.4296875 * on
21: 0.427734375 * Shepherd
22: 0.423828125 * ation
23: 0.423828125 * leg
24: 0.41796875 * Do
25: 0.412109375 * ating
26: 0.408203125 * doamn
27: 0.400390625 * at
28: 0.39453125 * wind
29: 0.373046875 * West
30: 0.373046875 * in
31: 0.369140625 * Pitt
32: 0.369140625 * IN
33: 0.36328125 * Dog
34: 0.36328125 * OF
35: 0.359375 * owner
36: 0.349609375 * dog
37: 0.34375 * adecvat
38: 0.3359375 * >
39: 0.33203125 * )
40: 0.330078125 * walk
41: 0.328125 * small
42: 0.322265625 * guest
43: 0.3203125 * doesn
44: 0.3203125 * filmed
45: 0.318359375 * wait
46: 0.31640625 * <unk>
47: 0.31640625 * Speed
48: 0.314453125 * the
49: 0.314453125 * begging
Total loss: 0.37786558270454407 = MSE Loss: 0.28265073895454407, 0.001 * Sparsity Loss: 95.0
Epoch: 1 batch_num: 51
0: 0.8515625 * Fox
1: 0.828125 * Territory
2: 0.8125 * Wind
3: 0.7890625 * cărui
4: 0.72265625 * mândr
5: 0.64453125 * wind
6: 0.62109375 * Wir
7: 0.55078125 * walk
8: 0.546875 * dosar
9: 0.53125 * dărui
10: 0.49609375 * Scout
11: 0.494140625 * New
12: 0.458984375 * >
13: 0.44140625 * ating
14: 0.42578125 * Shepherd
15: 0.42578125 * ation
16: 0.421875 * viziune
17: 0.408203125 * realizeaz
18: 0.404296875 * lovitur
19: 0.40234375 * West
20: 0.3984375 * and
21: 0.38671875 * Din
22: 0.380859375 * leg
23: 0.380859375 * legs
24: 0.37109375 * major
25: 0.369140625 * wait
26: 0.365234375 * м
27: 0.349609375 * walk
28: 0.34765625 * OF
29: 0.34765625 * doesn
30: 0.3359375 * dis
31: 0.33203125 * Walk
32: 0.328125 * the
33: 0.328125 * strip
34: 0.32421875 * Gil
35: 0.318359375 * filmed
36: 0.31640625 * including
37: 0.30859375 * invested
38: 0.306640625 * Animal
39: 0.306640625 * on
40: 0.3046875 * In
41: 0.291015625 * doamn
42: 0.2890625 * From
43: 0.287109375 * The
44: 0.28515625 * Leaving
45: 0.28515625 * <unk>
46: 0.283203125 * ements
47: 0.28125 * ura
48: 0.28125 * Pitt
49: 0.279296875 * dog
Total loss: 0.26709550619125366 = MSE Loss: 0.17725175619125366, 0.001 * Sparsity Loss: 90.0
Epoch: 1 batch_num: 52
0: 1.0390625 * mândr
1: 0.9609375 * Wind
2: 0.8359375 * dărui
3: 0.80859375 * Fox
4: 0.7578125 * wind
5: 0.65625 * Territory
6: 0.640625 * IN
7: 0.5703125 * Wir
8: 0.56640625 * and
9: 0.5390625 * cărui
10: 0.52734375 * walk
11: 0.515625 * ),
12: 0.458984375 * invested
13: 0.455078125 * .
14: 0.447265625 * re
15: 0.44140625 * dosar
16: 0.439453125 * dis
17: 0.4375 * ements
18: 0.43359375 * imprumut
19: 0.427734375 * At
20: 0.39453125 * Shepherd
21: 0.388671875 * -
22: 0.388671875 * actiuni
23: 0.384765625 * ating
24: 0.373046875 * at
25: 0.369140625 * With
26: 0.3671875 * in
27: 0.359375 * м
28: 0.34765625 * >
29: 0.34765625 * logy
30: 0.328125 * ://
31: 0.32421875 * west
32: 0.318359375 * Gil
33: 0.31640625 * ).
34: 0.3046875 * PD
35: 0.30078125 * ”
36: 0.30078125 * bebelus
37: 0.298828125 * across
38: 0.296875 * ".
39: 0.296875 * including
40: 0.291015625 * misiei
41: 0.287109375 * wait
42: 0.287109375 * adecvat
43: 0.28125 * New
44: 0.279296875 * From
45: 0.275390625 * е
46: 0.271484375 * filmed
47: 0.26953125 * picioare
48: 0.263671875 * lovitur
49: 0.26171875 * as
Total loss: 0.25083446502685547 = MSE Loss: 0.16050243377685547, 0.001 * Sparsity Loss: 90.5
Epoch: 1 batch_num: 53
0: 1.1484375 * mândr
1: 0.91796875 * dărui
2: 0.76953125 * Wind
3: 0.69921875 * Fox
4: 0.66796875 * IN
5: 0.64453125 * west
6: 0.5703125 * wind
7: 0.5625 * imprumut
8: 0.55078125 * adecvat
9: 0.50390625 * Wir
10: 0.494140625 * actiuni
11: 0.48046875 * invested
12: 0.462890625 * ://
13: 0.443359375 * pace
14: 0.423828125 * big
15: 0.3984375 * ),
16: 0.388671875 * re
17: 0.38671875 * dis
18: 0.3671875 * PR
19: 0.34375 * including
20: 0.333984375 * across
21: 0.330078125 * logy
22: 0.328125 * small
23: 0.328125 * PD
24: 0.32421875 * ements
25: 0.31640625 * -
26: 0.3125 * ating
27: 0.306640625 * Territory
28: 0.298828125 * Shepherd
29: 0.298828125 * side
30: 0.296875 * misiei
31: 0.296875 * animal
32: 0.29296875 * Gil
33: 0.291015625 * From
34: 0.2890625 * At
35: 0.283203125 * go
36: 0.283203125 * breath
37: 0.279296875 * 23,
38: 0.271484375 * м
39: 0.267578125 * -3
40: 0.265625 * Ross
41: 0.26171875 * >
42: 0.259765625 * echival
43: 0.255859375 * Path
44: 0.255859375 * bebelus
45: 0.251953125 * dosar
46: 0.251953125 * legs
47: 0.2490234375 * walk
48: 0.2490234375 * at
49: 0.248046875 * valeur
Total loss: 0.30417656898498535 = MSE Loss: 0.22409842908382416, 0.001 * Sparsity Loss: 80.0
Epoch: 1 batch_num: 54
0: 0.98828125 * mândr
1: 0.828125 * dărui
2: 0.7578125 * west
3: 0.6015625 * Fox
4: 0.57421875 * realizeaz
5: 0.55859375 * IN
6: 0.546875 * adecvat
7: 0.54296875 * Wind
8: 0.5234375 * pace
9: 0.51953125 * cărui
10: 0.5078125 * big
11: 0.474609375 * Scout
12: 0.46875 * legs
13: 0.462890625 * invested
14: 0.45703125 * Wir
15: 0.453125 * imprumut
16: 0.421875 * by
17: 0.416015625 * In
18: 0.404296875 * doamn
19: 0.37890625 * territory
20: 0.365234375 * ://
21: 0.365234375 * wind
22: 0.359375 * And
23: 0.3515625 * across
24: 0.34765625 * with
25: 0.3359375 * has
26: 0.333984375 * ),
27: 0.330078125 * PR
28: 0.328125 * go
29: 0.322265625 * speed
30: 0.31640625 * ist
31: 0.3125 * from
32: 0.30859375 * be
33: 0.30859375 * dis
34: 0.298828125 * Possibly
35: 0.294921875 * actiuni
36: 0.291015625 * including
37: 0.291015625 * valeur
38: 0.2890625 * viziune
39: 0.2890625 * at
40: 0.287109375 * lovitur
41: 0.28515625 * small
42: 0.28515625 * re
43: 0.283203125 * ",
44: 0.27734375 * dogs
45: 0.27734375 * do
46: 0.275390625 * transition
47: 0.275390625 * Gil
48: 0.2734375 * Transition
49: 0.2734375 * DOT
Total loss: 0.28860944509506226 = MSE Loss: 0.20413680374622345, 0.001 * Sparsity Loss: 84.5
Epoch: 1 batch_num: 55
0: 0.984375 * cărui
1: 0.8359375 * realizeaz
2: 0.625 * mândr
3: 0.59375 * Scout
4: 0.58984375 * legs
5: 0.5703125 * west
6: 0.55859375 * IN
7: 0.55078125 * dărui
8: 0.5078125 * doamn
9: 0.50390625 * transition
10: 0.474609375 * Fox
11: 0.47265625 * ation
12: 0.466796875 * lovitur
13: 0.451171875 * ements
14: 0.447265625 * Transition
15: 0.43359375 * pace
16: 0.39453125 * territory
17: 0.376953125 * Walk
18: 0.375 * ),
19: 0.375 * viziune
20: 0.373046875 * standard
21: 0.37109375 * Wir
22: 0.369140625 * adecvat
23: 0.3671875 * dogs
24: 0.36328125 * 23
25: 0.357421875 * AT
26: 0.341796875 * </s>
27: 0.333984375 * big
28: 0.33203125 * invested
29: 0.326171875 * DOT
30: 0.322265625 * And
31: 0.3203125 * Possibly
32: 0.318359375 * by
33: 0.31640625 * Territory
34: 0.31640625 * Pitt
35: 0.30859375 * ncing
36: 0.306640625 * leg
37: 0.3046875 * walk
38: 0.3046875 * medium
39: 0.3046875 * has
40: 0.302734375 * ist
41: 0.302734375 * speed
42: 0.30078125 * >
43: 0.291015625 * outdoors
44: 0.2890625 * ST
45: 0.283203125 * maşin
46: 0.2734375 * More
47: 0.271484375 * conducere
48: 0.267578125 * across
49: 0.265625 * go
Total loss: 0.3008469343185425 = MSE Loss: 0.21783913671970367, 0.001 * Sparsity Loss: 83.0
Epoch: 1 batch_num: 56
0: 1.1015625 * cărui
1: 0.6796875 * ements
2: 0.6328125 * transition
3: 0.578125 * Scout
4: 0.57421875 * legs
5: 0.546875 * Transition
6: 0.498046875 * lovitur
7: 0.451171875 * walk
8: 0.4375 * ation
9: 0.431640625 * Territory
10: 0.4296875 * standard
11: 0.427734375 * ncing
12: 0.419921875 * Walk
13: 0.41015625 * doamn
14: 0.41015625 * realizeaz
15: 0.40625 * >
16: 0.40625 * 23
17: 0.376953125 * ating
18: 0.376953125 * AT
19: 0.375 * west
20: 0.357421875 * leg
21: 0.35546875 * Do
22: 0.353515625 * ears
23: 0.3515625 * IN
24: 0.341796875 * OF
25: 0.33984375 * 
26: 0.3359375 * ),
27: 0.333984375 * bebelus
28: 0.330078125 * territory
29: 0.3203125 * </s>
30: 0.3203125 * shedding
31: 0.314453125 * dogs
32: 0.306640625 * Pitt
33: 0.306640625 * Fox
34: 0.3046875 * dosar
35: 0.30078125 * DOT
36: 0.298828125 * viziune
37: 0.298828125 * outdoors
38: 0.296875 * pace
39: 0.2890625 * Possibly
40: 0.287109375 * miere
41: 0.28515625 * actiuni
42: 0.28515625 * wind
43: 0.28125 * animal
44: 0.28125 * medium
45: 0.27734375 * wait
46: 0.26953125 * gestartet
47: 0.263671875 * м
48: 0.26171875 * ($
49: 0.26171875 * speed
Total loss: 0.26193302869796753 = MSE Loss: 0.18039007484912872, 0.001 * Sparsity Loss: 81.5
Epoch: 1 batch_num: 57
0: 0.94140625 * realizeaz
1: 0.7890625 * cărui
2: 0.64453125 * ements
3: 0.6328125 * 
4: 0.61328125 * transition
5: 0.57421875 * wind
6: 0.5390625 * Transition
7: 0.490234375 * Scout
8: 0.47265625 * legs
9: 0.46875 * dărui
10: 0.455078125 * animal
11: 0.44140625 * .
12: 0.439453125 * ncing
13: 0.4375 * ://
14: 0.4375 * side
15: 0.431640625 * Territory
16: 0.423828125 * Wind
17: 0.419921875 * lovitur
18: 0.41796875 * breath
19: 0.4140625 * shedding
20: 0.408203125 * walk
21: 0.408203125 * Do
22: 0.40234375 * standard
23: 0.396484375 * adecvat
24: 0.39453125 * with
25: 0.38671875 * imprumut
26: 0.3828125 * erstellt
27: 0.365234375 * ating
28: 0.361328125 * AT
29: 0.35546875 * ears
30: 0.345703125 * ’
31: 0.34375 * leg
32: 0.337890625 * misiei
33: 0.3359375 * -
34: 0.330078125 * bebelus
35: 0.330078125 * day
36: 0.328125 * by
37: 0.32421875 * 23
38: 0.322265625 * gestartet
39: 0.3203125 * ],
40: 0.3203125 * dosar
41: 0.31640625 * ,
42: 0.310546875 * small
43: 0.30859375 * in
44: 0.30859375 * echival
45: 0.306640625 * outdoors
46: 0.3046875 * )
47: 0.3046875 * freedom
48: 0.3046875 * valeur
49: 0.302734375 * м
Total loss: 0.248570516705513 = MSE Loss: 0.163121297955513, 0.001 * Sparsity Loss: 85.5
Epoch: 1 batch_num: 58
0: 1.359375 * realizeaz
1: 0.75390625 * dărui
2: 0.66796875 * adecvat
3: 0.6328125 * wind
4: 0.53125 * actiuni
5: 0.482421875 * invested
6: 0.4609375 * transition
7: 0.453125 * animal
8: 0.453125 * Transition
9: 0.451171875 * side
10: 0.44140625 * Wind
11: 0.43359375 * walk
12: 0.431640625 * breath
13: 0.423828125 * shedding
14: 0.412109375 * 
15: 0.40234375 * Do
16: 0.376953125 * fit
17: 0.369140625 * misiei
18: 0.3671875 * ements
19: 0.361328125 * ],
20: 0.353515625 * dis
21: 0.3515625 * ating
22: 0.349609375 * ncing
23: 0.34765625 * .
24: 0.341796875 * the
25: 0.326171875 * From
26: 0.32421875 * 3
27: 0.31640625 * standard
28: 0.31640625 * Strip
29: 0.314453125 * small
30: 0.314453125 * gestartet
31: 0.30859375 * just
32: 0.30859375 * cărui
33: 0.306640625 * freedom
34: 0.298828125 * valeur
35: 0.294921875 * 4%
36: 0.294921875 * outdoors
37: 0.2890625 * erstellt
38: 0.28515625 * trecută
39: 0.28515625 * ears
40: 0.28125 * Ross
41: 0.28125 * legs
42: 0.28125 * day
43: 0.279296875 * ",
44: 0.27734375 * big
45: 0.27734375 * clădiri
46: 0.275390625 * Territory
47: 0.275390625 * wait
48: 0.265625 * go
49: 0.263671875 * leg
Total loss: 0.2890504002571106 = MSE Loss: 0.2084839791059494, 0.001 * Sparsity Loss: 80.5
Epoch: 1 batch_num: 59
0: 1.1328125 * realizeaz
1: 0.828125 * dărui
2: 0.76171875 * actiuni
3: 0.71484375 * adecvat
4: 0.53125 * wind
5: 0.515625 * invested
6: 0.455078125 * walk
7: 0.404296875 * dis
8: 0.396484375 * doamn
9: 0.3828125 * In
10: 0.376953125 * trecută
11: 0.365234375 * fit
12: 0.36328125 * ],
13: 0.349609375 * maşin
14: 0.34375 * cărui
15: 0.337890625 * animal
16: 0.337890625 * just
17: 0.33203125 * shedding
18: 0.326171875 * breath
19: 0.322265625 * Strip
20: 0.3125 * acţiune
21: 0.310546875 * misiei
22: 0.3046875 * in
23: 0.3046875 * In
24: 0.29296875 * Transition
25: 0.291015625 * tracking
26: 0.2890625 * ",
27: 0.2890625 * viziune
28: 0.28515625 * walk
29: 0.283203125 * go
30: 0.27734375 * Wind
31: 0.275390625 * ating
32: 0.275390625 * IN
33: 0.2734375 * side
34: 0.267578125 * From
35: 0.265625 * territory
36: 0.265625 * mândr
37: 0.26171875 * schimb
38: 0.26171875 * St
39: 0.2578125 * 3
40: 0.255859375 * gestartet
41: 0.25390625 * Ross
42: 0.251953125 * Do
43: 0.25 * trained
44: 0.25 * outdoors
45: 0.2490234375 * clădiri
46: 0.2470703125 * .”
47: 0.2451171875 * (
48: 0.2431640625 * ura
49: 0.2431640625 * '
Total loss: 0.30442482233047485 = MSE Loss: 0.22825294733047485, 0.001 * Sparsity Loss: 76.0
Epoch: 1 batch_num: 60
0: 0.8125 * dărui
1: 0.75 * cărui
2: 0.69921875 * actiuni
3: 0.62109375 * realizeaz
4: 0.578125 * adecvat
5: 0.458984375 * doamn
6: 0.4453125 * ],
7: 0.443359375 * invested
8: 0.40234375 * .
9: 0.39453125 * Walk
10: 0.373046875 * dis
11: 0.359375 * St
12: 0.353515625 * territory
13: 0.3515625 * legs
14: 0.33203125 * FC
15: 0.326171875 * >
16: 0.326171875 * <unk>
17: 0.326171875 * wind
18: 0.31640625 * erstellt
19: 0.3125 * acţiune
20: 0.30859375 * stick
21: 0.3046875 * re
22: 0.296875 * Possibly
23: 0.287109375 * maşin
24: 0.28515625 * Strip
25: 0.28515625 * fit
26: 0.283203125 * low
27: 0.283203125 * mândr
28: 0.27734375 * trained
29: 0.27734375 * medium
30: 0.27734375 * pets
31: 0.2734375 * dog
32: 0.26953125 * schimb
33: 0.265625 * Path
34: 0.26171875 * path
35: 0.2578125 * ation
36: 0.255859375 * ),
37: 0.255859375 * ears
38: 0.25390625 * transition
39: 0.25390625 * and
40: 0.251953125 * spots
41: 0.25 * animal
42: 0.25 * 
43: 0.2431640625 * provides
44: 0.2412109375 * Speed
45: 0.2392578125 * Wir
46: 0.236328125 * ura
47: 0.236328125 * tracking
48: 0.2353515625 * Brown
49: 0.234375 * walk
Total loss: 0.30469292402267456 = MSE Loss: 0.22803276777267456, 0.001 * Sparsity Loss: 76.5
Epoch: 1 batch_num: 61
0: 0.82421875 * cărui
1: 0.625 * dărui
2: 0.62109375 * Walk
3: 0.5390625 * transition
4: 0.5078125 * erstellt
5: 0.42578125 * 
6: 0.390625 * ears
7: 0.388671875 * ncing
8: 0.38671875 * <unk>
9: 0.38671875 * FC
10: 0.375 * territory
11: 0.369140625 * doamn
12: 0.361328125 * adecvat
13: 0.35546875 * >
14: 0.349609375 * realizeaz
15: 0.34375 * Possibly
16: 0.326171875 * actiuni
17: 0.32421875 * medium
18: 0.3125 * legs
19: 0.30859375 * trecută
20: 0.3046875 * leg
21: 0.298828125 * )
22: 0.2890625 * PR
23: 0.28515625 * Pitt
24: 0.28515625 * As
25: 0.283203125 * Animal
26: 0.283203125 * pets
27: 0.2734375 * ling
28: 0.2734375 * intention
29: 0.2734375 * re
30: 0.271484375 * small
31: 0.267578125 * Wir
32: 0.267578125 * invested
33: 0.26171875 * imprumut
34: 0.259765625 * spots
35: 0.259765625 * PD
36: 0.25390625 * ".
37: 0.25390625 * low
38: 0.25 * has
39: 0.248046875 * Wind
40: 0.2392578125 * does
41: 0.23828125 * standard
42: 0.23828125 * stability
43: 0.236328125 * dis
44: 0.2353515625 * Speed
45: 0.2333984375 * Brown
46: 0.232421875 * ],
47: 0.2294921875 * Profile
48: 0.228515625 * dosar
49: 0.228515625 * pathway
Total loss: 0.26293131709098816 = MSE Loss: 0.18871256709098816, 0.001 * Sparsity Loss: 74.0
Epoch: 1 batch_num: 62
0: 0.83203125 * realizeaz
1: 0.6796875 * cărui
2: 0.65234375 * transition
3: 0.63671875 * )
4: 0.60546875 * Walk
5: 0.51171875 * erstellt
6: 0.484375 * does
7: 0.3984375 * wind
8: 0.388671875 * ears
9: 0.384765625 * ncing
10: 0.3828125 * 
11: 0.380859375 * breath
12: 0.375 * trecută
13: 0.36328125 * Wind
14: 0.361328125 * Transition
15: 0.359375 * clădiri
16: 0.3515625 * dărui
17: 0.349609375 * has
18: 0.34375 * stability
19: 0.333984375 * ://
20: 0.318359375 * м
21: 0.314453125 * ,
22: 0.314453125 * territory
23: 0.314453125 * Pitt
24: 0.310546875 * ]
25: 0.302734375 * intention
26: 0.298828125 * Animal
27: 0.298828125 * PR
28: 0.296875 * edge
29: 0.279296875 * .”
30: 0.279296875 * standard
31: 0.275390625 * pet
32: 0.2734375 * As
33: 0.271484375 * ST
34: 0.26953125 * imprumut
35: 0.267578125 * do
36: 0.267578125 * Possibly
37: 0.263671875 * FC
38: 0.26171875 * dosar
39: 0.26171875 * ."
40: 0.26171875 * shedding
41: 0.259765625 * animal
42: 0.255859375 * actiuni
43: 0.251953125 * medium
44: 0.251953125 * viziune
45: 0.251953125 * >
46: 0.24609375 * PD
47: 0.240234375 * decizie
48: 0.23828125 * freedom
49: 0.234375 * doamn
Total loss: 0.29548919200897217 = MSE Loss: 0.22127042710781097, 0.001 * Sparsity Loss: 74.0
Epoch: 1 batch_num: 63
0: 0.68359375 * realizeaz
1: 0.609375 * transition
2: 0.5390625 * Walk
3: 0.53515625 * wind
4: 0.4921875 * actiuni
5: 0.486328125 * )
6: 0.419921875 * breath
7: 0.392578125 * edge
8: 0.38671875 * Transition
9: 0.38671875 * clădiri
10: 0.373046875 * viziune
11: 0.359375 * м
12: 0.357421875 * does
13: 0.353515625 * ted
14: 0.3515625 * cărui
15: 0.33984375 * animal
16: 0.33203125 * adecvat
17: 0.326171875 * erstellt
18: 0.3203125 * decizie
19: 0.314453125 * -
20: 0.3125 * pet
21: 0.3125 * around
22: 0.30078125 * stability
23: 0.294921875 * miere
24: 0.294921875 * has
25: 0.291015625 * at
26: 0.287109375 * shedding
27: 0.283203125 * PR
28: 0.283203125 * in
29: 0.28125 * outdoors
30: 0.279296875 * mândr
31: 0.279296875 * ears
32: 0.275390625 * ements
33: 0.2734375 * ncing
34: 0.271484375 * IN
35: 0.26953125 * lation
36: 0.267578125 * DOT
37: 0.265625 * As
38: 0.26171875 * outdoor
39: 0.26171875 * stick
40: 0.259765625 * Mo
41: 0.255859375 * mo
42: 0.251953125 * standing
43: 0.25 * PR
44: 0.2470703125 * legs
45: 0.2421875 * path
46: 0.2412109375 * Pitt
47: 0.240234375 * ://
48: 0.23828125 * ."
49: 0.2373046875 * standard
Total loss: 0.27340131998062134 = MSE Loss: 0.19869428873062134, 0.001 * Sparsity Loss: 74.5
Epoch: 1 batch_num: 64
0: 0.55078125 * adecvat
1: 0.5 * wind
2: 0.44140625 * -
3: 0.439453125 * actiuni
4: 0.431640625 * ted
5: 0.427734375 * transition
6: 0.40234375 * legs
7: 0.39453125 * imprumut
8: 0.390625 * Walk
9: 0.375 * 
10: 0.359375 * doamn
11: 0.35546875 * edge
12: 0.34375 * viziune
13: 0.330078125 * Command
14: 0.328125 * м
15: 0.322265625 * Brown
16: 0.3203125 * acţiune
17: 0.31640625 * clădiri
18: 0.31640625 * outdoors
19: 0.31640625 * On
20: 0.314453125 * PR
21: 0.310546875 * breath
22: 0.302734375 * owner
23: 0.30078125 * Transition
24: 0.291015625 * )
25: 0.287109375 * profile
26: 0.28125 * pet
27: 0.28125 * animal
28: 0.279296875 * ped
29: 0.279296875 * medium
30: 0.279296875 * FC
31: 0.275390625 * th
32: 0.271484375 * schimb
33: 0.259765625 * miere
34: 0.2578125 * walk
35: 0.2578125 * stick
36: 0.251953125 * walks
37: 0.251953125 * ation
38: 0.248046875 * lovitur
39: 0.244140625 * shedding
40: 0.240234375 * standing
41: 0.23828125 * Strip
42: 0.2373046875 * '
43: 0.2373046875 * outdoor
44: 0.236328125 * Mo
45: 0.2353515625 * Chuck
46: 0.234375 * tracking
47: 0.2333984375 * running
48: 0.2294921875 * pets
49: 0.2255859375 * just
Total loss: 0.2679494619369507 = MSE Loss: 0.19470728933811188, 0.001 * Sparsity Loss: 73.0
Epoch: 1 batch_num: 65
0: 0.65625 * imprumut
1: 0.6484375 * adecvat
2: 0.62890625 * realizeaz
3: 0.5546875 * doamn
4: 0.474609375 * mândr
5: 0.4453125 * 
6: 0.423828125 * cărui
7: 0.41796875 * erstellt
8: 0.412109375 * FC
9: 0.400390625 * On
10: 0.392578125 * wind
11: 0.388671875 * medium
12: 0.369140625 * Animal
13: 0.34765625 * spots
14: 0.34765625 * acţiune
15: 0.341796875 * legs
16: 0.337890625 * profile
17: 0.330078125 * walk
18: 0.328125 * ted
19: 0.314453125 * Wind
20: 0.310546875 * IN
21: 0.3046875 * schimb
22: 0.3046875 * outdoors
23: 0.298828125 * м
24: 0.296875 * ements
25: 0.296875 * with
26: 0.294921875 * Command
27: 0.29296875 * Walk
28: 0.2734375 * owner
29: 0.26953125 * Brown
30: 0.26953125 * Speed
31: 0.265625 * tracking
32: 0.263671875 * th
33: 0.26171875 * Cooper
34: 0.2578125 * )
35: 0.2578125 * Possibly
36: 0.2578125 * BS
37: 0.24609375 * In
38: 0.2421875 * decizie
39: 0.2421875 * speed
40: 0.2412109375 * West
41: 0.236328125 * intention
42: 0.2353515625 * <unk>
43: 0.232421875 * -
44: 0.232421875 * In
45: 0.228515625 * Strip
46: 0.224609375 * Chuck
47: 0.224609375 * re
48: 0.2216796875 * besides
49: 0.2197265625 * ation
Total loss: 0.24662132561206818 = MSE Loss: 0.17630882561206818, 0.001 * Sparsity Loss: 70.5
Epoch: 1 batch_num: 66
0: 0.671875 * actiuni
1: 0.62890625 * spots
2: 0.62890625 * erstellt
3: 0.60546875 * imprumut
4: 0.498046875 * adecvat
5: 0.49609375 * doamn
6: 0.48828125 * realizeaz
7: 0.482421875 * ements
8: 0.474609375 * FC
9: 0.470703125 * Animal
10: 0.40625 * medium
11: 0.40234375 * pets
12: 0.39453125 * mândr
13: 0.392578125 * re
14: 0.388671875 * Wind
15: 0.333984375 * intention
16: 0.33203125 * Walking
17: 0.32421875 * profile
18: 0.32421875 * summer
19: 0.31640625 * cărui
20: 0.298828125 * path
21: 0.298828125 * Possibly
22: 0.296875 * BS
23: 0.291015625 * Cooper
24: 0.287109375 * decizie
25: 0.279296875 * <unk>
26: 0.279296875 * and
27: 0.27734375 * walk
28: 0.271484375 * 
29: 0.26953125 * outdoors
30: 0.255859375 * stick
31: 0.255859375 * speed
32: 0.25 * misiune
33: 0.25 * acţiune
34: 0.244140625 * breath
35: 0.2373046875 * ears
36: 0.236328125 * oraş
37: 0.2353515625 * ://
38: 0.2333984375 * West
39: 0.23046875 * owner
40: 0.2275390625 * miere
41: 0.2255859375 * spot
42: 0.224609375 * schimb
43: 0.2236328125 * From
44: 0.2236328125 * And
45: 0.220703125 * Pet
46: 0.21875 * middle
47: 0.2177734375 * speed
48: 0.2158203125 * strip
49: 0.21484375 * in
Total loss: 0.271529883146286 = MSE Loss: 0.199264258146286, 0.001 * Sparsity Loss: 72.5
Epoch: 1 batch_num: 67
0: 1.046875 * actiuni
1: 0.69140625 * pets
2: 0.6484375 * spots
3: 0.6171875 * erstellt
4: 0.53125 * re
5: 0.5234375 * FC
6: 0.50390625 * Walk
7: 0.47265625 * Animal
8: 0.400390625 * ements
9: 0.390625 * stick
10: 0.375 * intention
11: 0.373046875 * Wind
12: 0.361328125 * summer
13: 0.35546875 * clădiri
14: 0.345703125 * the
15: 0.341796875 * and
16: 0.341796875 * middle
17: 0.33984375 * breath
18: 0.33203125 * doamn
19: 0.330078125 * miere
20: 0.326171875 * be
21: 0.326171875 * <unk>
22: 0.326171875 * DOT
23: 0.322265625 * medium
24: 0.3203125 * kind
25: 0.314453125 * imprumut
26: 0.30859375 * in
27: 0.30859375 * ized
28: 0.296875 * viziune
29: 0.296875 * invested
30: 0.29296875 * path
31: 0.2890625 * ears
32: 0.283203125 * Cooper
33: 0.283203125 * West
34: 0.28125 * е
35: 0.275390625 * strip
36: 0.2734375 * transition
37: 0.267578125 * spot
38: 0.267578125 * ped
39: 0.26171875 * Territory
40: 0.26171875 * BS
41: 0.259765625 * Possibly
42: 0.259765625 * Fertigung
43: 0.255859375 * misiune
44: 0.25390625 * From
45: 0.25390625 * doesn
46: 0.25 * Pet
47: 0.2470703125 * fit
48: 0.2412109375 * -
49: 0.236328125 * mo
Total loss: 0.2911442518234253 = MSE Loss: 0.2174137830734253, 0.001 * Sparsity Loss: 73.5
Epoch: 1 batch_num: 68
0: 1.3828125 * realizeaz
1: 1.21875 * actiuni
2: 0.88671875 * Walk
3: 0.609375 * mândr
4: 0.59375 * erstellt
5: 0.578125 * the
6: 0.5703125 * </s>
7: 0.52734375 * re
8: 0.5078125 * miere
9: 0.48828125 * clădiri
10: 0.484375 * -
11: 0.484375 * pets
12: 0.439453125 * ped
13: 0.4375 * bebelus
14: 0.427734375 * walk
15: 0.427734375 * 
16: 0.427734375 * cărui
17: 0.4140625 * (
18: 0.412109375 * running
19: 0.39453125 * ized
20: 0.38671875 * ted
21: 0.375 * wait
22: 0.369140625 * ation
23: 0.359375 * at
24: 0.35546875 * .
25: 0.353515625 * '
26: 0.33984375 * е
27: 0.3359375 * parinti
28: 0.333984375 * <unk>
29: 0.330078125 * wind
30: 0.322265625 * kind
31: 0.3203125 * intention
32: 0.318359375 * %
33: 0.31640625 * and
34: 0.3125 * valeur
35: 0.306640625 * Fertigung
36: 0.302734375 * /
37: 0.302734375 * 3
38: 0.30078125 * ’
39: 0.298828125 * be
40: 0.296875 * :
41: 0.287109375 * walks
42: 0.287109375 * small
43: 0.287109375 * /3
44: 0.28515625 * more
45: 0.283203125 * Run
46: 0.283203125 * .”
47: 0.279296875 * ‘
48: 0.27734375 * From
49: 0.275390625 * Profile
Total loss: 0.2753058075904846 = MSE Loss: 0.1908331662416458, 0.001 * Sparsity Loss: 84.5
Epoch: 1 batch_num: 69
0: 1.71875 * realizeaz
1: 1.0234375 * actiuni
2: 0.875 * mândr
3: 0.86328125 * Walk
4: 0.640625 * </s>
5: 0.6328125 * cărui
6: 0.61328125 * ements
7: 0.55859375 * miere
8: 0.54296875 * wind
9: 0.5 * bebelus
10: 0.482421875 * ped
11: 0.482421875 * valeur
12: 0.46875 * ity
13: 0.466796875 * clădiri
14: 0.462890625 * imprumut
15: 0.44140625 * )
16: 0.44140625 * (
17: 0.4375 * erstellt
18: 0.43359375 * wait
19: 0.43359375 * %
20: 0.41796875 * path
21: 0.41796875 * ted
22: 0.40625 * ‘
23: 0.400390625 * adecvat
24: 0.392578125 * cuplu
25: 0.384765625 * leg
26: 0.384765625 * logy
27: 0.375 * ,
28: 0.373046875 * .”
29: 0.37109375 * Fox
30: 0.369140625 * the
31: 0.36328125 * parinti
32: 0.353515625 * /3
33: 0.34765625 * running
34: 0.337890625 * Cooper
35: 0.333984375 * at
36: 0.33203125 * >
37: 0.330078125 * ­
38: 0.322265625 * animal
39: 0.318359375 * schimb
40: 0.3125 * re
41: 0.310546875 * spots
42: 0.3046875 * big
43: 0.3046875 * and
44: 0.302734375 * spot
45: 0.302734375 * good
46: 0.298828125 * Fertigung
47: 0.29296875 * From
48: 0.29296875 * 3,
49: 0.287109375 * 3
Total loss: 0.2770226001739502 = MSE Loss: 0.184249147772789, 0.001 * Sparsity Loss: 93.0
Epoch: 1 batch_num: 70
0: 1.5859375 * realizeaz
1: 0.92578125 * ements
2: 0.70703125 * mândr
3: 0.6484375 * )
4: 0.609375 * imprumut
5: 0.58203125 * cărui
6: 0.5703125 * actiuni
7: 0.55859375 * ,
8: 0.55078125 * Cooper
9: 0.5390625 * wind
10: 0.52734375 * Walk
11: 0.498046875 * </s>
12: 0.4921875 * ity
13: 0.490234375 * spots
14: 0.486328125 * miere
15: 0.482421875 * valeur
16: 0.48046875 * ‘
17: 0.470703125 * bebelus
18: 0.4609375 * Fox
19: 0.455078125 * (
20: 0.43359375 * cuplu
21: 0.421875 * begging
22: 0.419921875 * wait
23: 0.40625 * %
24: 0.392578125 * ped
25: 0.392578125 * Possibly
26: 0.392578125 * Speed
27: 0.380859375 * animal
28: 0.375 * medium
29: 0.375 * Wind
30: 0.373046875 * able
31: 0.37109375 * >
32: 0.35546875 * ted
33: 0.353515625 * In
34: 0.3515625 * logy
35: 0.349609375 * leg
36: 0.349609375 * path
37: 0.349609375 * .”
38: 0.33984375 * /3
39: 0.328125 * ­
40: 0.326171875 * clădiri
41: 0.32421875 * IN
42: 0.322265625 * adecvat
43: 0.322265625 * văzut
44: 0.3203125 * viziune
45: 0.318359375 * good
46: 0.31640625 * ears
47: 0.314453125 * parinti
48: 0.3125 * schimb
49: 0.302734375 * spot
Total loss: 0.29900527000427246 = MSE Loss: 0.20623183250427246, 0.001 * Sparsity Loss: 93.0
Epoch: 1 batch_num: 71
0: 1.15625 * realizeaz
1: 0.90234375 * ements
2: 0.7421875 * Wind
3: 0.6328125 * Cooper
4: 0.53125 * (
5: 0.51953125 * medium
6: 0.515625 * ears
7: 0.515625 * and
8: 0.470703125 * fit
9: 0.46875 * Fox
10: 0.466796875 * ‘
11: 0.447265625 * imprumut
12: 0.435546875 * )
13: 0.43359375 * ,
14: 0.43359375 * begging
15: 0.4296875 * In
16: 0.421875 * Speed
17: 0.404296875 * spots
18: 0.39453125 * ://
19: 0.37890625 * wait
20: 0.375 * bebelus
21: 0.373046875 * Possibly
22: 0.365234375 * In
23: 0.36328125 * able
24: 0.36328125 * wind
25: 0.35546875 * cuplu
26: 0.345703125 * IN
27: 0.345703125 * văzut
28: 0.33984375 * walk
29: 0.33984375 * walks
30: 0.333984375 * doamn
31: 0.330078125 * Walk
32: 0.326171875 * valeur
33: 0.32421875 * >
34: 0.322265625 * West
35: 0.3203125 * walk
36: 0.3203125 * And
37: 0.318359375 * FC
38: 0.318359375 * -3
39: 0.31640625 * miere
40: 0.31640625 * viziune
41: 0.31640625 * ­
42: 0.30859375 * walked
43: 0.3046875 * pets
44: 0.302734375 * do
45: 0.296875 * Side
46: 0.296875 * St
47: 0.294921875 * run
48: 0.291015625 * decizie
49: 0.291015625 * AND
Total loss: 0.24431927502155304 = MSE Loss: 0.15594036877155304, 0.001 * Sparsity Loss: 88.5
Epoch: 1 batch_num: 72
0: 1.046875 * Wind
1: 0.65625 * Cooper
2: 0.640625 * ements
3: 0.58203125 * ears
4: 0.5078125 * mândr
5: 0.5078125 * legs
6: 0.5078125 * fit
7: 0.498046875 * medium
8: 0.490234375 * erstellt
9: 0.48828125 * ,
10: 0.466796875 * (
11: 0.4609375 * )
12: 0.458984375 * small
13: 0.453125 * ://
14: 0.427734375 * Fox
15: 0.423828125 * ‘
16: 0.38671875 * trecută
17: 0.3828125 * ized
18: 0.373046875 * decizie
19: 0.373046875 * West
20: 0.37109375 * lovitur
21: 0.3671875 * West
22: 0.345703125 * St
23: 0.34375 * misiune
24: 0.3359375 * intention
25: 0.33203125 * Possibly
26: 0.330078125 * doamn
27: 0.330078125 * văzut
28: 0.326171875 * FC
29: 0.326171875 * and
30: 0.318359375 * adecvat
31: 0.314453125 * be
32: 0.3125 * clădiri
33: 0.30859375 * IN
34: 0.30078125 * wait
35: 0.298828125 * Territory
36: 0.296875 * >
37: 0.296875 * stick
38: 0.29296875 * Brown
39: 0.291015625 * edge
40: 0.2890625 * able
41: 0.28515625 * Side
42: 0.279296875 * Speed
43: 0.275390625 * big
44: 0.267578125 * walked
45: 0.267578125 * begging
46: 0.26171875 * echival
47: 0.259765625 * owner
48: 0.2578125 * ation
49: 0.2578125 * side
Total loss: 0.31943097710609436 = MSE Loss: 0.24081769585609436, 0.001 * Sparsity Loss: 78.5
Epoch: 1 batch_num: 73
0: 1.2890625 * Wind
1: 1.0703125 * realizeaz
2: 0.64453125 * legs
3: 0.61328125 * Cooper
4: 0.6015625 * mândr
5: 0.59765625 * Walking
6: 0.59765625 * erstellt
7: 0.59375 * ears
8: 0.5703125 * spot
9: 0.5703125 * IN
10: 0.5078125 * ized
11: 0.50390625 * miere
12: 0.494140625 * fit
13: 0.47265625 * misiune
14: 0.470703125 * Brown
15: 0.46484375 * owner
16: 0.462890625 * Fox
17: 0.453125 * dogs
18: 0.44921875 * small
19: 0.44140625 * echival
20: 0.43359375 * clădiri
21: 0.427734375 * edge
22: 0.42578125 * Din
23: 0.423828125 * in
24: 0.3984375 * command
25: 0.390625 * ,
26: 0.388671875 * around
27: 0.388671875 * lovitur
28: 0.384765625 * FC
29: 0.37890625 * about
30: 0.375 * transition
31: 0.359375 * %
32: 0.35546875 * Possibly
33: 0.345703125 * )
34: 0.345703125 * in
35: 0.33984375 * imprumut
36: 0.337890625 * at
37: 0.33203125 * animal
38: 0.330078125 * be
39: 0.32421875 * stepping
40: 0.31640625 * Scout
41: 0.31640625 * Leaving
42: 0.314453125 * walk
43: 0.314453125 * In
44: 0.3125 * walking
45: 0.30859375 * ped
46: 0.306640625 * sh
47: 0.30078125 * Walk
48: 0.296875 * din
49: 0.294921875 * ],
Total loss: 0.2683591842651367 = MSE Loss: 0.17949198186397552, 0.001 * Sparsity Loss: 89.0
Epoch: 1 batch_num: 74
0: 1.28125 * Wind
1: 1.140625 * realizeaz
2: 0.828125 * Walking
3: 0.8203125 * miere
4: 0.68359375 * spot
5: 0.6015625 * command
6: 0.59765625 * 
7: 0.578125 * legs
8: 0.55078125 * erstellt
9: 0.54296875 * stepping
10: 0.5234375 * Din
11: 0.51953125 * Brown
12: 0.51171875 * %
13: 0.4921875 * logy
14: 0.490234375 * Cooper
15: 0.466796875 * animal
16: 0.466796875 * parinti
17: 0.462890625 * Fox
18: 0.4609375 * decizie
19: 0.4609375 * ears
20: 0.453125 * imprumut
21: 0.44921875 * Command
22: 0.447265625 * tracking
23: 0.435546875 * trecută
24: 0.435546875 * echival
25: 0.43359375 * walking
26: 0.427734375 * edge
27: 0.42578125 * walk
28: 0.41796875 * shedding
29: 0.4140625 * ped
30: 0.408203125 * Leaving
31: 0.40625 * fit
32: 0.404296875 * dogs
33: 0.39453125 * Scout
34: 0.39453125 * of
35: 0.392578125 * transition
36: 0.38671875 * walk
37: 0.38671875 * м
38: 0.376953125 * owner
39: 0.375 * be
40: 0.37109375 * clădiri
41: 0.369140625 * mândr
42: 0.365234375 * bebelus
43: 0.361328125 * the
44: 0.361328125 * kind
45: 0.359375 * ized
46: 0.357421875 * doamn
47: 0.357421875 * schimb
48: 0.35546875 * Territory
49: 0.353515625 * walks
Total loss: 0.3638310730457306 = MSE Loss: 0.2686162292957306, 0.001 * Sparsity Loss: 95.0
Epoch: 1 batch_num: 75
0: 1.25 * realizeaz
1: 1.0078125 * Wind
2: 1.0 * miere
3: 0.8125 * Walking
4: 0.73828125 * doamn
5: 0.72265625 * 
6: 0.703125 * decizie
7: 0.6875 * trecută
8: 0.66796875 * command
9: 0.64453125 * of
10: 0.62109375 * Speed
11: 0.6171875 * spot
12: 0.61328125 * stepping
13: 0.6015625 * parinti
14: 0.58203125 * Territory
15: 0.5703125 * on
16: 0.5625 * tracking
17: 0.51953125 * %
18: 0.51171875 * Walk
19: 0.482421875 * м
20: 0.48046875 * logy
21: 0.478515625 * cărui
22: 0.4765625 * </s>
23: 0.451171875 * Command
24: 0.44921875 * the
25: 0.44921875 * Din
26: 0.4296875 * kind
27: 0.421875 * bebelus
28: 0.416015625 * viziune
29: 0.41015625 * Brown
30: 0.408203125 * ements
31: 0.40625 * shedding
32: 0.3984375 * /3
33: 0.39453125 * ped
34: 0.392578125 * animal
35: 0.388671875 * from
36: 0.373046875 * breath
37: 0.365234375 * Fox
38: 0.365234375 * erstellt
39: 0.36328125 * schimb
40: 0.35546875 * Fertigung
41: 0.345703125 * Scout
42: 0.341796875 * Leaving
43: 0.33984375 * echival
44: 0.330078125 * side
45: 0.328125 * -3
46: 0.3203125 * regiuni
47: 0.31640625 * walking
48: 0.314453125 * trained
49: 0.310546875 * Path
Total loss: 0.3103125989437103 = MSE Loss: 0.21216806769371033, 0.001 * Sparsity Loss: 98.0
Epoch: 1 batch_num: 76
0: 1.03125 * miere
1: 1.015625 * Walk
2: 0.93359375 * doamn
3: 0.93359375 * realizeaz
4: 0.73828125 * 
5: 0.72265625 * trecută
6: 0.70703125 * decizie
7: 0.6953125 * Wind
8: 0.6796875 * Territory
9: 0.6640625 * Walking
10: 0.6640625 * parinti
11: 0.64453125 * command
12: 0.64453125 * Speed
13: 0.640625 * of
14: 0.6015625 * tracking
15: 0.5859375 * stepping
16: 0.55859375 * side
17: 0.5546875 * mândr
18: 0.51171875 * </s>
19: 0.50390625 * м
20: 0.5 * %
21: 0.474609375 * cărui
22: 0.44921875 * misiune
23: 0.4453125 * on
24: 0.421875 * adecvat
25: 0.41796875 * middle
26: 0.416015625 * /3
27: 0.408203125 * PR
28: 0.408203125 * kind
29: 0.384765625 * viziune
30: 0.384765625 * Fertigung
31: 0.3828125 * spot
32: 0.3671875 * able
33: 0.365234375 * wait
34: 0.359375 * bebelus
35: 0.349609375 * stick
36: 0.34375 * breath
37: 0.341796875 * trained
38: 0.341796875 * Command
39: 0.33984375 * dogs
40: 0.337890625 * big
41: 0.3359375 * ped
42: 0.3359375 * spots
43: 0.3359375 * ://
44: 0.3359375 * the
45: 0.328125 * (3)
46: 0.322265625 * ,
47: 0.318359375 * owner
48: 0.318359375 * shedding
49: 0.31640625 * -3
Total loss: 0.3977656364440918 = MSE Loss: 0.3015742301940918, 0.001 * Sparsity Loss: 96.0
Epoch: 1 batch_num: 77
0: 1.234375 * Walk
1: 0.96875 * doamn
2: 0.9296875 * miere
3: 0.7421875 * mândr
4: 0.67578125 * parinti
5: 0.66015625 * misiune
6: 0.63671875 * side
7: 0.625 * spots
8: 0.59765625 * Territory
9: 0.5703125 * tracking
10: 0.55859375 * Walking
11: 0.54296875 * erstellt
12: 0.5390625 * trecută
13: 0.53125 * 
14: 0.5234375 * Speed
15: 0.51171875 * legs
16: 0.50390625 * command
17: 0.5 * stepping
18: 0.498046875 * %
19: 0.484375 * middle
20: 0.474609375 * owner
21: 0.470703125 * West
22: 0.44921875 * decizie
23: 0.44921875 * м
24: 0.4453125 * transition
25: 0.435546875 * walk
26: 0.423828125 * PR
27: 0.423828125 * in
28: 0.421875 * ://
29: 0.412109375 * ears
30: 0.39453125 * realizeaz
31: 0.390625 * west
32: 0.390625 * able
33: 0.384765625 * at
34: 0.37890625 * and
35: 0.376953125 * adecvat
36: 0.375 * of
37: 0.373046875 * wait
38: 0.373046875 * Fertigung
39: 0.373046875 * Wind
40: 0.37109375 * </s>
41: 0.359375 * dogs
42: 0.35546875 * In
43: 0.345703125 * (3)
44: 0.345703125 * ‘
45: 0.3359375 * >
46: 0.330078125 * Animal
47: 0.330078125 * (
48: 0.328125 * friend
49: 0.326171875 * maşin
Total loss: 0.2560383975505829 = MSE Loss: 0.16326496005058289, 0.001 * Sparsity Loss: 93.0
Epoch: 1 batch_num: 78
0: 1.1484375 * Walk
1: 0.92578125 * doamn
2: 0.85546875 * spots
3: 0.8203125 * erstellt
4: 0.75 * miere
5: 0.66796875 * misiune
6: 0.63671875 * parinti
7: 0.5859375 * side
8: 0.5546875 * West
9: 0.5390625 * Dog
10: 0.53125 * /
11: 0.5234375 * realizeaz
12: 0.51953125 * Walking
13: 0.51171875 * legs
14: 0.5078125 * west
15: 0.482421875 * Cooper
16: 0.458984375 * tracking
17: 0.455078125 * transition
18: 0.44921875 * middle
19: 0.41796875 * ears
20: 0.4140625 * ‘
21: 0.412109375 * actiuni
22: 0.41015625 * stepping
23: 0.408203125 * )
24: 0.40625 * Territory
25: 0.390625 * mândr
26: 0.390625 * able
27: 0.388671875 * Speed
28: 0.38671875 * %
29: 0.380859375 * licensed
30: 0.376953125 * of
31: 0.35546875 * >
32: 0.3515625 * friend
33: 0.3515625 * (3)
34: 0.337890625 * owner
35: 0.330078125 * м
36: 0.328125 * at
37: 0.326171875 * <unk>
38: 0.32421875 * (
39: 0.3125 * Fertigung
40: 0.3125 * ling
41: 0.3125 * cărui
42: 0.310546875 * 
43: 0.306640625 * >
44: 0.306640625 * fit
45: 0.302734375 * Animal
46: 0.298828125 * in
47: 0.296875 * run
48: 0.296875 * In
49: 0.294921875 * ://
Total loss: 0.4485284686088562 = MSE Loss: 0.3591729998588562, 0.001 * Sparsity Loss: 89.5
Epoch: 1 batch_num: 79
0: 0.99609375 * Walk
1: 0.91015625 * erstellt
2: 0.81640625 * spots
3: 0.78515625 * doamn
4: 0.76953125 * trecută
5: 0.703125 * Dog
6: 0.69140625 * realizeaz
7: 0.58984375 * Cooper
8: 0.55859375 * In
9: 0.55859375 * parinti
10: 0.54296875 * actiuni
11: 0.474609375 * miere
12: 0.466796875 * misiune
13: 0.458984375 * Brown
14: 0.453125 * Command
15: 0.447265625 * as
16: 0.416015625 * transition
17: 0.40625 * dog
18: 0.404296875 * ‘
19: 0.404296875 * side
20: 0.400390625 * Wind
21: 0.392578125 * cărui
22: 0.38671875 * /
23: 0.373046875 * of
24: 0.37109375 * west
25: 0.36328125 * (
26: 0.359375 * Walking
27: 0.3515625 * (3)
28: 0.3515625 * able
29: 0.34375 * licensed
30: 0.337890625 * West
31: 0.310546875 * spot
32: 0.310546875 * decizie
33: 0.306640625 * in
34: 0.30078125 * tracking
35: 0.296875 * pace
36: 0.294921875 * Leaving
37: 0.29296875 * middle
38: 0.287109375 * cuplu
39: 0.28515625 * St
40: 0.283203125 * legs
41: 0.283203125 * outdoors
42: 0.27734375 * stick
43: 0.275390625 * sustinut
44: 0.267578125 * big
45: 0.267578125 * IN
46: 0.267578125 * fit
47: 0.265625 * >
48: 0.265625 * Stick
49: 0.263671875 * .
Total loss: 0.3086771070957184 = MSE Loss: 0.22273960709571838, 0.001 * Sparsity Loss: 86.0
Epoch: 1 batch_num: 80
0: 1.0859375 * trecută
1: 0.9140625 * Walk
2: 0.80859375 * erstellt
3: 0.62109375 * Command
4: 0.60546875 * Cooper
5: 0.6015625 * Dog
6: 0.55859375 * Wind
7: 0.51953125 * spots
8: 0.51171875 * Brown
9: 0.470703125 * doamn
10: 0.443359375 * ),
11: 0.439453125 * actiuni
12: 0.4296875 * adecvat
13: 0.412109375 * In
14: 0.400390625 * ‘
15: 0.39453125 * realizeaz
16: 0.392578125 * parinti
17: 0.3828125 * dog
18: 0.359375 * transition
19: 0.34765625 * (
20: 0.34375 * ://
21: 0.33203125 * (3)
22: 0.330078125 * ",
23: 0.32421875 * big
24: 0.3203125 * PR
25: 0.318359375 * ’
26: 0.318359375 * Leaving
27: 0.3125 * outdoors
28: 0.3125 * pace
29: 0.310546875 * as
30: 0.302734375 * shedding
31: 0.294921875 * territory
32: 0.29296875 * %
33: 0.2890625 * in
34: 0.287109375 * </s>
35: 0.283203125 * Col
36: 0.28125 * 
37: 0.26953125 * ped
38: 0.26953125 * grupului
39: 0.267578125 * duty
40: 0.265625 * Outdoor
41: 0.26171875 * ($
42: 0.26171875 * leg
43: 0.26171875 * cărui
44: 0.259765625 * valeur
45: 0.2578125 * Territory
46: 0.2578125 * having
47: 0.255859375 * -
48: 0.251953125 * ]
49: 0.25 * do
Total loss: 0.3481624126434326 = MSE Loss: 0.2690608501434326, 0.001 * Sparsity Loss: 79.0
Epoch: 1 batch_num: 81
0: 1.1171875 * trecută
1: 0.671875 * Walk
2: 0.640625 * Command
3: 0.5703125 * Wind
4: 0.56640625 * Cooper
5: 0.52734375 * erstellt
6: 0.486328125 * misiune
7: 0.48046875 * PR
8: 0.46875 * Brown
9: 0.45703125 * %
10: 0.421875 * West
11: 0.4140625 * In
12: 0.41015625 * ‘
13: 0.408203125 * Territory
14: 0.3984375 * adecvat
15: 0.396484375 * speed
16: 0.37109375 * ?
17: 0.37109375 * mândr
18: 0.369140625 * west
19: 0.3671875 * "
20: 0.361328125 * strip
21: 0.34765625 * Col
22: 0.34765625 * as
23: 0.3359375 * command
24: 0.326171875 * At
25: 0.322265625 * ),
26: 0.318359375 * ped
27: 0.306640625 * having
28: 0.30078125 * middle
29: 0.298828125 * duty
30: 0.29296875 * /
31: 0.291015625 * ".
32: 0.2890625 * clădiri
33: 0.28515625 * outdoors
34: 0.28125 * dogs
35: 0.28125 * )
36: 0.28125 * Path
37: 0.27734375 * (3)
38: 0.275390625 * friend
39: 0.275390625 * -3
40: 0.2734375 * new
41: 0.26953125 * asigura
42: 0.263671875 * The
43: 0.255859375 * walking
44: 0.255859375 * .
45: 0.255859375 * doesn
46: 0.25390625 * echival
47: 0.251953125 * ST
48: 0.251953125 * stability
49: 0.2490234375 * intention
Total loss: 0.2806641757488251 = MSE Loss: 0.20058605074882507, 0.001 * Sparsity Loss: 80.0
Epoch: 1 batch_num: 82
0: 1.0 * trecută
1: 0.76171875 * misiune
2: 0.59765625 * West
3: 0.5625 * %
4: 0.5390625 * Command
5: 0.52734375 * dogs
6: 0.52734375 * miere
7: 0.51953125 * actiuni
8: 0.50390625 * west
9: 0.5 * ?
10: 0.48828125 * Wind
11: 0.462890625 * mândr
12: 0.451171875 * PR
13: 0.4296875 * tracking
14: 0.423828125 * middle
15: 0.3984375 * The
16: 0.39453125 * friend
17: 0.392578125 * Cooper
18: 0.392578125 * Territory
19: 0.390625 * doamn
20: 0.3828125 * spots
21: 0.3828125 * echival
22: 0.376953125 * Walk
23: 0.369140625 * speed
24: 0.3671875 * ".
25: 0.3671875 * ‘
26: 0.365234375 * stability
27: 0.361328125 * .
28: 0.359375 * strip
29: 0.353515625 * "
30: 0.34375 * stepping
31: 0.341796875 * wind
32: 0.33984375 * ),
33: 0.33984375 * At
34: 0.3359375 * Brown
35: 0.3359375 * Scout
36: 0.3359375 * command
37: 0.32421875 * running
38: 0.32421875 * -3
39: 0.314453125 * new
40: 0.30859375 * -
41: 0.306640625 * side
42: 0.302734375 * wait
43: 0.302734375 * cărui
44: 0.30078125 * ],
45: 0.298828125 * at
46: 0.2890625 * ”,
47: 0.28125 * Fertigung
48: 0.28125 * having
49: 0.27734375 * ped
Total loss: 0.3007187843322754 = MSE Loss: 0.2196640968322754, 0.001 * Sparsity Loss: 81.0
Epoch: 1 batch_num: 83
0: 0.80078125 * misiune
1: 0.7109375 * actiuni
2: 0.703125 * doamn
3: 0.69140625 * trecută
4: 0.6875 * miere
5: 0.6015625 * spots
6: 0.55859375 * tracking
7: 0.55078125 * /
8: 0.5390625 * %
9: 0.478515625 * ),
10: 0.462890625 * middle
11: 0.4453125 * West
12: 0.44140625 * dogs
13: 0.44140625 * able
14: 0.427734375 * running
15: 0.38671875 * stepping
16: 0.380859375 * dog
17: 0.37890625 * edge
18: 0.376953125 * Wind
19: 0.375 * west
20: 0.375 * echival
21: 0.373046875 * of
22: 0.37109375 * friend
23: 0.369140625 * wind
24: 0.36328125 * erstellt
25: 0.357421875 * wait
26: 0.345703125 * Fertigung
27: 0.337890625 * Scout
28: 0.33203125 * Dog
29: 0.330078125 * with
30: 0.32421875 * ements
31: 0.32421875 * IN
32: 0.3125 * PR
33: 0.302734375 * Command
34: 0.30078125 * Walk
35: 0.30078125 * from
36: 0.298828125 * transition
37: 0.298828125 * on
38: 0.29296875 * <unk>
39: 0.291015625 * Territory
40: 0.28515625 * trained
41: 0.283203125 * and
42: 0.279296875 * ?
43: 0.27734375 * does
44: 0.27734375 * across
45: 0.27734375 * -3
46: 0.2734375 * Do
47: 0.259765625 * owner
48: 0.259765625 * side
49: 0.2578125 * ‘
Total loss: 0.2461969256401062 = MSE Loss: 0.1641656756401062, 0.001 * Sparsity Loss: 82.0
Epoch: 1 batch_num: 84
0: 0.83984375 * doamn
1: 0.73046875 * miere
2: 0.69921875 * /
3: 0.671875 * mândr
4: 0.66796875 * misiune
5: 0.59765625 * erstellt
6: 0.578125 * tracking
7: 0.5703125 * spots
8: 0.52734375 * actiuni
9: 0.5234375 * able
10: 0.4296875 * ),
11: 0.421875 * edge
12: 0.408203125 * middle
13: 0.39453125 * ements
14: 0.38671875 * shedding
15: 0.38671875 * pace
16: 0.37109375 * stepping
17: 0.3671875 * %
18: 0.365234375 * wait
19: 0.36328125 * wind
20: 0.353515625 * Fertigung
21: 0.349609375 * does
22: 0.345703125 * stick
23: 0.33984375 * cărui
24: 0.328125 * transition
25: 0.326171875 * Col
26: 0.314453125 * on
27: 0.306640625 * Walk
28: 0.306640625 * running
29: 0.30078125 * dog
30: 0.30078125 * Leaving
31: 0.294921875 * with
32: 0.287109375 * и
33: 0.28515625 * ).
34: 0.283203125 * trained
35: 0.275390625 * constient
36: 0.271484375 * :
37: 0.267578125 * Walk
38: 0.267578125 * anului
39: 0.267578125 * #
40: 0.267578125 * ted
41: 0.267578125 * echival
42: 0.263671875 * >
43: 0.26171875 * outdoor
44: 0.2578125 * Do
45: 0.2578125 * of
46: 0.255859375 * across
47: 0.25 * PR
48: 0.2490234375 * comble
49: 0.24609375 * Dog
Total loss: 0.30717310309410095 = MSE Loss: 0.23148950934410095, 0.001 * Sparsity Loss: 75.5
Epoch: 1 batch_num: 85
0: 1.1328125 * mândr
1: 0.8984375 * trecută
2: 0.8515625 * doamn
3: 0.65625 * miere
4: 0.64453125 * erstellt
5: 0.5859375 * cărui
6: 0.58203125 * dogs
7: 0.5625 * able
8: 0.546875 * /
9: 0.51171875 * spots
10: 0.50390625 * tracking
11: 0.462890625 * Col
12: 0.443359375 * does
13: 0.44140625 * shedding
14: 0.439453125 * realizeaz
15: 0.4140625 * pace
16: 0.3984375 * misiune
17: 0.37890625 * in
18: 0.373046875 * edge
19: 0.341796875 * doesn
20: 0.33984375 * Cooper
21: 0.3359375 * West
22: 0.330078125 * maşin
23: 0.3125 * Leaving
24: 0.30859375 * ?
25: 0.30859375 * Fertigung
26: 0.3046875 * stick
27: 0.302734375 * owner
28: 0.302734375 * stepping
29: 0.302734375 * and
30: 0.298828125 * West
31: 0.298828125 * clădiri
32: 0.29296875 * Brown
33: 0.2890625 * (
34: 0.2890625 * ted
35: 0.287109375 * transition
36: 0.28515625 * wind
37: 0.283203125 * ements
38: 0.28125 * west
39: 0.271484375 * walks
40: 0.26953125 * spot
41: 0.26953125 * good
42: 0.267578125 * и
43: 0.267578125 * wait
44: 0.265625 * Walk
45: 0.259765625 * ),
46: 0.259765625 * 
47: 0.2578125 * constient
48: 0.25390625 * anului
49: 0.25390625 * comble
Total loss: 0.2702547013759613 = MSE Loss: 0.1901765763759613, 0.001 * Sparsity Loss: 80.0
Epoch: 1 batch_num: 86
0: 1.3828125 * trecută
1: 1.0703125 * mândr
2: 0.88671875 * dogs
3: 0.75 * doamn
4: 0.67578125 * actiuni
5: 0.63671875 * realizeaz
6: 0.609375 * /
7: 0.51953125 * erstellt
8: 0.515625 * cărui
9: 0.484375 * miere
10: 0.474609375 * able
11: 0.458984375 * West
12: 0.4453125 * Cooper
13: 0.4296875 * spots
14: 0.416015625 * Col
15: 0.359375 * the
16: 0.34375 * west
17: 0.328125 * shedding
18: 0.32421875 * pace
19: 0.3203125 * tracking
20: 0.310546875 * decizie
21: 0.310546875 * good
22: 0.310546875 * Command
23: 0.298828125 * echival
24: 0.291015625 * walks
25: 0.283203125 * Ch
26: 0.283203125 * and
27: 0.283203125 * maşin
28: 0.271484375 * free
29: 0.26953125 * >
30: 0.26953125 * West
31: 0.267578125 * owner
32: 0.265625 * Brown
33: 0.259765625 * ation
34: 0.2578125 * ted
35: 0.2578125 * fit
36: 0.25390625 * PR
37: 0.25 * At
38: 0.2490234375 * imprumut
39: 0.24609375 * spot
40: 0.2451171875 * Possibly
41: 0.2373046875 * ....
42: 0.232421875 * (
43: 0.232421875 * picioare
44: 0.23046875 * (3)
45: 0.2255859375 * ped
46: 0.2255859375 * Leaving
47: 0.22265625 * duty
48: 0.2197265625 * ).
49: 0.2177734375 * ),
Total loss: 0.3567561209201813 = MSE Loss: 0.2800959646701813, 0.001 * Sparsity Loss: 76.5
Epoch: 1 batch_num: 87
0: 1.453125 * trecută
1: 0.9453125 * actiuni
2: 0.79296875 * dogs
3: 0.66015625 * mândr
4: 0.6171875 * /
5: 0.4921875 * echival
6: 0.484375 * doamn
7: 0.4375 * Cooper
8: 0.39453125 * At
9: 0.365234375 * realizeaz
10: 0.357421875 * viziune
11: 0.333984375 * ements
12: 0.31640625 * imprumut
13: 0.3125 * /3
14: 0.306640625 * the
15: 0.294921875 * as
16: 0.29296875 * about
17: 0.291015625 * West
18: 0.287109375 * erstellt
19: 0.283203125 * %
20: 0.279296875 * an
21: 0.27734375 * do
22: 0.26953125 * Ch
23: 0.26953125 * (3)
24: 0.267578125 * Col
25: 0.259765625 * ST
26: 0.2578125 * >
27: 0.2490234375 * Possibly
28: 0.2470703125 * liable
29: 0.234375 * and
30: 0.2333984375 * picioare
31: 0.232421875 * ‘
32: 0.2314453125 * Path
33: 0.23046875 * cât
34: 0.2255859375 * fit
35: 0.220703125 * good
36: 0.2177734375 * spots
37: 0.21484375 * go
38: 0.212890625 * in
39: 0.212890625 * In
40: 0.2099609375 * miere
41: 0.2080078125 * PR
42: 0.2080078125 * able
43: 0.2060546875 * ....
44: 0.2060546875 * Good
45: 0.2041015625 * ON
46: 0.203125 * Licensed
47: 0.2021484375 * Command
48: 0.2021484375 * day
49: 0.2021484375 * and
Total loss: 0.3110133409500122 = MSE Loss: 0.2411891371011734, 0.001 * Sparsity Loss: 70.0
Epoch: 1 batch_num: 88
0: 1.3515625 * trecută
1: 0.81640625 * actiuni
2: 0.61328125 * echival
3: 0.49609375 * cărui
4: 0.46875 * Dog
5: 0.46484375 * adecvat
6: 0.4453125 * in
7: 0.435546875 * At
8: 0.43359375 * about
9: 0.427734375 * dărui
10: 0.41796875 * Speed
11: 0.4140625 * walking
12: 0.412109375 * imprumut
13: 0.390625 * go
14: 0.38671875 * outdoor
15: 0.369140625 * Cooper
16: 0.36328125 * %
17: 0.359375 * middle
18: 0.357421875 * Chuck
19: 0.357421875 * edge
20: 0.345703125 * viziune
21: 0.341796875 * ears
22: 0.3359375 * /3
23: 0.33203125 * ation
24: 0.328125 * realizeaz
25: 0.32421875 * Wind
26: 0.314453125 * day
27: 0.30859375 * ST
28: 0.306640625 * walks
29: 0.306640625 * /
30: 0.306640625 * path
31: 0.3046875 * West
32: 0.30078125 * Walk
33: 0.30078125 * in
34: 0.296875 * Leaving
35: 0.28515625 * ‘
36: 0.28515625 * ST
37: 0.275390625 * liable
38: 0.267578125 * legs
39: 0.263671875 * acţiune
40: 0.263671875 * shedding
41: 0.259765625 * (3)
42: 0.25390625 * Path
43: 0.25390625 * stepping
44: 0.25390625 * with
45: 0.251953125 * ",
46: 0.248046875 * Din
47: 0.24609375 * gestartet
48: 0.2451171875 * ted
49: 0.244140625 * do
Total loss: 0.3676280081272125 = MSE Loss: 0.2885264456272125, 0.001 * Sparsity Loss: 79.0
Epoch: 1 batch_num: 89
0: 1.0625 * trecută
1: 0.9765625 * mândr
2: 0.875 * cărui
3: 0.71875 * Dog
4: 0.71484375 * echival
5: 0.59375 * miere
6: 0.58203125 * Leaving
7: 0.56640625 * decizie
8: 0.55859375 * dărui
9: 0.5390625 * adecvat
10: 0.53125 * At
11: 0.515625 * Speed
12: 0.494140625 * shedding
13: 0.490234375 * Chuck
14: 0.474609375 * maşin
15: 0.470703125 * erstellt
16: 0.45703125 * Wind
17: 0.435546875 * walking
18: 0.423828125 * imprumut
19: 0.408203125 * outdoor
20: 0.400390625 * edge
21: 0.400390625 * middle
22: 0.3984375 * actiuni
23: 0.361328125 * Din
24: 0.34765625 * ?
25: 0.34375 * go
26: 0.337890625 * trained
27: 0.333984375 * ‘
28: 0.33203125 * stepping
29: 0.330078125 * as
30: 0.328125 * dog
31: 0.326171875 * pets
32: 0.322265625 * at
33: 0.3203125 * comble
34: 0.31640625 * walks
35: 0.314453125 * cuplu
36: 0.310546875 * Cro
37: 0.310546875 * small
38: 0.30859375 * AND
39: 0.3046875 * -
40: 0.3046875 * 
41: 0.3046875 * ncing
42: 0.30078125 * Fertigung
43: 0.298828125 * ted
44: 0.29296875 * ears
45: 0.291015625 * owner
46: 0.291015625 * ST
47: 0.287109375 * –
48: 0.283203125 * corespund
49: 0.283203125 * sânge
Total loss: 0.24701161682605743 = MSE Loss: 0.15960927307605743, 0.001 * Sparsity Loss: 87.5
Epoch: 1 batch_num: 90
0: 1.46875 * mândr
1: 0.96484375 * cărui
2: 0.78515625 * miere
3: 0.74609375 * erstellt
4: 0.7265625 * Dog
5: 0.69140625 * Leaving
6: 0.66796875 * decizie
7: 0.66015625 * echival
8: 0.625 * trecută
9: 0.62109375 * pets
10: 0.59375 * shedding
11: 0.55859375 * maşin
12: 0.4921875 * At
13: 0.48828125 * ?
14: 0.484375 * corespund
15: 0.46875 * Chuck
16: 0.45703125 * dărui
17: 0.451171875 * adecvat
18: 0.44140625 * cuplu
19: 0.439453125 * Speed
20: 0.4375 * Wind
21: 0.4375 * pace
22: 0.427734375 * ]
23: 0.408203125 * Fertigung
24: 0.404296875 * interest
25: 0.40234375 * Brown
26: 0.400390625 * invested
27: 0.380859375 * middle
28: 0.37890625 * trained
29: 0.376953125 * duty
30: 0.373046875 * Din
31: 0.36328125 * ements
32: 0.353515625 * ling
33: 0.3515625 * Do
34: 0.34765625 * ncing
35: 0.34375 * by
36: 0.341796875 * comble
37: 0.33984375 * –
38: 0.337890625 * ;
39: 0.337890625 * West
40: 0.3359375 * edge
41: 0.322265625 * doamn
42: 0.322265625 * ‘
43: 0.322265625 * ted
44: 0.3203125 * 
45: 0.314453125 * realizate
46: 0.310546875 * stepping
47: 0.310546875 * Free
48: 0.30859375 * owner
49: 0.30859375 * (
Total loss: 0.3368110656738281 = MSE Loss: 0.24501419067382812, 0.001 * Sparsity Loss: 92.0
Epoch: 1 batch_num: 91
0: 1.4296875 * mândr
1: 0.8515625 * miere
2: 0.78515625 * erstellt
3: 0.75390625 * cărui
4: 0.703125 * Leaving
5: 0.703125 * pets
6: 0.6484375 * Dog
7: 0.609375 * /
8: 0.5546875 * shedding
9: 0.55078125 * corespund
10: 0.515625 * pace
11: 0.49609375 * maşin
12: 0.470703125 * viziune
13: 0.46875 * IN
14: 0.458984375 * walk
15: 0.451171875 * decizie
16: 0.443359375 * Fertigung
17: 0.4375 * Walk
18: 0.43359375 * Brown
19: 0.42578125 * echival
20: 0.41796875 * Speed
21: 0.408203125 * owner
22: 0.40625 * ?
23: 0.40234375 * actiuni
24: 0.392578125 * duty
25: 0.390625 * Possibly
26: 0.384765625 * Chuck
27: 0.3828125 * In
28: 0.3828125 * cuplu
29: 0.380859375 * invested
30: 0.376953125 * ),
31: 0.375 * Wind
32: 0.373046875 * ,
33: 0.36328125 * Do
34: 0.359375 * trained
35: 0.3515625 * ted
36: 0.345703125 * big
37: 0.337890625 * ]
38: 0.3359375 * interest
39: 0.328125 * in
40: 0.326171875 * imprumut
41: 0.32421875 * middle
42: 0.30859375 * West
43: 0.30859375 * At
44: 0.306640625 * Cooper
45: 0.30078125 * doamn
46: 0.29296875 * (
47: 0.2890625 * ling
48: 0.28515625 * realizate
49: 0.283203125 * Din
Total loss: 0.26741331815719604 = MSE Loss: 0.17756955325603485, 0.001 * Sparsity Loss: 90.0
Epoch: 1 batch_num: 92
0: 1.1640625 * mândr
1: 0.82421875 * miere
2: 0.71484375 * /
3: 0.703125 * erstellt
4: 0.6875 * pets
5: 0.6484375 * IN
6: 0.6171875 * Leaving
7: 0.5390625 * St
8: 0.51171875 * owner
9: 0.5078125 * imprumut
10: 0.494140625 * pace
11: 0.486328125 * corespund
12: 0.47265625 * ?
13: 0.466796875 * viziune
14: 0.44921875 * shedding
15: 0.443359375 * Possibly
16: 0.431640625 * owner
17: 0.4296875 * Fertigung
18: 0.427734375 * Speed
19: 0.404296875 * Dog
20: 0.3984375 * walk
21: 0.38671875 * west
22: 0.37890625 * staffed
23: 0.369140625 * Walk
24: 0.365234375 * In
25: 0.36328125 * Cooper
26: 0.357421875 * trecută
27: 0.3515625 * duty
28: 0.349609375 * е
29: 0.345703125 * ST
30: 0.34375 * ized
31: 0.330078125 * Walking
32: 0.326171875 * ]
33: 0.31640625 * Brown
34: 0.310546875 * maşin
35: 0.306640625 * trained
36: 0.306640625 * dogs
37: 0.3046875 * %
38: 0.3046875 * cărui
39: 0.30078125 * pet
40: 0.30078125 * Do
41: 0.298828125 * ),
42: 0.29296875 * command
43: 0.2890625 * At
44: 0.287109375 * does
45: 0.283203125 * dog
46: 0.283203125 * ://
47: 0.279296875 * Wind
48: 0.2734375 * ation
49: 0.2734375 * owned
Total loss: 0.25568056106567383 = MSE Loss: 0.17316102981567383, 0.001 * Sparsity Loss: 82.5
Epoch: 1 batch_num: 93
0: 0.7109375 * St
1: 0.6953125 * miere
2: 0.6484375 * mândr
3: 0.59765625 * ?
4: 0.58984375 * owner
5: 0.5625 * ST
6: 0.5546875 * /
7: 0.5234375 * IN
8: 0.515625 * west
9: 0.51171875 * pets
10: 0.5078125 * Leaving
11: 0.47265625 * erstellt
12: 0.462890625 * dog
13: 0.462890625 * trecută
14: 0.447265625 * dogs
15: 0.4375 * owner
16: 0.431640625 * imprumut
17: 0.4140625 * pace
18: 0.40625 * е
19: 0.392578125 * Possibly
20: 0.36328125 * viziune
21: 0.361328125 * does
22: 0.353515625 * echival
23: 0.3515625 * ements
24: 0.3515625 * Fertigung
25: 0.341796875 * staffed
26: 0.33984375 * corespund
27: 0.3359375 * west
28: 0.328125 * Cooper
29: 0.326171875 * ]
30: 0.326171875 * West
31: 0.302734375 * CC
32: 0.30078125 * pet
33: 0.298828125 * >
34: 0.298828125 * adecvat
35: 0.294921875 * command
36: 0.287109375 * go
37: 0.28515625 * Summer
38: 0.28125 * %
39: 0.2734375 * cărui
40: 0.267578125 * AN
41: 0.267578125 * Speed
42: 0.263671875 * .
43: 0.263671875 * Speed
44: 0.259765625 * and
45: 0.2578125 * ;
46: 0.25390625 * th
47: 0.25390625 * decizie
48: 0.251953125 * shedding
49: 0.2490234375 * Animal
Total loss: 0.27598679065704346 = MSE Loss: 0.19688521325588226, 0.001 * Sparsity Loss: 79.0
Epoch: 1 batch_num: 94
0: 0.6328125 * echival
1: 0.62890625 * /
2: 0.6171875 * cărui
3: 0.53125 * dog
4: 0.5 * owner
5: 0.494140625 * ?
6: 0.470703125 * ST
7: 0.46484375 * miere
8: 0.44921875 * go
9: 0.4375 * IN
10: 0.435546875 * path
11: 0.4296875 * е
12: 0.423828125 * actiuni
13: 0.3984375 * trecută
14: 0.380859375 * imprumut
15: 0.37109375 * dogs
16: 0.341796875 * cuplu
17: 0.337890625 * Animal
18: 0.3359375 * begging
19: 0.333984375 * tracking
20: 0.33203125 * west
21: 0.326171875 * >
22: 0.318359375 * St
23: 0.31640625 * territory
24: 0.30859375 * friend
25: 0.3046875 * West
26: 0.302734375 * Leaving
27: 0.291015625 * transition
28: 0.291015625 * good
29: 0.287109375 * west
30: 0.283203125 * Din
31: 0.279296875 * at
32: 0.27734375 * adecvat
33: 0.275390625 * :
34: 0.255859375 * walked
35: 0.255859375 * Summer
36: 0.25390625 * owner
37: 0.2490234375 * —
38: 0.2490234375 * do
39: 0.2490234375 * Col
40: 0.2490234375 * maşin
41: 0.2431640625 * Possibly
42: 0.2412109375 * walk
43: 0.240234375 * PR
44: 0.2373046875 * approach
45: 0.2373046875 * ncing
46: 0.2353515625 * animal
47: 0.2353515625 * dărui
48: 0.23046875 * Walk
49: 0.2294921875 * pace
Total loss: 0.3016611337661743 = MSE Loss: 0.22695408761501312, 0.001 * Sparsity Loss: 74.5
Epoch: 1 batch_num: 95
0: 1.2421875 * dog
1: 1.2109375 * dogs
2: 0.94140625 * Dog
3: 0.83984375 * West
4: 0.671875 * echival
5: 0.66796875 * erstellt
6: 0.59375 * actiuni
7: 0.52734375 * mândr
8: 0.52734375 * begging
9: 0.474609375 * Animal
10: 0.474609375 * territory
11: 0.462890625 * path
12: 0.453125 * /
13: 0.44140625 * maşin
14: 0.419921875 * pets
15: 0.419921875 * in
16: 0.41015625 * Speed
17: 0.3984375 * outdoor
18: 0.396484375 * friend
19: 0.396484375 * go
20: 0.39453125 * Col
21: 0.390625 * animal
22: 0.3828125 * Din
23: 0.3671875 * Walk
24: 0.365234375 * "
25: 0.357421875 * Command
26: 0.353515625 * owner
27: 0.345703125 * cărui
28: 0.33984375 * tracking
29: 0.333984375 * е
30: 0.328125 * ST
31: 0.326171875 * IN
32: 0.32421875 * logy
33: 0.318359375 * interest
34: 0.30859375 * intention
35: 0.298828125 * stick
36: 0.29296875 * miere
37: 0.29296875 * In
38: 0.28515625 * do
39: 0.283203125 * ?
40: 0.283203125 * approach
41: 0.279296875 * ling
42: 0.27734375 * good
43: 0.275390625 * doamn
44: 0.2734375 * </s>
45: 0.2734375 * dis
46: 0.271484375 * )
47: 0.271484375 * Wind
48: 0.271484375 * sânge
49: 0.26953125 * staffed
Total loss: 0.3649291694164276 = MSE Loss: 0.2775268256664276, 0.001 * Sparsity Loss: 87.5
Epoch: 1 batch_num: 96
0: 1.34375 * dog
1: 1.2265625 * dogs
2: 1.1640625 * Dog
3: 1.0234375 * West
4: 1.0234375 * erstellt
5: 0.6953125 * in
6: 0.6875 * IN
7: 0.6640625 * logy
8: 0.61328125 * "
9: 0.609375 * Command
10: 0.54296875 * </s>
11: 0.54296875 * intention
12: 0.5390625 * territory
13: 0.53515625 * staffed
14: 0.53515625 * outdoor
15: 0.52734375 * mândr
16: 0.52734375 * echival
17: 0.51953125 * maşin
18: 0.50390625 * actiuni
19: 0.50390625 * In
20: 0.490234375 * ".
21: 0.490234375 * realizeaz
22: 0.486328125 * Speed
23: 0.478515625 * Territory
24: 0.47265625 * trecută
25: 0.47265625 * Day
26: 0.458984375 * day
27: 0.455078125 * Animal
28: 0.4453125 * licensed
29: 0.435546875 * legs
30: 0.431640625 * ”,
31: 0.41796875 * Walk
32: 0.404296875 * animal
33: 0.400390625 * )
34: 0.390625 * >
35: 0.388671875 * Chuck
36: 0.388671875 * dosar
37: 0.384765625 * friend
38: 0.384765625 * ]
39: 0.384765625 * dis
40: 0.380859375 * ears
41: 0.373046875 * и
42: 0.3671875 * ",
43: 0.365234375 * corespund
44: 0.365234375 * viziune
45: 0.353515625 * sânge
46: 0.3515625 * doesn
47: 0.349609375 * ”
48: 0.349609375 * tracking
49: 0.337890625 * /2019
Total loss: 0.38277992606163025 = MSE Loss: 0.27731117606163025, 0.001 * Sparsity Loss: 105.5
Epoch: 1 batch_num: 97
0: 1.2265625 * dog
1: 1.171875 * erstellt
2: 1.1484375 * Dog
3: 1.046875 * West
4: 0.94140625 * dogs
5: 0.78125 * logy
6: 0.73046875 * Command
7: 0.68359375 * intention
8: 0.65234375 * Chuck
9: 0.64453125 * staffed
10: 0.58203125 * Territory
11: 0.58203125 * IN
12: 0.56640625 * territory
13: 0.5625 * outdoor
14: 0.546875 * </s>
15: 0.53515625 * "
16: 0.5234375 * licensed
17: 0.515625 * Day
18: 0.51171875 * ’
19: 0.5078125 * legs
20: 0.50390625 * и
21: 0.5 * dosar
22: 0.5 * >
23: 0.498046875 * ".
24: 0.4765625 * in
25: 0.4765625 * doesn
26: 0.453125 * ears
27: 0.439453125 * Go
28: 0.435546875 * corespund
29: 0.435546875 * '
30: 0.4296875 * maşin
31: 0.427734375 * /2019
32: 0.419921875 * trecută
33: 0.404296875 * Transition
34: 0.400390625 * pets
35: 0.396484375 * day
36: 0.390625 * ”,
37: 0.388671875 * cărui
38: 0.38671875 * pace
39: 0.3828125 * walks
40: 0.380859375 * striped
41: 0.376953125 * Leaving
42: 0.373046875 * Animal
43: 0.369140625 * Wind
44: 0.365234375 * mo
45: 0.361328125 * Desigur
46: 0.361328125 * viziune
47: 0.353515625 * does
48: 0.3515625 * animal
49: 0.3515625 * ",
Total loss: 0.38384005427360535 = MSE Loss: 0.27397677302360535, 0.001 * Sparsity Loss: 110.0
Epoch: 1 batch_num: 98
0: 1.125 * erstellt
1: 0.953125 * Dog
2: 0.921875 * dog
3: 0.8828125 * West
4: 0.81640625 * pets
5: 0.7734375 * Chuck
6: 0.734375 * intention
7: 0.73046875 * Command
8: 0.7265625 * logy
9: 0.6953125 * actiuni
10: 0.65625 * staffed
11: 0.62890625 * cărui
12: 0.60546875 * speed
13: 0.59765625 * realizeaz
14: 0.5703125 * Territory
15: 0.5546875 * territory
16: 0.55078125 * ’
17: 0.546875 * mo
18: 0.51953125 * walks
19: 0.51171875 * dosar
20: 0.51171875 * licensed
21: 0.5078125 * Leaving
22: 0.5078125 * Wind
23: 0.49609375 * outdoor
24: 0.494140625 * и
25: 0.48828125 * '
26: 0.458984375 * stick
27: 0.455078125 * /2019
28: 0.453125 * dogs
29: 0.453125 * Go
30: 0.44921875 * Brown
31: 0.447265625 * >
32: 0.44140625 * /
33: 0.439453125 * Day
34: 0.4375 * striped
35: 0.4296875 * ],
36: 0.419921875 * ".
37: 0.416015625 * ),
38: 0.4140625 * begging
39: 0.40625 * legs
40: 0.400390625 * ST
41: 0.3984375 * doesn
42: 0.39453125 * in
43: 0.390625 * IN
44: 0.38671875 * walk
45: 0.38671875 * Desigur
46: 0.384765625 * Transition
47: 0.380859375 * corespund
48: 0.376953125 * ears
49: 0.375 * path
Total loss: 0.371112197637558 = MSE Loss: 0.262713760137558, 0.001 * Sparsity Loss: 108.5
Epoch: 1 batch_num: 99
0: 0.953125 * pets
1: 0.90625 * actiuni
2: 0.84765625 * erstellt
3: 0.796875 * Chuck
4: 0.734375 * intention
5: 0.6875 * Dog
6: 0.6796875 * speed
7: 0.65625 * Command
8: 0.65234375 * begging
9: 0.6328125 * mo
10: 0.60546875 * logy
11: 0.57421875 * Leaving
12: 0.55859375 * staffed
13: 0.5390625 * dog
14: 0.5390625 * realizeaz
15: 0.52734375 * Territory
16: 0.498046875 * West
17: 0.48046875 * ST
18: 0.4765625 * territory
19: 0.47265625 * interest
20: 0.47265625 * Wind
21: 0.466796875 * ),
22: 0.45703125 * striped
23: 0.453125 * cărui
24: 0.44921875 * Brown
25: 0.44921875 * ling
26: 0.4375 * ],
27: 0.431640625 * Go
28: 0.41796875 * dosar
29: 0.416015625 * /2019
30: 0.40625 * licensed
31: 0.396484375 * walks
32: 0.39453125 * и
33: 0.39453125 * stick
34: 0.380859375 * about
35: 0.376953125 * in
36: 0.361328125 * ’
37: 0.357421875 * miere
38: 0.35546875 * path
39: 0.349609375 * CR
40: 0.34765625 * Desigur
41: 0.34765625 * outdoor
42: 0.341796875 * CC
43: 0.3359375 * -
44: 0.33203125 * doamn
45: 0.326171875 * '
46: 0.322265625 * Speed
47: 0.3203125 * do
48: 0.31640625 * echival
49: 0.3125 * е
Total loss: 0.32772889733314514 = MSE Loss: 0.22958436608314514, 0.001 * Sparsity Loss: 98.0
Epoch: 1 batch_num: 100
0: 0.84765625 * pets
1: 0.72265625 * actiuni
2: 0.703125 * begging
3: 0.69140625 * Chuck
4: 0.6484375 * intention
5: 0.6015625 * mo
6: 0.54296875 * -
7: 0.5390625 * Leaving
8: 0.5390625 * speed
9: 0.53125 * lovitur
10: 0.5234375 * ling
11: 0.5078125 * Command
12: 0.4921875 * ST
13: 0.48046875 * ),
14: 0.453125 * Go
15: 0.44140625 * dis
16: 0.4375 * ?
17: 0.4375 * Territory
18: 0.43359375 * dogs
19: 0.43359375 * erstellt
20: 0.423828125 * trecută
21: 0.421875 * does
22: 0.4140625 * striped
23: 0.404296875 * interest
24: 0.400390625 * miere
25: 0.388671875 * PR
26: 0.376953125 * Col
27: 0.376953125 * logy
28: 0.375 * echival
29: 0.373046875 * </s>
30: 0.369140625 * staffed
31: 0.36328125 * and
32: 0.361328125 * ],
33: 0.35546875 * Dog
34: 0.35546875 * spots
35: 0.3515625 * /2019
36: 0.349609375 * е
37: 0.34765625 * territory
38: 0.318359375 * aprobare
39: 0.31640625 * in
40: 0.31640625 * Ross
41: 0.3046875 * ,”
42: 0.3046875 * ements
43: 0.298828125 * Ausland
44: 0.294921875 * CR
45: 0.29296875 * doamn
46: 0.2890625 * ://
47: 0.287109375 * dosar
48: 0.28515625 * walking
49: 0.279296875 * small
Total loss: 0.408887654542923 = MSE Loss: 0.320020467042923, 0.001 * Sparsity Loss: 89.0
Epoch: 1 batch_num: 101
0: 2.640625 * realizeaz
1: 1.234375 * cărui
2: 0.875 * -
3: 0.73046875 * ?
4: 0.66796875 * misiune
5: 0.66796875 * Ross
6: 0.65625 * mândr
7: 0.63671875 * dogs
8: 0.63671875 * .
9: 0.6328125 * and
10: 0.609375 * transition
11: 0.60546875 * lovitur
12: 0.59765625 * ,
13: 0.57421875 * ements
14: 0.57421875 * adecvat
15: 0.56640625 * Chuck
16: 0.5625 * from
17: 0.5625 * intention
18: 0.52734375 * the
19: 0.515625 * IN
20: 0.5078125 * spots
21: 0.50390625 * Col
22: 0.50390625 * with
23: 0.498046875 * walk
24: 0.46875 * </s>
25: 0.466796875 * medium
26: 0.466796875 * pets
27: 0.4609375 * FC
28: 0.451171875 * of
29: 0.439453125 * mo
30: 0.439453125 * Go
31: 0.4375 * ling
32: 0.416015625 * walking
33: 0.41015625 * PR
34: 0.404296875 * 
35: 0.400390625 * ears
36: 0.3984375 * maşin
37: 0.396484375 * –
38: 0.392578125 * Command
39: 0.3828125 * edge
40: 0.3828125 * speed
41: 0.380859375 * Cooper
42: 0.37890625 * dis
43: 0.37890625 * begging
44: 0.373046875 * owner
45: 0.369140625 * wind
46: 0.361328125 * Owner
47: 0.361328125 * legs
48: 0.34765625 * ating
49: 0.345703125 * striped
Total loss: 0.28460919857025146 = MSE Loss: 0.17816387116909027, 0.001 * Sparsity Loss: 106.5
Epoch: 1 batch_num: 102
0: 4.34375 * realizeaz
1: 2.0 * cărui
2: 1.0234375 * misiune
3: 0.92578125 * mândr
4: 0.859375 * </s>
5: 0.8203125 * Ross
6: 0.79296875 * transition
7: 0.7109375 * from
8: 0.70703125 * adecvat
9: 0.703125 * ,
10: 0.6484375 * and
11: 0.63671875 * .
12: 0.6328125 * FC
13: 0.62890625 * the
14: 0.6171875 * actiuni
15: 0.59375 * -
16: 0.5859375 * medium
17: 0.57421875 * ?
18: 0.57421875 * erstellt
19: 0.56640625 * ears
20: 0.546875 * "
21: 0.52734375 * doamn
22: 0.5234375 * do
23: 0.51953125 * lovitur
24: 0.51953125 * legs
25: 0.498046875 * Fox
26: 0.490234375 * Col
27: 0.486328125 * Cooper
28: 0.4765625 * In
29: 0.4765625 * wind
30: 0.455078125 * edge
31: 0.435546875 * with
32: 0.4296875 * -3
33: 0.427734375 * dogs
34: 0.423828125 * IN
35: 0.423828125 * maşin
36: 0.419921875 * ements
37: 0.41015625 * valeur
38: 0.3984375 * Our
39: 0.375 * staffed
40: 0.37109375 * dog
41: 0.37109375 * The
42: 0.37109375 * of
43: 0.361328125 * at
44: 0.353515625 * Owner
45: 0.3515625 * corespund
46: 0.345703125 * stick
47: 0.34375 * Leader
48: 0.341796875 * friend
49: 0.333984375 * bonded
Total loss: 0.31491702795028687 = MSE Loss: 0.20163577795028687, 0.001 * Sparsity Loss: 113.5
Epoch: 1 batch_num: 103
0: 5.03125 * realizeaz
1: 2.375 * cărui
2: 1.125 * misiune
3: 0.98046875 * "
4: 0.91796875 * actiuni
5: 0.859375 * transition
6: 0.8515625 * </s>
7: 0.83203125 * erstellt
8: 0.8046875 * Ross
9: 0.80078125 * /
10: 0.7734375 * mândr
11: 0.7109375 * FC
12: 0.703125 * do
13: 0.65625 * Walk
14: 0.65234375 * staffed
15: 0.6484375 * doamn
16: 0.6171875 * In
17: 0.6015625 * ears
18: 0.59375 * Fox
19: 0.58984375 * pets
20: 0.58203125 * )
21: 0.57421875 * ]
22: 0.5625 * Walking
23: 0.5546875 * medium
24: 0.53515625 * legs
25: 0.53515625 * adecvat
26: 0.5078125 * ,
27: 0.4921875 * Cooper
28: 0.482421875 * miere
29: 0.462890625 * In
30: 0.453125 * On
31: 0.451171875 * <unk>
32: 0.451171875 * logy
33: 0.451171875 * echival
34: 0.4453125 * 
35: 0.44140625 * dosar
36: 0.439453125 * ".
37: 0.439453125 * wind
38: 0.4296875 * corespund
39: 0.42578125 * -3
40: 0.419921875 * from
41: 0.416015625 * the
42: 0.412109375 * be
43: 0.41015625 * as
44: 0.400390625 * interest
45: 0.396484375 * on
46: 0.390625 * Our
47: 0.388671875 * edge
48: 0.3828125 * ....
49: 0.376953125 * re
Total loss: 0.32044416666030884 = MSE Loss: 0.19837383925914764, 0.001 * Sparsity Loss: 122.0
Epoch: 1 batch_num: 104
0: 5.21875 * realizeaz
1: 2.46875 * cărui
2: 1.0703125 * "
3: 1.046875 * misiune
4: 0.88671875 * /
5: 0.8671875 * actiuni
6: 0.8671875 * erstellt
7: 0.8125 * transition
8: 0.80859375 * 
9: 0.74609375 * staffed
10: 0.703125 * )
11: 0.69921875 * </s>
12: 0.69140625 * FC
13: 0.68359375 * interest
14: 0.68359375 * Ross
15: 0.64453125 * ]
16: 0.6015625 * doamn
17: 0.59765625 * pets
18: 0.59765625 * Fox
19: 0.5703125 * do
20: 0.55859375 * imprumut
21: 0.54296875 * dosar
22: 0.54296875 * echival
23: 0.5390625 * Walk
24: 0.53515625 * owner
25: 0.5234375 * as
26: 0.515625 * miere
27: 0.51171875 * on
28: 0.5 * ,
29: 0.5 * about
30: 0.4921875 * logy
31: 0.48828125 * ".
32: 0.470703125 * Walking
33: 0.455078125 * Leaving
34: 0.451171875 * medium
35: 0.443359375 * ears
36: 0.431640625 * corespund
37: 0.416015625 * ....
38: 0.416015625 * Fertigung
39: 0.4140625 * Cooper
40: 0.412109375 * in
41: 0.40234375 * be
42: 0.388671875 * On
43: 0.375 * Territory
44: 0.375 * In
45: 0.37109375 * aprobare
46: 0.357421875 * ://
47: 0.353515625 * Chuck
48: 0.3515625 * ation
49: 0.3515625 * at
Total loss: 0.3875928521156311 = MSE Loss: 0.2708936333656311, 0.001 * Sparsity Loss: 116.5
Epoch: 1 batch_num: 105
0: 5.125 * realizeaz
1: 2.34375 * cărui
2: 0.94921875 * mândr
3: 0.9296875 * 
4: 0.890625 * "
5: 0.83203125 * misiune
6: 0.74609375 * interest
7: 0.69921875 * staffed
8: 0.69921875 * erstellt
9: 0.64453125 * ,
10: 0.625 * transition
11: 0.62109375 * IN
12: 0.6015625 * imprumut
13: 0.578125 * FC
14: 0.5703125 * /
15: 0.55859375 * ]
16: 0.55078125 * owner
17: 0.55078125 * actiuni
18: 0.546875 * dosar
19: 0.54296875 * )
20: 0.515625 * Chuck
21: 0.515625 * Fox
22: 0.50390625 * Leaving
23: 0.49609375 * Territory
24: 0.494140625 * ling
25: 0.484375 * animal
26: 0.484375 * echival
27: 0.4765625 * Wind
28: 0.4765625 * day
29: 0.466796875 * Ross
30: 0.447265625 * miere
31: 0.4296875 * doamn
32: 0.427734375 * /2019
33: 0.42578125 * big
34: 0.423828125 * aprobare
35: 0.423828125 * Speed
36: 0.419921875 * е
37: 0.416015625 * logy
38: 0.41015625 * Fertigung
39: 0.3984375 * walk
40: 0.390625 * ".
41: 0.388671875 * </s>
42: 0.38671875 * about
43: 0.37890625 * 3
44: 0.375 * path
45: 0.369140625 * walks
46: 0.3515625 * friend
47: 0.3515625 * corespund
48: 0.349609375 * maşin
49: 0.34375 * Animal
Total loss: 0.3817405104637146 = MSE Loss: 0.2718772292137146, 0.001 * Sparsity Loss: 110.0
Epoch: 1 batch_num: 106
0: 4.59375 * realizeaz
1: 2.015625 * cărui
2: 1.359375 * mândr
3: 1.0078125 * 
4: 0.765625 * "
5: 0.64453125 * IN
6: 0.6015625 * ,
7: 0.5703125 * walk
8: 0.56640625 * walks
9: 0.55078125 * staffed
10: 0.546875 * Chuck
11: 0.53515625 * interest
12: 0.53125 * ling
13: 0.515625 * Col
14: 0.515625 * Speed
15: 0.5078125 * friend
16: 0.5 * ]
17: 0.48828125 * animal
18: 0.478515625 * /2019
19: 0.47265625 * big
20: 0.470703125 * dosar
21: 0.466796875 * Territory
22: 0.4609375 * day
23: 0.453125 * )
24: 0.443359375 * local
25: 0.419921875 * misiune
26: 0.41796875 * Leaving
27: 0.416015625 * е
28: 0.400390625 * trecută
29: 0.38671875 * walking
30: 0.3828125 * imprumut
31: 0.37890625 * walk
32: 0.37890625 * on
33: 0.376953125 * lovitur
34: 0.376953125 * FC
35: 0.373046875 * maşin
36: 0.37109375 * ements
37: 0.369140625 * guest
38: 0.369140625 * Fox
39: 0.369140625 * erstellt
40: 0.365234375 * path
41: 0.3515625 * >
42: 0.349609375 * aprobare
43: 0.345703125 * Fertigung
44: 0.33984375 * 3
45: 0.337890625 * does
46: 0.3359375 * (3)
47: 0.33203125 * about
48: 0.328125 * ".
49: 0.3203125 * transition
Total loss: 0.28710758686065674 = MSE Loss: 0.18652163445949554, 0.001 * Sparsity Loss: 100.5
Epoch: 1 batch_num: 107
0: 3.765625 * realizeaz
1: 1.40625 * cărui
2: 1.1171875 * mândr
3: 1.0625 * 
4: 0.78125 * actiuni
5: 0.74609375 * "
6: 0.52734375 * medium
7: 0.51171875 * Col
8: 0.4765625 * ling
9: 0.470703125 * ements
10: 0.46484375 * Chuck
11: 0.46484375 * /2019
12: 0.4609375 * IN
13: 0.45703125 * ]
14: 0.45703125 * )
15: 0.453125 * as
16: 0.4453125 * friend
17: 0.439453125 * ://
18: 0.421875 * Transition
19: 0.412109375 * local
20: 0.412109375 * IN
21: 0.40234375 * bebelus
22: 0.390625 * at
23: 0.375 * and
24: 0.359375 * and
25: 0.357421875 * ,
26: 0.357421875 * ears
27: 0.357421875 * in
28: 0.357421875 * doesn
29: 0.349609375 * staffed
30: 0.349609375 * day
31: 0.341796875 * lovitur
32: 0.337890625 * Dog
33: 0.333984375 * walks
34: 0.33203125 * ".
35: 0.32421875 * From
36: 0.322265625 * animal
37: 0.3203125 * mo
38: 0.318359375 * about
39: 0.318359375 * leader
40: 0.314453125 * >
41: 0.3125 * </s>
42: 0.3125 * pets
43: 0.310546875 * stretch
44: 0.310546875 * dosar
45: 0.306640625 * Speed
46: 0.3046875 * doing
47: 0.3046875 * (3)
48: 0.302734375 * Cooper
49: 0.30078125 * Territory
Total loss: 0.38248565793037415 = MSE Loss: 0.28629425168037415, 0.001 * Sparsity Loss: 96.0
Epoch: 1 batch_num: 108
0: 2.609375 * realizeaz
1: 1.1796875 * actiuni
2: 0.8828125 * 
3: 0.6640625 * ://
4: 0.61328125 * "
5: 0.6015625 * medium
6: 0.59765625 * cărui
7: 0.5625 * doesn
8: 0.55859375 * in
9: 0.55078125 * at
10: 0.5390625 * West
11: 0.53125 * imprumut
12: 0.48828125 * bebelus
13: 0.47265625 * misiune
14: 0.462890625 * mândr
15: 0.443359375 * %
16: 0.44140625 * owner
17: 0.431640625 * Cooper
18: 0.423828125 * ears
19: 0.423828125 * Col
20: 0.408203125 * /2019
21: 0.400390625 * doamn
22: 0.3984375 * Transition
23: 0.3984375 * IN
24: 0.396484375 * trecută
25: 0.392578125 * Ross
26: 0.388671875 * ],
27: 0.3828125 * pets
28: 0.375 * From
29: 0.369140625 * as
30: 0.3671875 * logy
31: 0.359375 * on
32: 0.3515625 * dog
33: 0.34765625 * erstellt
34: 0.34765625 * and
35: 0.345703125 * stretch
36: 0.345703125 * ling
37: 0.341796875 * ”
38: 0.33984375 * leader
39: 0.333984375 * ped
40: 0.33203125 * miere
41: 0.33203125 * west
42: 0.330078125 * Chuck
43: 0.328125 * owner
44: 0.322265625 * walking
45: 0.31640625 * Walk
46: 0.31640625 * stick
47: 0.3125 * mo
48: 0.310546875 * ”,
49: 0.30859375 * and
Total loss: 0.42139291763305664 = MSE Loss: 0.32568979263305664, 0.001 * Sparsity Loss: 95.5
Epoch: 1 batch_num: 109
0: 1.1796875 * actiuni
1: 1.1328125 * realizeaz
2: 0.77734375 * West
3: 0.68359375 * ://
4: 0.64453125 * 
5: 0.58984375 * misiune
6: 0.5859375 * in
7: 0.5625 * doesn
8: 0.5546875 * %
9: 0.546875 * miere
10: 0.54296875 * imprumut
11: 0.5234375 * trecută
12: 0.5234375 * interest
13: 0.51953125 * at
14: 0.5078125 * medium
15: 0.462890625 * Cooper
16: 0.455078125 * fit
17: 0.447265625 * bebelus
18: 0.4453125 * /
19: 0.44140625 * maşin
20: 0.435546875 * Animal
21: 0.4296875 * doamn
22: 0.423828125 * ”
23: 0.421875 * FC
24: 0.419921875 * mândr
25: 0.416015625 * west
26: 0.4140625 * Scout
27: 0.408203125 * erstellt
28: 0.40625 * Ross
29: 0.392578125 * ears
30: 0.392578125 * on
31: 0.38671875 * walking
32: 0.384765625 * "
33: 0.376953125 * logy
34: 0.369140625 * ped
35: 0.36328125 * From
36: 0.359375 * walk
37: 0.357421875 * stick
38: 0.353515625 * anului
39: 0.3515625 * corespund
40: 0.333984375 * staffed
41: 0.330078125 * -
42: 0.328125 * owner
43: 0.322265625 * dog
44: 0.3203125 * /2019
45: 0.314453125 * cărui
46: 0.310546875 * leaving
47: 0.30859375 * by
48: 0.306640625 * animal
49: 0.306640625 * the
Total loss: 0.4117507040500641 = MSE Loss: 0.3184889853000641, 0.001 * Sparsity Loss: 93.5
Epoch: 1 batch_num: 110
0: 0.9140625 * cărui
1: 0.8359375 * actiuni
2: 0.7890625 * realizeaz
3: 0.7265625 * mândr
4: 0.69140625 * West
5: 0.60546875 * miere
6: 0.6015625 * ://
7: 0.5859375 * staffed
8: 0.55078125 * FC
9: 0.53515625 * %
10: 0.51953125 * fit
11: 0.5078125 * interest
12: 0.50390625 * misiune
13: 0.49609375 * doesn
14: 0.478515625 * Animal
15: 0.478515625 * /
16: 0.455078125 * 
17: 0.44921875 * at
18: 0.435546875 * trecută
19: 0.431640625 * animal
20: 0.4296875 * ”
21: 0.421875 * Walking
22: 0.419921875 * dosar
23: 0.4140625 * maşin
24: 0.408203125 * Cooper
25: 0.3984375 * Territory
26: 0.392578125 * Scout
27: 0.38671875 * wind
28: 0.37890625 * in
29: 0.373046875 * anului
30: 0.3671875 * From
31: 0.35546875 * vândut
32: 0.353515625 * Leaving
33: 0.349609375 * leaving
34: 0.341796875 * lovitur
35: 0.33984375 * doamn
36: 0.32421875 * Ross
37: 0.314453125 * corespund
38: 0.314453125 * ped
39: 0.30859375 * medium
40: 0.3046875 * be
41: 0.298828125 * Bon
42: 0.291015625 * spot
43: 0.28125 * path
44: 0.275390625 * bonded
45: 0.26953125 * ....
46: 0.26953125 * including
47: 0.267578125 * ”,
48: 0.263671875 * logy
49: 0.259765625 * ...
Total loss: 0.28673696517944336 = MSE Loss: 0.19786979258060455, 0.001 * Sparsity Loss: 89.0
Epoch: 1 batch_num: 111
0: 2.0625 * realizeaz
1: 1.2578125 * cărui
2: 0.70703125 * staffed
3: 0.64453125 * Walking
4: 0.56640625 * mândr
5: 0.546875 * FC
6: 0.52734375 * miere
7: 0.484375 * owner
8: 0.470703125 * dosar
9: 0.470703125 * West
10: 0.435546875 * ling
11: 0.43359375 * fit
12: 0.427734375 * Territory
13: 0.42578125 * from
14: 0.3984375 * /
15: 0.396484375 * ]
16: 0.37890625 * lovitur
17: 0.376953125 * at
18: 0.375 * animal
19: 0.37109375 * Chuck
20: 0.369140625 * Leaving
21: 0.357421875 * ”
22: 0.353515625 * Animal
23: 0.3515625 * %
24: 0.3515625 * at
25: 0.349609375 * ,
26: 0.34765625 * with
27: 0.345703125 * doesn
28: 0.341796875 * ://
29: 0.33984375 * spot
30: 0.337890625 * territory
31: 0.337890625 * </s>
32: 0.337890625 * outdoor
33: 0.3359375 * From
34: 0.333984375 * across
35: 0.33203125 * Bon
36: 0.330078125 * vândut
37: 0.322265625 * Fertigung
38: 0.3203125 * do
39: 0.318359375 * leaving
40: 0.310546875 * on
41: 0.30859375 * Speed
42: 0.30859375 * imprumut
43: 0.3046875 * about
44: 0.298828125 * ”,
45: 0.296875 * Col
46: 0.294921875 * :
47: 0.294921875 * wind
48: 0.294921875 * conducere
49: 0.28125 * interest
Total loss: 0.31040626764297485 = MSE Loss: 0.22349219024181366, 0.001 * Sparsity Loss: 87.0
Epoch: 1 batch_num: 112
0: 2.625 * realizeaz
1: 1.3359375 * cărui
2: 0.828125 * actiuni
3: 0.7109375 * staffed
4: 0.63671875 * owner
5: 0.57421875 * Walking
6: 0.54296875 * imprumut
7: 0.53515625 * Speed
8: 0.484375 * ]
9: 0.4765625 * ements
10: 0.46875 * FC
11: 0.447265625 * ,
12: 0.439453125 * IN
13: 0.421875 * Chuck
14: 0.419921875 * territory
15: 0.412109375 * ling
16: 0.41015625 * dosar
17: 0.408203125 * medium
18: 0.40234375 * leader
19: 0.39453125 * outdoor
20: 0.375 * do
21: 0.37109375 * dis
22: 0.36328125 * at
23: 0.359375 * Territory
24: 0.35546875 * and
25: 0.34765625 * Fertigung
26: 0.34375 * ears
27: 0.34375 * bebelus
28: 0.34375 * with
29: 0.337890625 * be
30: 0.333984375 * </s>
31: 0.333984375 * echival
32: 0.33203125 * miere
33: 0.33203125 * ized
34: 0.328125 * Bon
35: 0.328125 * conducere
36: 0.31640625 * re
37: 0.314453125 * across
38: 0.306640625 * owner
39: 0.302734375 * trecută
40: 0.30078125 * Col
41: 0.296875 * Cro
42: 0.296875 * /
43: 0.291015625 * of
44: 0.2890625 * command
45: 0.287109375 * Dog
46: 0.287109375 * ”,
47: 0.287109375 * about
48: 0.28515625 * begging
49: 0.283203125 * from
Total loss: 0.4611436128616333 = MSE Loss: 0.3732529878616333, 0.001 * Sparsity Loss: 88.0
Epoch: 1 batch_num: 113
0: 2.625 * realizeaz
1: 1.265625 * actiuni
2: 1.1171875 * cărui
3: 0.7734375 * mândr
4: 0.67578125 * medium
5: 0.609375 * staffed
6: 0.59765625 * trecută
7: 0.58203125 * ements
8: 0.51953125 * owner
9: 0.50390625 * leader
10: 0.498046875 * misiune
11: 0.494140625 * Walking
12: 0.458984375 * ]
13: 0.455078125 * begging
14: 0.443359375 * Speed
15: 0.44140625 * territory
16: 0.42578125 * IN
17: 0.4140625 * ,
18: 0.41015625 * imprumut
19: 0.400390625 * ://
20: 0.37109375 * interest
21: 0.3671875 * ling
22: 0.361328125 * doamn
23: 0.359375 * command
24: 0.35546875 * and
25: 0.349609375 * Chuck
26: 0.34765625 * bebelus
27: 0.341796875 * west
28: 0.33203125 * ized
29: 0.330078125 * dog
30: 0.330078125 * outdoor
31: 0.328125 * FC
32: 0.3203125 * Dog
33: 0.3046875 * Animal
34: 0.302734375 * 
35: 0.302734375 * Fertigung
36: 0.30078125 * dosar
37: 0.30078125 * ears
38: 0.294921875 * ncing
39: 0.294921875 * in
40: 0.287109375 * echival
41: 0.28515625 * dis
42: 0.283203125 * be
43: 0.2734375 * path
44: 0.271484375 * Cro
45: 0.271484375 * Bon
46: 0.271484375 * ţări
47: 0.271484375 * Ross
48: 0.271484375 * adecvat
49: 0.26953125 * Scout
Total loss: 0.3167167007923126 = MSE Loss: 0.23175576329231262, 0.001 * Sparsity Loss: 85.0
Epoch: 1 batch_num: 114
0: 2.0625 * realizeaz
1: 1.2265625 * actiuni
2: 0.9921875 * mândr
3: 0.78125 * medium
4: 0.671875 * trecută
5: 0.609375 * cărui
6: 0.55859375 * interest
7: 0.51171875 * leader
8: 0.5078125 * misiune
9: 0.466796875 * begging
10: 0.44921875 * Walking
11: 0.44140625 * ements
12: 0.435546875 * ped
13: 0.42578125 * ]
14: 0.423828125 * Animal
15: 0.412109375 * ://
16: 0.3984375 * territory
17: 0.396484375 * staffed
18: 0.39453125 * %
19: 0.38671875 * Scout
20: 0.384765625 * command
21: 0.3828125 * doamn
22: 0.376953125 * 
23: 0.3671875 * New
24: 0.345703125 * ],
25: 0.34375 * local
26: 0.33984375 * side
27: 0.33984375 * legs
28: 0.33203125 * corespund
29: 0.328125 * IN
30: 0.3203125 * miere
31: 0.3203125 * /2019
32: 0.318359375 * and
33: 0.3125 * West
34: 0.3046875 * From
35: 0.302734375 * transition
36: 0.302734375 * In
37: 0.294921875 * Owner
38: 0.294921875 * from
39: 0.2890625 * Cooper
40: 0.28125 * .
41: 0.28125 * west
42: 0.28125 * having
43: 0.279296875 * lovitur
44: 0.275390625 * Speed
45: 0.267578125 * stick
46: 0.265625 * м
47: 0.26171875 * Ross
48: 0.25390625 * anului
49: 0.25390625 * Run
Total loss: 0.2813020944595337 = MSE Loss: 0.1992708444595337, 0.001 * Sparsity Loss: 82.0
Epoch: 1 batch_num: 115
0: 1.3828125 * realizeaz
1: 0.88671875 * actiuni
2: 0.79296875 * mândr
3: 0.69140625 * medium
4: 0.64453125 * In
5: 0.5390625 * In
6: 0.53515625 * miere
7: 0.53515625 * trecută
8: 0.53515625 * interest
9: 0.51953125 * imprumut
10: 0.474609375 * %
11: 0.46484375 * ped
12: 0.435546875 * lovitur
13: 0.42578125 * IN
14: 0.416015625 * Owner
15: 0.400390625 * corespund
16: 0.396484375 * leader
17: 0.38671875 * New
18: 0.384765625 * IN
19: 0.375 * /
20: 0.359375 * side
21: 0.35546875 * in
22: 0.349609375 * Animal
23: 0.34375 * misiune
24: 0.34375 * /2019
25: 0.34375 * /3
26: 0.33984375 * transition
27: 0.33984375 * begging
28: 0.337890625 * RE
29: 0.33203125 * doamn
30: 0.326171875 * м
31: 0.318359375 * 
32: 0.31640625 * 3
33: 0.31640625 * command
34: 0.3125 * path
35: 0.3125 * local
36: 0.310546875 * Dog
37: 0.310546875 * ],
38: 0.3046875 * ]
39: 0.3046875 * .
40: 0.302734375 * foster
41: 0.302734375 * owner
42: 0.302734375 * having
43: 0.298828125 * walk
44: 0.298828125 * Scout
45: 0.29296875 * viziune
46: 0.28515625 * From
47: 0.283203125 * echival
48: 0.27734375 * Walking
49: 0.275390625 * Cooper
Total loss: 0.26061928272247314 = MSE Loss: 0.17761148512363434, 0.001 * Sparsity Loss: 83.0
Epoch: 1 batch_num: 116
0: 0.75 * imprumut
1: 0.671875 * In
2: 0.66015625 * ements
3: 0.59375 * miere
4: 0.53125 * In
5: 0.5234375 * IN
6: 0.5 * %
7: 0.482421875 * echival
8: 0.48046875 * /
9: 0.462890625 * wind
10: 0.455078125 * cărui
11: 0.4453125 * medium
12: 0.443359375 * Dog
13: 0.4296875 * in
14: 0.427734375 * lovitur
15: 0.41015625 * Owner
16: 0.41015625 * realizeaz
17: 0.39453125 * owner
18: 0.388671875 * corespund
19: 0.376953125 * go
20: 0.361328125 * 
21: 0.357421875 * ped
22: 0.357421875 * /2019
23: 0.35546875 * leg
24: 0.349609375 * viziune
25: 0.349609375 * /3
26: 0.345703125 * cuplu
27: 0.330078125 * legs
28: 0.322265625 * owner
29: 0.322265625 * м
30: 0.322265625 * AT
31: 0.314453125 * transition
32: 0.3125 * West
33: 0.310546875 * west
34: 0.30859375 * foster
35: 0.298828125 * RE
36: 0.294921875 * actiuni
37: 0.294921875 * interest
38: 0.291015625 * de
39: 0.2890625 * New
40: 0.287109375 * ....
41: 0.287109375 * FC
42: 0.28515625 * including
43: 0.28515625 * Ross
44: 0.283203125 * maşin
45: 0.27734375 * mândr
46: 0.271484375 * 3
47: 0.267578125 * From
48: 0.263671875 * Go
49: 0.255859375 * big
Total loss: 0.34758347272872925 = MSE Loss: 0.26506394147872925, 0.001 * Sparsity Loss: 82.5
Epoch: 1 batch_num: 117
0: 0.96875 * ements
1: 0.859375 * cărui
2: 0.8125 * realizeaz
3: 0.71875 * imprumut
4: 0.58203125 * miere
5: 0.56640625 * echival
6: 0.486328125 * begging
7: 0.48046875 * actiuni
8: 0.45703125 * %
9: 0.443359375 * legs
10: 0.439453125 * trecută
11: 0.427734375 * In
12: 0.41796875 * Ross
13: 0.416015625 * 
14: 0.400390625 * staffed
15: 0.390625 * /
16: 0.37890625 * maşin
17: 0.375 * leg
18: 0.373046875 * /2019
19: 0.37109375 * including
20: 0.359375 * From
21: 0.359375 * big
22: 0.341796875 * Dog
23: 0.333984375 * in
24: 0.326171875 * lovitur
25: 0.322265625 * dosar
26: 0.322265625 * FC
27: 0.3203125 * AT
28: 0.318359375 * cuplu
29: 0.314453125 * mândr
30: 0.314453125 * Din
31: 0.310546875 * free
32: 0.30859375 * corespund
33: 0.306640625 * ....
34: 0.3046875 * freedom
35: 0.29296875 * Edge
36: 0.287109375 * Owner
37: 0.287109375 * ”,
38: 0.28515625 * м
39: 0.283203125 * /3
40: 0.279296875 * day
41: 0.27734375 * BS
42: 0.271484375 * dogs
43: 0.271484375 * vândut
44: 0.267578125 * ;
45: 0.263671875 * spots
46: 0.26171875 * animal
47: 0.255859375 * go
48: 0.255859375 * Command
49: 0.25390625 * foster
Total loss: 0.25423747301101685 = MSE Loss: 0.17611248791217804, 0.001 * Sparsity Loss: 78.0
Epoch: 1 batch_num: 118
0: 1.375 * realizeaz
1: 1.0390625 * cărui
2: 1.03125 * ements
3: 0.75390625 * begging
4: 0.75 * actiuni
5: 0.59765625 * trecută
6: 0.4765625 * staffed
7: 0.458984375 * from
8: 0.443359375 * echival
9: 0.439453125 * miere
10: 0.412109375 * imprumut
11: 0.40234375 * legs
12: 0.39453125 * Ross
13: 0.390625 * day
14: 0.38671875 * including
15: 0.380859375 * summer
16: 0.37890625 * speed
17: 0.376953125 * From
18: 0.3671875 * mândr
19: 0.36328125 * Command
20: 0.357421875 * -3
21: 0.35546875 * walk
22: 0.345703125 * in
23: 0.34375 * /2019
24: 0.33984375 * Walking
25: 0.337890625 * ”,
26: 0.328125 * 
27: 0.322265625 * standing
28: 0.322265625 * big
29: 0.3203125 * %
30: 0.314453125 * ’
31: 0.314453125 * dosar
32: 0.310546875 * IN
33: 0.30859375 * edge
34: 0.306640625 * path
35: 0.30078125 * Side
36: 0.29296875 * FC
37: 0.291015625 * stick
38: 0.287109375 * West
39: 0.28515625 * local
40: 0.283203125 * freedom
41: 0.283203125 * vândut
42: 0.279296875 * leg
43: 0.279296875 * Din
44: 0.279296875 * maşin
45: 0.271484375 * ţări
46: 0.267578125 * medium
47: 0.267578125 * Edge
48: 0.265625 * Profile
49: 0.263671875 * Bon
Total loss: 0.44079774618148804 = MSE Loss: 0.36023133993148804, 0.001 * Sparsity Loss: 80.5
Epoch: 1 batch_num: 119
0: 1.328125 * realizeaz
1: 0.93359375 * cărui
2: 0.82421875 * ements
3: 0.765625 * actiuni
4: 0.74609375 * begging
5: 0.60546875 * Walking
6: 0.54296875 * summer
7: 0.53515625 * trecută
8: 0.5234375 * speed
9: 0.4453125 * in
10: 0.44140625 * medium
11: 0.4375 * staffed
12: 0.41796875 * spot
13: 0.400390625 * path
14: 0.400390625 * transition
15: 0.3984375 * IN
16: 0.38671875 * walk
17: 0.3671875 * IN
18: 0.36328125 * ted
19: 0.361328125 * Summer
20: 0.35546875 * dărui
21: 0.3515625 * Command
22: 0.33984375 * from
23: 0.328125 * -3
24: 0.326171875 * doesn
25: 0.326171875 * shedding
26: 0.322265625 * standing
27: 0.322265625 * Dis
28: 0.318359375 * side
29: 0.318359375 * ţări
30: 0.30859375 * sco
31: 0.30078125 * day
32: 0.298828125 * From
33: 0.298828125 * including
34: 0.296875 * Side
35: 0.294921875 * stick
36: 0.283203125 * owner
37: 0.283203125 * at
38: 0.28125 * Bon
39: 0.271484375 * edge
40: 0.271484375 * ://
41: 0.265625 * Ross
42: 0.26171875 * Do
43: 0.26171875 * ating
44: 0.259765625 * ”,
45: 0.259765625 * At
46: 0.25390625 * dosar
47: 0.251953125 * command
48: 0.25 * spots
49: 0.25 * West
Total loss: 0.248955637216568 = MSE Loss: 0.170342355966568, 0.001 * Sparsity Loss: 78.5
Epoch: 1 batch_num: 120
0: 0.75 * Walking
1: 0.734375 * realizeaz
2: 0.578125 * cărui
3: 0.5625 * walk
4: 0.53125 * summer
5: 0.53125 * begging
6: 0.50390625 * medium
7: 0.50390625 * mândr
8: 0.46484375 * actiuni
9: 0.458984375 * speed
10: 0.43359375 * ements
11: 0.421875 * transition
12: 0.419921875 * spot
13: 0.419921875 * ted
14: 0.408203125 * ating
15: 0.373046875 * at
16: 0.369140625 * doesn
17: 0.3671875 * Summer
18: 0.3671875 * in
19: 0.359375 * shedding
20: 0.357421875 * able
21: 0.353515625 * 
22: 0.34765625 * %
23: 0.34765625 * fit
24: 0.333984375 * Dis
25: 0.328125 * dogs
26: 0.322265625 * sco
27: 0.314453125 * IN
28: 0.310546875 * IN
29: 0.30078125 * staffed
30: 0.30078125 * ţări
31: 0.29296875 * of
32: 0.2890625 * spots
33: 0.2890625 * side
34: 0.28515625 * path
35: 0.283203125 * Bon
36: 0.279296875 * dărui
37: 0.27734375 * Wind
38: 0.271484375 * walks
39: 0.271484375 * standing
40: 0.271484375 * In
41: 0.26953125 * walked
42: 0.26953125 * Walk
43: 0.267578125 * free
44: 0.2578125 * Do
45: 0.25390625 * Chuck
46: 0.25390625 * echival
47: 0.2490234375 * </s>
48: 0.2431640625 * Mo
49: 0.2421875 * clădiri
Total loss: 0.2957790195941925 = MSE Loss: 0.2186305820941925, 0.001 * Sparsity Loss: 77.0
Epoch: 1 batch_num: 121
0: 0.7890625 * trecută
1: 0.7109375 * Walking
2: 0.6796875 * dogs
3: 0.6640625 * realizeaz
4: 0.57421875 * walk
5: 0.51171875 * fit
6: 0.49609375 * medium
7: 0.49609375 * speed
8: 0.482421875 * ],
9: 0.482421875 * summer
10: 0.46875 * echival
11: 0.46875 * adecvat
12: 0.455078125 * leg
13: 0.423828125 * )
14: 0.423828125 * maşin
15: 0.421875 * misiune
16: 0.416015625 * doesn
17: 0.4140625 * Wind
18: 0.41015625 * transition
19: 0.408203125 * legs
20: 0.400390625 * owner
21: 0.396484375 * ating
22: 0.353515625 * spot
23: 0.3515625 * Go
24: 0.328125 * ATION
25: 0.318359375 * Dis
26: 0.31640625 * Summer
27: 0.30859375 * %
28: 0.30859375 * freedom
29: 0.306640625 * leader
30: 0.3046875 * animal
31: 0.3046875 * sco
32: 0.3046875 * Bon
33: 0.3046875 * ted
34: 0.3046875 * west
35: 0.296875 * free
36: 0.29296875 * able
37: 0.2890625 * dog
38: 0.28515625 * corespund
39: 0.283203125 * ements
40: 0.283203125 * On
41: 0.279296875 * ation
42: 0.275390625 * walked
43: 0.271484375 * ".
44: 0.26953125 * DOT
45: 0.2578125 * does
46: 0.251953125 * clădiri
47: 0.25 * With
48: 0.2490234375 * ."
49: 0.2451171875 * ]
Total loss: 0.41518211364746094 = MSE Loss: 0.33119773864746094, 0.001 * Sparsity Loss: 84.0
Epoch: 1 batch_num: 122
0: 1.703125 * realizeaz
1: 1.4140625 * trecută
2: 0.83203125 * adecvat
3: 0.76171875 * ],
4: 0.73828125 * dogs
5: 0.734375 * )
6: 0.6796875 * owner
7: 0.67578125 * cărui
8: 0.6171875 * ements
9: 0.57421875 * leg
10: 0.5703125 * misiune
11: 0.53125 * Walking
12: 0.52734375 * echival
13: 0.48046875 * fit
14: 0.474609375 * maşin
15: 0.47265625 * legs
16: 0.46875 * ATION
17: 0.4609375 * ]
18: 0.435546875 * -3
19: 0.427734375 * ation
20: 0.421875 * animal
21: 0.41796875 * DOT
22: 0.408203125 * speed
23: 0.40625 * ,
24: 0.390625 * mândr
25: 0.3828125 * ".
26: 0.380859375 * With
27: 0.36328125 * begging
28: 0.35546875 * transition
29: 0.34765625 * medium
30: 0.34375 * Go
31: 0.33984375 * walk
32: 0.337890625 * /2019
33: 0.337890625 * More
34: 0.33203125 * actiuni
35: 0.32421875 * ),
36: 0.3203125 * Command
37: 0.318359375 * And
38: 0.314453125 * Scout
39: 0.310546875 * leader
40: 0.30859375 * dog
41: 0.30859375 * anului
42: 0.30859375 * dosar
43: 0.306640625 * Speed
44: 0.298828125 * ,"
45: 0.296875 * at
46: 0.294921875 * ating
47: 0.294921875 * Fertigung
48: 0.29296875 * freedom
49: 0.291015625 * Dis
Total loss: 0.38321202993392944 = MSE Loss: 0.29580968618392944, 0.001 * Sparsity Loss: 87.5
Epoch: 1 batch_num: 123
0: 2.171875 * realizeaz
1: 1.5 * trecută
2: 0.9296875 * cărui
3: 0.9140625 * adecvat
4: 0.68359375 * ],
5: 0.6484375 * owner
6: 0.64453125 * ements
7: 0.59375 * dogs
8: 0.58984375 * begging
9: 0.5546875 * -3
10: 0.546875 * )
11: 0.5390625 * leg
12: 0.46875 * mândr
13: 0.455078125 * be
14: 0.455078125 * misiune
15: 0.423828125 * /2019
16: 0.421875 * DOT
17: 0.419921875 * din
18: 0.4140625 * With
19: 0.40625 * animal
20: 0.40234375 * Fertigung
21: 0.3828125 * dosar
22: 0.375 * echival
23: 0.3671875 * ]
24: 0.3671875 * maşin
25: 0.357421875 * ATION
26: 0.357421875 * ­
27: 0.35546875 * More
28: 0.35546875 * legs
29: 0.3359375 * Command
30: 0.333984375 * Speed
31: 0.330078125 * .
32: 0.330078125 * Col
33: 0.328125 * And
34: 0.326171875 * anului
35: 0.32421875 * going
36: 0.3203125 * Walking
37: 0.3203125 * ”,
38: 0.3203125 * </s>
39: 0.318359375 * spots
40: 0.310546875 * IN
41: 0.30859375 * staffed
42: 0.306640625 * speed
43: 0.3046875 * ,
44: 0.3046875 * ped
45: 0.298828125 * où
46: 0.294921875 * West
47: 0.29296875 * vândut
48: 0.291015625 * Walk
49: 0.291015625 * vârf
Total loss: 0.3125263452529907 = MSE Loss: 0.22463573515415192, 0.001 * Sparsity Loss: 88.0
Epoch: 1 batch_num: 124
0: 2.171875 * realizeaz
1: 1.3125 * trecută
2: 0.890625 * cărui
3: 0.7890625 * adecvat
4: 0.6484375 * begging
5: 0.578125 * .
6: 0.5390625 * ”,
7: 0.53515625 * -3
8: 0.51171875 * ],
9: 0.490234375 * </s>
10: 0.466796875 * /2019
11: 0.462890625 * Col
12: 0.453125 * Fertigung
13: 0.447265625 * din
14: 0.4140625 * ITY
15: 0.412109375 * be
16: 0.404296875 * ements
17: 0.38671875 * ­
18: 0.384765625 * In
19: 0.380859375 * leg
20: 0.3671875 * ?
21: 0.365234375 * With
22: 0.36328125 * ted
23: 0.359375 * West
24: 0.35546875 * DOT
25: 0.349609375 * dosar
26: 0.34765625 * ",
27: 0.341796875 * interest
28: 0.33984375 * actiuni
29: 0.3359375 * owner
30: 0.3359375 * (3)
31: 0.328125 * standing
32: 0.32421875 * dogs
33: 0.32421875 * at
34: 0.3203125 * IN
35: 0.318359375 * où
36: 0.314453125 * "
37: 0.314453125 * From
38: 0.314453125 * of
39: 0.3125 * )
40: 0.3125 * !
41: 0.30859375 * Speed
42: 0.30078125 * ation
43: 0.30078125 * has
44: 0.30078125 * More
45: 0.30078125 * free
46: 0.298828125 * ped
47: 0.296875 * ...).
48: 0.294921875 * cuplu
49: 0.291015625 * stick
Total loss: 0.3544570505619049 = MSE Loss: 0.2655898630619049, 0.001 * Sparsity Loss: 89.0
Epoch: 1 batch_num: 125
0: 1.5703125 * realizeaz
1: 0.9375 * trecută
2: 0.609375 * cărui
3: 0.56640625 * adecvat
4: 0.5625 * ”,
5: 0.5234375 * begging
6: 0.51171875 * ation
7: 0.498046875 * actiuni
8: 0.47265625 * ITY
9: 0.470703125 * .
10: 0.46484375 * /2019
11: 0.447265625 * Fertigung
12: 0.39453125 * ST
13: 0.390625 * ears
14: 0.388671875 * of
15: 0.384765625 * Col
16: 0.37890625 * ],
17: 0.373046875 * (3)
18: 0.365234375 * ted
19: 0.36328125 * -3
20: 0.36328125 * at
21: 0.361328125 * ating
22: 0.35546875 * decizie
23: 0.34375 * </s>
24: 0.341796875 * mândr
25: 0.33984375 * standing
26: 0.33984375 * ­
27: 0.33203125 * walk
28: 0.33203125 * )
29: 0.330078125 * ",
30: 0.3203125 * on
31: 0.318359375 * From
32: 0.30859375 * and
33: 0.302734375 * Scout
34: 0.302734375 * ...).
35: 0.30078125 * din
36: 0.296875 * dog
37: 0.296875 * Chuck
38: 0.296875 * Wind
39: 0.294921875 * misiune
40: 0.294921875 * où
41: 0.294921875 * legs
42: 0.29296875 * valeur
43: 0.291015625 * %
44: 0.291015625 * In
45: 0.2890625 * IN
46: 0.28125 * has
47: 0.279296875 * !
48: 0.279296875 * sânge
49: 0.27734375 * ?
Total loss: 0.28897151350975037 = MSE Loss: 0.20401057600975037, 0.001 * Sparsity Loss: 85.0
Epoch: 1 batch_num: 126
0: 0.64453125 * realizeaz
1: 0.53125 * ”,
2: 0.5 * and
3: 0.486328125 * legs
4: 0.46875 * mândr
5: 0.453125 * Scout
6: 0.423828125 * misiune
7: 0.421875 * spots
8: 0.421875 * valeur
9: 0.419921875 * /2019
10: 0.408203125 * trecută
11: 0.408203125 * echival
12: 0.400390625 * decizie
13: 0.384765625 * )
14: 0.3828125 * ST
15: 0.37890625 * miere
16: 0.37890625 * Fertigung
17: 0.376953125 * In
18: 0.375 * Wind
19: 0.373046875 * (3)
20: 0.373046875 * ITY
21: 0.369140625 * owner
22: 0.369140625 * ation
23: 0.369140625 * %
24: 0.3671875 * animal
25: 0.359375 * ears
26: 0.357421875 * walk
27: 0.353515625 * dog
28: 0.3515625 * dogs
29: 0.3359375 * Animal
30: 0.33203125 * 3
31: 0.326171875 * of
32: 0.32421875 * и
33: 0.32421875 * command
34: 0.3203125 * maşin
35: 0.31640625 * on
36: 0.3125 * medium
37: 0.302734375 * Mo
38: 0.30078125 * freedom
39: 0.296875 * sânge
40: 0.294921875 * –
41: 0.291015625 * running
42: 0.2890625 * standing
43: 0.2890625 * at
44: 0.283203125 * St
45: 0.279296875 * ating
46: 0.27734375 * ...).
47: 0.275390625 * Dis
48: 0.271484375 * in
49: 0.26953125 * dis
Total loss: 0.27271148562431335 = MSE Loss: 0.19312164187431335, 0.001 * Sparsity Loss: 79.5
Epoch: 1 batch_num: 127
0: 0.64453125 * realizeaz
1: 0.58984375 * St
2: 0.51171875 * animal
3: 0.5 * ”,
4: 0.498046875 * and
5: 0.482421875 * spots
6: 0.4375 * echival
7: 0.42578125 * legs
8: 0.41796875 * 
9: 0.416015625 * actiuni
10: 0.412109375 * day
11: 0.396484375 * Scout
12: 0.39453125 * Wind
13: 0.369140625 * anului
14: 0.365234375 * with
15: 0.36328125 * dog
16: 0.359375 * dogs
17: 0.359375 * miere
18: 0.359375 * %
19: 0.357421875 * running
20: 0.357421875 * /2019
21: 0.357421875 * In
22: 0.35546875 * PR
23: 0.353515625 * aprobare
24: 0.3515625 * valeur
25: 0.345703125 * at
26: 0.34375 * maşin
27: 0.33984375 * (3)
28: 0.326171875 * Speed
29: 0.32421875 * shedding
30: 0.322265625 * erstellt
31: 0.3203125 * Dis
32: 0.318359375 * )
33: 0.318359375 * misiune
34: 0.31640625 * edge
35: 0.3125 * и
36: 0.30859375 * walking
37: 0.30859375 * Animal
38: 0.3046875 * going
39: 0.3046875 * wind
40: 0.298828125 * walk
41: 0.2890625 * path
42: 0.2890625 * Din
43: 0.28125 * 3
44: 0.2734375 * walks
45: 0.26953125 * medium
46: 0.26953125 * freedom
47: 0.267578125 * –
48: 0.265625 * clădiri
49: 0.263671875 * command
Total loss: 0.3545832335948944 = MSE Loss: 0.2745051085948944, 0.001 * Sparsity Loss: 80.0
Epoch: 1 batch_num: 128
0: 1.0390625 * realizeaz
1: 0.63671875 * St
2: 0.60546875 * actiuni
3: 0.53515625 * animal
4: 0.53515625 * trecută
5: 0.494140625 * edge
6: 0.4921875 * day
7: 0.48046875 * Speed
8: 0.4765625 * path
9: 0.46875 * erstellt
10: 0.455078125 * 
11: 0.4453125 * ”,
12: 0.443359375 * at
13: 0.439453125 * ation
14: 0.41796875 * wind
15: 0.404296875 * with
16: 0.400390625 * anului
17: 0.3828125 * walking
18: 0.380859375 * spots
19: 0.376953125 * aprobare
20: 0.373046875 * adecvat
21: 0.37109375 * dosar
22: 0.36328125 * does
23: 0.359375 * ]
24: 0.359375 * cuplu
25: 0.34375 * oraş
26: 0.333984375 * decizie
27: 0.328125 * stick
28: 0.32421875 * clădiri
29: 0.322265625 * din
30: 0.3203125 * Owner
31: 0.3203125 * cărui
32: 0.3125 * Col
33: 0.310546875 * and
34: 0.302734375 * ],
35: 0.298828125 * echival
36: 0.296875 * walks
37: 0.296875 * mândr
38: 0.294921875 * Din
39: 0.29296875 * PR
40: 0.29296875 * about
41: 0.291015625 * Cro
42: 0.291015625 * Dis
43: 0.2890625 * In
44: 0.275390625 * IN
45: 0.265625 * legs
46: 0.263671875 * the
47: 0.26171875 * ATION
48: 0.259765625 * ches
49: 0.259765625 * maşin
Total loss: 0.2362695336341858 = MSE Loss: 0.1557031273841858, 0.001 * Sparsity Loss: 80.5
Epoch: 1 batch_num: 129
0: 0.6328125 * realizeaz
1: 0.5546875 * trecută
2: 0.52734375 * path
3: 0.50390625 * Speed
4: 0.494140625 * edge
5: 0.48828125 * St
6: 0.474609375 * decizie
7: 0.4453125 * does
8: 0.44140625 * ],
9: 0.4375 * ation
10: 0.4296875 * animal
11: 0.423828125 * adecvat
12: 0.41015625 * wind
13: 0.40625 * ]
14: 0.40625 * /
15: 0.3984375 * dosar
16: 0.396484375 * erstellt
17: 0.39453125 * at
18: 0.388671875 * actiuni
19: 0.37109375 * Chuck
20: 0.369140625 * misiune
21: 0.359375 * and
22: 0.357421875 * oraş
23: 0.353515625 * mândr
24: 0.3515625 * across
25: 0.34765625 * Owner
26: 0.345703125 * cuplu
27: 0.32421875 * walking
28: 0.3203125 * IN
29: 0.3125 * day
30: 0.310546875 * </s>
31: 0.30859375 * anului
32: 0.30078125 * medium
33: 0.30078125 * ches
34: 0.298828125 * aprobare
35: 0.294921875 * begging
36: 0.2890625 * ”,
37: 0.28515625 * din
38: 0.28125 * Dog
39: 0.279296875 * Pet
40: 0.279296875 * best
41: 0.279296875 * dis
42: 0.27734375 * #
43: 0.27734375 * the
44: 0.271484375 * stick
45: 0.271484375 * At
46: 0.26953125 * transition
47: 0.26953125 * guest
48: 0.265625 * ATION
49: 0.263671875 * valeur
Total loss: 0.4102647006511688 = MSE Loss: 0.3311631381511688, 0.001 * Sparsity Loss: 79.0
Epoch: 1 batch_num: 130
0: 0.54296875 * </s>
1: 0.5078125 * misiune
2: 0.4921875 * medium
3: 0.453125 * valeur
4: 0.435546875 * dis
5: 0.4296875 * imprumut
6: 0.423828125 * ],
7: 0.416015625 * Speed
8: 0.404296875 * and
9: 0.400390625 * Chuck
10: 0.3984375 * logy
11: 0.376953125 * -
12: 0.369140625 * trecută
13: 0.365234375 * path
14: 0.361328125 * adecvat
15: 0.359375 * dosar
16: 0.353515625 * lation
17: 0.3515625 * ",
18: 0.3515625 * edge
19: 0.3515625 * right
20: 0.34765625 * /
21: 0.34765625 * echival
22: 0.341796875 * )
23: 0.32421875 * ]
24: 0.31640625 * ity
25: 0.314453125 * does
26: 0.3125 * acţiune
27: 0.3125 * wind
28: 0.310546875 * across
29: 0.3046875 * transition
30: 0.302734375 * decizie
31: 0.30078125 * Fertigung
32: 0.296875 * vârf
33: 0.294921875 * legs
34: 0.2890625 * ST
35: 0.287109375 * #
36: 0.28125 * ches
37: 0.27734375 * free
38: 0.271484375 * ements
39: 0.263671875 * oraş
40: 0.259765625 * At
41: 0.2578125 * Owner
42: 0.255859375 * totusi
43: 0.251953125 * IN
44: 0.2490234375 * OF
45: 0.248046875 * walk
46: 0.248046875 * ST
47: 0.2470703125 * Pet
48: 0.2470703125 * ),
49: 0.240234375 * ation
Total loss: 0.27455705404281616 = MSE Loss: 0.20033830404281616, 0.001 * Sparsity Loss: 74.0
Epoch: 1 batch_num: 131
0: 0.5625 * </s>
1: 0.5546875 * echival
2: 0.55078125 * ",
3: 0.515625 * medium
4: 0.48828125 * actiuni
5: 0.482421875 * dis
6: 0.4453125 * valeur
7: 0.423828125 * misiune
8: 0.421875 * St
9: 0.4140625 * legs
10: 0.384765625 * cărui
11: 0.3828125 * ),
12: 0.376953125 * imprumut
13: 0.375 * Fertigung
14: 0.369140625 * ements
15: 0.36328125 * ST
16: 0.34765625 * lation
17: 0.34375 * -
18: 0.34375 * logy
19: 0.326171875 * ity
20: 0.318359375 * Chuck
21: 0.310546875 * Din
22: 0.3046875 * right
23: 0.30078125 * vârf
24: 0.30078125 * acţiune
25: 0.30078125 * In
26: 0.2890625 * Animal
27: 0.2890625 * ],
28: 0.2890625 * average
29: 0.27734375 * ­
30: 0.275390625 * PR
31: 0.275390625 * spots
32: 0.275390625 * pets
33: 0.275390625 * breath
34: 0.26953125 * )
35: 0.26953125 * freedom
36: 0.26953125 * ST
37: 0.267578125 * Bre
38: 0.267578125 * ized
39: 0.265625 * 2010,
40: 0.26171875 * ://
41: 0.259765625 * tracking
42: 0.2578125 * shedding
43: 0.25390625 * walk
44: 0.25390625 * dosar
45: 0.2431640625 * |
46: 0.240234375 * sânge
47: 0.2392578125 * speed
48: 0.2373046875 * interest
49: 0.2353515625 * erstellt
Total loss: 0.2801406979560852 = MSE Loss: 0.2049453854560852, 0.001 * Sparsity Loss: 75.0
Epoch: 1 batch_num: 132
0: 0.5625 * echival
1: 0.51953125 * ",
2: 0.515625 * realizeaz
3: 0.51171875 * pets
4: 0.47265625 * cărui
5: 0.453125 * erstellt
6: 0.443359375 * </s>
7: 0.4375 * St
8: 0.400390625 * dis
9: 0.3984375 * -
10: 0.38671875 * doesn
11: 0.384765625 * medium
12: 0.384765625 * Fertigung
13: 0.376953125 * with
14: 0.373046875 * do
15: 0.369140625 * legs
16: 0.365234375 * interest
17: 0.33984375 * In
18: 0.337890625 * ized
19: 0.3359375 * able
20: 0.330078125 * ),
21: 0.326171875 * clădiri
22: 0.318359375 * speed
23: 0.31640625 * adecvat
24: 0.3125 * spots
25: 0.3046875 * actiuni
26: 0.3046875 * е
27: 0.30078125 * )
28: 0.30078125 * freedom
29: 0.294921875 * average
30: 0.29296875 * ­
31: 0.29296875 * valeur
32: 0.2890625 * aprobare
33: 0.2890625 * Din
34: 0.28125 * owner
35: 0.28125 * ://
36: 0.279296875 * at
37: 0.26953125 * vârf
38: 0.265625 * Bre
39: 0.265625 * side
40: 0.263671875 * sânge
41: 0.26171875 * ements
42: 0.259765625 * From
43: 0.2578125 * profile
44: 0.255859375 * does
45: 0.2490234375 * shedding
46: 0.2470703125 * ears
47: 0.2451171875 * tracking
48: 0.2451171875 * ST
49: 0.2431640625 * anului
Total loss: 0.30698251724243164 = MSE Loss: 0.22836922109127045, 0.001 * Sparsity Loss: 78.5
Epoch: 1 batch_num: 133
0: 0.75390625 * realizeaz
1: 0.60546875 * imprumut
2: 0.5546875 * adecvat
3: 0.462890625 * pets
4: 0.451171875 * erstellt
5: 0.4375 * ",
6: 0.41796875 * echival
7: 0.416015625 * with
8: 0.3984375 * stick
9: 0.38671875 * at
10: 0.37890625 * cărui
11: 0.359375 * doesn
12: 0.34765625 * able
13: 0.345703125 * Fertigung
14: 0.34375 * spots
15: 0.333984375 * ears
16: 0.322265625 * owner
17: 0.322265625 * aprobare
18: 0.3203125 * wind
19: 0.314453125 * St
20: 0.3125 * of
21: 0.30859375 * interest
22: 0.2890625 * ),
23: 0.2890625 * edge
24: 0.283203125 * spot
25: 0.28125 * does
26: 0.279296875 * legs
27: 0.27734375 * actiuni
28: 0.2734375 * lost
29: 0.2734375 * ized
30: 0.2734375 * е
31: 0.271484375 * ”.
32: 0.271484375 * 3
33: 0.26953125 * 
34: 0.267578125 * Speed
35: 0.265625 * stability
36: 0.263671875 * speed
37: 0.259765625 * ­
38: 0.259765625 * clădiri
39: 0.259765625 * sânge
40: 0.2578125 * do
41: 0.2578125 * on
42: 0.25390625 * ]
43: 0.25390625 * dis
44: 0.2470703125 * dosar
45: 0.24609375 * as
46: 0.2451171875 * misiune
47: 0.2451171875 * bebelus
48: 0.2451171875 * oraş
49: 0.244140625 * best
Total loss: 0.272627592086792 = MSE Loss: 0.1969439834356308, 0.001 * Sparsity Loss: 75.5
Epoch: 1 batch_num: 134
0: 0.8984375 * imprumut
1: 0.6328125 * stick
2: 0.61328125 * adecvat
3: 0.53515625 * of
4: 0.4609375 * mândr
5: 0.447265625 * decizie
6: 0.43359375 * at
7: 0.431640625 * dosar
8: 0.427734375 * actiuni
9: 0.41015625 * 
10: 0.408203125 * misiune
11: 0.400390625 * with
12: 0.396484375 * realizeaz
13: 0.388671875 * </s>
14: 0.380859375 * on
15: 0.37109375 * ",
16: 0.365234375 * ]
17: 0.357421875 * on
18: 0.345703125 * walking
19: 0.34375 * spot
20: 0.328125 * 3
21: 0.32421875 * walk
22: 0.298828125 * realizate
23: 0.296875 * ted
24: 0.294921875 * medium
25: 0.294921875 * >
26: 0.287109375 * trecută
27: 0.28125 * ),
28: 0.28125 * West
29: 0.279296875 * Animal
30: 0.279296875 * ears
31: 0.2734375 * dogs
32: 0.2734375 * stretch
33: 0.267578125 * Fertigung
34: 0.267578125 * standard
35: 0.265625 * IN
36: 0.263671875 * spots
37: 0.26171875 * oraş
38: 0.255859375 * going
39: 0.25390625 * doing
40: 0.25390625 * -3
41: 0.25 * lost
42: 0.248046875 * aprobare
43: 0.248046875 * vigoare
44: 0.2431640625 * ”.
45: 0.2392578125 * erstellt
46: 0.236328125 * middle
47: 0.2333984375 * Walking
48: 0.232421875 * owner
49: 0.228515625 * AN
Total loss: 0.2910081148147583 = MSE Loss: 0.2187424898147583, 0.001 * Sparsity Loss: 72.5
Epoch: 1 batch_num: 135
0: 0.85546875 * imprumut
1: 0.69921875 * stick
2: 0.65625 * realizeaz
3: 0.62109375 * decizie
4: 0.5859375 * with
5: 0.546875 * </s>
6: 0.490234375 * mândr
7: 0.48828125 * dosar
8: 0.466796875 * dogs
9: 0.45703125 * of
10: 0.44921875 * cărui
11: 0.42578125 * medium
12: 0.423828125 * Walk
13: 0.423828125 * at
14: 0.416015625 * Animal
15: 0.3828125 * and
16: 0.37109375 * adecvat
17: 0.37109375 * Wind
18: 0.36328125 * trecută
19: 0.361328125 * spot
20: 0.349609375 * >
21: 0.34765625 * ted
22: 0.3359375 * realizate
23: 0.326171875 * lation
24: 0.322265625 * speed
25: 0.318359375 * ]
26: 0.318359375 * PR
27: 0.318359375 * misiune
28: 0.310546875 * on
29: 0.287109375 * walking
30: 0.28515625 * 
31: 0.27734375 * wind
32: 0.275390625 * ST
33: 0.2734375 * Bon
34: 0.2734375 * 3
35: 0.26953125 * ”.
36: 0.263671875 * RE
37: 0.259765625 * standard
38: 0.255859375 * going
39: 0.248046875 * Chuck
40: 0.248046875 * IN
41: 0.244140625 * Speed
42: 0.240234375 * -3
43: 0.23828125 * stretch
44: 0.23828125 * Average
45: 0.2373046875 * hock
46: 0.236328125 * interest
47: 0.234375 * small
48: 0.2333984375 * walk
49: 0.232421875 * pets
Total loss: 0.24035179615020752 = MSE Loss: 0.16662132740020752, 0.001 * Sparsity Loss: 73.5
Epoch: 1 batch_num: 136
0: 1.1640625 * realizeaz
1: 0.71484375 * cărui
2: 0.61328125 * stick
3: 0.490234375 * </s>
4: 0.482421875 * and
5: 0.4765625 * imprumut
6: 0.46875 * Walk
7: 0.46875 * of
8: 0.458984375 * decizie
9: 0.453125 * with
10: 0.44921875 * Wind
11: 0.44140625 * Animal
12: 0.44140625 * speed
13: 0.439453125 * small
14: 0.431640625 * dosar
15: 0.412109375 * RE
16: 0.41015625 * interest
17: 0.37890625 * medium
18: 0.37890625 * wind
19: 0.365234375 * lation
20: 0.359375 * dogs
21: 0.359375 * erstellt
22: 0.35546875 * ements
23: 0.353515625 * do
24: 0.3515625 * echival
25: 0.33984375 * pets
26: 0.333984375 * legs
27: 0.333984375 * ST
28: 0.314453125 * #
29: 0.3125 * actiuni
30: 0.310546875 * realizate
31: 0.30078125 * Do
32: 0.298828125 * ,
33: 0.29296875 * stability
34: 0.291015625 * trecută
35: 0.28515625 * spot
36: 0.283203125 * >
37: 0.283203125 * From
38: 0.283203125 * haltung
39: 0.27734375 * Bon
40: 0.2734375 * intention
41: 0.265625 * at
42: 0.26171875 * clădiri
43: 0.259765625 * Col
44: 0.2578125 * picioare
45: 0.2578125 * ized
46: 0.25390625 * west
47: 0.24609375 * on
48: 0.2431640625 * Edge
49: 0.2421875 * run
Total loss: 0.34395089745521545 = MSE Loss: 0.27070870995521545, 0.001 * Sparsity Loss: 73.0
Epoch: 1 batch_num: 137
0: 1.7109375 * realizeaz
1: 1.40625 * dogs
2: 1.3671875 * Speed
3: 1.328125 * pets
4: 1.28125 * Speed
5: 0.9296875 * cărui
6: 0.734375 * actiuni
7: 0.6953125 * Wind
8: 0.63671875 * dog
9: 0.63671875 * IN
10: 0.625 * speed
11: 0.61328125 * erstellt
12: 0.60546875 * ATION
13: 0.56640625 * Leaving
14: 0.55859375 * with
15: 0.5390625 * misiune
16: 0.51953125 * and
17: 0.50390625 * Animal
18: 0.486328125 * pet
19: 0.474609375 * 
20: 0.47265625 * foster
21: 0.466796875 * In
22: 0.46484375 * in
23: 0.45703125 * do
24: 0.455078125 * small
25: 0.453125 * îngrij
26: 0.44921875 * spots
27: 0.44921875 * wind
28: 0.439453125 * speed
29: 0.435546875 * picioare
30: 0.423828125 * interest
31: 0.419921875 * Scout
32: 0.41796875 * ,
33: 0.4140625 * in
34: 0.41015625 * walking
35: 0.41015625 * miere
36: 0.41015625 * ized
37: 0.41015625 * fit
38: 0.404296875 * %
39: 0.400390625 * the
40: 0.400390625 * echival
41: 0.38671875 * trecută
42: 0.384765625 * valeur
43: 0.37890625 * The
44: 0.365234375 * legs
45: 0.36328125 * е
46: 0.361328125 * friend
47: 0.359375 * stick
48: 0.359375 * middle
49: 0.353515625 * eignen
Total loss: 0.6228453516960144 = MSE Loss: 0.5129820704460144, 0.001 * Sparsity Loss: 110.0
Epoch: 1 batch_num: 138
0: 2.375 * Speed
1: 2.171875 * Speed
2: 1.9140625 * pets
3: 1.90625 * dogs
4: 1.578125 * realizeaz
5: 1.390625 * Wind
6: 1.046875 * speed
7: 1.03125 * ATION
8: 0.98046875 * Leaving
9: 0.96484375 * speed
10: 0.8828125 * dog
11: 0.875 * wind
12: 0.86328125 * misiune
13: 0.80859375 * actiuni
14: 0.796875 * cărui
15: 0.74609375 * %
16: 0.74609375 * îngrij
17: 0.71875 * pet
18: 0.71875 * foster
19: 0.70703125 * 
20: 0.66796875 * miere
21: 0.6640625 * erstellt
22: 0.6328125 * Scout
23: 0.609375 * IN
24: 0.609375 * DB
25: 0.6015625 * Chuck
26: 0.578125 * imprumut
27: 0.5625 * trecută
28: 0.55078125 * eignen
29: 0.546875 * logy
30: 0.546875 * fit
31: 0.54296875 * the
32: 0.5390625 * do
33: 0.5234375 * picioare
34: 0.5234375 * CC
35: 0.515625 * The
36: 0.51171875 * vet
37: 0.50390625 * In
38: 0.5 * ation
39: 0.49609375 * Day
40: 0.4765625 * day
41: 0.4609375 * transition
42: 0.45703125 * Animal
43: 0.45703125 * valeur
44: 0.453125 * Ablauf
45: 0.44921875 * OF
46: 0.439453125 * veterinary
47: 0.439453125 * West
48: 0.4375 * cuplu
49: 0.421875 * Transition
Total loss: 0.3238803744316101 = MSE Loss: 0.1871616095304489, 0.001 * Sparsity Loss: 137.0
Epoch: 1 batch_num: 139
0: 2.984375 * Speed
1: 2.65625 * Speed
2: 2.15625 * pets
3: 2.015625 * dogs
4: 1.734375 * Wind
5: 1.2578125 * speed
6: 1.2265625 * Leaving
7: 1.1953125 * ATION
8: 1.1796875 * speed
9: 0.98046875 * wind
10: 0.91015625 * %
11: 0.90234375 * îngrij
12: 0.8984375 * misiune
13: 0.87890625 * dog
14: 0.87109375 * foster
15: 0.83984375 * realizeaz
16: 0.79296875 * pet
17: 0.77734375 * DB
18: 0.7734375 * miere
19: 0.70703125 * Scout
20: 0.6953125 * Chuck
21: 0.68359375 * eignen
22: 0.6484375 * vet
23: 0.61328125 * CC
24: 0.59765625 * do
25: 0.59375 * logy
26: 0.58203125 * Day
27: 0.56640625 * actiuni
28: 0.5625 * In
29: 0.5546875 * Ablauf
30: 0.55078125 * ST
31: 0.54296875 * fit
32: 0.5390625 * Transition
33: 0.53125 * picioare
34: 0.53125 * imprumut
35: 0.52734375 * veterinary
36: 0.52734375 * erstellt
37: 0.5078125 * transition
38: 0.5078125 * duty
39: 0.5 * Summer
40: 0.49609375 * ST
41: 0.486328125 * standing
42: 0.484375 * West
43: 0.482421875 * 
44: 0.482421875 * day
45: 0.470703125 * и
46: 0.46875 * at
47: 0.462890625 * as
48: 0.455078125 * Ch
49: 0.451171875 * /2019
Total loss: 0.38120236992836 = MSE Loss: 0.23764768242835999, 0.001 * Sparsity Loss: 144.0
Epoch: 1 batch_num: 140
0: 3.28125 * Speed
1: 2.765625 * Speed
2: 2.125 * pets
3: 1.875 * dogs
4: 1.765625 * Wind
5: 1.3828125 * Leaving
6: 1.2890625 * speed
7: 1.1953125 * ATION
8: 1.09375 * speed
9: 1.0078125 * %
10: 0.96484375 * îngrij
11: 0.94921875 * foster
12: 0.85546875 * DB
13: 0.78125 * dog
14: 0.78125 * wind
15: 0.7734375 * pet
16: 0.7734375 * misiune
17: 0.7734375 * eignen
18: 0.7578125 * miere
19: 0.7578125 * In
20: 0.73046875 * vet
21: 0.6796875 * Chuck
22: 0.67578125 * Scout
23: 0.67578125 * at
24: 0.6171875 * Ablauf
25: 0.59765625 * CC
26: 0.59375 * ST
27: 0.58203125 * veterinary
28: 0.5703125 * ST
29: 0.5703125 * duty
30: 0.55859375 * Day
31: 0.52734375 * Transition
32: 0.51171875 * West
33: 0.5078125 * fit
34: 0.494140625 * Summer
35: 0.4921875 * /2019
36: 0.486328125 * spot
37: 0.4765625 * Dog
38: 0.46875 * Ch
39: 0.462890625 * standing
40: 0.455078125 * picioare
41: 0.443359375 * logy
42: 0.439453125 * developed
43: 0.4375 * medium
44: 0.4296875 * in
45: 0.419921875 * OF
46: 0.412109375 * pet
47: 0.404296875 * bonded
48: 0.3984375 * interest
49: 0.39453125 * и
Total loss: 0.47963544726371765 = MSE Loss: 0.34682294726371765, 0.001 * Sparsity Loss: 133.0
Epoch: 1 batch_num: 141
0: 3.359375 * Speed
1: 2.640625 * Speed
2: 1.890625 * pets
3: 1.5703125 * Wind
4: 1.453125 * dogs
5: 1.40625 * Leaving
6: 1.1953125 * speed
7: 1.0234375 * ATION
8: 0.96875 * foster
9: 0.96484375 * îngrij
10: 0.8984375 * %
11: 0.87109375 * DB
12: 0.80859375 * eignen
13: 0.7734375 * speed
14: 0.76171875 * vet
15: 0.69140625 * at
16: 0.6796875 * pet
17: 0.671875 * Dog
18: 0.66796875 * interest
19: 0.65234375 * Ablauf
20: 0.64453125 * In
21: 0.6328125 * miere
22: 0.609375 * does
23: 0.60546875 * veterinary
24: 0.6015625 * realizeaz
25: 0.5859375 * duty
26: 0.58203125 * and
27: 0.55859375 * Chuck
28: 0.55859375 * cărui
29: 0.5390625 * ST
30: 0.53125 * dog
31: 0.5234375 * West
32: 0.50390625 * Scout
33: 0.50390625 * ST
34: 0.5 * /2019
35: 0.48828125 * misiune
36: 0.48046875 * Day
37: 0.470703125 * decizie
38: 0.455078125 * CC
39: 0.447265625 * fit
40: 0.427734375 * Ch
41: 0.427734375 * Transition
42: 0.41015625 * mândr
43: 0.396484375 * OF
44: 0.392578125 * Do
45: 0.390625 * Küste
46: 0.38671875 * Summer
47: 0.38671875 * wind
48: 0.380859375 * spot
49: 0.3671875 * dosar
Total loss: 0.4117228388786316 = MSE Loss: 0.2896525263786316, 0.001 * Sparsity Loss: 122.0
Epoch: 1 batch_num: 142
0: 3.234375 * Speed
1: 2.28125 * Speed
2: 1.4140625 * pets
3: 1.2890625 * Leaving
4: 1.140625 * Wind
5: 1.015625 * speed
6: 0.9375 * Dog
7: 0.921875 * foster
8: 0.890625 * îngrij
9: 0.8671875 * ATION
10: 0.8359375 * DB
11: 0.796875 * eignen
12: 0.7578125 * vet
13: 0.703125 * interest
14: 0.67578125 * decizie
15: 0.66015625 * Ablauf
16: 0.65625 * %
17: 0.625 * dogs
18: 0.62109375 * at
19: 0.60546875 * veterinary
20: 0.60546875 * and
21: 0.5703125 * erstellt
22: 0.5703125 * valeur
23: 0.5625 * does
24: 0.54296875 * cărui
25: 0.54296875 * duty
26: 0.5078125 * realizeaz
27: 0.490234375 * pet
28: 0.4765625 * ements
29: 0.466796875 * /2019
30: 0.439453125 * from
31: 0.412109375 * mândr
32: 0.39453125 * Brown
33: 0.390625 * ST
34: 0.38671875 * RE
35: 0.3828125 * West
36: 0.380859375 * miere
37: 0.380859375 * ://
38: 0.375 * ST
39: 0.37109375 * -
40: 0.369140625 * Küste
41: 0.3671875 * Day
42: 0.361328125 * Ch
43: 0.361328125 * by
44: 0.357421875 * fit
45: 0.353515625 * In
46: 0.34375 * Based
47: 0.3359375 * ling
48: 0.333984375 * Haushalt
49: 0.33203125 * Pe
Total loss: 0.2781344950199127 = MSE Loss: 0.17071262001991272, 0.001 * Sparsity Loss: 107.5
Epoch: 1 batch_num: 143
0: 3.015625 * Speed
1: 1.8203125 * Speed
2: 1.15625 * Dog
3: 1.0859375 * Leaving
4: 0.82421875 * pets
5: 0.79296875 * foster
6: 0.78125 * speed
7: 0.7734375 * îngrij
8: 0.74609375 * DB
9: 0.73828125 * eignen
10: 0.71875 * vet
11: 0.69921875 * Wind
12: 0.6796875 * wind
13: 0.65625 * Ablauf
14: 0.64453125 * ATION
15: 0.62890625 * decizie
16: 0.6171875 * valeur
17: 0.5859375 * erstellt
18: 0.58203125 * veterinary
19: 0.5703125 * interest
20: 0.546875 * trecută
21: 0.546875 * at
22: 0.49609375 * PR
23: 0.48046875 * dog
24: 0.4375 * duty
25: 0.427734375 * %
26: 0.421875 * spots
27: 0.41796875 * walk
28: 0.40234375 * transition
29: 0.400390625 * does
30: 0.39453125 * Brown
31: 0.390625 * /2019
32: 0.388671875 * walk
33: 0.37890625 * outdoor
34: 0.37890625 * pace
35: 0.3671875 * RE
36: 0.36328125 * ],
37: 0.337890625 * ://
38: 0.33203125 * Haushalt
39: 0.33203125 * Küste
40: 0.32421875 * going
41: 0.322265625 * dogs
42: 0.314453125 * Based
43: 0.30859375 * ITY
44: 0.306640625 * misiei
45: 0.3046875 * regiuni
46: 0.302734375 * ation
47: 0.302734375 * speed
48: 0.30078125 * -3
49: 0.298828125 * West
Total loss: 0.2832699418067932 = MSE Loss: 0.1812191605567932, 0.001 * Sparsity Loss: 102.0
Epoch: 1 batch_num: 144
0: 2.703125 * Speed
1: 1.34375 * Speed
2: 1.1015625 * Dog
3: 0.8671875 * Leaving
4: 0.84375 * wind
5: 0.7109375 * speed
6: 0.6875 * trecută
7: 0.66796875 * dog
8: 0.6640625 * dogs
9: 0.6484375 * eignen
10: 0.64453125 * vet
11: 0.640625 * Ablauf
12: 0.6171875 * DB
13: 0.59375 * îngrij
14: 0.59375 * realizeaz
15: 0.5859375 * foster
16: 0.5546875 * PR
17: 0.53515625 * veterinary
18: 0.53125 * speed
19: 0.515625 * day
20: 0.51171875 * walk
21: 0.5 * transition
22: 0.470703125 * medium
23: 0.45703125 * with
24: 0.447265625 * valeur
25: 0.439453125 * '
26: 0.431640625 * Scout
27: 0.427734375 * erstellt
28: 0.42578125 * miere
29: 0.40625 * pace
30: 0.404296875 * misiei
31: 0.390625 * at
32: 0.3828125 * Pet
33: 0.375 * walk
34: 0.373046875 * regiuni
35: 0.36328125 * ation
36: 0.361328125 * BS
37: 0.359375 * ],
38: 0.34765625 * begging
39: 0.337890625 * decizie
40: 0.3359375 * average
41: 0.333984375 * animal
42: 0.330078125 * misiune
43: 0.330078125 * -3
44: 0.326171875 * constient
45: 0.32421875 * Chuck
46: 0.3203125 * Haushalt
47: 0.318359375 * </s>
48: 0.31640625 * owner
49: 0.314453125 * maşin
Total loss: 0.2558671832084656 = MSE Loss: 0.15430468320846558, 0.001 * Sparsity Loss: 101.5
Epoch: 1 batch_num: 145
0: 2.265625 * Speed
1: 1.109375 * speed
2: 0.8984375 * wind
3: 0.8359375 * Dog
4: 0.73828125 * Speed
5: 0.69140625 * day
6: 0.6875 * dogs
7: 0.671875 * Leaving
8: 0.6640625 * miere
9: 0.66015625 * realizeaz
10: 0.6171875 * dog
11: 0.60546875 * Ablauf
12: 0.5390625 * vet
13: 0.53125 * eignen
14: 0.52734375 * Chuck
15: 0.51953125 * with
16: 0.5078125 * path
17: 0.50390625 * Scout
18: 0.49609375 * pets
19: 0.4921875 * medium
20: 0.48046875 * transition
21: 0.46875 * trecută
22: 0.462890625 * veterinary
23: 0.4609375 * ation
24: 0.455078125 * Pet
25: 0.44921875 * PR
26: 0.443359375 * DB
27: 0.439453125 * stretch
28: 0.4375 * ST
29: 0.42578125 * west
30: 0.40625 * walk
31: 0.404296875 * At
32: 0.388671875 * BS
33: 0.384765625 * constient
34: 0.376953125 * '
35: 0.373046875 * pace
36: 0.3671875 * OF
37: 0.36328125 * îngrij
38: 0.361328125 * profile
39: 0.359375 * misiei
40: 0.341796875 * </s>
41: 0.341796875 * having
42: 0.337890625 * legs
43: 0.333984375 * cărui
44: 0.330078125 * FC
45: 0.328125 * regiuni
46: 0.326171875 * foster
47: 0.3203125 * freedom
48: 0.3125 * sânge
49: 0.310546875 * Walk
Total loss: 0.2786203622817993 = MSE Loss: 0.1780344396829605, 0.001 * Sparsity Loss: 100.5
Epoch: 1 batch_num: 146
0: 1.7421875 * Speed
1: 1.5 * speed
2: 0.8359375 * pets
3: 0.8203125 * wind
4: 0.7265625 * miere
5: 0.66796875 * day
6: 0.65625 * actiuni
7: 0.61328125 * Chuck
8: 0.55859375 * Ablauf
9: 0.5234375 * ST
10: 0.5078125 * path
11: 0.5078125 * west
12: 0.50390625 * stretch
13: 0.470703125 * Leaving
14: 0.466796875 * interest
15: 0.45703125 * OF
16: 0.44921875 * with
17: 0.4375 * Scout
18: 0.43359375 * profile
19: 0.431640625 * spots
20: 0.41796875 * 
21: 0.41796875 * At
22: 0.412109375 * Pet
23: 0.412109375 * Col
24: 0.41015625 * vet
25: 0.404296875 * ATION
26: 0.400390625 * %
27: 0.38671875 * eignen
28: 0.375 * fit
29: 0.373046875 * Strip
30: 0.37109375 * St
31: 0.37109375 * constient
32: 0.369140625 * ity
33: 0.365234375 * veterinary
34: 0.365234375 * cuplu
35: 0.36328125 * dogs
36: 0.36328125 * of
37: 0.361328125 * transition
38: 0.35546875 * medium
39: 0.3515625 * 3
40: 0.349609375 * pet
41: 0.34765625 * Walk
42: 0.345703125 * Wind
43: 0.337890625 * erstellt
44: 0.33203125 * BS
45: 0.330078125 * Dog
46: 0.330078125 * decizie
47: 0.326171875 * ure
48: 0.326171875 * adecvat
49: 0.326171875 * valeur
Total loss: 0.3868102431297302 = MSE Loss: 0.2896422743797302, 0.001 * Sparsity Loss: 97.0
Epoch: 2 batch_num: 0
0: 1.890625 * speed
1: 1.328125 * realizeaz
2: 1.1171875 * Speed
3: 0.97265625 * pets
4: 0.81640625 * actiuni
5: 0.765625 * wind
6: 0.73046875 * Speed
7: 0.64453125 * Chuck
8: 0.609375 * miere
9: 0.59375 * valeur
10: 0.5390625 * 
11: 0.53515625 * erstellt
12: 0.51171875 * fit
13: 0.49609375 * Ablauf
14: 0.4921875 * imprumut
15: 0.478515625 * cărui
16: 0.453125 * stretch
17: 0.451171875 * ST
18: 0.451171875 * Wind
19: 0.4453125 * at
20: 0.443359375 * Col
21: 0.439453125 * </s>
22: 0.431640625 * ears
23: 0.41796875 * walk
24: 0.40625 * interest
25: 0.404296875 * profile
26: 0.400390625 * RE
27: 0.392578125 * from
28: 0.392578125 * %
29: 0.392578125 * IN
30: 0.390625 * pet
31: 0.38671875 * speed
32: 0.384765625 * path
33: 0.3828125 * West
34: 0.3828125 * adecvat
35: 0.376953125 * Strip
36: 0.37109375 * maşin
37: 0.369140625 * on
38: 0.359375 * ure
39: 0.35546875 * Pitt
40: 0.353515625 * ],
41: 0.353515625 * OF
42: 0.34375 * spots
43: 0.341796875 * west
44: 0.341796875 * of
45: 0.33984375 * bonded
46: 0.3359375 * Ch
47: 0.3359375 * At
48: 0.333984375 * constient
49: 0.33203125 * logy
Total loss: 0.29868200421333313 = MSE Loss: 0.20249059796333313, 0.001 * Sparsity Loss: 96.0
Running validation... 
 Generating 5 videos with prompt: a dog <>.
Video generated motoken/output/l1_1e_3/validation/epoch_2/0.mp4
Video generated motoken/output/l1_1e_3/validation/epoch_2/1.mp4
Video generated motoken/output/l1_1e_3/validation/epoch_2/2.mp4
Video generated motoken/output/l1_1e_3/validation/epoch_2/3.mp4
Video generated motoken/output/l1_1e_3/validation/epoch_2/4.mp4
validation probability:  0.7320024251937867
replacing best alphas
saving alphas from step:  2
saving best alphas from validation epoch 2, words =  ['speed', 'realizeaz', 'Speed', 'pets', 'actiuni', 'wind', 'Speed', 'Chuck', 'miere', 'valeur', '', 'erstellt', 'fit', 'Ablauf', 'imprumut', 'cărui', 'stretch', 'ST', 'Wind', 'at', 'Col', '</s>', 'ears', 'walk', 'interest', 'profile', 'RE', 'from', '%', 'IN', 'pet', 'speed', 'path', 'West', 'adecvat', 'Strip', 'maşin', 'on', 'ure', 'Pitt', '],', 'OF', 'spots', 'west', 'of', 'bonded', 'Ch', 'At', 'constient', 'logy']
Epoch: 2 batch_num: 1
0: 2.015625 * speed
1: 1.9375 * realizeaz
2: 1.203125 * Speed
3: 0.9609375 * pets
4: 0.75390625 * </s>
5: 0.72265625 * cărui
6: 0.65625 * valeur
7: 0.65234375 * ation
8: 0.5859375 * Chuck
9: 0.55078125 * fit
10: 0.546875 * imprumut
11: 0.54296875 * maşin
12: 0.53515625 * Dog
13: 0.53515625 * speed
14: 0.53125 * from
15: 0.53125 * Speed
16: 0.52734375 * 
17: 0.5078125 * at
18: 0.49609375 * actiuni
19: 0.4921875 * foster
20: 0.486328125 * erstellt
21: 0.4765625 * ears
22: 0.46875 * wind
23: 0.466796875 * ],
24: 0.458984375 * West
25: 0.451171875 * îngrij
26: 0.439453125 * RE
27: 0.423828125 * Ablauf
28: 0.419921875 * #
29: 0.41796875 * ’
30: 0.41015625 * on
31: 0.40234375 * miere
32: 0.388671875 * From
33: 0.384765625 * walk
34: 0.3828125 * logy
35: 0.380859375 * dărui
36: 0.375 * trecută
37: 0.369140625 * stretch
38: 0.365234375 * %
39: 0.36328125 * е
40: 0.3515625 * pet
41: 0.345703125 * 23
42: 0.341796875 * Col
43: 0.33984375 * he
44: 0.33984375 * PR
45: 0.333984375 * average
46: 0.33203125 * bonded
47: 0.33203125 * IN
48: 0.328125 * ]
49: 0.326171875 * Edge
Total loss: 0.32254913449287415 = MSE Loss: 0.22684600949287415, 0.001 * Sparsity Loss: 95.5
Epoch: 2 batch_num: 2
0: 1.90625 * realizeaz
1: 1.84375 * speed
2: 1.3046875 * Speed
3: 0.9140625 * pets
4: 0.796875 * ation
5: 0.78515625 * </s>
6: 0.703125 * Dog
7: 0.64453125 * Leaving
8: 0.640625 * foster
9: 0.63671875 * cărui
10: 0.59375 * îngrij
11: 0.578125 * dărui
12: 0.5625 * speed
13: 0.5546875 * from
14: 0.546875 * fit
15: 0.52734375 * valeur
16: 0.47265625 * maşin
17: 0.466796875 * path
18: 0.466796875 * at
19: 0.4609375 * transition
20: 0.44921875 * trecută
21: 0.419921875 * ],
22: 0.408203125 * #
23: 0.404296875 * ?
24: 0.3984375 * Walk
25: 0.390625 * 23
26: 0.388671875 * medium
27: 0.384765625 * West
28: 0.3828125 * Chuck
29: 0.380859375 * RE
30: 0.376953125 * DB
31: 0.3671875 * 5%
32: 0.365234375 * called
33: 0.359375 * From
34: 0.35546875 * The
35: 0.34765625 * Edge
36: 0.33984375 * Ablauf
37: 0.333984375 * ready
38: 0.333984375 * pace
39: 0.333984375 * imprumut
40: 0.33203125 * е
41: 0.330078125 * ”
42: 0.326171875 * The
43: 0.32421875 * walks
44: 0.32421875 * on
45: 0.322265625 * decizie
46: 0.318359375 * ]
47: 0.318359375 * 
48: 0.314453125 * erstellt
49: 0.310546875 * ’
Total loss: 0.2533420920372009 = MSE Loss: 0.15910382568836212, 0.001 * Sparsity Loss: 94.0
Epoch: 2 batch_num: 3
0: 1.59375 * speed
1: 1.3828125 * realizeaz
2: 1.21875 * Speed
3: 0.88671875 * Leaving
4: 0.703125 * foster
5: 0.6640625 * pets
6: 0.625 * îngrij
7: 0.6171875 * wind
8: 0.60546875 * Dog
9: 0.59375 * ation
10: 0.57421875 * </s>
11: 0.5703125 * path
12: 0.515625 * speed
13: 0.50390625 * dărui
14: 0.5 * fit
15: 0.4921875 * summer
16: 0.470703125 * transition
17: 0.443359375 * ized
18: 0.42578125 * dosar
19: 0.41796875 * Walk
20: 0.416015625 * Wind
21: 0.41015625 * called
22: 0.40625 * ready
23: 0.40234375 * DB
24: 0.392578125 * decizie
25: 0.384765625 * pace
26: 0.3828125 * cărui
27: 0.380859375 * medium
28: 0.37109375 * West
29: 0.35546875 * Speed
30: 0.349609375 * 23
31: 0.34765625 * and
32: 0.345703125 * interest
33: 0.337890625 * sânge
34: 0.3359375 * on
35: 0.333984375 * picioare
36: 0.33203125 * ?
37: 0.330078125 * Brown
38: 0.328125 * ],
39: 0.326171875 * mândr
40: 0.310546875 * spots
41: 0.306640625 * 5%
42: 0.302734375 * The
43: 0.296875 * actiuni
44: 0.294921875 * BS
45: 0.2890625 * Edge
46: 0.287109375 * echival
47: 0.28515625 * IN
48: 0.28515625 * ST
49: 0.28515625 * At
Total loss: 0.3383111357688904 = MSE Loss: 0.24700255692005157, 0.001 * Sparsity Loss: 91.5
Epoch: 2 batch_num: 4
0: 1.2265625 * speed
1: 0.9921875 * Speed
2: 0.96875 * Leaving
3: 0.70703125 * wind
4: 0.69140625 * foster
5: 0.59375 * summer
6: 0.5859375 * îngrij
7: 0.55859375 * Dog
8: 0.55078125 * IN
9: 0.54296875 * ized
10: 0.515625 * Speed
11: 0.486328125 * dosar
12: 0.4609375 * echival
13: 0.451171875 * Col
14: 0.44921875 * West
15: 0.443359375 * path
16: 0.435546875 * miere
17: 0.41796875 * interest
18: 0.4140625 * %
19: 0.412109375 * sânge
20: 0.40625 * erstellt
21: 0.404296875 * trecută
22: 0.400390625 * ready
23: 0.400390625 * speed
24: 0.39453125 * Pet
25: 0.390625 * picioare
26: 0.384765625 * ation
27: 0.3828125 * 
28: 0.3828125 * constient
29: 0.37890625 * fit
30: 0.365234375 * DB
31: 0.361328125 * At
32: 0.35546875 * realizeaz
33: 0.35546875 * pace
34: 0.353515625 * '
35: 0.3515625 * misiune
36: 0.345703125 * Walk
37: 0.345703125 * Wind
38: 0.341796875 * Command
39: 0.3359375 * walk
40: 0.326171875 * called
41: 0.32421875 * BS
42: 0.322265625 * OF
43: 0.318359375 * and
44: 0.31640625 * vârf
45: 0.310546875 * spot
46: 0.302734375 * ears
47: 0.30078125 * eed
48: 0.296875 * small
49: 0.296875 * clădiri
Total loss: 0.3326091766357422 = MSE Loss: 0.247159942984581, 0.001 * Sparsity Loss: 85.5
Epoch: 2 batch_num: 5
0: 1.0 * realizeaz
1: 0.88671875 * Leaving
2: 0.7109375 * speed
3: 0.625 * mândr
4: 0.6171875 * foster
5: 0.6015625 * wind
6: 0.58984375 * spot
7: 0.58984375 * erstellt
8: 0.58203125 * Speed
9: 0.55078125 * Pet
10: 0.54296875 * summer
11: 0.52734375 * Dog
12: 0.5234375 * ears
13: 0.5234375 * IN
14: 0.51953125 * pets
15: 0.5078125 * îngrij
16: 0.50390625 * %
17: 0.5 * miere
18: 0.49609375 * trecută
19: 0.49609375 * Speed
20: 0.48828125 * small
21: 0.46875 * Chuck
22: 0.443359375 * sânge
23: 0.4375 * echival
24: 0.431640625 * constient
25: 0.423828125 * 
26: 0.421875 * At
27: 0.40625 * dosar
28: 0.40234375 * Col
29: 0.40234375 * stick
30: 0.390625 * actiuni
31: 0.3828125 * Command
32: 0.375 * walk
33: 0.37109375 * ready
34: 0.35546875 * was
35: 0.3515625 * picioare
36: 0.349609375 * ements
37: 0.349609375 * fit
38: 0.34765625 * ized
39: 0.341796875 * and
40: 0.337890625 * Pitt
41: 0.328125 * spots
42: 0.328125 * in
43: 0.32421875 * OF
44: 0.318359375 * interest
45: 0.31640625 * clădiri
46: 0.3125 * Walking
47: 0.3125 * Path
48: 0.30859375 * west
49: 0.30078125 * vârf
Total loss: 0.2733486294746399 = MSE Loss: 0.1839931607246399, 0.001 * Sparsity Loss: 89.5
Epoch: 2 batch_num: 6
0: 1.578125 * realizeaz
1: 0.7890625 * mândr
2: 0.7578125 * Leaving
3: 0.74609375 * pets
4: 0.62109375 * spot
5: 0.62109375 * stick
6: 0.58984375 * Chuck
7: 0.58984375 * erstellt
8: 0.5625 * At
9: 0.55859375 * Pet
10: 0.546875 * actiuni
11: 0.53125 * ears
12: 0.48828125 * foster
13: 0.484375 * small
14: 0.482421875 * dărui
15: 0.462890625 * west
16: 0.451171875 * %
17: 0.44921875 * ements
18: 0.421875 * miere
19: 0.41796875 * -
20: 0.41015625 * 5%
21: 0.40625 * </s>
22: 0.40625 * constient
23: 0.404296875 * spots
24: 0.400390625 * sânge
25: 0.376953125 * Path
26: 0.376953125 * îngrij
27: 0.376953125 * and
28: 0.3671875 * fit
29: 0.365234375 * trecută
30: 0.349609375 * Wind
31: 0.33984375 * viziune
32: 0.33984375 * Pitt
33: 0.337890625 * Speed
34: 0.333984375 * adecvat
35: 0.330078125 * edge
36: 0.32421875 * The
37: 0.32421875 * ST
38: 0.310546875 * medium
39: 0.30859375 * decizie
40: 0.306640625 * 
41: 0.302734375 * begging
42: 0.294921875 * St
43: 0.29296875 * doamn
44: 0.291015625 * Din
45: 0.2890625 * summer
46: 0.283203125 * schimb
47: 0.279296875 * walk
48: 0.279296875 * Fox
49: 0.27734375 * was
Total loss: 0.30752456188201904 = MSE Loss: 0.22109879553318024, 0.001 * Sparsity Loss: 86.5
Epoch: 2 batch_num: 7
0: 1.5390625 * realizeaz
1: 0.63671875 * pets
2: 0.6015625 * Chuck
3: 0.59765625 * stick
4: 0.59765625 * Speed
5: 0.58984375 * mândr
6: 0.58203125 * Leaving
7: 0.58203125 * speed
8: 0.5625 * Wind
9: 0.55078125 * -
10: 0.515625 * dărui
11: 0.50390625 * At
12: 0.490234375 * dogs
13: 0.47265625 * Pet
14: 0.47265625 * viziune
15: 0.443359375 * medium
16: 0.439453125 * erstellt
17: 0.427734375 * ears
18: 0.421875 * spot
19: 0.419921875 * ized
20: 0.41796875 * </s>
21: 0.408203125 * anului
22: 0.38671875 * standing
23: 0.369140625 * Brown
24: 0.359375 * 5%
25: 0.34765625 * logy
26: 0.33203125 * mo
27: 0.33203125 * breath
28: 0.326171875 * and
29: 0.322265625 * of
30: 0.3203125 * west
31: 0.31640625 * do
32: 0.314453125 * territory
33: 0.310546875 * West
34: 0.30078125 * Dog
35: 0.298828125 * foster
36: 0.298828125 * constient
37: 0.298828125 * sânge
38: 0.296875 * ure
39: 0.29296875 * Path
40: 0.29296875 * strip
41: 0.29296875 * doesn
42: 0.29296875 * fit
43: 0.2890625 * big
44: 0.287109375 * IN
45: 0.28125 * '
46: 0.28125 * actiuni
47: 0.279296875 * Din
48: 0.275390625 * <unk>
49: 0.275390625 * at
Total loss: 0.27491295337677 = MSE Loss: 0.19190514087677002, 0.001 * Sparsity Loss: 83.0
Epoch: 2 batch_num: 8
0: 1.109375 * speed
1: 1.0546875 * realizeaz
2: 1.0546875 * Speed
3: 0.62109375 * St
4: 0.61328125 * dogs
5: 0.5859375 * ized
6: 0.51953125 * Chuck
7: 0.50390625 * Wind
8: 0.451171875 * West
9: 0.44921875 * Dog
10: 0.44140625 * anului
11: 0.421875 * medium
12: 0.416015625 * viziune
13: 0.404296875 * standing
14: 0.400390625 * speed
15: 0.3828125 * pets
16: 0.376953125 * Brown
17: 0.37109375 * Pet
18: 0.37109375 * -
19: 0.37109375 * '
20: 0.37109375 * able
21: 0.361328125 * breath
22: 0.357421875 * good
23: 0.357421875 * On
24: 0.35546875 * imprumut
25: 0.353515625 * clădiri
26: 0.3515625 * West
27: 0.3515625 * stick
28: 0.328125 * Leaving
29: 0.326171875 * mo
30: 0.3125 * territory
31: 0.3046875 * walks
32: 0.302734375 * actiuni
33: 0.30078125 * ted
34: 0.30078125 * dărui
35: 0.29296875 * do
36: 0.29296875 * maşin
37: 0.2890625 * duty
38: 0.28515625 * decizie
39: 0.28125 * pace
40: 0.27734375 * summer
41: 0.26953125 * ATION
42: 0.26953125 * on
43: 0.267578125 * oraş
44: 0.265625 * bonded
45: 0.265625 * fit
46: 0.263671875 * ".
47: 0.263671875 * on
48: 0.26171875 * #
49: 0.26171875 * strip
Total loss: 0.28311318159103394 = MSE Loss: 0.20303507149219513, 0.001 * Sparsity Loss: 80.0
Epoch: 2 batch_num: 9
0: 1.2890625 * speed
1: 1.1640625 * Speed
2: 0.7734375 * mândr
3: 0.65234375 * St
4: 0.62109375 * ized
5: 0.498046875 * spots
6: 0.484375 * Wind
7: 0.4609375 * ements
8: 0.4609375 * actiuni
9: 0.45703125 * dogs
10: 0.451171875 * On
11: 0.421875 * maşin
12: 0.41796875 * speed
13: 0.404296875 * summer
14: 0.3984375 * Dog
15: 0.3984375 * able
16: 0.37890625 * decizie
17: 0.375 * ://
18: 0.369140625 * West
19: 0.349609375 * ready
20: 0.349609375 * pace
21: 0.34375 * erstellt
22: 0.34375 * valeur
23: 0.341796875 * anului
24: 0.33203125 * dosar
25: 0.33203125 * on
26: 0.32421875 * clădiri
27: 0.322265625 * doamn
28: 0.322265625 * spot
29: 0.318359375 * DB
30: 0.31640625 * adecvat
31: 0.3046875 * fit
32: 0.298828125 * Chuck
33: 0.298828125 * medium
34: 0.298828125 * Command
35: 0.294921875 * duty
36: 0.291015625 * '
37: 0.287109375 * does
38: 0.28515625 * standing
39: 0.283203125 * mo
40: 0.28125 * Animal
41: 0.27734375 * of
42: 0.2734375 * ATION
43: 0.2734375 * Speed
44: 0.271484375 * ich
45: 0.267578125 * territory
46: 0.265625 * West
47: 0.263671875 * ted
48: 0.263671875 * good
49: 0.26171875 * Brown
Total loss: 0.2838292121887207 = MSE Loss: 0.2032628208398819, 0.001 * Sparsity Loss: 80.5
Epoch: 2 batch_num: 10
0: 1.28125 * speed
1: 1.125 * mândr
2: 1.0859375 * Speed
3: 0.6953125 * realizeaz
4: 0.62109375 * ://
5: 0.609375 * erstellt
6: 0.57421875 * doamn
7: 0.57421875 * ized
8: 0.55859375 * Walk
9: 0.5546875 * </s>
10: 0.498046875 * walking
11: 0.490234375 * spots
12: 0.4609375 * spot
13: 0.44140625 * pets
14: 0.41796875 * %
15: 0.41015625 * does
16: 0.404296875 * ements
17: 0.400390625 * ready
18: 0.388671875 * foster
19: 0.388671875 * DB
20: 0.3828125 * logy
21: 0.37109375 * and
22: 0.365234375 * path
23: 0.36328125 * speed
24: 0.359375 * .
25: 0.353515625 * summer
26: 0.353515625 * maşin
27: 0.3515625 * dosar
28: 0.34765625 * misiune
29: 0.345703125 * St
30: 0.34375 * acţiune
31: 0.333984375 * dărui
32: 0.333984375 * fit
33: 0.330078125 * On
34: 0.326171875 * fit
35: 0.326171875 * pace
36: 0.322265625 * Wind
37: 0.318359375 * DOT
38: 0.31640625 * big
39: 0.310546875 * Animal
40: 0.3046875 * ears
41: 0.302734375 * Leaving
42: 0.294921875 * CC
43: 0.27734375 * walk
44: 0.275390625 * 
45: 0.2734375 * -3
46: 0.271484375 * valeur
47: 0.26953125 * imprumut
48: 0.267578125 * he
49: 0.267578125 * е
Total loss: 0.33871787786483765 = MSE Loss: 0.25571006536483765, 0.001 * Sparsity Loss: 83.0
Epoch: 2 batch_num: 11
0: 2.0625 * Speed
1: 1.921875 * speed
2: 1.875 * owner
3: 1.1875 * mândr
4: 1.0234375 * West
5: 0.9453125 * walk
6: 0.91796875 * Speed
7: 0.88671875 * imprumut
8: 0.8515625 * erstellt
9: 0.8359375 * owner
10: 0.83203125 * dogs
11: 0.765625 * doamn
12: 0.76171875 * Profile
13: 0.7578125 * west
14: 0.703125 * echival
15: 0.640625 * shedding
16: 0.63671875 * St
17: 0.61328125 * ation
18: 0.61328125 * adecvat
19: 0.60546875 * intention
20: 0.6015625 * on
21: 0.59375 * Leaving
22: 0.59375 * New
23: 0.59375 * begging
24: 0.58984375 * stick
25: 0.58984375 * sânge
26: 0.5859375 * misiune
27: 0.53125 * summer
28: 0.5234375 * OF
29: 0.51171875 * Cro
30: 0.5078125 * speed
31: 0.48828125 * acţiune
32: 0.486328125 * Stick
33: 0.4765625 * regiuni
34: 0.455078125 * friend
35: 0.447265625 * pet
36: 0.4375 * grupului
37: 0.435546875 * îngrij
38: 0.42578125 * across
39: 0.423828125 * %
40: 0.421875 * trecută
41: 0.41796875 * dosar
42: 0.4140625 * go
43: 0.412109375 * miere
44: 0.41015625 * spot
45: 0.404296875 * Fertigung
46: 0.40234375 * and
47: 0.3984375 * in
48: 0.396484375 * 
49: 0.388671875 * Go
Total loss: 0.3612116575241089 = MSE Loss: 0.23328198492527008, 0.001 * Sparsity Loss: 127.5
Epoch: 2 batch_num: 12
0: 3.421875 * owner
1: 2.8125 * realizeaz
2: 2.46875 * Speed
3: 2.203125 * speed
4: 1.6953125 * dogs
5: 1.6328125 * West
6: 1.5078125 * owner
7: 1.5 * walk
8: 1.1953125 * Profile
9: 1.15625 * intention
10: 1.1328125 * shedding
11: 1.125 * west
12: 1.125 * Speed
13: 1.0703125 * imprumut
14: 1.0546875 * begging
15: 0.9609375 * ements
16: 0.95703125 * </s>
17: 0.93359375 * friend
18: 0.8984375 * Cro
19: 0.8984375 * -
20: 0.8984375 * stick
21: 0.8671875 * sânge
22: 0.86328125 * adecvat
23: 0.828125 * on
24: 0.81640625 * St
25: 0.76171875 * Leaving
26: 0.7578125 * echival
27: 0.73828125 * oraş
28: 0.734375 * New
29: 0.7265625 * pet
30: 0.7265625 * Territory
31: 0.71484375 * Stick
32: 0.703125 * Dog
33: 0.69921875 * Owner
34: 0.68359375 * in
35: 0.65625 * across
36: 0.6484375 * with
37: 0.64453125 * Strip
38: 0.625 * )
39: 0.6171875 * go
40: 0.61328125 * ://
41: 0.609375 * '
42: 0.609375 * summer
43: 0.59765625 * ,
44: 0.59765625 * ped
45: 0.59375 * regiuni
46: 0.58984375 * 
47: 0.5859375 * Go
48: 0.58203125 * erstellt
49: 0.5703125 * profile
Total loss: 0.44169366359710693 = MSE Loss: 0.25224053859710693, 0.001 * Sparsity Loss: 189.0
Epoch: 2 batch_num: 13
0: 5.75 * realizeaz
1: 4.4375 * owner
2: 2.671875 * Speed
3: 2.296875 * speed
4: 2.0 * dogs
5: 2.0 * </s>
6: 1.8515625 * West
7: 1.8125 * owner
8: 1.78125 * walk
9: 1.5625 * -
10: 1.4921875 * Profile
11: 1.453125 * intention
12: 1.40625 * shedding
13: 1.2890625 * begging
14: 1.265625 * 
15: 1.1953125 * ements
16: 1.1796875 * west
17: 1.15625 * Speed
18: 1.1484375 * ://
19: 1.1328125 * friend
20: 1.1015625 * Cro
21: 1.0703125 * ,
22: 1.0625 * '
23: 1.0625 * in
24: 1.03125 * )
25: 1.015625 * sânge
26: 1.015625 * imprumut
27: 1.0 * adecvat
28: 1.0 * stick
29: 0.9921875 * on
30: 0.97265625 * of
31: 0.96484375 * oraş
32: 0.92578125 * Territory
33: 0.87890625 * .
34: 0.8671875 * "
35: 0.86328125 * as
36: 0.84765625 * pet
37: 0.84375 * Leaving
38: 0.84375 * with
39: 0.83984375 * Strip
40: 0.80859375 * Stick
41: 0.8046875 * Owner
42: 0.78515625 * Dog
43: 0.78125 * St
44: 0.7734375 * and
45: 0.7578125 * able
46: 0.71875 * New
47: 0.703125 * bonded
48: 0.69921875 * ?
49: 0.69921875 * echival
Total loss: 0.4037123918533325 = MSE Loss: 0.1800795942544937, 0.001 * Sparsity Loss: 224.0
Epoch: 2 batch_num: 14
0: 7.5 * realizeaz
1: 5.03125 * owner
2: 2.609375 * Speed
3: 2.578125 * </s>
4: 2.140625 * speed
5: 1.9765625 * West
6: 1.9140625 * walk
7: 1.9140625 * owner
8: 1.8828125 * dogs
9: 1.671875 * Profile
10: 1.59375 * intention
11: 1.5703125 * -
12: 1.5625 * ://
13: 1.5390625 * shedding
14: 1.359375 * 
15: 1.296875 * begging
16: 1.234375 * on
17: 1.171875 * Cro
18: 1.140625 * friend
19: 1.1328125 * '
20: 1.109375 * west
21: 1.078125 * sânge
22: 1.0546875 * oraş
23: 1.046875 * ements
24: 1.03125 * ,
25: 0.96875 * Speed
26: 0.96484375 * Territory
27: 0.94140625 * stick
28: 0.93359375 * Strip
29: 0.90625 * adecvat
30: 0.87109375 * )
31: 0.85546875 * pet
32: 0.84375 * Leaving
33: 0.84375 * able
34: 0.83984375 * bonded
35: 0.8359375 * in
36: 0.83203125 * of
37: 0.81640625 * Stick
38: 0.7890625 * CR
39: 0.78125 * Owner
40: 0.78125 * /3
41: 0.765625 * .
42: 0.75 * "
43: 0.73828125 * mândr
44: 0.73046875 * as
45: 0.72265625 * cărui
46: 0.72265625 * leader
47: 0.703125 * Chuck
48: 0.69921875 * -3
49: 0.6953125 * profile
Total loss: 0.46997973322868347 = MSE Loss: 0.25318285822868347, 0.001 * Sparsity Loss: 217.0
Epoch: 2 batch_num: 15
0: 8.125 * realizeaz
1: 5.71875 * owner
2: 2.671875 * </s>
3: 2.28125 * walk
4: 2.140625 * Speed
5: 2.109375 * owner
6: 1.9609375 * ://
7: 1.90625 * West
8: 1.8203125 * dogs
9: 1.7109375 * Profile
10: 1.7109375 * speed
11: 1.5859375 * shedding
12: 1.578125 * on
13: 1.5625 * intention
14: 1.2578125 * Cro
15: 1.1328125 * friend
16: 1.109375 * begging
17: 1.0859375 * oraş
18: 1.0625 * sânge
19: 1.046875 * -
20: 1.015625 * bonded
21: 0.96484375 * Territory
22: 0.953125 * 
23: 0.91796875 * CR
24: 0.86328125 * Owner
25: 0.859375 * Strip
26: 0.85546875 * able
27: 0.8515625 * pet
28: 0.81640625 * '
29: 0.81640625 * Leaving
30: 0.8046875 * On
31: 0.78515625 * west
32: 0.77734375 * on
33: 0.76953125 * misiune
34: 0.74609375 * stick
35: 0.7421875 * /3
36: 0.7421875 * Stick
37: 0.73046875 * /
38: 0.72265625 * from
39: 0.72265625 * leader
40: 0.70703125 * leihen
41: 0.69921875 * at
42: 0.6875 * legs
43: 0.66796875 * Potrivit
44: 0.65625 * good
45: 0.640625 * ted
46: 0.6328125 * New
47: 0.62109375 * cărui
48: 0.61328125 * Chuck
49: 0.609375 * 8%
Total loss: 0.41000276803970337 = MSE Loss: 0.20199495553970337, 0.001 * Sparsity Loss: 208.0
Epoch: 2 batch_num: 16
0: 8.125 * realizeaz
1: 6.125 * owner
2: 2.578125 * </s>
3: 2.515625 * walk
4: 2.140625 * owner
5: 1.9921875 * ://
6: 1.6640625 * Profile
7: 1.6015625 * dogs
8: 1.578125 * on
9: 1.5234375 * Speed
10: 1.4921875 * intention
11: 1.46875 * shedding
12: 1.3984375 * West
13: 1.28125 * Cro
14: 1.15625 * speed
15: 1.1328125 * bonded
16: 1.0546875 * oraş
17: 1.0546875 * on
18: 1.046875 * /
19: 1.0 * sânge
20: 0.96875 * CR
21: 0.96484375 * friend
22: 0.9375 * at
23: 0.921875 * St
24: 0.87890625 * Territory
25: 0.87109375 * from
26: 0.8359375 * dog
27: 0.8359375 * legs
28: 0.8359375 * On
29: 0.83203125 * ST
30: 0.828125 * begging
31: 0.8125 * ted
32: 0.8046875 * ncing
33: 0.80078125 * Owner
34: 0.78515625 * able
35: 0.78125 * ”
36: 0.75390625 * Strip
37: 0.75 * Leaving
38: 0.73828125 * 5%
39: 0.734375 * ".
40: 0.73046875 * pet
41: 0.73046875 * ",
42: 0.71484375 * leihen
43: 0.71484375 * Potrivit
44: 0.70703125 * miere
45: 0.70703125 * misiune
46: 0.671875 * The
47: 0.65625 * speed
48: 0.64453125 * -
49: 0.640625 * good
Total loss: 0.5443142652511597 = MSE Loss: 0.33728301525115967, 0.001 * Sparsity Loss: 207.0
Epoch: 2 batch_num: 17
0: 7.71875 * realizeaz
1: 6.28125 * owner
2: 2.5625 * walk
3: 2.40625 * </s>
4: 2.015625 * owner
5: 1.625 * ://
6: 1.5390625 * Profile
7: 1.3828125 * intention
8: 1.28125 * on
9: 1.25 * dogs
10: 1.2265625 * shedding
11: 1.21875 * Cro
12: 1.203125 * bonded
13: 1.1171875 * dog
14: 0.95703125 * oraş
15: 0.94921875 * CR
16: 0.90625 * sânge
17: 0.90234375 * speed
18: 0.8828125 * ST
19: 0.875 * miere
20: 0.875 * Speed
21: 0.87109375 * ncing
22: 0.84765625 * 5%
23: 0.83984375 * legs
24: 0.8046875 * bebelus
25: 0.796875 * ted
26: 0.79296875 * /
27: 0.7890625 * St
28: 0.75 * walks
29: 0.734375 * doesn
30: 0.7265625 * the
31: 0.72265625 * Potrivit
32: 0.71484375 * on
33: 0.70703125 * Territory
34: 0.703125 * ",
35: 0.703125 * imprumut
36: 0.6953125 * dosar
37: 0.69140625 * leihen
38: 0.6796875 * friend
39: 0.66796875 * ".
40: 0.66796875 * Pitt
41: 0.6640625 * ATION
42: 0.6640625 * -
43: 0.6640625 * stick
44: 0.66015625 * able
45: 0.625 * Owner
46: 0.625 * Speed
47: 0.61328125 * dărui
48: 0.609375 * ure
49: 0.60546875 * The
Total loss: 0.39296501874923706 = MSE Loss: 0.19862906634807587, 0.001 * Sparsity Loss: 194.0
Epoch: 2 batch_num: 18
0: 6.75 * realizeaz
1: 6.1875 * owner
2: 2.546875 * walk
3: 2.171875 * </s>
4: 1.7421875 * owner
5: 1.359375 * Profile
6: 1.234375 * bonded
7: 1.1953125 * dog
8: 1.1796875 * intention
9: 1.1328125 * ://
10: 1.1171875 * Cro
11: 1.09375 * west
12: 1.0859375 * speed
13: 1.015625 * on
14: 0.9375 * dogs
15: 0.91015625 * shedding
16: 0.91015625 * Speed
17: 0.88671875 * miere
18: 0.86328125 * CR
19: 0.83984375 * bebelus
20: 0.80859375 * Pitt
21: 0.79296875 * oraş
22: 0.78515625 * doesn
23: 0.78515625 * sânge
24: 0.77734375 * ncing
25: 0.77734375 * AT
26: 0.76953125 * the
27: 0.75 * ATION
28: 0.7421875 * ation
29: 0.7421875 * ST
30: 0.73828125 * 5%
31: 0.71875 * -
32: 0.71484375 * Potrivit
33: 0.7109375 * IN
34: 0.70703125 * in
35: 0.703125 * adecvat
36: 0.6953125 * ted
37: 0.6875 * dosar
38: 0.68359375 * echival
39: 0.6796875 * walks
40: 0.67578125 * regiuni
41: 0.66796875 * at
42: 0.64453125 * leihen
43: 0.64453125 * legs
44: 0.62890625 * And
45: 0.609375 * imprumut
46: 0.59765625 * In
47: 0.56640625 * ure
48: 0.55859375 * sustinut
49: 0.546875 * totusi
Total loss: 0.36693015694618225 = MSE Loss: 0.18919578194618225, 0.001 * Sparsity Loss: 178.0
Epoch: 2 batch_num: 19
0: 5.9375 * owner
1: 5.25 * realizeaz
2: 2.421875 * walk
3: 1.8515625 * </s>
4: 1.421875 * west
5: 1.390625 * owner
6: 1.2265625 * bonded
7: 1.203125 * speed
8: 1.171875 * dog
9: 1.171875 * Profile
10: 1.0859375 * Speed
11: 0.9609375 * Cro
12: 0.8984375 * on
13: 0.89453125 * AT
14: 0.87890625 * Pitt
15: 0.83203125 * intention
16: 0.82421875 * West
17: 0.8203125 * regiuni
18: 0.7890625 * the
19: 0.74609375 * miere
20: 0.73828125 * 
21: 0.7265625 * CR
22: 0.71484375 * ],
23: 0.703125 * Potrivit
24: 0.69140625 * ation
25: 0.68359375 * guest
26: 0.66796875 * bebelus
27: 0.6640625 * adecvat
28: 0.65625 * -
29: 0.64453125 * And
30: 0.6328125 * sânge
31: 0.62109375 * doesn
32: 0.61328125 * ATION
33: 0.61328125 * ://
34: 0.59765625 * vârf
35: 0.5859375 * dogs
36: 0.5859375 * dosar
37: 0.5859375 * ted
38: 0.58203125 * ncing
39: 0.58203125 * speed
40: 0.57421875 * leihen
41: 0.57421875 * echival
42: 0.5703125 * cărui
43: 0.5546875 * shedding
44: 0.55078125 * at
45: 0.546875 * walks
46: 0.54296875 * insotit
47: 0.52734375 * oraş
48: 0.51171875 * |
49: 0.50390625 * sustinut
Total loss: 0.4018615484237671 = MSE Loss: 0.2387755960226059, 0.001 * Sparsity Loss: 163.0
Epoch: 2 batch_num: 20
0: 5.5625 * owner
1: 3.453125 * realizeaz
2: 2.234375 * walk
3: 1.46875 * west
4: 1.3671875 * </s>
5: 1.2421875 * speed
6: 1.1796875 * bonded
7: 1.09375 * Speed
8: 1.0390625 * dog
9: 0.9765625 * owner
10: 0.9765625 * do
11: 0.9609375 * 
12: 0.94921875 * Profile
13: 0.921875 * speed
14: 0.87109375 * Speed
15: 0.86328125 * on
16: 0.859375 * regiuni
17: 0.85546875 * Pitt
18: 0.82421875 * West
19: 0.79296875 * AT
20: 0.7734375 * Cro
21: 0.7421875 * the
22: 0.703125 * IN
23: 0.67578125 * guest
24: 0.671875 * ],
25: 0.671875 * Potrivit
26: 0.66796875 * in
27: 0.6640625 * and
28: 0.6171875 * stick
29: 0.61328125 * profile
30: 0.60546875 * dis
31: 0.6015625 * CR
32: 0.59375 * vârf
33: 0.578125 * Chuck
34: 0.5703125 * path
35: 0.52734375 * valeur
36: 0.5234375 * mândr
37: 0.5078125 * small
38: 0.50390625 * insotit
39: 0.5 * ability
40: 0.49609375 * staffed
41: 0.48828125 * ation
42: 0.484375 * does
43: 0.48046875 * miere
44: 0.48046875 * ity
45: 0.478515625 * leihen
46: 0.478515625 * |
47: 0.474609375 * And
48: 0.46875 * friend
49: 0.46875 * standard
Total loss: 0.5014464855194092 = MSE Loss: 0.34519651532173157, 0.001 * Sparsity Loss: 156.0
Epoch: 2 batch_num: 21
0: 5.1875 * owner
1: 1.9609375 * walk
2: 1.5 * realizeaz
3: 1.28125 * west
4: 1.234375 * speed
5: 1.1171875 * speed
6: 1.1015625 * IN
7: 1.1015625 * Speed
8: 1.09375 * bonded
9: 1.0859375 * do
10: 1.0 * stick
11: 0.9609375 * Speed
12: 0.953125 * 
13: 0.8984375 * dog
14: 0.8125 * regiuni
15: 0.8046875 * and
16: 0.7734375 * </s>
17: 0.76953125 * Territory
18: 0.7421875 * Pitt
19: 0.70703125 * in
20: 0.703125 * profile
21: 0.66796875 * Profile
22: 0.65234375 * on
23: 0.6328125 * ://
24: 0.62890625 * AT
25: 0.6171875 * Potrivit
26: 0.60546875 * legs
27: 0.58984375 * owner
28: 0.57421875 * West
29: 0.5703125 * valeur
30: 0.5625 * ability
31: 0.55078125 * Owner
32: 0.546875 * ],
33: 0.546875 * In
34: 0.5390625 * Chuck
35: 0.5390625 * vârf
36: 0.5390625 * dis
37: 0.53515625 * Cro
38: 0.53515625 * path
39: 0.53515625 * Leaving
40: 0.52734375 * the
41: 0.5234375 * imprumut
42: 0.51953125 * guest
43: 0.51171875 * friend
44: 0.51171875 * -3
45: 0.494140625 * standard
46: 0.48828125 * Fox
47: 0.474609375 * Run
48: 0.474609375 * actiuni
49: 0.47265625 * dărui
Total loss: 0.39162537455558777 = MSE Loss: 0.24514099955558777, 0.001 * Sparsity Loss: 146.0
Epoch: 2 batch_num: 22
0: 4.71875 * owner
1: 1.515625 * walk
2: 1.1875 * speed
3: 1.1796875 * speed
4: 1.171875 * Speed
5: 1.109375 * stick
6: 1.078125 * ://
7: 0.97265625 * IN
8: 0.96875 * bonded
9: 0.8671875 * Territory
10: 0.8671875 * west
11: 0.81640625 * do
12: 0.78125 * 
13: 0.765625 * Owner
14: 0.74609375 * profile
15: 0.73046875 * and
16: 0.7265625 * shedding
17: 0.71484375 * Speed
18: 0.7109375 * 5%
19: 0.703125 * regiuni
20: 0.63671875 * actiuni
21: 0.609375 * Leaving
22: 0.609375 * legs
23: 0.5625 * dog
24: 0.5625 * Pitt
25: 0.55078125 * ements
26: 0.546875 * Potrivit
27: 0.54296875 * -3
28: 0.53515625 * ability
29: 0.52734375 * local
30: 0.52734375 * Fox
31: 0.5234375 * mândr
32: 0.5 * ATION
33: 0.5 * realizeaz
34: 0.498046875 * dogs
35: 0.48828125 * /3
36: 0.48828125 * imprumut
37: 0.482421875 * echival
38: 0.462890625 * oraş
39: 0.45703125 * AND
40: 0.455078125 * standard
41: 0.447265625 * cărui
42: 0.435546875 * adecvat
43: 0.43359375 * vârf
44: 0.42578125 * AT
45: 0.423828125 * schimb
46: 0.421875 * Chuck
47: 0.421875 * St
48: 0.41796875 * DB
49: 0.412109375 * friend
Total loss: 0.3377212882041931 = MSE Loss: 0.20490877330303192, 0.001 * Sparsity Loss: 133.0
Epoch: 2 batch_num: 23
0: 4.1875 * owner
1: 1.640625 * realizeaz
2: 1.3515625 * ://
3: 1.0859375 * speed
4: 1.078125 * speed
5: 1.0625 * Speed
6: 1.0390625 * stick
7: 1.015625 * walk
8: 0.984375 * shedding
9: 0.8984375 * Owner
10: 0.83203125 * Territory
11: 0.8125 * mândr
12: 0.8046875 * bonded
13: 0.7890625 * 5%
14: 0.76171875 * </s>
15: 0.76171875 * ements
16: 0.7265625 * profile
17: 0.7265625 * adecvat
18: 0.6640625 * St
19: 0.62109375 * of
20: 0.61328125 * Leaving
21: 0.609375 * oraş
22: 0.60546875 * IN
23: 0.59375 * wind
24: 0.578125 * ATION
25: 0.55078125 * echival
26: 0.52734375 * and
27: 0.5078125 * legs
28: 0.5078125 * -3
29: 0.5078125 * at
30: 0.50390625 * local
31: 0.5 * with
32: 0.49609375 * /3
33: 0.49609375 * West
34: 0.4921875 * in
35: 0.490234375 * regiuni
36: 0.486328125 * be
37: 0.486328125 * Fox
38: 0.478515625 * ted
39: 0.458984375 * Day
40: 0.453125 * Potrivit
41: 0.453125 * middle
42: 0.447265625 * from
43: 0.443359375 * dogs
44: 0.443359375 * 
45: 0.4296875 * ability
46: 0.4296875 * corespund
47: 0.427734375 * Dog
48: 0.427734375 * an
49: 0.419921875 * DB
Total loss: 0.3781648874282837 = MSE Loss: 0.2482820749282837, 0.001 * Sparsity Loss: 130.0
Epoch: 2 batch_num: 24
0: 3.5625 * owner
1: 2.03125 * realizeaz
2: 1.4140625 * ://
3: 1.2890625 * </s>
4: 1.1171875 * shedding
5: 0.9609375 * Owner
6: 0.94921875 * speed
7: 0.890625 * stick
8: 0.83203125 * speed
9: 0.78515625 * West
10: 0.78515625 * Speed
11: 0.75 * adecvat
12: 0.7421875 * 5%
13: 0.734375 * Dog
14: 0.73046875 * Territory
15: 0.69140625 * wind
16: 0.66796875 * ements
17: 0.6640625 * St
18: 0.65625 * oraş
19: 0.6328125 * profile
20: 0.6171875 * bonded
21: 0.609375 * <unk>
22: 0.6015625 * of
23: 0.56640625 * Leaving
24: 0.5625 * begging
25: 0.5546875 * ATION
26: 0.546875 * does
27: 0.54296875 * middle
28: 0.51171875 * mândr
29: 0.49609375 * path
30: 0.4921875 * walk
31: 0.4921875 * in
32: 0.490234375 * corespund
33: 0.490234375 * ted
34: 0.486328125 * Mo
35: 0.46875 * an
36: 0.4453125 * echival
37: 0.4453125 * stability
38: 0.443359375 * /3
39: 0.44140625 * miere
40: 0.427734375 * Strip
41: 0.423828125 * decizie
42: 0.419921875 * with
43: 0.41796875 * good
44: 0.4140625 * be
45: 0.412109375 * owner
46: 0.41015625 * intention
47: 0.40625 * walk
48: 0.40625 * dărui
49: 0.39453125 * ears
Total loss: 0.43895021080970764 = MSE Loss: 0.31102052330970764, 0.001 * Sparsity Loss: 127.5
Epoch: 2 batch_num: 25
0: 2.890625 * owner
1: 2.0 * realizeaz
2: 1.6171875 * </s>
3: 1.2578125 * ://
4: 1.125 * shedding
5: 0.96875 * Owner
6: 0.8984375 * Dog
7: 0.796875 * speed
8: 0.75 * dog
9: 0.6484375 * West
10: 0.62890625 * oraş
11: 0.625 * decizie
12: 0.6171875 * ation
13: 0.6171875 * wind
14: 0.60546875 * owner
15: 0.5859375 * Mo
16: 0.5859375 * <unk>
17: 0.58203125 * Territory
18: 0.5703125 * adecvat
19: 0.56640625 * 5%
20: 0.5625 * dărui
21: 0.5546875 * Scout
22: 0.54296875 * stick
23: 0.53125 * about
24: 0.51953125 * begging
25: 0.51953125 * erstellt
26: 0.515625 * Strip
27: 0.5078125 * cărui
28: 0.5078125 * valeur
29: 0.49609375 * speed
30: 0.482421875 * good
31: 0.478515625 * middle
32: 0.46875 * Leaving
33: 0.466796875 * At
34: 0.44140625 * path
35: 0.44140625 * imprumut
36: 0.43359375 * corespund
37: 0.4296875 * an
38: 0.427734375 * doesn
39: 0.423828125 * Profile
40: 0.421875 * profile
41: 0.419921875 * dogs
42: 0.419921875 * bonded
43: 0.419921875 * ears
44: 0.419921875 * sustinut
45: 0.41796875 * Speed
46: 0.412109375 * >
47: 0.412109375 * on
48: 0.41015625 * re
49: 0.41015625 * Speed
Total loss: 0.3387238085269928 = MSE Loss: 0.2166534960269928, 0.001 * Sparsity Loss: 122.0
Epoch: 2 batch_num: 26
0: 2.140625 * owner
1: 1.7578125 * </s>
2: 1.71875 * realizeaz
3: 1.015625 * shedding
4: 0.9453125 * Owner
5: 0.8671875 * ://
6: 0.83203125 * dog
7: 0.8125 * Dog
8: 0.8125 * ation
9: 0.734375 * owner
10: 0.68359375 * Speed
11: 0.65234375 * -
12: 0.64453125 * cărui
13: 0.625 * Scout
14: 0.625 * about
15: 0.6171875 * speed
16: 0.6015625 * go
17: 0.5859375 * re
18: 0.58203125 * Strip
19: 0.55859375 * decizie
20: 0.546875 * Mo
21: 0.54296875 * At
22: 0.52734375 * ],
23: 0.515625 * oraş
24: 0.51171875 * erstellt
25: 0.51171875 * valeur
26: 0.50390625 * doesn
27: 0.470703125 * Profile
28: 0.462890625 * dărui
29: 0.455078125 * good
30: 0.44921875 * regiuni
31: 0.4453125 * sustinut
32: 0.443359375 * Pitt
33: 0.44140625 * ements
34: 0.4296875 * Chuck
35: 0.427734375 * >
36: 0.423828125 * was
37: 0.41796875 * friend
38: 0.408203125 * west
39: 0.40625 * be
40: 0.40625 * asigura
41: 0.40234375 * on
42: 0.3984375 * dogs
43: 0.396484375 * cuplu
44: 0.396484375 * AT
45: 0.39453125 * ling
46: 0.384765625 * On
47: 0.375 * by
48: 0.369140625 * Territory
49: 0.369140625 * <unk>
Total loss: 0.29882189631462097 = MSE Loss: 0.18065783381462097, 0.001 * Sparsity Loss: 118.0
Epoch: 2 batch_num: 27
0: 1.6328125 * </s>
1: 1.390625 * owner
2: 0.91015625 * realizeaz
3: 0.86328125 * Owner
4: 0.83203125 * Speed
5: 0.828125 * shedding
6: 0.76171875 * owner
7: 0.75 * ements
8: 0.6953125 * stick
9: 0.671875 * go
10: 0.65625 * ation
11: 0.60546875 * dog
12: 0.60546875 * -
13: 0.5859375 * Strip
14: 0.578125 * cărui
15: 0.57421875 * regiuni
16: 0.56640625 * Walk
17: 0.55078125 * re
18: 0.546875 * Pitt
19: 0.52734375 * west
20: 0.51953125 * Chuck
21: 0.5078125 * be
22: 0.5 * ],
23: 0.5 * IN
24: 0.49609375 * friend
25: 0.494140625 * ability
26: 0.4921875 * Wind
27: 0.490234375 * legs
28: 0.482421875 * on
29: 0.470703125 * PR
30: 0.470703125 * ://
31: 0.4609375 * Scout
32: 0.455078125 * Dog
33: 0.455078125 * walk
34: 0.4453125 * Profile
35: 0.435546875 * ",
36: 0.43359375 * speed
37: 0.423828125 * >
38: 0.423828125 * in
39: 0.419921875 * St
40: 0.41796875 * was
41: 0.4140625 * across
42: 0.408203125 * CR
43: 0.40234375 * sustinut
44: 0.396484375 * Mo
45: 0.3828125 * West
46: 0.3828125 * doesn
47: 0.3828125 * cuplu
48: 0.37890625 * valeur
49: 0.373046875 * asigura
Total loss: 0.25057369470596313 = MSE Loss: 0.14168699085712433, 0.001 * Sparsity Loss: 109.0
Epoch: 2 batch_num: 28
0: 1.390625 * </s>
1: 1.046875 * stick
2: 0.83203125 * Speed
3: 0.7421875 * Owner
4: 0.7421875 * ements
5: 0.72265625 * owner
6: 0.62890625 * -
7: 0.62109375 * ability
8: 0.62109375 * owner
9: 0.57421875 * mândr
10: 0.57421875 * Pitt
11: 0.5703125 * regiuni
12: 0.55859375 * walk
13: 0.55078125 * IN
14: 0.546875 * Wind
15: 0.53515625 * Walk
16: 0.53515625 * legs
17: 0.53515625 * speed
18: 0.51953125 * Strip
19: 0.515625 * ATION
20: 0.515625 * shedding
21: 0.51171875 * /
22: 0.51171875 * on
23: 0.5078125 * Chuck
24: 0.498046875 * west
25: 0.478515625 * friend
26: 0.46484375 * begging
27: 0.4609375 * go
28: 0.44921875 * across
29: 0.447265625 * ],
30: 0.447265625 * and
31: 0.443359375 * realizeaz
32: 0.44140625 * Territory
33: 0.439453125 * ",
34: 0.439453125 * Speed
35: 0.435546875 * PR
36: 0.431640625 * dogs
37: 0.42578125 * actiuni
38: 0.4140625 * Profile
39: 0.4140625 * on
40: 0.404296875 * West
41: 0.3984375 * In
42: 0.396484375 * profile
43: 0.39453125 * standard
44: 0.384765625 * ation
45: 0.384765625 * CR
46: 0.37890625 * re
47: 0.376953125 * at
48: 0.3671875 * dog
49: 0.359375 * ”,
Total loss: 0.31544485688209534 = MSE Loss: 0.20606985688209534, 0.001 * Sparsity Loss: 109.5
Epoch: 2 batch_num: 29
0: 1.3984375 * realizeaz
1: 1.171875 * </s>
2: 1.0390625 * stick
3: 0.80859375 * -
4: 0.7578125 * Speed
5: 0.73828125 * /
6: 0.73046875 * Territory
7: 0.73046875 * begging
8: 0.71875 * mândr
9: 0.63671875 * speed
10: 0.6328125 * owner
11: 0.61328125 * ability
12: 0.6015625 * actiuni
13: 0.5859375 * Owner
14: 0.5859375 * miere
15: 0.546875 * ://
16: 0.546875 * ST
17: 0.5390625 * Leaving
18: 0.52734375 * walk
19: 0.5078125 * ATION
20: 0.5078125 * profile
21: 0.498046875 * regiuni
22: 0.4921875 * west
23: 0.48046875 * Pitt
24: 0.46484375 * ements
25: 0.462890625 * dărui
26: 0.447265625 * decizie
27: 0.4453125 * ],
28: 0.443359375 * corespund
29: 0.4375 * #
30: 0.431640625 * do
31: 0.421875 * ears
32: 0.412109375 * west
33: 0.408203125 * Dog
34: 0.400390625 * Walk
35: 0.39453125 * 3
36: 0.390625 * standard
37: 0.390625 * Speed
38: 0.38671875 * trecută
39: 0.3828125 * #
40: 0.37890625 * summer
41: 0.37890625 * legs
42: 0.373046875 * IN
43: 0.37109375 * Ross
44: 0.369140625 * Chuck
45: 0.36328125 * dogs
46: 0.36328125 * parinti
47: 0.359375 * '
48: 0.359375 * Wind
49: 0.353515625 * <unk>
Total loss: 0.4080421030521393 = MSE Loss: 0.3001319468021393, 0.001 * Sparsity Loss: 108.0
Epoch: 2 batch_num: 30
0: 3.71875 * realizeaz
1: 0.96484375 * stick
2: 0.92578125 * mândr
3: 0.8046875 * actiuni
4: 0.80078125 * miere
5: 0.80078125 * </s>
6: 0.77734375 * /
7: 0.75390625 * dărui
8: 0.74609375 * ://
9: 0.73828125 * IN
10: 0.71484375 * -
11: 0.68359375 * owner
12: 0.66796875 * Territory
13: 0.640625 * in
14: 0.6015625 * begging
15: 0.6015625 * oraş
16: 0.59765625 * <unk>
17: 0.59375 * IN
18: 0.5859375 * speed
19: 0.58203125 * valeur
20: 0.57421875 * parinti
21: 0.5703125 * leg
22: 0.546875 * ability
23: 0.5390625 * viziune
24: 0.53515625 * profile
25: 0.51953125 * Leaving
26: 0.50390625 * west
27: 0.49609375 * pets
28: 0.478515625 * ized
29: 0.466796875 * walk
30: 0.4609375 * corespund
31: 0.45703125 * #
32: 0.455078125 * Speed
33: 0.44140625 * ears
34: 0.439453125 * owner
35: 0.439453125 * ist
36: 0.439453125 * #
37: 0.4296875 * do
38: 0.42578125 * wind
39: 0.423828125 * regiuni
40: 0.419921875 * shedding
41: 0.412109375 * intention
42: 0.404296875 * Dog
43: 0.404296875 * ped
44: 0.404296875 * ling
45: 0.404296875 * ST
46: 0.400390625 * big
47: 0.396484375 * ],
48: 0.392578125 * cuplu
49: 0.392578125 * adecvat
Total loss: 0.2975362539291382 = MSE Loss: 0.181813582777977, 0.001 * Sparsity Loss: 115.5
Epoch: 2 batch_num: 31
0: 5.34375 * realizeaz
1: 1.0 * owner
2: 0.88671875 * mândr
3: 0.88671875 * stick
4: 0.85546875 * miere
5: 0.79296875 * pets
6: 0.78125 * oraş
7: 0.77734375 * dărui
8: 0.75390625 * IN
9: 0.7109375 * leg
10: 0.703125 * shedding
11: 0.68359375 * parinti
12: 0.63671875 * valeur
13: 0.625 * viziune
14: 0.625 * IN
15: 0.61328125 * ://
16: 0.58203125 * actiuni
17: 0.57421875 * the
18: 0.56640625 * in
19: 0.55859375 * DOT
20: 0.5546875 * ist
21: 0.53125 * <unk>
22: 0.52734375 * west
23: 0.5234375 * Walk
24: 0.51953125 * big
25: 0.51171875 * FC
26: 0.5078125 * profile
27: 0.498046875 * Territory
28: 0.4921875 * cuplu
29: 0.4765625 * ements
30: 0.474609375 * wind
31: 0.46875 * ability
32: 0.458984375 * Dog
33: 0.45703125 * ling
34: 0.453125 * Wind
35: 0.447265625 * From
36: 0.42578125 * Potrivit
37: 0.423828125 * Command
38: 0.423828125 * sânge
39: 0.421875 * walk
40: 0.421875 * grupului
41: 0.419921875 * outdoor
42: 0.412109375 * an
43: 0.408203125 * ized
44: 0.3984375 * Leaving
45: 0.396484375 * intention
46: 0.39453125 * From
47: 0.392578125 * trouble
48: 0.390625 * anului
49: 0.388671875 * speed
Total loss: 0.343955934047699 = MSE Loss: 0.22383874654769897, 0.001 * Sparsity Loss: 120.0
Epoch: 2 batch_num: 32
0: 6.25 * realizeaz
1: 1.1328125 * owner
2: 0.8671875 * oraş
3: 0.83984375 * shedding
4: 0.8359375 * Walk
5: 0.80078125 * pets
6: 0.7890625 * miere
7: 0.765625 * leg
8: 0.703125 * the
9: 0.703125 * parinti
10: 0.68359375 * stick
11: 0.65625 * trecută
12: 0.65625 * DOT
13: 0.63671875 * clădiri
14: 0.6015625 * Speed
15: 0.58203125 * FC
16: 0.58203125 * AT
17: 0.56640625 * dărui
18: 0.5625 * sânge
19: 0.5390625 * From
20: 0.515625 * IN
21: 0.51171875 * ist
22: 0.51171875 * mândr
23: 0.5078125 * viziune
24: 0.50390625 * Potrivit
25: 0.5 * big
26: 0.5 * valeur
27: 0.484375 * dog
28: 0.484375 * free
29: 0.4765625 * Wind
30: 0.4765625 * Command
31: 0.466796875 * :
32: 0.451171875 * Run
33: 0.439453125 * trouble
34: 0.439453125 * Din
35: 0.4375 * 
36: 0.4375 * ling
37: 0.431640625 * Dog
38: 0.427734375 * The
39: 0.423828125 * Wir
40: 0.423828125 * ation
41: 0.419921875 * profile
42: 0.4140625 * </s>
43: 0.412109375 * Cooper
44: 0.412109375 * grupului
45: 0.408203125 * cuplu
46: 0.404296875 * Chuck
47: 0.404296875 * eignen
48: 0.400390625 * ements
49: 0.3984375 * Dis
Total loss: 0.3556320071220398 = MSE Loss: 0.232585147023201, 0.001 * Sparsity Loss: 123.0
Epoch: 2 batch_num: 33
0: 6.4375 * realizeaz
1: 1.1796875 * owner
2: 0.95703125 * trecută
3: 0.91015625 * Walk
4: 0.87890625 * shedding
5: 0.84375 * oraş
6: 0.796875 * Speed
7: 0.76953125 * leg
8: 0.75390625 * clădiri
9: 0.7109375 * AT
10: 0.6796875 * </s>
11: 0.65234375 * pets
12: 0.65234375 * DOT
13: 0.6328125 * parinti
14: 0.62109375 * miere
15: 0.609375 * sânge
16: 0.5859375 * dog
17: 0.58203125 * FC
18: 0.57421875 * Speed
19: 0.546875 * From
20: 0.546875 * Potrivit
21: 0.53515625 * ST
22: 0.50390625 * Run
23: 0.478515625 * free
24: 0.46484375 * path
25: 0.45703125 * the
26: 0.43359375 * Wir
27: 0.43359375 * Dis
28: 0.4296875 * West
29: 0.427734375 * owner
30: 0.40625 * trouble
31: 0.40625 * Command
32: 0.40625 * At
33: 0.404296875 * TED
34: 0.404296875 * imprumut
35: 0.3984375 * eignen
36: 0.396484375 * Cro
37: 0.396484375 * Standard
38: 0.39453125 * Chuck
39: 0.39453125 * In
40: 0.392578125 * New
41: 0.390625 * ist
42: 0.390625 * begging
43: 0.384765625 * Owner
44: 0.380859375 * an
45: 0.380859375 * Licensed
46: 0.380859375 * Leader
47: 0.37890625 * adecvat
48: 0.373046875 * :
49: 0.373046875 * Din
Total loss: 0.2869505286216736 = MSE Loss: 0.16976304352283478, 0.001 * Sparsity Loss: 117.0
Epoch: 2 batch_num: 34
0: 6.03125 * realizeaz
1: 1.15625 * owner
2: 0.87109375 * Speed
3: 0.8203125 * Walk
4: 0.81640625 * shedding
5: 0.78125 * trecută
6: 0.7421875 * Speed
7: 0.734375 * oraş
8: 0.73046875 * clădiri
9: 0.6875 * AT
10: 0.66015625 * </s>
11: 0.65234375 * leg
12: 0.58984375 * sânge
13: 0.578125 * 
14: 0.5703125 * dog
15: 0.5703125 * adecvat
16: 0.55859375 * Potrivit
17: 0.54296875 * owner
18: 0.54296875 * DOT
19: 0.53125 * FC
20: 0.52734375 * ST
21: 0.51171875 * Owner
22: 0.5078125 * From
23: 0.494140625 * parinti
24: 0.4921875 * At
25: 0.48828125 * walks
26: 0.486328125 * in
27: 0.478515625 * )
28: 0.47265625 * mândr
29: 0.466796875 * .
30: 0.4453125 * Run
31: 0.44140625 * path
32: 0.400390625 * West
33: 0.3984375 * Licensed
34: 0.39453125 * ",
35: 0.390625 * Standard
36: 0.38671875 * TED
37: 0.3828125 * Wir
38: 0.380859375 * decizie
39: 0.37890625 * does
40: 0.37890625 * legs
41: 0.373046875 * regiuni
42: 0.373046875 * an
43: 0.373046875 * Küste
44: 0.369140625 * Leader
45: 0.365234375 * free
46: 0.36328125 * walk
47: 0.361328125 * Territory
48: 0.359375 * ements
49: 0.357421875 * dărui
Total loss: 0.3335624933242798 = MSE Loss: 0.2217460721731186, 0.001 * Sparsity Loss: 112.0
Epoch: 2 batch_num: 35
0: 5.21875 * realizeaz
1: 1.03125 * owner
2: 0.86328125 * Walk
3: 0.83984375 * 
4: 0.83984375 * Speed
5: 0.8046875 * Speed
6: 0.63671875 * dărui
7: 0.6328125 * adecvat
8: 0.62890625 * owner
9: 0.62890625 * shedding
10: 0.59765625 * Owner
11: 0.58984375 * actiuni
12: 0.5859375 * stick
13: 0.5703125 * oraş
14: 0.55859375 * clădiri
15: 0.55859375 * sânge
16: 0.5546875 * decizie
17: 0.546875 * </s>
18: 0.54296875 * wind
19: 0.54296875 * Potrivit
20: 0.53125 * AT
21: 0.51953125 * viziune
22: 0.51171875 * At
23: 0.474609375 * in
24: 0.462890625 * big
25: 0.4609375 * ements
26: 0.447265625 * regiuni
27: 0.43359375 * From
28: 0.4296875 * Run
29: 0.42578125 * ST
30: 0.421875 * ://
31: 0.4140625 * leg
32: 0.40625 * FC
33: 0.404296875 * command
34: 0.404296875 * valeur
35: 0.40234375 * Wind
36: 0.39453125 * ",
37: 0.39453125 * Brown
38: 0.392578125 * right
39: 0.388671875 * .
40: 0.38671875 * dog
41: 0.384765625 * acţiune
42: 0.369140625 * intention
43: 0.3671875 * ped
44: 0.365234375 * wait
45: 0.365234375 * west
46: 0.359375 * Küste
47: 0.35546875 * walk
48: 0.35546875 * Territory
49: 0.349609375 * DOT
Total loss: 0.33450713753700256 = MSE Loss: 0.22855010628700256, 0.001 * Sparsity Loss: 106.0
Epoch: 2 batch_num: 36
0: 4.125 * realizeaz
1: 0.80859375 * owner
2: 0.74609375 * Speed
3: 0.7421875 * Walk
4: 0.7421875 * actiuni
5: 0.71484375 * big
6: 0.703125 * 
7: 0.6796875 * owner
8: 0.65625 * stick
9: 0.65234375 * Owner
10: 0.6484375 * Speed
11: 0.640625 * dărui
12: 0.625 * Dog
13: 0.59765625 * trecută
14: 0.515625 * Potrivit
15: 0.51171875 * Wind
16: 0.51171875 * sânge
17: 0.50390625 * At
18: 0.5 * viziune
19: 0.494140625 * profile
20: 0.494140625 * adecvat
21: 0.48046875 * command
22: 0.46484375 * ,
23: 0.455078125 * Brown
24: 0.455078125 * decizie
25: 0.453125 * ped
26: 0.44921875 * right
27: 0.4453125 * intention
28: 0.431640625 * wind
29: 0.4296875 * regiuni
30: 0.4296875 * from
31: 0.423828125 * miere
32: 0.421875 * <unk>
33: 0.419921875 * anului
34: 0.3984375 * in
35: 0.396484375 * ://
36: 0.396484375 * acţiune
37: 0.396484375 * lation
38: 0.39453125 * ”
39: 0.388671875 * valeur
40: 0.384765625 * re
41: 0.37890625 * echival
42: 0.369140625 * misiei
43: 0.369140625 * ling
44: 0.357421875 * </s>
45: 0.357421875 * From
46: 0.349609375 * Run
47: 0.341796875 * wait
48: 0.33984375 * ability
49: 0.33984375 * New
Total loss: 0.4787866771221161 = MSE Loss: 0.3772241771221161, 0.001 * Sparsity Loss: 101.5
Epoch: 2 batch_num: 37
0: 2.46875 * realizeaz
1: 0.9921875 * Dog
2: 0.76171875 * trecută
3: 0.69140625 * big
4: 0.6875 * miere
5: 0.6796875 * 
6: 0.6640625 * Owner
7: 0.66015625 * owner
8: 0.640625 * profile
9: 0.59765625 * stick
10: 0.57421875 * Speed
11: 0.53515625 * dogs
12: 0.53515625 * actiuni
13: 0.5234375 * owner
14: 0.5078125 * ,
15: 0.490234375 * West
16: 0.486328125 * anului
17: 0.47265625 * Potrivit
18: 0.47265625 * breath
19: 0.455078125 * dog
20: 0.44921875 * Walk
21: 0.447265625 * ped
22: 0.447265625 * ling
23: 0.43359375 * command
24: 0.431640625 * In
25: 0.4296875 * lation
26: 0.41015625 * intention
27: 0.404296875 * sânge
28: 0.400390625 * begging
29: 0.390625 * erstellt
30: 0.376953125 * right
31: 0.37109375 * good
32: 0.3671875 * ist
33: 0.3671875 * dărui
34: 0.357421875 * misiei
35: 0.3515625 * New
36: 0.345703125 * Brown
37: 0.33984375 * Ross
38: 0.328125 * In
39: 0.326171875 * viziune
40: 0.326171875 * legs
41: 0.318359375 * regiuni
42: 0.318359375 * echival
43: 0.310546875 * on
44: 0.30859375 * aprobare
45: 0.3046875 * ”
46: 0.302734375 * Wind
47: 0.30078125 * From
48: 0.30078125 * mândr
49: 0.30078125 * Speed
Total loss: 0.28063684701919556 = MSE Loss: 0.18591028451919556, 0.001 * Sparsity Loss: 94.5
Epoch: 2 batch_num: 38
0: 1.1171875 * Dog
1: 0.80859375 * miere
2: 0.76953125 * dogs
3: 0.69921875 * dog
4: 0.671875 * profile
5: 0.63671875 * Owner
6: 0.59765625 * trecută
7: 0.58203125 * owner
8: 0.56640625 * 
9: 0.56640625 * decizie
10: 0.5546875 * wind
11: 0.51171875 * DOT
12: 0.50390625 * big
13: 0.50390625 * realizeaz
14: 0.4765625 * ,
15: 0.46875 * breath
16: 0.435546875 * :
17: 0.435546875 * stick
18: 0.427734375 * anului
19: 0.423828125 * walk
20: 0.423828125 * ling
21: 0.421875 * West
22: 0.421875 * Potrivit
23: 0.419921875 * ist
24: 0.41796875 * adecvat
25: 0.412109375 * RE
26: 0.404296875 * St
27: 0.400390625 * legs
28: 0.392578125 * clădiri
29: 0.392578125 * with
30: 0.384765625 * leg
31: 0.384765625 * good
32: 0.380859375 * FC
33: 0.373046875 * Fox
34: 0.369140625 * ://
35: 0.3671875 * Speed
36: 0.353515625 * In
37: 0.34765625 * Walking
38: 0.345703125 * In
39: 0.345703125 * lation
40: 0.33984375 * ements
41: 0.3359375 * ped
42: 0.326171875 * walking
43: 0.32421875 * at
44: 0.3203125 * е
45: 0.31640625 * ation
46: 0.314453125 * do
47: 0.314453125 * îngrij
48: 0.3125 * transition
49: 0.306640625 * speed
Total loss: 0.25425517559051514 = MSE Loss: 0.15904031693935394, 0.001 * Sparsity Loss: 95.0
Epoch: 2 batch_num: 39
0: 2.21875 * realizeaz
1: 0.8515625 * Dog
2: 0.8125 * decizie
3: 0.73046875 * in
4: 0.71875 * ,
5: 0.70703125 * miere
6: 0.66015625 * profile
7: 0.6484375 * wind
8: 0.60546875 * DOT
9: 0.6015625 * Owner
10: 0.59375 * IN
11: 0.55859375 * adecvat
12: 0.55078125 * mândr
13: 0.546875 * leg
14: 0.5390625 * FC
15: 0.515625 * bebelus
16: 0.5078125 * owner
17: 0.50390625 * On
18: 0.486328125 * Fox
19: 0.482421875 * dog
20: 0.47265625 * of
21: 0.46484375 * and
22: 0.453125 * West
23: 0.44921875 * legs
24: 0.44140625 * on
25: 0.439453125 * shedding
26: 0.421875 * misiune
27: 0.41015625 * ist
28: 0.408203125 * maşin
29: 0.3984375 * on
30: 0.392578125 * Walking
31: 0.365234375 * clădiri
32: 0.36328125 * RE
33: 0.35546875 * echival
34: 0.349609375 * dogs
35: 0.34375 * Potrivit
36: 0.337890625 * valeur
37: 0.3359375 * trouble
38: 0.333984375 * ears
39: 0.32421875 * /
40: 0.322265625 * strip
41: 0.3203125 * big
42: 0.31640625 * walk
43: 0.3125 * .
44: 0.3125 * logy
45: 0.310546875 * pet
46: 0.30859375 * interest
47: 0.306640625 * Day
48: 0.298828125 * de
49: 0.294921875 * walking
Total loss: 0.30359193682670593 = MSE Loss: 0.20691224932670593, 0.001 * Sparsity Loss: 96.5
Epoch: 2 batch_num: 40
0: 2.84375 * realizeaz
1: 0.83984375 * in
2: 0.734375 * Dog
3: 0.70703125 * decizie
4: 0.6953125 * misiune
5: 0.69140625 * DOT
6: 0.58984375 * profile
7: 0.57421875 * trecută
8: 0.57421875 * West
9: 0.5703125 * FC
10: 0.5625 * IN
11: 0.55859375 * Fox
12: 0.53515625 * Owner
13: 0.52734375 * ,
14: 0.5234375 * of
15: 0.5234375 * On
16: 0.5078125 * leg
17: 0.494140625 * ST
18: 0.490234375 * on
19: 0.482421875 * echival
20: 0.478515625 * shedding
21: 0.4765625 * and
22: 0.470703125 * begging
23: 0.46484375 * Walking
24: 0.462890625 * wait
25: 0.455078125 * wind
26: 0.451171875 * owner
27: 0.44140625 * >
28: 0.412109375 * interest
29: 0.396484375 * dog
30: 0.388671875 * walk
31: 0.37890625 * cuplu
32: 0.375 * major
33: 0.37109375 * miere
34: 0.37109375 * on
35: 0.3671875 * be
36: 0.359375 * an
37: 0.35546875 * acţiune
38: 0.353515625 * mândr
39: 0.3515625 * standing
40: 0.3515625 * doamn
41: 0.3515625 * strip
42: 0.349609375 * Speed
43: 0.34765625 * ist
44: 0.34375 * Day
45: 0.333984375 * clădiri
46: 0.32421875 * AN
47: 0.3203125 * trouble
48: 0.318359375 * owner
49: 0.314453125 * From
Total loss: 0.36039042472839355 = MSE Loss: 0.26078104972839355, 0.001 * Sparsity Loss: 99.5
Epoch: 2 batch_num: 41
0: 2.921875 * realizeaz
1: 0.89453125 * trecută
2: 0.72265625 * misiune
3: 0.65625 * DOT
4: 0.6328125 * -
5: 0.6171875 * Dog
6: 0.58984375 * Fox
7: 0.5546875 * cuplu
8: 0.5546875 * ST
9: 0.546875 * West
10: 0.51953125 * FC
11: 0.515625 * >
12: 0.51171875 * begging
13: 0.5 * ped
14: 0.494140625 * wait
15: 0.48828125 * The
16: 0.458984375 * the
17: 0.455078125 * In
18: 0.44921875 * profile
19: 0.443359375 * anului
20: 0.435546875 * owner
21: 0.435546875 * mândr
22: 0.43359375 * from
23: 0.431640625 * Scout
24: 0.427734375 * parinti
25: 0.423828125 * Owner
26: 0.41796875 * ements
27: 0.4140625 * :
28: 0.412109375 * Brown
29: 0.40625 * Walking
30: 0.40625 * echival
31: 0.400390625 * .
32: 0.3984375 * "
33: 0.39453125 * ”
34: 0.38671875 * Animal
35: 0.384765625 * )
36: 0.3828125 * Do
37: 0.380859375 * free
38: 0.380859375 * Speed
39: 0.37890625 * shedding
40: 0.37890625 * And
41: 0.376953125 * intention
42: 0.375 * right
43: 0.3671875 * walks
44: 0.3671875 * major
45: 0.3671875 * dărui
46: 0.36328125 * acţiune
47: 0.36328125 * transition
48: 0.361328125 * leg
49: 0.35546875 * spots
Total loss: 0.39259421825408936 = MSE Loss: 0.29005515575408936, 0.001 * Sparsity Loss: 102.5
Epoch: 2 batch_num: 42
0: 2.46875 * realizeaz
1: 0.8671875 * -
2: 0.859375 * trecută
3: 0.75390625 * mândr
4: 0.7421875 * the
5: 0.69921875 * The
6: 0.671875 * from
7: 0.640625 * cuplu
8: 0.6328125 * In
9: 0.578125 * anului
10: 0.578125 * adecvat
11: 0.5546875 * ped
12: 0.546875 * transition
13: 0.546875 * parinti
14: 0.54296875 * Fox
15: 0.53125 * misiune
16: 0.52734375 * >
17: 0.5234375 * DOT
18: 0.490234375 * walks
19: 0.4765625 * dosar
20: 0.47265625 * </s>
21: 0.466796875 * wait
22: 0.451171875 * .
23: 0.443359375 * Scout
24: 0.44140625 * miere
25: 0.435546875 * And
26: 0.427734375 * an
27: 0.42578125 * Dog
28: 0.416015625 * valeur
29: 0.416015625 * intention
30: 0.408203125 * big
31: 0.40625 * right
32: 0.400390625 * edge
33: 0.396484375 * Animal
34: 0.39453125 * lovitur
35: 0.390625 * <unk>
36: 0.390625 * in
37: 0.390625 * stick
38: 0.388671875 * FC
39: 0.375 * free
40: 0.373046875 * abonament
41: 0.369140625 * Brown
42: 0.3671875 * breath
43: 0.36328125 * ST
44: 0.359375 * Do
45: 0.353515625 * begging
46: 0.3515625 * ”
47: 0.349609375 * Good
48: 0.34765625 * and
49: 0.341796875 * with
Total loss: 0.4202457070350647 = MSE Loss: 0.3191714882850647, 0.001 * Sparsity Loss: 101.0
Epoch: 2 batch_num: 43
0: 1.625 * realizeaz
1: 0.6875 * -
2: 0.66796875 * anului
3: 0.625 * adecvat
4: 0.62109375 * the
5: 0.6171875 * miere
6: 0.6171875 * mândr
7: 0.59765625 * The
8: 0.5859375 * owner
9: 0.58203125 * trecută
10: 0.54296875 * >
11: 0.52734375 * ped
12: 0.515625 * cuplu
13: 0.5078125 * In
14: 0.5 * dosar
15: 0.498046875 * parinti
16: 0.482421875 * ",
17: 0.474609375 * from
18: 0.443359375 * valeur
19: 0.443359375 * stick
20: 0.439453125 * walks
21: 0.431640625 * transition
22: 0.4296875 * edge
23: 0.4140625 * interest
24: 0.4140625 * Fox
25: 0.41015625 * West
26: 0.40625 * </s>
27: 0.40234375 * And
28: 0.390625 * abonament
29: 0.369140625 * an
30: 0.365234375 * big
31: 0.359375 * <unk>
32: 0.353515625 * wait
33: 0.3515625 * lovitur
34: 0.3515625 * on
35: 0.349609375 * in
36: 0.349609375 * RE
37: 0.33984375 * at
38: 0.33203125 * Good
39: 0.33203125 * right
40: 0.33203125 * intention
41: 0.328125 * ],
42: 0.32421875 * decizie
43: 0.32421875 * bebelus
44: 0.322265625 * Ross
45: 0.3203125 * viziune
46: 0.31640625 * cărui
47: 0.31640625 * breath
48: 0.314453125 * 5%
49: 0.310546875 * Chuck
Total loss: 0.3596513867378235 = MSE Loss: 0.2678545117378235, 0.001 * Sparsity Loss: 92.0
Epoch: 2 batch_num: 44
0: 0.7734375 * owner
1: 0.64453125 * misiune
2: 0.640625 * anului
3: 0.6328125 * interest
4: 0.625 * miere
5: 0.55078125 * ",
6: 0.49609375 * West
7: 0.49609375 * adecvat
8: 0.474609375 * doamn
9: 0.470703125 * actiuni
10: 0.4609375 * ped
11: 0.458984375 * in
12: 0.458984375 * stick
13: 0.443359375 * Command
14: 0.443359375 * at
15: 0.435546875 * >
16: 0.4296875 * viziune
17: 0.412109375 * 5%
18: 0.408203125 * spots
19: 0.40625 * dosar
20: 0.40625 * RE
21: 0.40234375 * In
22: 0.396484375 * 
23: 0.396484375 * ements
24: 0.396484375 * echival
25: 0.392578125 * ?
26: 0.376953125 * abonament
27: 0.37109375 * parinti
28: 0.365234375 * corespund
29: 0.36328125 * With
30: 0.359375 * ist
31: 0.35546875 * pace
32: 0.3515625 * And
33: 0.34765625 * edge
34: 0.333984375 * -
35: 0.333984375 * with
36: 0.330078125 * The
37: 0.32421875 * wind
38: 0.31640625 * dog
39: 0.31640625 * Good
40: 0.314453125 * ITY
41: 0.314453125 * realizeaz
42: 0.3125 * ".
43: 0.3125 * on
44: 0.310546875 * Chuck
45: 0.310546875 * at
46: 0.30859375 * AN
47: 0.30859375 * genunchi
48: 0.30078125 * free
49: 0.294921875 * the
Total loss: 0.35305190086364746 = MSE Loss: 0.26418471336364746, 0.001 * Sparsity Loss: 89.0
Epoch: 2 batch_num: 45
0: 1.2265625 * realizeaz
1: 1.015625 * misiune
2: 0.85546875 * owner
3: 0.625 * echival
4: 0.60546875 * interest
5: 0.578125 * trecută
6: 0.53515625 * dogs
7: 0.51953125 * animal
8: 0.51171875 * anului
9: 0.486328125 * Command
10: 0.466796875 * mândr
11: 0.453125 * miere
12: 0.451171875 * walk
13: 0.44921875 * owner
14: 0.44921875 * ",
15: 0.4453125 * In
16: 0.443359375 * actiuni
17: 0.439453125 * ist
18: 0.4375 * profile
19: 0.4296875 * FC
20: 0.416015625 * 
21: 0.40234375 * doamn
22: 0.38671875 * does
23: 0.375 * pace
24: 0.365234375 * at
25: 0.36328125 * AN
26: 0.36328125 * With
27: 0.36328125 * And
28: 0.35546875 * corespund
29: 0.349609375 * Potrivit
30: 0.341796875 * wind
31: 0.333984375 * stick
32: 0.33203125 * west
33: 0.330078125 * RE
34: 0.328125 * ements
35: 0.326171875 * 5%
36: 0.32421875 * Animal
37: 0.32421875 * abonament
38: 0.3203125 * erstellt
39: 0.318359375 * trouble
40: 0.314453125 * viziune
41: 0.30859375 * standing
42: 0.30859375 * Transition
43: 0.30078125 * genunchi
44: 0.298828125 * ST
45: 0.294921875 * Walk
46: 0.294921875 * ?
47: 0.29296875 * Territory
48: 0.291015625 * Good
49: 0.2890625 * speed
Total loss: 0.279694139957428 = MSE Loss: 0.19229181110858917, 0.001 * Sparsity Loss: 87.5
Epoch: 2 batch_num: 46
0: 2.0 * realizeaz
1: 1.0546875 * misiune
2: 0.94140625 * dogs
3: 0.91015625 * trecută
4: 0.82421875 * owner
5: 0.68359375 * echival
6: 0.62890625 * mândr
7: 0.5703125 * animal
8: 0.546875 * and
9: 0.53125 * cuplu
10: 0.515625 * FC
11: 0.51171875 * ation
12: 0.51171875 * profile
13: 0.5078125 * IN
14: 0.4921875 * west
15: 0.482421875 * DOT
16: 0.48046875 * Animal
17: 0.462890625 * In
18: 0.458984375 * walk
19: 0.44140625 * ist
20: 0.44140625 * </s>
21: 0.42578125 * owner
22: 0.412109375 * Brown
23: 0.408203125 * Command
24: 0.408203125 * breath
25: 0.392578125 * IN
26: 0.380859375 * AN
27: 0.376953125 * ://
28: 0.37109375 * does
29: 0.3671875 * legs
30: 0.3671875 * Potrivit
31: 0.357421875 * lovitur
32: 0.357421875 * Transition
33: 0.35546875 * trouble
34: 0.345703125 * adecvat
35: 0.341796875 * day
36: 0.33984375 * standing
37: 0.337890625 * 
38: 0.33203125 * ears
39: 0.326171875 * from
40: 0.322265625 * ţări
41: 0.3203125 * walks
42: 0.3203125 * pace
43: 0.31640625 * With
44: 0.314453125 * doesn
45: 0.3125 * interest
46: 0.310546875 * ],
47: 0.302734375 * aprobare
48: 0.298828125 * sustinut
49: 0.296875 * ability
Total loss: 0.26509690284729004 = MSE Loss: 0.17427657544612885, 0.001 * Sparsity Loss: 91.0
Epoch: 2 batch_num: 47
0: 2.265625 * realizeaz
1: 1.15625 * dogs
2: 0.828125 * trecută
3: 0.7890625 * misiune
4: 0.6953125 * owner
5: 0.61328125 * IN
6: 0.60546875 * ation
7: 0.60546875 * imprumut
8: 0.59765625 * DOT
9: 0.5859375 * IN
10: 0.5546875 * adecvat
11: 0.53125 * FC
12: 0.51171875 * mândr
13: 0.490234375 * cuplu
14: 0.48828125 * Animal
15: 0.48828125 * </s>
16: 0.48828125 * west
17: 0.46484375 * echival
18: 0.462890625 * animal
19: 0.458984375 * the
20: 0.455078125 * profile
21: 0.44140625 * and
22: 0.439453125 * Do
23: 0.435546875 * Brown
24: 0.435546875 * The
25: 0.4296875 * walk
26: 0.4140625 * oraş
27: 0.40625 * breath
28: 0.390625 * walks
29: 0.380859375 * doesn
30: 0.357421875 * legs
31: 0.35546875 * lovitur
32: 0.349609375 * ţări
33: 0.34375 * trouble
34: 0.341796875 * Potrivit
35: 0.33984375 * ist
36: 0.3359375 * ability
37: 0.3359375 * Transition
38: 0.333984375 * invested
39: 0.326171875 * aprobare
40: 0.3203125 * sustinut
41: 0.318359375 * ],
42: 0.31640625 * With
43: 0.30859375 * ears
44: 0.306640625 * AN
45: 0.3046875 * begging
46: 0.296875 * right
47: 0.294921875 * ST
48: 0.29296875 * 
49: 0.29296875 * maşin
Total loss: 0.26471424102783203 = MSE Loss: 0.17633534967899323, 0.001 * Sparsity Loss: 88.5
Epoch: 2 batch_num: 48
0: 1.984375 * realizeaz
1: 1.03125 * dogs
2: 0.85546875 * imprumut
3: 0.6953125 * IN
4: 0.6484375 * ation
5: 0.6015625 * DOT
6: 0.578125 * adecvat
7: 0.53125 * actiuni
8: 0.53125 * IN
9: 0.50390625 * owner
10: 0.5 * miere
11: 0.453125 * FC
12: 0.439453125 * trecută
13: 0.412109375 * oraş
14: 0.40234375 * maşin
15: 0.3984375 * cărui
16: 0.37890625 * Do
17: 0.357421875 * anului
18: 0.357421875 * Animal
19: 0.349609375 * right
20: 0.33984375 * The
21: 0.337890625 * invested
22: 0.3359375 * walks
23: 0.33203125 * misiune
24: 0.330078125 * profile
25: 0.3203125 * doamn
26: 0.3125 * an
27: 0.310546875 * Potrivit
28: 0.306640625 * across
29: 0.302734375 * walk
30: 0.298828125 * ţări
31: 0.296875 * cuplu
32: 0.296875 * and
33: 0.29296875 * the
34: 0.29296875 * erstellt
35: 0.29296875 * haltung
36: 0.2890625 * dog
37: 0.2890625 * realizate
38: 0.2890625 * Ross
39: 0.283203125 * Brown
40: 0.283203125 * pets
41: 0.28125 * logy
42: 0.279296875 * Ch
43: 0.275390625 * from
44: 0.275390625 * <unk>
45: 0.271484375 * /
46: 0.271484375 * aprobare
47: 0.26953125 * doesn
48: 0.26953125 * breath
49: 0.267578125 * side
Total loss: 0.4293634593486786 = MSE Loss: 0.3458673655986786, 0.001 * Sparsity Loss: 83.5
Epoch: 2 batch_num: 49
0: 1.2890625 * realizeaz
1: 0.8046875 * imprumut
2: 0.69921875 * mândr
3: 0.68359375 * IN
4: 0.6484375 * actiuni
5: 0.56640625 * ation
6: 0.546875 * dogs
7: 0.546875 * miere
8: 0.52734375 * /
9: 0.51171875 * DOT
10: 0.498046875 * anului
11: 0.447265625 * cărui
12: 0.439453125 * adecvat
13: 0.43359375 * 5%
14: 0.43359375 * IN
15: 0.384765625 * maşin
16: 0.353515625 * at
17: 0.345703125 * dis
18: 0.337890625 * an
19: 0.3359375 * oraş
20: 0.33203125 * 
21: 0.310546875 * Ch
22: 0.30859375 * across
23: 0.302734375 * ATION
24: 0.30078125 * Do
25: 0.30078125 * FC
26: 0.298828125 * misiune
27: 0.298828125 * Good
28: 0.29296875 * Walk
29: 0.291015625 * ’
30: 0.287109375 * re
31: 0.28515625 * doamn
32: 0.28515625 * owner
33: 0.28515625 * picioare
34: 0.28515625 * echival
35: 0.28515625 * with
36: 0.283203125 * ITY
37: 0.283203125 * right
38: 0.27734375 * Cooper
39: 0.27734375 * corespund
40: 0.2734375 * м
41: 0.26953125 * from
42: 0.267578125 * Potrivit
43: 0.265625 * realizate
44: 0.263671875 * animal
45: 0.251953125 * free
46: 0.251953125 * and
47: 0.2490234375 * Profile
48: 0.2470703125 * <unk>
49: 0.2431640625 * >
Total loss: 0.27903157472610474 = MSE Loss: 0.19895346462726593, 0.001 * Sparsity Loss: 80.0
Epoch: 2 batch_num: 50
0: 1.03125 * mândr
1: 0.64453125 * animal
2: 0.6171875 * misiune
3: 0.5078125 * echival
4: 0.498046875 * IN
5: 0.49609375 * anului
6: 0.490234375 * imprumut
7: 0.4765625 * /
8: 0.47265625 * cuplu
9: 0.455078125 * 5%
10: 0.44921875 * miere
11: 0.44140625 * actiuni
12: 0.380859375 * realizeaz
13: 0.37890625 * at
14: 0.369140625 * from
15: 0.365234375 * breath
16: 0.36328125 * trecută
17: 0.361328125 * Animal
18: 0.3515625 * with
19: 0.345703125 * PR
20: 0.330078125 * Dog
21: 0.32421875 * schimb
22: 0.32421875 * DOT
23: 0.31640625 * ATION
24: 0.314453125 * Walk
25: 0.3125 * owner
26: 0.310546875 * ITY
27: 0.30859375 * west
28: 0.30078125 * Cooper
29: 0.298828125 * Good
30: 0.2890625 * 4%
31: 0.287109375 * across
32: 0.28515625 * walk
33: 0.28515625 * </s>
34: 0.283203125 * Profile
35: 0.275390625 * As
36: 0.2734375 * he
37: 0.2734375 * <unk>
38: 0.271484375 * corespund
39: 0.271484375 * pets
40: 0.271484375 * stick
41: 0.26953125 * Edge
42: 0.267578125 * begging
43: 0.263671875 * And
44: 0.26171875 * Ch
45: 0.26171875 * ation
46: 0.26171875 * an
47: 0.26171875 * dis
48: 0.25 * Brown
49: 0.25 * abonament
Total loss: 0.3035726547241211 = MSE Loss: 0.2259359359741211, 0.001 * Sparsity Loss: 77.5
Epoch: 2 batch_num: 51
0: 0.88671875 * mândr
1: 0.58203125 * adecvat
2: 0.57421875 * 5%
3: 0.5 * animal
4: 0.494140625 * ST
5: 0.48046875 * realizeaz
6: 0.46875 * ation
7: 0.46875 * erstellt
8: 0.466796875 * 4%
9: 0.455078125 * ,
10: 0.453125 * breath
11: 0.451171875 * actiuni
12: 0.447265625 * cărui
13: 0.4453125 * west
14: 0.4375 * doamn
15: 0.43359375 * stick
16: 0.421875 * misiune
17: 0.416015625 * dogs
18: 0.416015625 * invested
19: 0.40625 * walk
20: 0.40625 * ATION
21: 0.400390625 * >
22: 0.400390625 * of
23: 0.400390625 * IN
24: 0.400390625 * cuplu
25: 0.388671875 * with
26: 0.38671875 * As
27: 0.384765625 * PR
28: 0.384765625 * viziune
29: 0.384765625 * acţiune
30: 0.37890625 * Edge
31: 0.375 * does
32: 0.375 * from
33: 0.369140625 * dărui
34: 0.3671875 * AN
35: 0.361328125 * echival
36: 0.359375 * Brown
37: 0.33984375 * Animal
38: 0.33984375 * /
39: 0.33984375 * about
40: 0.333984375 * valeur
41: 0.318359375 * staffed
42: 0.314453125 * haltung
43: 0.3125 * owner
44: 0.3125 * anului
45: 0.30859375 * owner
46: 0.30859375 * dosar
47: 0.30078125 * Licensed
48: 0.298828125 * Dog
49: 0.298828125 * St
Total loss: 0.4991874396800995 = MSE Loss: 0.4122733771800995, 0.001 * Sparsity Loss: 87.0
Epoch: 2 batch_num: 52
0: 1.03125 * adecvat
1: 0.796875 * actiuni
2: 0.78515625 * realizeaz
3: 0.69140625 * erstellt
4: 0.6796875 * doamn
5: 0.64453125 * ST
6: 0.640625 * ation
7: 0.63671875 * viziune
8: 0.6328125 * cărui
9: 0.578125 * 5%
10: 0.578125 * haltung
11: 0.57421875 * acţiune
12: 0.546875 * 4%
13: 0.515625 * valeur
14: 0.50390625 * owner
15: 0.5 * maşin
16: 0.494140625 * dosar
17: 0.48046875 * As
18: 0.47265625 * with
19: 0.46484375 * dărui
20: 0.4453125 * >
21: 0.4453125 * stick
22: 0.44140625 * Edge
23: 0.435546875 * parinti
24: 0.4296875 * AN
25: 0.423828125 * invested
26: 0.412109375 * din
27: 0.41015625 * walk
28: 0.404296875 * lation
29: 0.396484375 * mândr
30: 0.380859375 * breath
31: 0.376953125 * bebelus
32: 0.37109375 * #
33: 0.365234375 * leg
34: 0.36328125 * doesn
35: 0.359375 * Licensed
36: 0.353515625 * Din
37: 0.345703125 * of
38: 0.34375 * ,
39: 0.33984375 * regiuni
40: 0.33984375 * :
41: 0.337890625 * With
42: 0.3359375 * aprobare
43: 0.33203125 * west
44: 0.32421875 * staffed
45: 0.322265625 * oraş
46: 0.3203125 * From
47: 0.30859375 * just
48: 0.306640625 * grupului
49: 0.302734375 * ity
Total loss: 0.23828332126140594 = MSE Loss: 0.14746300876140594, 0.001 * Sparsity Loss: 91.0
Epoch: 2 batch_num: 53
0: 1.203125 * adecvat
1: 0.7265625 * actiuni
2: 0.71484375 * haltung
3: 0.70703125 * doamn
4: 0.69921875 * erstellt
5: 0.6328125 * viziune
6: 0.609375 * acţiune
7: 0.6015625 * ST
8: 0.56640625 * valeur
9: 0.546875 * maşin
10: 0.54296875 * owner
11: 0.53515625 * ation
12: 0.52734375 * dosar
13: 0.5234375 * mândr
14: 0.5234375 * realizeaz
15: 0.474609375 * 4%
16: 0.46875 * cărui
17: 0.466796875 * Edge
18: 0.4609375 * Dog
19: 0.455078125 * parinti
20: 0.43359375 * AN
21: 0.43359375 * As
22: 0.419921875 * >
23: 0.41796875 * </s>
24: 0.416015625 * oraş
25: 0.41015625 * lation
26: 0.408203125 * din
27: 0.40625 * begging
28: 0.3984375 * dis
29: 0.396484375 * 5%
30: 0.384765625 * pet
31: 0.3828125 * with
32: 0.365234375 * DOT
33: 0.36328125 * Col
34: 0.361328125 * echival
35: 0.357421875 * dog
36: 0.345703125 * dogs
37: 0.330078125 * decizie
38: 0.328125 * aprobare
39: 0.32421875 * Din
40: 0.3203125 * doesn
41: 0.3203125 * Licensed
42: 0.3203125 * ized
43: 0.31640625 * Do
44: 0.31640625 * consilier
45: 0.31640625 * regiuni
46: 0.31640625 * picioare
47: 0.314453125 * pace
48: 0.310546875 * grupului
49: 0.30859375 * walk
Total loss: 0.282717764377594 = MSE Loss: 0.1923857480287552, 0.001 * Sparsity Loss: 90.5
Epoch: 2 batch_num: 54
0: 1.1875 * adecvat
1: 0.98828125 * mândr
2: 0.76171875 * haltung
3: 0.6171875 * </s>
4: 0.61328125 * Dog
5: 0.5625 * doamn
6: 0.55859375 * erstellt
7: 0.546875 * echival
8: 0.54296875 * ST
9: 0.53515625 * owner
10: 0.52734375 * acţiune
11: 0.494140625 * anului
12: 0.4765625 * decizie
13: 0.474609375 * viziune
14: 0.46484375 * interest
15: 0.455078125 * dosar
16: 0.451171875 * valeur
17: 0.447265625 * maşin
18: 0.4453125 * schimb
19: 0.443359375 * animal
20: 0.431640625 * dog
21: 0.4296875 * oraş
22: 0.4140625 * Edge
23: 0.40234375 * parinti
24: 0.39453125 * DOT
25: 0.392578125 * ATION
26: 0.384765625 * picioare
27: 0.37890625 * IN
28: 0.373046875 * Do
29: 0.37109375 * do
30: 0.365234375 * ://
31: 0.36328125 * dis
32: 0.349609375 * consilier
33: 0.345703125 * dogs
34: 0.345703125 * >
35: 0.33984375 * Col
36: 0.337890625 * owner
37: 0.3359375 * pet
38: 0.333984375 * AN
39: 0.330078125 * 4%
40: 0.326171875 * begging
41: 0.326171875 * lation
42: 0.32421875 * As
43: 0.322265625 * bonded
44: 0.322265625 * trecută
45: 0.318359375 * ized
46: 0.302734375 * Animal
47: 0.30078125 * furniz
48: 0.30078125 * constient
49: 0.298828125 * où
Total loss: 0.3078038692474365 = MSE Loss: 0.22235465049743652, 0.001 * Sparsity Loss: 85.5
Epoch: 2 batch_num: 55
0: 1.046875 * mândr
1: 0.90625 * adecvat
2: 0.71875 * haltung
3: 0.56640625 * echival
4: 0.55078125 * anului
5: 0.52734375 * schimb
6: 0.515625 * ATION
7: 0.515625 * cărui
8: 0.5078125 * Dog
9: 0.50390625 * actiuni
10: 0.49609375 * </s>
11: 0.474609375 * owner
12: 0.470703125 * path
13: 0.43359375 * ST
14: 0.427734375 * interest
15: 0.3984375 * picioare
16: 0.390625 * owner
17: 0.375 * IN
18: 0.373046875 * animal
19: 0.3671875 * do
20: 0.361328125 * oraş
21: 0.35546875 * ements
22: 0.35546875 * trecută
23: 0.349609375 * PR
24: 0.341796875 * DOT
25: 0.33984375 * freedom
26: 0.328125 * consilier
27: 0.326171875 * corespund
28: 0.318359375 * bebelus
29: 0.318359375 * м
30: 0.31640625 * acţiune
31: 0.314453125 * bonded
32: 0.314453125 * the
33: 0.3125 * Do
34: 0.3125 * decizie
35: 0.3046875 * IN
36: 0.302734375 * cuplu
37: 0.30078125 * Edge
38: 0.294921875 * imprumut
39: 0.29296875 * of
40: 0.291015625 * run
41: 0.291015625 * parinti
42: 0.287109375 * furniz
43: 0.287109375 * dărui
44: 0.28515625 * doamn
45: 0.28515625 * staffed
46: 0.283203125 * dosar
47: 0.28125 * licensed
48: 0.271484375 * lovitur
49: 0.271484375 * ity
Total loss: 0.27039626240730286 = MSE Loss: 0.18982985615730286, 0.001 * Sparsity Loss: 80.5
Epoch: 2 batch_num: 56
0: 0.80859375 * mândr
1: 0.6953125 * actiuni
2: 0.59765625 * haltung
3: 0.5859375 * cărui
4: 0.55859375 * bebelus
5: 0.498046875 * anului
6: 0.49609375 * schimb
7: 0.44140625 * staffed
8: 0.4296875 * 5%
9: 0.421875 * begging
10: 0.419921875 * lovitur
11: 0.412109375 * echival
12: 0.41015625 * West
13: 0.408203125 * misiune
14: 0.400390625 * viziune
15: 0.388671875 * path
16: 0.384765625 * the
17: 0.375 * adecvat
18: 0.37109375 * owner
19: 0.37109375 * realizeaz
20: 0.361328125 * ATION
21: 0.357421875 * with
22: 0.353515625 * imprumut
23: 0.34765625 * ements
24: 0.33984375 * Command
25: 0.3359375 * PR
26: 0.330078125 * picioare
27: 0.326171875 * The
28: 0.31640625 * IN
29: 0.3125 * freedom
30: 0.310546875 * owner
31: 0.310546875 * spot
32: 0.30859375 * tracking
33: 0.306640625 * walk
34: 0.3046875 * Dog
35: 0.3046875 * Din
36: 0.30078125 * pet
37: 0.30078125 * Pet
38: 0.30078125 * ling
39: 0.2890625 * in
40: 0.2890625 * shedding
41: 0.287109375 * м
42: 0.287109375 * din
43: 0.283203125 * Potrivit
44: 0.279296875 * /3
45: 0.27734375 * BS
46: 0.271484375 * corespund
47: 0.267578125 * </s>
48: 0.265625 * In
49: 0.265625 * licensed
Total loss: 0.2810479402542114 = MSE Loss: 0.20389951765537262, 0.001 * Sparsity Loss: 77.0
Epoch: 2 batch_num: 57
0: 0.75 * West
1: 0.6640625 * viziune
2: 0.66015625 * trecută
3: 0.6015625 * begging
4: 0.59765625 * bebelus
5: 0.51953125 * misiune
6: 0.51953125 * 5%
7: 0.486328125 * actiuni
8: 0.427734375 * staffed
9: 0.40625 * din
10: 0.39453125 * the
11: 0.390625 * haltung
12: 0.38671875 * ling
13: 0.384765625 * with
14: 0.3828125 * lovitur
15: 0.3828125 * wind
16: 0.376953125 * valeur
17: 0.365234375 * erstellt
18: 0.359375 * schimb
19: 0.357421875 * anului
20: 0.353515625 * 
21: 0.353515625 * cărui
22: 0.353515625 * maşin
23: 0.349609375 * ized
24: 0.34765625 * spots
25: 0.34765625 * adecvat
26: 0.333984375 * realizeaz
27: 0.328125 * Pet
28: 0.318359375 * stability
29: 0.314453125 * dosar
30: 0.314453125 * The
31: 0.314453125 * /3
32: 0.3125 * Din
33: 0.310546875 * And
34: 0.30859375 * as
35: 0.306640625 * and
36: 0.298828125 * aprobare
37: 0.298828125 * acţiune
38: 0.28125 * spot
39: 0.28125 * side
40: 0.28125 * tracking
41: 0.28125 * logy
42: 0.28125 * Command
43: 0.279296875 * decizie
44: 0.27734375 * LC
45: 0.275390625 * doamn
46: 0.275390625 * shedding
47: 0.2734375 * cuplu
48: 0.271484375 * Potrivit
49: 0.267578125 * grupului
Total loss: 0.27114957571029663 = MSE Loss: 0.19155973196029663, 0.001 * Sparsity Loss: 79.5
Epoch: 2 batch_num: 58
0: 1.078125 * mândr
1: 0.9453125 * trecută
2: 0.75390625 * West
3: 0.71875 * viziune
4: 0.65234375 * adecvat
5: 0.62890625 * 
6: 0.5703125 * begging
7: 0.50390625 * dosar
8: 0.50390625 * path
9: 0.478515625 * acţiune
10: 0.47265625 * 5%
11: 0.4609375 * realizeaz
12: 0.435546875 * cuplu
13: 0.431640625 * ements
14: 0.419921875 * bebelus
15: 0.400390625 * misiune
16: 0.39453125 * valeur
17: 0.388671875 * Leaving
18: 0.373046875 * erstellt
19: 0.369140625 * dis
20: 0.365234375 * imprumut
21: 0.36328125 * realizate
22: 0.349609375 * din
23: 0.34765625 * In
24: 0.345703125 * aprobare
25: 0.34375 * with
26: 0.341796875 * IN
27: 0.341796875 * echival
28: 0.33984375 * And
29: 0.337890625 * maşin
30: 0.32421875 * interest
31: 0.318359375 * stability
32: 0.314453125 * and
33: 0.310546875 * doamn
34: 0.302734375 * Pet
35: 0.302734375 * going
36: 0.298828125 * )
37: 0.298828125 * as
38: 0.296875 * staffed
39: 0.29296875 * ized
40: 0.291015625 * AN
41: 0.291015625 * dărui
42: 0.28515625 * ling
43: 0.279296875 * grupului
44: 0.271484375 * /3
45: 0.26953125 * ST
46: 0.267578125 * example
47: 0.267578125 * In
48: 0.265625 * Dis
49: 0.265625 * wind
Total loss: 0.26591554284095764 = MSE Loss: 0.18486085534095764, 0.001 * Sparsity Loss: 81.0
Epoch: 2 batch_num: 59
0: 1.734375 * mândr
1: 0.78515625 * trecută
2: 0.69921875 * 
3: 0.6796875 * realizeaz
4: 0.6640625 * path
5: 0.65234375 * adecvat
6: 0.57421875 * viziune
7: 0.55859375 * acţiune
8: 0.55859375 * imprumut
9: 0.5234375 * dosar
10: 0.49609375 * IN
11: 0.486328125 * echival
12: 0.4765625 * ements
13: 0.455078125 * with
14: 0.451171875 * West
15: 0.416015625 * dis
16: 0.404296875 * realizate
17: 0.404296875 * cuplu
18: 0.40234375 * )
19: 0.400390625 * In
20: 0.373046875 * as
21: 0.361328125 * spot
22: 0.361328125 * begging
23: 0.341796875 * breath
24: 0.3359375 * Leaving
25: 0.330078125 * isierung
26: 0.328125 * Dis
27: 0.318359375 * ation
28: 0.31640625 * ST
29: 0.30859375 * Walk
30: 0.30859375 * about
31: 0.30859375 * at
32: 0.302734375 * ”
33: 0.298828125 * aprobare
34: 0.296875 * going
35: 0.2890625 * owner
36: 0.283203125 * constient
37: 0.28125 * ncing
38: 0.27734375 * consilier
39: 0.2734375 * Command
40: 0.2734375 * And
41: 0.271484375 * As
42: 0.263671875 * -
43: 0.263671875 * decizie
44: 0.263671875 * IN
45: 0.26171875 * Edge
46: 0.2578125 * valeur
47: 0.255859375 * 5%
48: 0.25390625 * ging
49: 0.251953125 * hear
Total loss: 0.3129473328590393 = MSE Loss: 0.2328692227602005, 0.001 * Sparsity Loss: 80.0
Epoch: 2 batch_num: 60
0: 1.9765625 * mândr
1: 0.6328125 * path
2: 0.546875 * west
3: 0.5390625 * adecvat
4: 0.5234375 * acţiune
5: 0.50390625 * IN
6: 0.4921875 * spot
7: 0.447265625 * schimb
8: 0.4453125 * dosar
9: 0.44140625 * ation
10: 0.44140625 * echival
11: 0.435546875 * lovitur
12: 0.427734375 * ncing
13: 0.419921875 * imprumut
14: 0.41796875 * breath
15: 0.40234375 * bebelus
16: 0.39453125 * Command
17: 0.392578125 * dis
18: 0.392578125 * haltung
19: 0.38671875 * decizie
20: 0.3828125 * In
21: 0.37890625 * realizate
22: 0.376953125 * wind
23: 0.37109375 * misiune
24: 0.37109375 * е
25: 0.34765625 * 
26: 0.337890625 * walk
27: 0.3359375 * owner
28: 0.33203125 * anului
29: 0.328125 * summer
30: 0.318359375 * trecută
31: 0.314453125 * ity
32: 0.30859375 * Dis
33: 0.30859375 * isierung
34: 0.306640625 * consilier
35: 0.3046875 * actiuni
36: 0.302734375 * at
37: 0.30078125 * with
38: 0.30078125 * day
39: 0.291015625 * ging
40: 0.2890625 * viziune
41: 0.2890625 * hear
42: 0.28515625 * Edge
43: 0.283203125 * cuplu
44: 0.28125 * Wind
45: 0.27734375 * ITY
46: 0.2734375 * corespund
47: 0.271484375 * ped
48: 0.26953125 * furniz
49: 0.26953125 * constient
Total loss: 0.28805485367774963 = MSE Loss: 0.20846500992774963, 0.001 * Sparsity Loss: 79.5
Epoch: 2 batch_num: 61
0: 1.71875 * mândr
1: 1.0859375 * realizeaz
2: 0.58984375 * bebelus
3: 0.5234375 * schimb
4: 0.515625 * summer
5: 0.48828125 * haltung
6: 0.478515625 * west
7: 0.46484375 * spot
8: 0.455078125 * misiune
9: 0.453125 * wind
10: 0.443359375 * path
11: 0.44140625 * anului
12: 0.43359375 * day
13: 0.431640625 * ity
14: 0.4296875 * lovitur
15: 0.41015625 * go
16: 0.41015625 * acţiune
17: 0.37890625 * ncing
18: 0.359375 * invested
19: 0.353515625 * erstellt
20: 0.349609375 * е
21: 0.34765625 * staffed
22: 0.33984375 * begging
23: 0.333984375 * stability
24: 0.328125 * IN
25: 0.322265625 * actiuni
26: 0.322265625 * adecvat
27: 0.322265625 * Command
28: 0.3203125 * furniz
29: 0.314453125 * trecută
30: 0.30859375 * breath
31: 0.302734375 * walk
32: 0.30078125 * ation
33: 0.296875 * realizate
34: 0.296875 * more
35: 0.294921875 * consilier
36: 0.29296875 * echival
37: 0.28515625 * valeur
38: 0.283203125 * Animal
39: 0.283203125 * dosar
40: 0.283203125 * tracking
41: 0.283203125 * decizie
42: 0.279296875 * ements
43: 0.279296875 * at
44: 0.27734375 * Day
45: 0.275390625 * ITY
46: 0.271484375 * CC
47: 0.26953125 * hear
48: 0.265625 * dis
49: 0.259765625 * ized
Total loss: 0.2922711968421936 = MSE Loss: 0.2146344929933548, 0.001 * Sparsity Loss: 77.5
Epoch: 2 batch_num: 62
0: 1.609375 * realizeaz
1: 1.046875 * mândr
2: 0.59765625 * begging
3: 0.5703125 * bebelus
4: 0.5 * haltung
5: 0.49609375 * trecută
6: 0.470703125 * schimb
7: 0.458984375 * summer
8: 0.439453125 * anului
9: 0.421875 * viziune
10: 0.38671875 * Wind
11: 0.365234375 * ability
12: 0.365234375 * /3
13: 0.357421875 * Leaving
14: 0.35546875 * in
15: 0.34765625 * staffed
16: 0.34375 * misiune
17: 0.3359375 * invested
18: 0.3203125 * edge
19: 0.31640625 * furniz
20: 0.31640625 * day
21: 0.314453125 * St
22: 0.310546875 * ements
23: 0.30859375 * West
24: 0.306640625 * go
25: 0.296875 * Re
26: 0.291015625 * IN
27: 0.287109375 * stability
28: 0.28515625 * erstellt
29: 0.2734375 * doesn
30: 0.26953125 * ted
31: 0.267578125 * side
32: 0.263671875 * profile
33: 0.26171875 * LC
34: 0.259765625 * vârf
35: 0.2578125 * leg
36: 0.255859375 * spots
37: 0.25390625 * valeur
38: 0.25 * free
39: 0.25 * on
40: 0.2490234375 * 
41: 0.2421875 * owner
42: 0.23828125 * major
43: 0.2373046875 * CC
44: 0.236328125 * pet
45: 0.236328125 * more
46: 0.234375 * lovitur
47: 0.2333984375 * consilier
48: 0.23046875 * walk
49: 0.2275390625 * animal
Total loss: 0.29254159331321716 = MSE Loss: 0.21881112456321716, 0.001 * Sparsity Loss: 73.5
Epoch: 2 batch_num: 63
0: 1.3671875 * realizeaz
1: 0.71484375 * Wind
2: 0.6875 * begging
3: 0.55859375 * actiuni
4: 0.50390625 * in
5: 0.498046875 * West
6: 0.486328125 * edge
7: 0.458984375 * viziune
8: 0.44921875 * haltung
9: 0.42578125 * /3
10: 0.41796875 * bebelus
11: 0.4140625 * ted
12: 0.40234375 * spots
13: 0.396484375 * breath
14: 0.390625 * In
15: 0.3828125 * ability
16: 0.3828125 * 
17: 0.3828125 * trecută
18: 0.37109375 * aprobare
19: 0.3671875 * ation
20: 0.365234375 * Leaving
21: 0.34375 * cuplu
22: 0.341796875 * schimb
23: 0.33984375 * Re
24: 0.330078125 * stick
25: 0.3203125 * LC
26: 0.31640625 * pets
27: 0.314453125 * echival
28: 0.30859375 * animal
29: 0.306640625 * IN
30: 0.30078125 * vârf
31: 0.298828125 * anului
32: 0.287109375 * path
33: 0.279296875 * free
34: 0.275390625 * îngrij
35: 0.2734375 * profile
36: 0.271484375 * leg
37: 0.271484375 * doesn
38: 0.267578125 * ating
39: 0.265625 * </s>
40: 0.25390625 * major
41: 0.251953125 * about
42: 0.251953125 * command
43: 0.2470703125 * Dog
44: 0.24609375 * dosar
45: 0.2431640625 * do
46: 0.2421875 * furniz
47: 0.2333984375 * gestartet
48: 0.2314453125 * staffed
49: 0.2275390625 * ST
Total loss: 0.24191279709339142 = MSE Loss: 0.16867060959339142, 0.001 * Sparsity Loss: 73.0
Epoch: 2 batch_num: 64
0: 1.125 * mândr
1: 0.76953125 * Wind
2: 0.6328125 * stick
3: 0.59765625 * breath
4: 0.58203125 * path
5: 0.53125 * misiune
6: 0.53125 * actiuni
7: 0.52734375 * begging
8: 0.51171875 * pets
9: 0.5078125 * edge
10: 0.494140625 * dărui
11: 0.48828125 * In
12: 0.47265625 * doamn
13: 0.466796875 * IN
14: 0.453125 * dosar
15: 0.435546875 * echival
16: 0.42578125 * Brown
17: 0.419921875 * aprobare
18: 0.41015625 * ements
19: 0.38671875 * spots
20: 0.384765625 * In
21: 0.3828125 * acţiune
22: 0.375 * animal
23: 0.373046875 * walks
24: 0.365234375 * erstellt
25: 0.359375 * friend
26: 0.349609375 * cuplu
27: 0.3359375 * /3
28: 0.330078125 * <unk>
29: 0.326171875 * West
30: 0.326171875 * valeur
31: 0.310546875 * do
32: 0.3046875 * LC
33: 0.30078125 * sustinut
34: 0.30078125 * haltung
35: 0.29296875 * ted
36: 0.29296875 * Re
37: 0.291015625 * 
38: 0.287109375 * owner
39: 0.287109375 * îngrij
40: 0.28515625 * Dis
41: 0.283203125 * FC
42: 0.28125 * dogs
43: 0.28125 * vârf
44: 0.275390625 * in
45: 0.267578125 * on
46: 0.265625 * at
47: 0.259765625 * leg
48: 0.25390625 * On
49: 0.251953125 * isierung
Total loss: 0.24364450573921204 = MSE Loss: 0.16698434948921204, 0.001 * Sparsity Loss: 76.5
Epoch: 2 batch_num: 65
0: 1.5859375 * mândr
1: 1.4375 * realizeaz
2: 0.8515625 * misiune
3: 0.828125 * dărui
4: 0.7265625 * doamn
5: 0.65234375 * path
6: 0.65234375 * stick
7: 0.609375 * breath
8: 0.6015625 * Wind
9: 0.58984375 * <unk>
10: 0.515625 * erstellt
11: 0.5078125 * dosar
12: 0.50390625 * on
13: 0.5 * valeur
14: 0.478515625 * Brown
15: 0.462890625 * ements
16: 0.455078125 * acţiune
17: 0.455078125 * pets
18: 0.4296875 * walks
19: 0.396484375 * edge
20: 0.396484375 * lation
21: 0.376953125 * IN
22: 0.357421875 * trecută
23: 0.35546875 * friend
24: 0.3515625 * aprobare
25: 0.3515625 * echival
26: 0.337890625 * walk
27: 0.33203125 * invested
28: 0.326171875 * FC
29: 0.3203125 * and
30: 0.3125 * ation
31: 0.310546875 * sustinut
32: 0.306640625 * consilier
33: 0.302734375 * и
34: 0.294921875 * Shepherd
35: 0.29296875 * shedding
36: 0.291015625 * at
37: 0.2890625 * animal
38: 0.287109375 * -
39: 0.28515625 * Dis
40: 0.283203125 * pet
41: 0.283203125 * side
42: 0.28125 * In
43: 0.271484375 * day
44: 0.26953125 * –
45: 0.267578125 * RE
46: 0.265625 * on
47: 0.263671875 * /
48: 0.26171875 * re
49: 0.2578125 * cărui
Total loss: 0.26855403184890747 = MSE Loss: 0.18749935925006866, 0.001 * Sparsity Loss: 81.0
Epoch: 2 batch_num: 66
0: 2.265625 * realizeaz
1: 1.609375 * mândr
2: 0.94921875 * dărui
3: 0.92578125 * misiune
4: 0.73828125 * doamn
5: 0.66015625 * <unk>
6: 0.609375 * trecută
7: 0.56640625 * on
8: 0.53125 * path
9: 0.46484375 * erstellt
10: 0.46484375 * valeur
11: 0.462890625 * actiuni
12: 0.45703125 * breath
13: 0.43359375 * dosar
14: 0.43359375 * in
15: 0.419921875 * stick
16: 0.419921875 * RE
17: 0.40625 * bebelus
18: 0.400390625 * lation
19: 0.3984375 * ation
20: 0.388671875 * -
21: 0.38671875 * acţiune
22: 0.375 * Brown
23: 0.3671875 * re
24: 0.353515625 * consilier
25: 0.34765625 * staffed
26: 0.337890625 * walk
27: 0.3359375 * viziune
28: 0.330078125 * pet
29: 0.326171875 * walks
30: 0.3203125 * IN
31: 0.31640625 * invested
32: 0.3125 * miere
33: 0.30859375 * decizie
34: 0.306640625 * ears
35: 0.30078125 * stability
36: 0.296875 * FC
37: 0.294921875 * Shepherd
38: 0.294921875 * ements
39: 0.283203125 * ST
40: 0.28125 * wind
41: 0.27734375 * Wind
42: 0.271484375 * able
43: 0.26953125 * –
44: 0.26953125 * bră
45: 0.267578125 * adecvat
46: 0.263671875 * corespund
47: 0.26171875 * Fertigung
48: 0.259765625 * begging
49: 0.251953125 * schimb
Total loss: 0.26290494203567505 = MSE Loss: 0.18282680213451385, 0.001 * Sparsity Loss: 80.0
Epoch: 2 batch_num: 67
0: 2.640625 * realizeaz
1: 1.4375 * mândr
2: 0.88671875 * dărui
3: 0.734375 * actiuni
4: 0.71484375 * misiune
5: 0.6328125 * trecută
6: 0.5390625 * doamn
7: 0.51171875 * bebelus
8: 0.49609375 * wind
9: 0.474609375 * <unk>
10: 0.451171875 * begging
11: 0.439453125 * on
12: 0.408203125 * IN
13: 0.396484375 * decizie
14: 0.380859375 * erstellt
15: 0.376953125 * RE
16: 0.373046875 * spots
17: 0.373046875 * staffed
18: 0.369140625 * in
19: 0.34375 * in
20: 0.33984375 * stability
21: 0.337890625 * he
22: 0.33203125 * Command
23: 0.3203125 * animal
24: 0.3203125 * In
25: 0.31640625 * ized
26: 0.310546875 * consilier
27: 0.30859375 * miere
28: 0.30078125 * schimb
29: 0.30078125 * echival
30: 0.296875 * path
31: 0.287109375 * From
32: 0.28125 * ears
33: 0.279296875 * fit
34: 0.271484375 * ST
35: 0.26953125 * ”,
36: 0.267578125 * In
37: 0.263671875 * lation
38: 0.26171875 * Animal
39: 0.26171875 * parinti
40: 0.2578125 * Fertigung
41: 0.255859375 * haltung
42: 0.25 * Shepherd
43: 0.248046875 * Col
44: 0.248046875 * bră
45: 0.2431640625 * command
46: 0.2412109375 * pet
47: 0.23828125 * going
48: 0.2373046875 * right
49: 0.2314453125 * owner
Total loss: 0.26496621966362 = MSE Loss: 0.18830606341362, 0.001 * Sparsity Loss: 76.5
Epoch: 2 batch_num: 68
0: 2.40625 * realizeaz
1: 1.125 * mândr
2: 0.5859375 * dărui
3: 0.53515625 * actiuni
4: 0.5234375 * animal
5: 0.478515625 * wind
6: 0.45703125 * echival
7: 0.455078125 * bebelus
8: 0.453125 * at
9: 0.443359375 * begging
10: 0.423828125 * he
11: 0.404296875 * Animal
12: 0.400390625 * trecută
13: 0.37109375 * ements
14: 0.3671875 * stick
15: 0.361328125 * shedding
16: 0.345703125 * ized
17: 0.326171875 * pets
18: 0.32421875 * /
19: 0.3203125 * interest
20: 0.302734375 * dog
21: 0.30078125 * misiune
22: 0.30078125 * staffed
23: 0.30078125 * Command
24: 0.294921875 * In
25: 0.294921875 * and
26: 0.29296875 * ”,
27: 0.2890625 * haltung
28: 0.28515625 * fit
29: 0.27734375 * ity
30: 0.275390625 * west
31: 0.271484375 * New
32: 0.267578125 * misiei
33: 0.267578125 * ped
34: 0.267578125 * parinti
35: 0.259765625 * </s>
36: 0.259765625 * command
37: 0.251953125 * spots
38: 0.248046875 * <unk>
39: 0.2451171875 * standard
40: 0.2431640625 * speed
41: 0.2421875 * schimb
42: 0.2421875 * stability
43: 0.2353515625 * RE
44: 0.2333984375 * и
45: 0.228515625 * valeur
46: 0.2255859375 * best
47: 0.224609375 * /2016
48: 0.224609375 * free
49: 0.224609375 * gestartet
Total loss: 0.3782213628292084 = MSE Loss: 0.3059557378292084, 0.001 * Sparsity Loss: 72.5
Epoch: 2 batch_num: 69
0: 1.7265625 * realizeaz
1: 0.66015625 * IN
2: 0.62109375 * at
3: 0.59765625 * at
4: 0.5546875 * shedding
5: 0.4921875 * mândr
6: 0.48828125 * in
7: 0.474609375 * animal
8: 0.46875 * stick
9: 0.421875 * valeur
10: 0.40625 * path
11: 0.40625 * echival
12: 0.3984375 * from
13: 0.384765625 * erstellt
14: 0.3828125 * </s>
15: 0.375 * he
16: 0.359375 * и
17: 0.349609375 * doamn
18: 0.345703125 * Animal
19: 0.33984375 * /
20: 0.337890625 * In
21: 0.3359375 * on
22: 0.333984375 * ation
23: 0.333984375 * and
24: 0.3203125 * At
25: 0.318359375 * Walk
26: 0.318359375 * regiuni
27: 0.318359375 * Leaving
28: 0.314453125 * pace
29: 0.30859375 * corespund
30: 0.298828125 * viziune
31: 0.294921875 * in
32: 0.29296875 * ”,
33: 0.287109375 * begging
34: 0.28515625 * pets
35: 0.28125 * misiune
36: 0.27734375 * decizie
37: 0.26953125 * logy
38: 0.265625 * interest
39: 0.265625 * as
40: 0.263671875 * /3
41: 0.259765625 * PR
42: 0.259765625 * ating
43: 0.259765625 * gestartet
44: 0.255859375 * bebelus
45: 0.25390625 * dosar
46: 0.25390625 * an
47: 0.25 * ped
48: 0.248046875 * re
49: 0.2431640625 * haltung
Total loss: 0.28805845975875854 = MSE Loss: 0.21335142850875854, 0.001 * Sparsity Loss: 74.5
Epoch: 2 batch_num: 70
0: 0.71875 * IN
1: 0.69140625 * actiuni
2: 0.65234375 * mândr
3: 0.64453125 * realizeaz
4: 0.6328125 * path
5: 0.62109375 * erstellt
6: 0.59375 * shedding
7: 0.5546875 * doamn
8: 0.546875 * dărui
9: 0.53515625 * misiune
10: 0.451171875 * Walk
11: 0.44921875 * logy
12: 0.435546875 * at
13: 0.427734375 * corespund
14: 0.421875 * trecută
15: 0.39453125 * at
16: 0.388671875 * West
17: 0.365234375 * valeur
18: 0.36328125 * PR
19: 0.3515625 * stick
20: 0.34765625 * decizie
21: 0.32421875 * FC
22: 0.3203125 * pet
23: 0.31640625 * regiuni
24: 0.31640625 * lation
25: 0.314453125 * -
26: 0.314453125 * west
27: 0.314453125 * stability
28: 0.306640625 * </s>
29: 0.306640625 * in
30: 0.302734375 * walk
31: 0.296875 * )
32: 0.29296875 * around
33: 0.29296875 * animal
34: 0.28515625 * и
35: 0.283203125 * and
36: 0.27734375 * dosar
37: 0.27734375 * pace
38: 0.271484375 * Leaving
39: 0.26953125 * Cro
40: 0.26953125 * grupului
41: 0.26171875 * viziune
42: 0.259765625 * spot
43: 0.259765625 * from
44: 0.255859375 * ized
45: 0.25 * standing
46: 0.25 * running
47: 0.25 * trouble
48: 0.248046875 * lovitur
49: 0.2451171875 * cuplu
Total loss: 0.2777133285999298 = MSE Loss: 0.2044711410999298, 0.001 * Sparsity Loss: 73.0
Epoch: 2 batch_num: 71
0: 1.203125 * mândr
1: 0.8984375 * actiuni
2: 0.87109375 * dărui
3: 0.796875 * realizeaz
4: 0.62890625 * path
5: 0.59765625 * erstellt
6: 0.5390625 * misiune
7: 0.53515625 * doamn
8: 0.53515625 * IN
9: 0.5 * shedding
10: 0.48828125 * West
11: 0.486328125 * and
12: 0.4765625 * stability
13: 0.455078125 * ized
14: 0.4453125 * Walk
15: 0.4453125 * west
16: 0.4296875 * logy
17: 0.416015625 * ling
18: 0.400390625 * corespund
19: 0.390625 * pet
20: 0.390625 * staffed
21: 0.3828125 * bebelus
22: 0.37890625 * pets
23: 0.37890625 * in
24: 0.376953125 * FC
25: 0.373046875 * ity
26: 0.37109375 * PR
27: 0.353515625 * around
28: 0.353515625 * lovitur
29: 0.345703125 * trecută
30: 0.32421875 * interest
31: 0.3203125 * Cro
32: 0.314453125 * Din
33: 0.3125 * stick
34: 0.302734375 * schimb
35: 0.30078125 * In
36: 0.296875 * ation
37: 0.296875 * across
38: 0.296875 * St
39: 0.294921875 * lation
40: 0.28125 * running
41: 0.275390625 * trouble
42: 0.2734375 * Licensed
43: 0.271484375 * -
44: 0.263671875 * and
45: 0.259765625 * adecvat
46: 0.259765625 * Command
47: 0.25 * be
48: 0.2490234375 * Dis
49: 0.2470703125 * walk
Total loss: 0.2518822252750397 = MSE Loss: 0.17473378777503967, 0.001 * Sparsity Loss: 77.0
Epoch: 2 batch_num: 72
0: 1.3828125 * realizeaz
1: 1.046875 * mândr
2: 0.89453125 * dărui
3: 0.625 * actiuni
4: 0.56640625 * IN
5: 0.53125 * path
6: 0.5234375 * pets
7: 0.5078125 * stability
8: 0.462890625 * interest
9: 0.443359375 * viziune
10: 0.42578125 * staffed
11: 0.396484375 * west
12: 0.388671875 * Walk
13: 0.37890625 * Animal
14: 0.3671875 * ized
15: 0.359375 * erstellt
16: 0.35546875 * pet
17: 0.353515625 * FC
18: 0.353515625 * stick
19: 0.349609375 * cărui
20: 0.337890625 * doamn
21: 0.333984375 * ped
22: 0.33203125 * the
23: 0.330078125 * and
24: 0.326171875 * West
25: 0.3203125 * Licensed
26: 0.318359375 * bebelus
27: 0.31640625 * dogs
28: 0.3125 * '
29: 0.3046875 * The
30: 0.302734375 * Cro
31: 0.29296875 * PR
32: 0.29296875 * Dis
33: 0.2890625 * animal
34: 0.287109375 * misiune
35: 0.28515625 * shedding
36: 0.283203125 * ling
37: 0.28125 * on
38: 0.279296875 * Din
39: 0.27734375 * best
40: 0.275390625 * corespund
41: 0.271484375 * lovitur
42: 0.271484375 * decizie
43: 0.271484375 * 5%
44: 0.26953125 * Cooper
45: 0.267578125 * Mo
46: 0.259765625 * around
47: 0.259765625 * anului
48: 0.259765625 * adecvat
49: 0.2578125 * from
Total loss: 0.22925609350204468 = MSE Loss: 0.15357249975204468, 0.001 * Sparsity Loss: 75.5
Epoch: 2 batch_num: 73
0: 1.671875 * realizeaz
1: 0.7734375 * dărui
2: 0.62890625 * viziune
3: 0.5234375 * mândr
4: 0.44921875 * IN
5: 0.443359375 * pets
6: 0.416015625 * Animal
7: 0.412109375 * path
8: 0.412109375 * interest
9: 0.40234375 * in
10: 0.400390625 * animal
11: 0.388671875 * anului
12: 0.38671875 * stability
13: 0.365234375 * The
14: 0.365234375 * cărui
15: 0.36328125 * decizie
16: 0.36328125 * constient
17: 0.36328125 * valeur
18: 0.341796875 * /
19: 0.3359375 * on
20: 0.326171875 * the
21: 0.32421875 * dogs
22: 0.32421875 * staffed
23: 0.322265625 * medium
24: 0.291015625 * ped
25: 0.287109375 * Dis
26: 0.28515625 * trecută
27: 0.28515625 * cuplu
28: 0.275390625 * Licensed
29: 0.26953125 * dosar
30: 0.267578125 * Cooper
31: 0.267578125 * ted
32: 0.259765625 * St
33: 0.2578125 * best
34: 0.2578125 * Leaving
35: 0.25390625 * picioare
36: 0.25390625 * with
37: 0.251953125 * pet
38: 0.25 * Brown
39: 0.25 * stick
40: 0.2490234375 * go
41: 0.2490234375 * FC
42: 0.24609375 * Walk
43: 0.244140625 * /2016
44: 0.244140625 * stick
45: 0.2392578125 * breath
46: 0.2373046875 * walk
47: 0.2373046875 * ist
48: 0.2373046875 * ITY
49: 0.236328125 * he
Total loss: 0.2863531708717346 = MSE Loss: 0.2165289670228958, 0.001 * Sparsity Loss: 70.0
Epoch: 2 batch_num: 74
0: 1.4296875 * realizeaz
1: 0.73828125 * actiuni
2: 0.55078125 * viziune
3: 0.53515625 * /
4: 0.498046875 * doamn
5: 0.419921875 * dosar
6: 0.408203125 * dărui
7: 0.40625 * anului
8: 0.40234375 * misiune
9: 0.388671875 * do
10: 0.3828125 * constient
11: 0.376953125 * animal
12: 0.353515625 * valeur
13: 0.3515625 * at
14: 0.341796875 * Animal
15: 0.337890625 * he
16: 0.330078125 * <unk>
17: 0.326171875 * adecvat
18: 0.30859375 * logy
19: 0.306640625 * shedding
20: 0.3046875 * ist
21: 0.302734375 * ears
22: 0.30078125 * Leaving
23: 0.296875 * /2016
24: 0.294921875 * AT
25: 0.291015625 * bebelus
26: 0.2890625 * summer
27: 0.287109375 * transition
28: 0.287109375 * sustinut
29: 0.28515625 * interest
30: 0.28125 * ’
31: 0.275390625 * St
32: 0.275390625 * at
33: 0.265625 * îngrij
34: 0.26171875 * PR
35: 0.259765625 * lovitur
36: 0.2578125 * ]
37: 0.2578125 * ted
38: 0.251953125 * big
39: 0.244140625 * totusi
40: 0.244140625 * ich
41: 0.240234375 * isierung
42: 0.2392578125 * ging
43: 0.23828125 * in
44: 0.23828125 * in
45: 0.2333984375 * ped
46: 0.232421875 * The
47: 0.2314453125 * ements
48: 0.2314453125 * >
49: 0.2275390625 * </s>
Total loss: 0.30542540550231934 = MSE Loss: 0.23853087425231934, 0.001 * Sparsity Loss: 67.0
Epoch: 2 batch_num: 75
0: 1.0703125 * actiuni
1: 0.81640625 * doamn
2: 0.609375 * trecută
3: 0.5234375 * shedding
4: 0.455078125 * realizeaz
5: 0.453125 * dosar
6: 0.451171875 * PR
7: 0.4296875 * bebelus
8: 0.423828125 * at
9: 0.4140625 * IN
10: 0.39453125 * lovitur
11: 0.38671875 * dogs
12: 0.376953125 * corespund
13: 0.365234375 * pets
14: 0.36328125 * imprumut
15: 0.361328125 * adecvat
16: 0.361328125 * ON
17: 0.345703125 * viziune
18: 0.34375 * misiune
19: 0.33984375 * lation
20: 0.330078125 * anului
21: 0.318359375 * constient
22: 0.310546875 * clădiri
23: 0.3046875 * pet
24: 0.302734375 * path
25: 0.2890625 * he
26: 0.287109375 * mândr
27: 0.283203125 * stick
28: 0.279296875 * ears
29: 0.279296875 * sustinut
30: 0.27734375 * ://
31: 0.2734375 * /2016
32: 0.2734375 * </s>
33: 0.26953125 * summer
34: 0.26953125 * ized
35: 0.267578125 * re
36: 0.26171875 * :
37: 0.2578125 * Leaving
38: 0.2578125 * м
39: 0.25390625 * schimb
40: 0.25390625 * stick
41: 0.251953125 * transition
42: 0.25 * at
43: 0.24609375 * animal
44: 0.24609375 * Ross
45: 0.2431640625 * And
46: 0.23828125 * logy
47: 0.234375 * /
48: 0.234375 * on
49: 0.2333984375 * legs
Total loss: 0.2611672580242157 = MSE Loss: 0.1913430392742157, 0.001 * Sparsity Loss: 70.0
Epoch: 2 batch_num: 76
0: 0.9921875 * actiuni
1: 0.875 * doamn
2: 0.8359375 * realizeaz
3: 0.66796875 * trecută
4: 0.57421875 * shedding
5: 0.52734375 * dărui
6: 0.515625 * IN
7: 0.490234375 * clădiri
8: 0.474609375 * PR
9: 0.47265625 * pet
10: 0.462890625 * dogs
11: 0.458984375 * path
12: 0.4453125 * stick
13: 0.4296875 * lovitur
14: 0.427734375 * imprumut
15: 0.42578125 * pets
16: 0.4140625 * corespund
17: 0.400390625 * stability
18: 0.388671875 * lation
19: 0.384765625 * small
20: 0.384765625 * :
21: 0.384765625 * bebelus
22: 0.376953125 * stick
23: 0.375 * leg
24: 0.37109375 * ://
25: 0.3671875 * ON
26: 0.36328125 * interest
27: 0.353515625 * dosar
28: 0.345703125 * FC
29: 0.337890625 * doesn
30: 0.296875 * maşin
31: 0.294921875 * Din
32: 0.29296875 * guest
33: 0.283203125 * stretch
34: 0.279296875 * West
35: 0.27734375 * begging
36: 0.27734375 * cărui
37: 0.275390625 * has
38: 0.2734375 * on
39: 0.271484375 * on
40: 0.265625 * м
41: 0.263671875 * And
42: 0.26171875 * schimb
43: 0.259765625 * at
44: 0.25390625 * do
45: 0.25390625 * and
46: 0.251953125 * IN
47: 0.25 * 5%
48: 0.25 * adecvat
49: 0.2451171875 * be
Total loss: 0.2538369297981262 = MSE Loss: 0.18157128989696503, 0.001 * Sparsity Loss: 72.5
Epoch: 2 batch_num: 77
0: 1.2734375 * realizeaz
1: 0.7421875 * doamn
2: 0.62890625 * stability
3: 0.60546875 * path
4: 0.54296875 * interest
5: 0.53125 * pet
6: 0.53125 * viziune
7: 0.52734375 * actiuni
8: 0.52734375 * dărui
9: 0.51171875 * clădiri
10: 0.48828125 * IN
11: 0.48828125 * shedding
12: 0.455078125 * dogs
13: 0.4453125 * misiune
14: 0.431640625 * leg
15: 0.421875 * trecută
16: 0.40234375 * PR
17: 0.38671875 * maşin
18: 0.380859375 * valeur
19: 0.375 * FC
20: 0.365234375 * stick
21: 0.36328125 * begging
22: 0.353515625 * :
23: 0.353515625 * Din
24: 0.349609375 * corespund
25: 0.341796875 * Animal
26: 0.330078125 * At
27: 0.318359375 * doesn
28: 0.3125 * Transition
29: 0.3125 * lation
30: 0.306640625 * logy
31: 0.298828125 * West
32: 0.298828125 * ON
33: 0.291015625 * lovitur
34: 0.26953125 * stretch
35: 0.26953125 * guest
36: 0.267578125 * ears
37: 0.263671875 * on
38: 0.259765625 * small
39: 0.251953125 * stick
40: 0.25 * In
41: 0.2490234375 * furniz
42: 0.2490234375 * pets
43: 0.2451171875 * staffed
44: 0.244140625 * trouble
45: 0.2431640625 * Wind
46: 0.2431640625 * middle
47: 0.23828125 * м
48: 0.2353515625 * be
49: 0.234375 * has
Total loss: 0.2467174530029297 = MSE Loss: 0.1759166717529297, 0.001 * Sparsity Loss: 71.0
Epoch: 2 batch_num: 78
0: 1.1015625 * realizeaz
1: 0.80078125 * viziune
2: 0.69921875 * stability
3: 0.57421875 * misiune
4: 0.5546875 * path
5: 0.55078125 * interest
6: 0.462890625 * pet
7: 0.443359375 * IN
8: 0.443359375 * imprumut
9: 0.421875 * ears
10: 0.404296875 * leg
11: 0.3984375 * maşin
12: 0.39453125 * logy
13: 0.390625 * doamn
14: 0.359375 * dogs
15: 0.35546875 * Animal
16: 0.353515625 * FC
17: 0.345703125 * decizie
18: 0.345703125 * St
19: 0.345703125 * At
20: 0.337890625 * clădiri
21: 0.33203125 * Transition
22: 0.33203125 * valeur
23: 0.32421875 * :
24: 0.32421875 * actiuni
25: 0.32421875 * at
26: 0.322265625 * walks
27: 0.3125 * shedding
28: 0.310546875 * In
29: 0.30859375 * cărui
30: 0.306640625 * does
31: 0.306640625 * go
32: 0.306640625 * Wind
33: 0.29296875 * anului
34: 0.2890625 * Speed
35: 0.287109375 * summer
36: 0.283203125 * kind
37: 0.271484375 * Din
38: 0.265625 * Leaving
39: 0.263671875 * ized
40: 0.263671875 * stick
41: 0.259765625 * begging
42: 0.259765625 * legs
43: 0.25390625 * <unk>
44: 0.25390625 * cuplu
45: 0.25390625 * echival
46: 0.251953125 * ATION
47: 0.248046875 * ability
48: 0.244140625 * PR
49: 0.244140625 * do
Total loss: 0.26384422183036804 = MSE Loss: 0.19450828433036804, 0.001 * Sparsity Loss: 69.5
Epoch: 2 batch_num: 79
0: 0.8046875 * viziune
1: 0.66796875 * stability
2: 0.625 * actiuni
3: 0.58984375 * imprumut
4: 0.5 * decizie
5: 0.486328125 * interest
6: 0.435546875 * IN
7: 0.4296875 * ://
8: 0.42578125 * misiune
9: 0.3984375 * ized
10: 0.396484375 * ears
11: 0.373046875 * cuplu
12: 0.3671875 * go
13: 0.365234375 * pet
14: 0.36328125 * St
15: 0.341796875 * lovitur
16: 0.33203125 * cărui
17: 0.328125 * do
18: 0.326171875 * does
19: 0.326171875 * dărui
20: 0.326171875 * logy
21: 0.32421875 * path
22: 0.310546875 * At
23: 0.3046875 * at
24: 0.298828125 * Shepherd
25: 0.298828125 * anului
26: 0.298828125 * Leaving
27: 0.296875 * stick
28: 0.294921875 * Wind
29: 0.283203125 * leg
30: 0.27734375 * kind
31: 0.2734375 * ling
32: 0.26953125 * walks
33: 0.26953125 * isierung
34: 0.26953125 * FC
35: 0.263671875 * %
36: 0.263671875 * Speed
37: 0.2578125 * Do
38: 0.255859375 * summer
39: 0.2490234375 * he
40: 0.2490234375 * Transition
41: 0.24609375 * speed
42: 0.2431640625 * walk
43: 0.2431640625 * maşin
44: 0.2421875 * CC
45: 0.2353515625 * dosar
46: 0.2314453125 * Walk
47: 0.2314453125 * Territory
48: 0.2255859375 * trecută
49: 0.22265625 * New
Total loss: 0.2281506061553955 = MSE Loss: 0.1617443561553955, 0.001 * Sparsity Loss: 66.5
Epoch: 2 batch_num: 80
0: 1.2109375 * realizeaz
1: 0.62890625 * viziune
2: 0.51171875 * lovitur
3: 0.5078125 * dărui
4: 0.50390625 * stability
5: 0.486328125 * In
6: 0.423828125 * clădiri
7: 0.416015625 * imprumut
8: 0.396484375 * IN
9: 0.39453125 * decizie
10: 0.376953125 * dogs
11: 0.376953125 * actiuni
12: 0.37109375 * ized
13: 0.349609375 * doamn
14: 0.322265625 * valeur
15: 0.3203125 * in
16: 0.30859375 * Shepherd
17: 0.30859375 * '
18: 0.30078125 * Walk
19: 0.30078125 * isierung
20: 0.29296875 * ation
21: 0.2890625 * ATION
22: 0.283203125 * lation
23: 0.279296875 * Territory
24: 0.279296875 * interest
25: 0.2734375 * RE
26: 0.271484375 * the
27: 0.271484375 * cuplu
28: 0.26171875 * ://
29: 0.26171875 * Leaving
30: 0.255859375 * he
31: 0.255859375 * ling
32: 0.251953125 * shedding
33: 0.25 * ”
34: 0.248046875 * DOT
35: 0.2451171875 * CC
36: 0.244140625 * ears
37: 0.2412109375 * dosar
38: 0.2412109375 * go
39: 0.2353515625 * walk
40: 0.2265625 * corespund
41: 0.2236328125 * speed
42: 0.22265625 * aktion
43: 0.22265625 * on
44: 0.2197265625 * running
45: 0.2177734375 * Possibly
46: 0.2177734375 * St
47: 0.216796875 * And
48: 0.2138671875 * Run
49: 0.2138671875 * 19,
Total loss: 0.3264722526073456 = MSE Loss: 0.2600660026073456, 0.001 * Sparsity Loss: 66.5
Epoch: 2 batch_num: 81
0: 1.8125 * realizeaz
1: 0.703125 * clădiri
2: 0.58203125 * misiune
3: 0.5546875 * lovitur
4: 0.53125 * valeur
5: 0.47265625 * In
6: 0.443359375 * cărui
7: 0.44140625 * legs
8: 0.4140625 * '
9: 0.412109375 * shedding
10: 0.390625 * dărui
11: 0.373046875 * doamn
12: 0.357421875 * dogs
13: 0.341796875 * logy
14: 0.337890625 * lation
15: 0.3359375 * viziune
16: 0.3046875 * bebelus
17: 0.298828125 * echival
18: 0.294921875 * leg
19: 0.283203125 * AN
20: 0.275390625 * ATION
21: 0.2734375 * Command
22: 0.267578125 * Shepherd
23: 0.255859375 * DOT
24: 0.25390625 * miere
25: 0.251953125 * isierung
26: 0.24609375 * does
27: 0.2451171875 * ted
28: 0.244140625 * guest
29: 0.2412109375 * Animal
30: 0.240234375 * aktion
31: 0.234375 * RE
32: 0.2333984375 * corespund
33: 0.228515625 * pets
34: 0.2216796875 * more
35: 0.216796875 * ability
36: 0.216796875 * summer
37: 0.216796875 * maşin
38: 0.212890625 * he
39: 0.2099609375 * actiuni
40: 0.2099609375 * on
41: 0.20703125 * Bre
42: 0.20703125 * /3
43: 0.20703125 * stability
44: 0.2060546875 * Ross
45: 0.2060546875 * Wind
46: 0.2021484375 * small
47: 0.2021484375 * of
48: 0.2021484375 * day
49: 0.1982421875 * -
Total loss: 0.43228229880332947 = MSE Loss: 0.36489948630332947, 0.001 * Sparsity Loss: 67.5
Epoch: 2 batch_num: 82
0: 1.765625 * realizeaz
1: 0.80859375 * clădiri
2: 0.74609375 * misiune
3: 0.66796875 * legs
4: 0.63671875 * cărui
5: 0.5234375 * IN
6: 0.515625 * valeur
7: 0.49609375 * leg
8: 0.46484375 * logy
9: 0.451171875 * lovitur
10: 0.443359375 * shedding
11: 0.435546875 * decizie
12: 0.43359375 * ements
13: 0.419921875 * does
14: 0.416015625 * do
15: 0.412109375 * bebelus
16: 0.3828125 * '
17: 0.357421875 * Command
18: 0.333984375 * and
19: 0.328125 * dogs
20: 0.32421875 * ability
21: 0.3203125 * running
22: 0.3203125 * -
23: 0.3203125 * stick
24: 0.3125 * The
25: 0.30859375 * pets
26: 0.296875 * spots
27: 0.29296875 * summer
28: 0.283203125 * guest
29: 0.279296875 * trecută
30: 0.27734375 * ted
31: 0.27734375 * actiuni
32: 0.27734375 * in
33: 0.271484375 * and
34: 0.26953125 * Animal
35: 0.26953125 * AN
36: 0.26953125 * Ross
37: 0.26171875 * comes
38: 0.2578125 * cuplu
39: 0.255859375 * from
40: 0.255859375 * lation
41: 0.251953125 * ist
42: 0.251953125 * 3
43: 0.2490234375 * intention
44: 0.248046875 * Wind
45: 0.2451171875 * interest
46: 0.2431640625 * %
47: 0.23828125 * trouble
48: 0.23828125 * Day
49: 0.2314453125 * doamn
Total loss: 0.2262619584798813 = MSE Loss: 0.1539963334798813, 0.001 * Sparsity Loss: 72.5
Epoch: 2 batch_num: 83
0: 1.2421875 * realizeaz
1: 0.7421875 * clădiri
2: 0.68359375 * legs
3: 0.6796875 * mândr
4: 0.625 * misiune
5: 0.62109375 * IN
6: 0.59765625 * decizie
7: 0.53125 * leg
8: 0.494140625 * running
9: 0.486328125 * cărui
10: 0.482421875 * stick
11: 0.46484375 * walks
12: 0.4140625 * %
13: 0.41015625 * ity
14: 0.3984375 * ements
15: 0.392578125 * stability
16: 0.3828125 * ability
17: 0.369140625 * logy
18: 0.359375 * cuplu
19: 0.359375 * shedding
20: 0.330078125 * do
21: 0.328125 * dărui
22: 0.3203125 * New
23: 0.318359375 * viziune
24: 0.31640625 * spots
25: 0.298828125 * walk
26: 0.298828125 * walk
27: 0.29296875 * -
28: 0.291015625 * The
29: 0.287109375 * guest
30: 0.28515625 * bebelus
31: 0.283203125 * valeur
32: 0.279296875 * trecută
33: 0.27734375 * ITY
34: 0.27734375 * Leaving
35: 0.27734375 * Command
36: 0.2734375 * and
37: 0.271484375 * trouble
38: 0.26171875 * animal
39: 0.26171875 * ized
40: 0.25 * does
41: 0.2490234375 * and
42: 0.2490234375 * Speed
43: 0.2470703125 * in
44: 0.24609375 * acţiune
45: 0.244140625 * about
46: 0.2412109375 * lost
47: 0.23828125 * kind
48: 0.236328125 * Profile
49: 0.236328125 * big
Total loss: 0.25301313400268555 = MSE Loss: 0.18318893015384674, 0.001 * Sparsity Loss: 70.0
Epoch: 2 batch_num: 84
0: 0.859375 * mândr
1: 0.75390625 * ity
2: 0.6328125 * walks
3: 0.546875 * legs
4: 0.5390625 * clădiri
5: 0.52734375 * walk
6: 0.490234375 * decizie
7: 0.474609375 * leg
8: 0.46484375 * dărui
9: 0.462890625 * stability
10: 0.455078125 * %
11: 0.435546875 * IN
12: 0.42578125 * running
13: 0.42578125 * ITY
14: 0.42578125 * stick
15: 0.419921875 * animal
16: 0.35546875 * IN
17: 0.3515625 * ability
18: 0.32421875 * walk
19: 0.318359375 * Leaving
20: 0.310546875 * New
21: 0.30859375 * cuplu
22: 0.302734375 * in
23: 0.296875 * about
24: 0.294921875 * lation
25: 0.287109375 * freedom
26: 0.28515625 * ation
27: 0.28125 * viziune
28: 0.275390625 * sustinut
29: 0.265625 * misiune
30: 0.265625 * kind
31: 0.259765625 * trouble
32: 0.2578125 * BS
33: 0.25390625 * big
34: 0.25390625 * of
35: 0.25 * realizeaz
36: 0.2490234375 * </s>
37: 0.244140625 * on
38: 0.240234375 * In
39: 0.23828125 * doamn
40: 0.236328125 * adecvat
41: 0.2353515625 * Cooper
42: 0.234375 * friend
43: 0.234375 * lost
44: 0.2333984375 * ’
45: 0.2333984375 * doesn
46: 0.2314453125 * St
47: 0.2314453125 * day
48: 0.2255859375 * ST
49: 0.224609375 * hear
Total loss: 0.4607706069946289 = MSE Loss: 0.3928995132446289, 0.001 * Sparsity Loss: 68.0
Epoch: 2 batch_num: 85
0: 1.2109375 * realizeaz
1: 0.81640625 * ity
2: 0.5703125 * ements
3: 0.5390625 * walks
4: 0.482421875 * IN
5: 0.431640625 * ITY
6: 0.423828125 * actiuni
7: 0.423828125 * lation
8: 0.41796875 * mândr
9: 0.41796875 * IN
10: 0.40234375 * dărui
11: 0.400390625 * walk
12: 0.38671875 * dogs
13: 0.37890625 * animal
14: 0.375 * lovitur
15: 0.359375 * stability
16: 0.357421875 * %
17: 0.341796875 * command
18: 0.328125 * walk
19: 0.326171875 * west
20: 0.322265625 * leg
21: 0.3125 * logy
22: 0.310546875 * ST
23: 0.291015625 * invested
24: 0.2890625 * </s>
25: 0.287109375 * и
26: 0.28515625 * sustinut
27: 0.28515625 * in
28: 0.28515625 * St
29: 0.28515625 * valeur
30: 0.283203125 * Leaving
31: 0.27734375 * misiune
32: 0.27734375 * tracking
33: 0.275390625 * misiei
34: 0.2734375 * Col
35: 0.267578125 * BS
36: 0.2578125 * ’
37: 0.25390625 * ears
38: 0.24609375 * at
39: 0.244140625 * )
40: 0.2431640625 * legs
41: 0.2431640625 * on
42: 0.2412109375 * at
43: 0.2392578125 * ,
44: 0.236328125 * Cooper
45: 0.2353515625 * an
46: 0.2314453125 * edge
47: 0.2265625 * din
48: 0.224609375 * and
49: 0.2236328125 * by
Total loss: 0.34322652220726013 = MSE Loss: 0.27535542845726013, 0.001 * Sparsity Loss: 68.0
Epoch: 2 batch_num: 86
0: 2.953125 * realizeaz
1: 0.625 * actiuni
2: 0.58984375 * viziune
3: 0.55859375 * </s>
4: 0.546875 * misiune
5: 0.53515625 * mândr
6: 0.50390625 * ements
7: 0.490234375 * at
8: 0.482421875 * run
9: 0.4765625 * lovitur
10: 0.458984375 * )
11: 0.45703125 * ity
12: 0.4453125 * on
13: 0.427734375 * the
14: 0.396484375 * cuplu
15: 0.38671875 * ation
16: 0.3828125 * lation
17: 0.37890625 * west
18: 0.376953125 * command
19: 0.37109375 * ,
20: 0.37109375 * ears
21: 0.365234375 * ATION
22: 0.353515625 * by
23: 0.34375 * misiei
24: 0.341796875 * friend
25: 0.337890625 * logy
26: 0.3359375 * In
27: 0.326171875 * %
28: 0.322265625 * decizie
29: 0.3203125 * tracking
30: 0.318359375 * и
31: 0.318359375 * in
32: 0.30078125 * Command
33: 0.294921875 * On
34: 0.291015625 * walks
35: 0.2890625 * adecvat
36: 0.2890625 * and
37: 0.283203125 * animal
38: 0.27734375 * dog
39: 0.275390625 * 4%
40: 0.2734375 * ITY
41: 0.2734375 * dărui
42: 0.2734375 * and
43: 0.263671875 * IN
44: 0.263671875 * at
45: 0.259765625 * IN
46: 0.25390625 * strip
47: 0.251953125 * ST
48: 0.251953125 * invested
49: 0.2412109375 * cărui
Total loss: 0.3251444101333618 = MSE Loss: 0.2504373788833618, 0.001 * Sparsity Loss: 74.5
Epoch: 2 batch_num: 87
0: 3.796875 * realizeaz
1: 0.953125 * viziune
2: 0.7109375 * mândr
3: 0.70703125 * </s>
4: 0.6796875 * ,
5: 0.6171875 * cuplu
6: 0.58984375 * dog
7: 0.55078125 * decizie
8: 0.53125 * IN
9: 0.52734375 * and
10: 0.51953125 * misiune
11: 0.5078125 * run
12: 0.48046875 * friend
13: 0.470703125 * 
14: 0.462890625 * ation
15: 0.439453125 * at
16: 0.423828125 * lovitur
17: 0.39453125 * strip
18: 0.3828125 * ability
19: 0.380859375 * Dog
20: 0.3671875 * west
21: 0.357421875 * )
22: 0.34375 * /
23: 0.33984375 * actiuni
24: 0.33984375 * going
25: 0.337890625 * Din
26: 0.333984375 * clădiri
27: 0.33203125 * Cooper
28: 0.33203125 * adecvat
29: 0.330078125 * from
30: 0.322265625 * misiei
31: 0.322265625 * ATION
32: 0.314453125 * ears
33: 0.314453125 * valeur
34: 0.314453125 * stability
35: 0.3125 * of
36: 0.310546875 * .
37: 0.306640625 * и
38: 0.296875 * side
39: 0.294921875 * owner
40: 0.29296875 * pets
41: 0.291015625 * spot
42: 0.291015625 * in
43: 0.28515625 * overcoming
44: 0.283203125 * at
45: 0.283203125 * ON
46: 0.28125 * tracking
47: 0.279296875 * path
48: 0.279296875 * and
49: 0.275390625 * legs
Total loss: 0.3157505393028259 = MSE Loss: 0.23323102295398712, 0.001 * Sparsity Loss: 82.5
Epoch: 2 batch_num: 88
0: 4.3125 * realizeaz
1: 1.09375 * viziune
2: 0.671875 * IN
3: 0.65234375 * cuplu
4: 0.62890625 * dog
5: 0.53515625 * </s>
6: 0.52734375 * ,
7: 0.515625 * ity
8: 0.51171875 * )
9: 0.5078125 * 
10: 0.494140625 * decizie
11: 0.4921875 * ements
12: 0.478515625 * Cooper
13: 0.46875 * valeur
14: 0.46484375 * stability
15: 0.4609375 * friend
16: 0.451171875 * ability
17: 0.42578125 * stick
18: 0.419921875 * mândr
19: 0.4140625 * trecută
20: 0.384765625 * ation
21: 0.3828125 * strip
22: 0.37890625 * spot
23: 0.365234375 * run
24: 0.361328125 * at
25: 0.359375 * Din
26: 0.35546875 * path
27: 0.35546875 * going
28: 0.3515625 * owner
29: 0.3515625 * ITY
30: 0.34375 * clădiri
31: 0.3203125 * Possibly
32: 0.314453125 * St
33: 0.3125 * edge
34: 0.310546875 * Dog
35: 0.298828125 * leg
36: 0.298828125 * ON
37: 0.29296875 * about
38: 0.291015625 * overcoming
39: 0.2890625 * misiune
40: 0.2890625 * the
41: 0.28125 * mutation
42: 0.279296875 * wind
43: 0.27734375 * small
44: 0.275390625 * actiuni
45: 0.2734375 * west
46: 0.26953125 * animal
47: 0.267578125 * do
48: 0.26171875 * Profile
49: 0.26171875 * totusi
Total loss: 0.32782721519470215 = MSE Loss: 0.24628426134586334, 0.001 * Sparsity Loss: 81.5
Epoch: 2 batch_num: 89
0: 4.40625 * realizeaz
1: 1.0390625 * viziune
2: 0.80078125 * ity
3: 0.69921875 * ements
4: 0.55078125 * trecută
5: 0.53515625 * ITY
6: 0.52734375 * animal
7: 0.52734375 * IN
8: 0.4921875 * Cooper
9: 0.4921875 * )
10: 0.48828125 * stick
11: 0.46875 * stability
12: 0.4609375 * valeur
13: 0.447265625 * dogs
14: 0.443359375 * cuplu
15: 0.435546875 * dog
16: 0.388671875 * actiuni
17: 0.38671875 * ability
18: 0.37890625 * St
19: 0.36328125 * imprumut
20: 0.361328125 * walks
21: 0.359375 * friend
22: 0.333984375 * 
23: 0.330078125 * the
24: 0.31640625 * about
25: 0.314453125 * :
26: 0.3125 * Possibly
27: 0.310546875 * Walk
28: 0.298828125 * ATION
29: 0.298828125 * logy
30: 0.296875 * do
31: 0.294921875 * Run
32: 0.291015625 * walk
33: 0.2890625 * spot
34: 0.287109375 * small
35: 0.287109375 * across
36: 0.27734375 * ,
37: 0.27734375 * leg
38: 0.275390625 * wind
39: 0.2734375 * ON
40: 0.26953125 * owner
41: 0.26953125 * strip
42: 0.267578125 * and
43: 0.265625 * Profile
44: 0.265625 * mutation
45: 0.263671875 * edge
46: 0.263671875 * totusi
47: 0.26171875 * adecvat
48: 0.259765625 * In
49: 0.25 * going
Total loss: 0.2812979817390442 = MSE Loss: 0.2017081379890442, 0.001 * Sparsity Loss: 79.5
Epoch: 2 batch_num: 90
0: 3.875 * realizeaz
1: 0.76953125 * ity
2: 0.75390625 * dogs
3: 0.7421875 * viziune
4: 0.63671875 * animal
5: 0.5859375 * ATION
6: 0.53515625 * ITY
7: 0.5234375 * ation
8: 0.51953125 * IN
9: 0.51171875 * ements
10: 0.443359375 * imprumut
11: 0.40625 * stick
12: 0.3984375 * cărui
13: 0.39453125 * Cooper
14: 0.3828125 * walks
15: 0.35546875 * Run
16: 0.353515625 * Dog
17: 0.353515625 * echival
18: 0.3515625 * stability
19: 0.3359375 * on
20: 0.33203125 * lovitur
21: 0.328125 * Walk
22: 0.3203125 * trecută
23: 0.3125 * territory
24: 0.30859375 * ]
25: 0.30859375 * ating
26: 0.30078125 * %
27: 0.298828125 * mândr
28: 0.29296875 * ,
29: 0.291015625 * dosar
30: 0.2890625 * summer
31: 0.287109375 * do
32: 0.28515625 * decizie
33: 0.28125 * across
34: 0.26953125 * valeur
35: 0.265625 * morning
36: 0.263671875 * adecvat
37: 0.2578125 * legs
38: 0.2578125 * ON
39: 0.25390625 * RE
40: 0.251953125 * interest
41: 0.2490234375 * Scout
42: 0.2451171875 * Pet
43: 0.2353515625 * Profile
44: 0.232421875 * pets
45: 0.232421875 * with
46: 0.2314453125 * ears
47: 0.2294921875 * "
48: 0.2294921875 * at
49: 0.228515625 * More
Total loss: 0.2864871323108673 = MSE Loss: 0.2098269760608673, 0.001 * Sparsity Loss: 76.5
Epoch: 2 batch_num: 91
0: 2.859375 * realizeaz
1: 0.8046875 * dogs
2: 0.7890625 * ation
3: 0.6796875 * animal
4: 0.59375 * Dog
5: 0.55078125 * ATION
6: 0.52734375 * ity
7: 0.5234375 * cărui
8: 0.51171875 * ]
9: 0.474609375 * decizie
10: 0.46875 * legs
11: 0.453125 * actiuni
12: 0.416015625 * walks
13: 0.416015625 * Wind
14: 0.408203125 * ating
15: 0.40234375 * pets
16: 0.390625 * cuplu
17: 0.388671875 * ITY
18: 0.38671875 * </s>
19: 0.380859375 * misiei
20: 0.365234375 * stick
21: 0.35546875 * does
22: 0.3359375 * In
23: 0.33203125 * wind
24: 0.330078125 * regiuni
25: 0.330078125 * go
26: 0.326171875 * dărui
27: 0.32421875 * %
28: 0.322265625 * echival
29: 0.3125 * ).
30: 0.310546875 * lovitur
31: 0.302734375 * owner
32: 0.296875 * Ross
33: 0.294921875 * "
34: 0.287109375 * St
35: 0.279296875 * territory
36: 0.279296875 * oraş
37: 0.271484375 * outdoor
38: 0.26953125 * tracking
39: 0.26953125 * Run
40: 0.26171875 * morning
41: 0.26171875 * More
42: 0.259765625 * on
43: 0.2578125 * dosar
44: 0.2578125 * with
45: 0.25390625 * ".
46: 0.25390625 * imprumut
47: 0.2490234375 * ”
48: 0.248046875 * ,
49: 0.2431640625 * ”.
Total loss: 0.34569424390792847 = MSE Loss: 0.27049893140792847, 0.001 * Sparsity Loss: 75.0
Epoch: 2 batch_num: 92
0: 1.4609375 * realizeaz
1: 0.77734375 * ation
2: 0.6484375 * does
3: 0.5859375 * cuplu
4: 0.58203125 * ements
5: 0.54296875 * Dog
6: 0.53125 * animal
7: 0.4765625 * ]
8: 0.46875 * In
9: 0.4609375 * viziune
10: 0.458984375 * actiuni
11: 0.453125 * pets
12: 0.439453125 * misiei
13: 0.435546875 * legs
14: 0.43359375 * valeur
15: 0.431640625 * do
16: 0.421875 * stick
17: 0.404296875 * adecvat
18: 0.3984375 * dogs
19: 0.392578125 * decizie
20: 0.388671875 * </s>
21: 0.375 * wind
22: 0.35546875 * strip
23: 0.35546875 * at
24: 0.34765625 * misiune
25: 0.34375 * Wind
26: 0.337890625 * cărui
27: 0.333984375 * ating
28: 0.33203125 * St
29: 0.328125 * in
30: 0.328125 * stability
31: 0.310546875 * go
32: 0.310546875 * oraş
33: 0.30859375 * regiuni
34: 0.306640625 * ATION
35: 0.3046875 * logy
36: 0.294921875 * ability
37: 0.291015625 * Territory
38: 0.291015625 * on
39: 0.287109375 * IN
40: 0.2734375 * small
41: 0.2734375 * On
42: 0.271484375 * At
43: 0.267578125 * '
44: 0.265625 * walks
45: 0.263671875 * doamn
46: 0.263671875 * outdoor
47: 0.255859375 * ://
48: 0.2451171875 * going
49: 0.2451171875 * fit
Total loss: 0.26291441917419434 = MSE Loss: 0.18723082542419434, 0.001 * Sparsity Loss: 75.5
Epoch: 2 batch_num: 93
0: 0.9375 * viziune
1: 0.890625 * ements
2: 0.6328125 * does
3: 0.59765625 * cuplu
4: 0.578125 * adecvat
5: 0.5234375 * ation
6: 0.51953125 * realizeaz
7: 0.51171875 * valeur
8: 0.4453125 * misiune
9: 0.44140625 * stability
10: 0.4375 * pets
11: 0.43359375 * doamn
12: 0.4296875 * do
13: 0.404296875 * dogs
14: 0.400390625 * misiei
15: 0.38671875 * ]
16: 0.38671875 * at
17: 0.3828125 * ",
18: 0.361328125 * dog
19: 0.359375 * strip
20: 0.349609375 * acţiune
21: 0.3359375 * echival
22: 0.32421875 * totusi
23: 0.3203125 * spot
24: 0.296875 * ST
25: 0.294921875 * ears
26: 0.294921875 * interest
27: 0.291015625 * ability
28: 0.279296875 * aktion
29: 0.275390625 * In
30: 0.2734375 * friend
31: 0.2734375 * 5%
32: 0.2734375 * At
33: 0.271484375 * Wir
34: 0.265625 * Do
35: 0.265625 * On
36: 0.259765625 * on
37: 0.255859375 * oraş
38: 0.25390625 * Animal
39: 0.251953125 * Territory
40: 0.251953125 * ”
41: 0.2490234375 * west
42: 0.248046875 * ON
43: 0.2470703125 * din
44: 0.24609375 * ://
45: 0.24609375 * Possibly
46: 0.2451171875 * fit
47: 0.244140625 * Strip
48: 0.240234375 * logy
49: 0.240234375 * ized
Total loss: 0.28745007514953613 = MSE Loss: 0.21274304389953613, 0.001 * Sparsity Loss: 74.5
Epoch: 2 batch_num: 94
0: 1.1796875 * realizeaz
1: 1.15625 * viziune
2: 1.0703125 * dogs
3: 0.84375 * ements
4: 0.8203125 * actiuni
5: 0.79296875 * trecută
6: 0.69140625 * dog
7: 0.61328125 * In
8: 0.6015625 * bebelus
9: 0.59375 * /
10: 0.55859375 * </s>
11: 0.54296875 * -
12: 0.54296875 * :
13: 0.53515625 * in
14: 0.53125 * of
15: 0.4765625 * .
16: 0.46875 * cuplu
17: 0.451171875 * west
18: 0.41796875 * ]
19: 0.408203125 * Walk
20: 0.408203125 * ’
21: 0.40625 * Animal
22: 0.40625 * )
23: 0.40625 * ears
24: 0.400390625 * tracking
25: 0.3984375 * spot
26: 0.39453125 * Wind
27: 0.39453125 * and
28: 0.390625 * dis
29: 0.388671875 * wind
30: 0.384765625 * strip
31: 0.380859375 * ://
32: 0.380859375 * decizie
33: 0.376953125 * from
34: 0.375 * be
35: 0.373046875 * ST
36: 0.359375 * ?
37: 0.357421875 * does
38: 0.357421875 * echival
39: 0.357421875 * on
40: 0.35546875 * valeur
41: 0.353515625 * pets
42: 0.34765625 * adecvat
43: 0.341796875 * ,
44: 0.337890625 * miere
45: 0.33203125 * stability
46: 0.328125 * din
47: 0.322265625 * Wir
48: 0.3203125 * interest
49: 0.306640625 * edge
Total loss: 0.36438602209091187 = MSE Loss: 0.27014774084091187, 0.001 * Sparsity Loss: 94.0
Epoch: 2 batch_num: 95
0: 1.15625 * dogs
1: 1.1171875 * viziune
2: 1.1015625 * actiuni
3: 0.99609375 * bebelus
4: 0.94140625 * trecută
5: 0.81640625 * </s>
6: 0.796875 * realizeaz
7: 0.71484375 * dog
8: 0.6328125 * decizie
9: 0.609375 * miere
10: 0.59375 * tracking
11: 0.58984375 * In
12: 0.55859375 * Walk
13: 0.55078125 * misiune
14: 0.546875 * ements
15: 0.5390625 * ://
16: 0.5 * mândr
17: 0.4921875 * of
18: 0.47265625 * comble
19: 0.47265625 * :
20: 0.46875 * /
21: 0.455078125 * dis
22: 0.44140625 * doamn
23: 0.427734375 * on
24: 0.423828125 * -3
25: 0.421875 * %
26: 0.419921875 * .
27: 0.41796875 * FC
28: 0.412109375 * duty
29: 0.408203125 * -
30: 0.404296875 * DOT
31: 0.388671875 * realizate
32: 0.3828125 * in
33: 0.37890625 * Pitt
34: 0.373046875 * Cooper
35: 0.37109375 * ?
36: 0.36328125 * ped
37: 0.359375 * Walking
38: 0.35546875 * day
39: 0.353515625 * From
40: 0.3515625 * west
41: 0.349609375 * strip
42: 0.34765625 * Ho
43: 0.345703125 * Animal
44: 0.328125 * ’
45: 0.328125 * legs
46: 0.322265625 * begging
47: 0.322265625 * wind
48: 0.318359375 * ears
49: 0.31640625 * '
Total loss: 0.29644232988357544 = MSE Loss: 0.19878606498241425, 0.001 * Sparsity Loss: 97.5
Epoch: 2 batch_num: 96
0: 1.1796875 * bebelus
1: 0.91796875 * actiuni
2: 0.87890625 * dogs
3: 0.86328125 * misiune
4: 0.84765625 * viziune
5: 0.78125 * </s>
6: 0.734375 * miere
7: 0.6640625 * tracking
8: 0.6171875 * doamn
9: 0.61328125 * decizie
10: 0.60546875 * %
11: 0.59765625 * mândr
12: 0.57421875 * comble
13: 0.5546875 * valeur
14: 0.546875 * duty
15: 0.54296875 * Walk
16: 0.54296875 * trecută
17: 0.50390625 * IN
18: 0.486328125 * realizate
19: 0.484375 * dog
20: 0.474609375 * ation
21: 0.474609375 * ”
22: 0.46875 * misiei
23: 0.46484375 * at
24: 0.458984375 * The
25: 0.44921875 * -3
26: 0.439453125 * adecvat
27: 0.439453125 * DOT
28: 0.431640625 * FC
29: 0.42578125 * schimb
30: 0.423828125 * about
31: 0.41796875 * Walking
32: 0.41796875 * on
33: 0.41015625 * In
34: 0.388671875 * on
35: 0.3828125 * 5%
36: 0.380859375 * Ho
37: 0.380859375 * as
38: 0.37890625 * –
39: 0.37890625 * with
40: 0.376953125 * Chuck
41: 0.376953125 * Pitt
42: 0.375 * Cooper
43: 0.375 * stretch
44: 0.37109375 * Fertigung
45: 0.37109375 * staffed
46: 0.369140625 * West
47: 0.361328125 * 4%
48: 0.3515625 * stick
49: 0.3359375 * day
Total loss: 0.4626818895339966 = MSE Loss: 0.3630725145339966, 0.001 * Sparsity Loss: 99.5
Epoch: 2 batch_num: 97
0: 1.140625 * bebelus
1: 0.94921875 * misiune
2: 0.90625 * valeur
3: 0.7265625 * tracking
4: 0.703125 * miere
5: 0.6640625 * </s>
6: 0.65625 * %
7: 0.6484375 * ements
8: 0.6328125 * dogs
9: 0.609375 * doamn
10: 0.59765625 * comble
11: 0.58203125 * misiei
12: 0.58203125 * duty
13: 0.50390625 * realizate
14: 0.482421875 * acţiune
15: 0.47265625 * viziune
16: 0.46484375 * ized
17: 0.4453125 * schimb
18: 0.4453125 * In
19: 0.431640625 * The
20: 0.4296875 * interest
21: 0.423828125 * actiuni
22: 0.419921875 * dărui
23: 0.4140625 * –
24: 0.3984375 * Brown
25: 0.3984375 * Fertigung
26: 0.3984375 * 5%
27: 0.3984375 * -3
28: 0.39453125 * friend
29: 0.388671875 * 4%
30: 0.38671875 * adecvat
31: 0.384765625 * ation
32: 0.384765625 * DOT
33: 0.375 * about
34: 0.37109375 * Ho
35: 0.369140625 * Chuck
36: 0.361328125 * decizie
37: 0.361328125 * realizeaz
38: 0.359375 * imprumut
39: 0.357421875 * leg
40: 0.357421875 * does
41: 0.349609375 * abonament
42: 0.34765625 * stretch
43: 0.34765625 * ”
44: 0.345703125 * FC
45: 0.33984375 * able
46: 0.330078125 * staffed
47: 0.328125 * mâini
48: 0.326171875 * DB
49: 0.314453125 * cuplu
Total loss: 0.30235230922698975 = MSE Loss: 0.21153199672698975, 0.001 * Sparsity Loss: 91.0
Epoch: 2 batch_num: 98
0: 1.046875 * ements
1: 1.0234375 * valeur
2: 0.96875 * bebelus
3: 0.80078125 * misiune
4: 0.71484375 * tracking
5: 0.6171875 * does
6: 0.6015625 * mândr
7: 0.5625 * %
8: 0.55859375 * misiei
9: 0.546875 * miere
10: 0.546875 * comble
11: 0.546875 * imprumut
12: 0.54296875 * duty
13: 0.515625 * walk
14: 0.498046875 * acţiune
15: 0.46875 * erstellt
16: 0.462890625 * doamn
17: 0.462890625 * </s>
18: 0.462890625 * ized
19: 0.455078125 * stability
20: 0.453125 * realizate
21: 0.447265625 * in
22: 0.419921875 * trecută
23: 0.4140625 * St
24: 0.41015625 * side
25: 0.384765625 * Fertigung
26: 0.376953125 * pet
27: 0.376953125 * leg
28: 0.369140625 * )
29: 0.3671875 * of
30: 0.365234375 * able
31: 0.361328125 * abonament
32: 0.333984375 * 4%
33: 0.328125 * schimb
34: 0.328125 * actiuni
35: 0.328125 * strip
36: 0.326171875 * ATION
37: 0.32421875 * Transition
38: 0.3203125 * cuplu
39: 0.31640625 * /
40: 0.31640625 * "
41: 0.314453125 * friend
42: 0.314453125 * -3
43: 0.310546875 * Possibly
44: 0.310546875 * haltung
45: 0.30859375 * Ho
46: 0.306640625 * On
47: 0.3046875 * ears
48: 0.3046875 * interest
49: 0.3046875 * realizeaz
Total loss: 0.31568413972854614 = MSE Loss: 0.22877006232738495, 0.001 * Sparsity Loss: 87.0
Epoch: 2 batch_num: 99
0: 1.15625 * ements
1: 0.9140625 * valeur
2: 0.7890625 * mândr
3: 0.69140625 * bebelus
4: 0.65234375 * trecută
5: 0.56640625 * tracking
6: 0.5625 * IN
7: 0.55859375 * actiuni
8: 0.50390625 * stability
9: 0.478515625 * %
10: 0.458984375 * misiei
11: 0.453125 * duty
12: 0.423828125 * does
13: 0.421875 * comble
14: 0.408203125 * acţiune
15: 0.400390625 * erstellt
16: 0.380859375 * lovitur
17: 0.375 * misiune
18: 0.373046875 * pet
19: 0.36328125 * realizate
20: 0.33984375 * side
21: 0.3359375 * >
22: 0.333984375 * ncing
23: 0.328125 * ://
24: 0.326171875 * west
25: 0.32421875 * dogs
26: 0.32421875 * Fertigung
27: 0.32421875 * Transition
28: 0.322265625 * abonament
29: 0.3203125 * anului
30: 0.31640625 * leg
31: 0.314453125 * #
32: 0.3125 * St
33: 0.30859375 * dog
34: 0.302734375 * imprumut
35: 0.30078125 * ted
36: 0.30078125 * doesn
37: 0.298828125 * viziune
38: 0.294921875 * corespund
39: 0.291015625 * ears
40: 0.2890625 * constient
41: 0.287109375 * Territory
42: 0.287109375 * strip
43: 0.28515625 * OF
44: 0.283203125 * Possibly
45: 0.275390625 * The
46: 0.2734375 * ....
47: 0.271484375 * legs
48: 0.26953125 * be
49: 0.267578125 * )
Total loss: 0.2904930114746094 = MSE Loss: 0.21041488647460938, 0.001 * Sparsity Loss: 80.0
Epoch: 2 batch_num: 100
0: 0.91015625 * ements
1: 0.7734375 * realizeaz
2: 0.69140625 * dogs
3: 0.6640625 * IN
4: 0.62109375 * valeur
5: 0.609375 * trecută
6: 0.55078125 * west
7: 0.54296875 * dog
8: 0.5234375 * mândr
9: 0.51171875 * doesn
10: 0.4609375 * animal
11: 0.455078125 * walks
12: 0.453125 * OF
13: 0.44921875 * stability
14: 0.44140625 * In
15: 0.40234375 * Cooper
16: 0.3984375 * go
17: 0.3828125 * medium
18: 0.37109375 * Go
19: 0.37109375 * stick
20: 0.361328125 * 5%
21: 0.353515625 * anului
22: 0.353515625 * viziune
23: 0.345703125 * ted
24: 0.341796875 * tracking
25: 0.337890625 * lovitur
26: 0.337890625 * interest
27: 0.333984375 * doamn
28: 0.333984375 * ncing
29: 0.328125 * actiuni
30: 0.328125 * cărui
31: 0.326171875 * stepping
32: 0.32421875 * and
33: 0.3203125 * at
34: 0.306640625 * just
35: 0.3046875 * be
36: 0.3046875 * duty
37: 0.302734375 * %
38: 0.298828125 * #
39: 0.298828125 * stick
40: 0.294921875 * does
41: 0.29296875 * adecvat
42: 0.28515625 * misiune
43: 0.28125 * ling
44: 0.279296875 * >
45: 0.279296875 * day
46: 0.2734375 * DOT
47: 0.26953125 * of
48: 0.265625 * misiei
49: 0.263671875 * walk
Total loss: 0.2677028179168701 = MSE Loss: 0.18664813041687012, 0.001 * Sparsity Loss: 81.0
Epoch: 2 batch_num: 101
0: 0.7265625 * dogs
1: 0.65625 * realizeaz
2: 0.6328125 * misiune
3: 0.6015625 * dog
4: 0.59375 * doesn
5: 0.5859375 * doamn
6: 0.55078125 * IN
7: 0.546875 * animal
8: 0.51953125 * Cooper
9: 0.50390625 * west
10: 0.4765625 * ation
11: 0.4609375 * FC
12: 0.45703125 * go
13: 0.4375 * DOT
14: 0.435546875 * 5%
15: 0.43359375 * OF
16: 0.41015625 * interest
17: 0.384765625 * Go
18: 0.3828125 * schimb
19: 0.373046875 * miere
20: 0.359375 * In
21: 0.357421875 * cărui
22: 0.3515625 * walks
23: 0.34765625 * medium
24: 0.34375 * stick
25: 0.341796875 * ling
26: 0.33203125 * just
27: 0.330078125 * bebelus
28: 0.318359375 * ity
29: 0.31640625 * stepping
30: 0.314453125 * actiuni
31: 0.298828125 * day
32: 0.29296875 * stick
33: 0.2890625 * free
34: 0.287109375 * Chuck
35: 0.28125 * at
36: 0.279296875 * Mo
37: 0.27734375 * ://
38: 0.27734375 * ements
39: 0.275390625 * about
40: 0.2734375 * as
41: 0.26953125 * Din
42: 0.26171875 * ],
43: 0.26171875 * CR
44: 0.259765625 * AT
45: 0.259765625 * RE
46: 0.2578125 * erstellt
47: 0.25390625 * in
48: 0.248046875 * Brown
49: 0.248046875 * at
Total loss: 0.38364601135253906 = MSE Loss: 0.30307960510253906, 0.001 * Sparsity Loss: 80.5
Epoch: 2 batch_num: 102
0: 0.8203125 * ation
1: 0.76171875 * dogs
2: 0.69921875 * doesn
3: 0.69140625 * misiune
4: 0.6484375 * dog
5: 0.6015625 * FC
6: 0.58984375 * trecută
7: 0.5703125 * bebelus
8: 0.56640625 * Cooper
9: 0.5546875 * doamn
10: 0.53515625 * actiuni
11: 0.51171875 * ements
12: 0.4921875 * DOT
13: 0.482421875 * valeur
14: 0.466796875 * animal
15: 0.462890625 * Din
16: 0.4453125 * logy
17: 0.42578125 * schimb
18: 0.42578125 * ity
19: 0.40234375 * IN
20: 0.400390625 * west
21: 0.392578125 * West
22: 0.38671875 * miere
23: 0.38671875 * erstellt
24: 0.375 * good
25: 0.373046875 * tracking
26: 0.369140625 * In
27: 0.361328125 * Chuck
28: 0.359375 * leg
29: 0.357421875 * </s>
30: 0.353515625 * ears
31: 0.345703125 * OF
32: 0.34375 * dărui
33: 0.333984375 * interest
34: 0.32421875 * acţiune
35: 0.322265625 * din
36: 0.322265625 * stick
37: 0.318359375 * ling
38: 0.31640625 * spot
39: 0.31640625 * 5%
40: 0.314453125 * realizeaz
41: 0.3125 * Walking
42: 0.3046875 * best
43: 0.30078125 * mândr
44: 0.296875 * trouble
45: 0.294921875 * do
46: 0.2890625 * Walk
47: 0.28515625 * small
48: 0.283203125 * Pet
49: 0.283203125 * haltung
Total loss: 0.2866635024547577 = MSE Loss: 0.2012142837047577, 0.001 * Sparsity Loss: 85.5
Epoch: 2 batch_num: 103
0: 1.203125 * trecută
1: 0.98046875 * realizeaz
2: 0.94140625 * ation
3: 0.8046875 * valeur
4: 0.79296875 * ements
5: 0.765625 * </s>
6: 0.7578125 * bebelus
7: 0.70703125 * tracking
8: 0.5859375 * misiune
9: 0.52734375 * doesn
10: 0.5234375 * FC
11: 0.51171875 * dărui
12: 0.50390625 * actiuni
13: 0.5 * dog
14: 0.484375 * doamn
15: 0.458984375 * Cooper
16: 0.45703125 * dogs
17: 0.451171875 * 
18: 0.435546875 * DOT
19: 0.427734375 * logy
20: 0.40625 * cărui
21: 0.400390625 * schimb
22: 0.3984375 * West
23: 0.388671875 * walk
24: 0.388671875 * small
25: 0.38671875 * spot
26: 0.37890625 * Din
27: 0.376953125 * ears
28: 0.3671875 * %
29: 0.365234375 * anului
30: 0.365234375 * erstellt
31: 0.361328125 * haltung
32: 0.35546875 * leg
33: 0.35546875 * from
34: 0.35546875 * acţiune
35: 0.3515625 * Fertigung
36: 0.345703125 * echival
37: 0.34375 * trouble
38: 0.330078125 * miere
39: 0.330078125 * do
40: 0.330078125 * duty
41: 0.326171875 * oraş
42: 0.32421875 * Walk
43: 0.32421875 * -
44: 0.32421875 * realizate
45: 0.322265625 * "
46: 0.3203125 * pet
47: 0.318359375 * ţări
48: 0.318359375 * mâini
49: 0.314453125 * Walking
Total loss: 0.26798349618911743 = MSE Loss: 0.18399910628795624, 0.001 * Sparsity Loss: 84.0
Epoch: 2 batch_num: 104
0: 1.34375 * trecută
1: 1.0546875 * realizeaz
2: 0.8984375 * </s>
3: 0.86328125 * tracking
4: 0.8203125 * valeur
5: 0.78125 * bebelus
6: 0.71875 * ation
7: 0.62890625 * 
8: 0.59375 * ements
9: 0.484375 * path
10: 0.4609375 * duty
11: 0.45703125 * anului
12: 0.45703125 * Fertigung
13: 0.431640625 * dărui
14: 0.412109375 * IN
15: 0.400390625 * FC
16: 0.396484375 * lovitur
17: 0.392578125 * parinti
18: 0.384765625 * oraş
19: 0.3515625 * ity
20: 0.34765625 * walk
21: 0.330078125 * wait
22: 0.328125 * realizate
23: 0.328125 * cărui
24: 0.328125 * Wind
25: 0.326171875 * %
26: 0.3203125 * haltung
27: 0.31640625 * mâini
28: 0.314453125 * ]
29: 0.310546875 * -
30: 0.30859375 * trouble
31: 0.306640625 * spots
32: 0.306640625 * mândr
33: 0.298828125 * misiei
34: 0.298828125 * DOT
35: 0.296875 * walk
36: 0.291015625 * "
37: 0.287109375 * Do
38: 0.28125 * echival
39: 0.279296875 * Territory
40: 0.275390625 * pet
41: 0.271484375 * м
42: 0.26953125 * doamn
43: 0.267578125 * comble
44: 0.265625 * ţări
45: 0.263671875 * rând
46: 0.263671875 * joutez
47: 0.2578125 * Cooper
48: 0.2578125 * stick
49: 0.255859375 * walking
Total loss: 0.525222897529602 = MSE Loss: 0.44612130522727966, 0.001 * Sparsity Loss: 79.0
Epoch: 2 batch_num: 105
0: 1.1484375 * trecută
1: 0.89453125 * tracking
2: 0.796875 * </s>
3: 0.69921875 * ity
4: 0.64453125 * valeur
5: 0.6328125 * bebelus
6: 0.55859375 * IN
7: 0.546875 * walk
8: 0.52734375 * 
9: 0.515625 * Fertigung
10: 0.515625 * duty
11: 0.47265625 * realizeaz
12: 0.462890625 * path
13: 0.44140625 * -
14: 0.427734375 * misiune
15: 0.423828125 * walking
16: 0.408203125 * wait
17: 0.40625 * IN
18: 0.39453125 * mândr
19: 0.384765625 * anului
20: 0.384765625 * parinti
21: 0.361328125 * ized
22: 0.35546875 * Do
23: 0.3515625 * lovitur
24: 0.345703125 * RE
25: 0.341796875 * din
26: 0.328125 * oraş
27: 0.322265625 * dogs
28: 0.3125 * joutez
29: 0.30859375 * decizie
30: 0.306640625 * territory
31: 0.306640625 * day
32: 0.302734375 * Brown
33: 0.302734375 * interest
34: 0.294921875 * Speed
35: 0.283203125 * realizate
36: 0.28125 * ]
37: 0.27734375 * logy
38: 0.275390625 * ation
39: 0.2734375 * in
40: 0.26953125 * "
41: 0.26953125 * mâini
42: 0.267578125 * м
43: 0.26171875 * Cro
44: 0.259765625 * ATION
45: 0.259765625 * abonament
46: 0.255859375 * actiuni
47: 0.2470703125 * friend
48: 0.2421875 * .
49: 0.2412109375 * as
Total loss: 0.2902655601501465 = MSE Loss: 0.21311713755130768, 0.001 * Sparsity Loss: 77.0
Epoch: 2 batch_num: 106
0: 0.83984375 * tracking
1: 0.7578125 * ity
2: 0.72265625 * misiune
3: 0.70703125 * trecută
4: 0.63671875 * IN
5: 0.5703125 * ements
6: 0.55859375 * realizeaz
7: 0.5390625 * </s>
8: 0.52734375 * Fertigung
9: 0.50390625 * duty
10: 0.498046875 * din
11: 0.486328125 * walk
12: 0.466796875 * doesn
13: 0.455078125 * IN
14: 0.40234375 * logy
15: 0.40234375 * Din
16: 0.39453125 * walking
17: 0.390625 * 
18: 0.390625 * adecvat
19: 0.3828125 * bebelus
20: 0.365234375 * ling
21: 0.359375 * erstellt
22: 0.357421875 * -
23: 0.34765625 * wait
24: 0.341796875 * RE
25: 0.33984375 * territory
26: 0.330078125 * joutez
27: 0.32421875 * ating
28: 0.3203125 * and
29: 0.314453125 * schimb
30: 0.314453125 * valeur
31: 0.310546875 * dogs
32: 0.310546875 * echival
33: 0.30859375 * walks
34: 0.30859375 * miere
35: 0.294921875 * Do
36: 0.291015625 * doamn
37: 0.291015625 * stick
38: 0.2890625 * the
39: 0.283203125 * dărui
40: 0.283203125 * and
41: 0.28125 * ized
42: 0.279296875 * Run
43: 0.27734375 * best
44: 0.27734375 * path
45: 0.275390625 * Profile
46: 0.275390625 * parinti
47: 0.271484375 * stepping
48: 0.271484375 * at
49: 0.267578125 * acţiune
Total loss: 0.2639666199684143 = MSE Loss: 0.1853533536195755, 0.001 * Sparsity Loss: 78.5
Epoch: 2 batch_num: 107
0: 0.8984375 * realizeaz
1: 0.765625 * ements
2: 0.76171875 * tracking
3: 0.68359375 * misiune
4: 0.58984375 * adecvat
5: 0.57421875 * IN
6: 0.55859375 * actiuni
7: 0.5546875 * ity
8: 0.53515625 * walks
9: 0.498046875 * schimb
10: 0.498046875 * Fertigung
11: 0.484375 * din
12: 0.48046875 * doesn
13: 0.462890625 * and
14: 0.447265625 * mândr
15: 0.4453125 * echival
16: 0.427734375 * acţiune
17: 0.419921875 * duty
18: 0.41796875 * IN
19: 0.400390625 * dărui
20: 0.390625 * ling
21: 0.37109375 * Run
22: 0.3671875 * Din
23: 0.36328125 * ating
24: 0.353515625 * good
25: 0.328125 * stick
26: 0.318359375 * best
27: 0.31640625 * joutez
28: 0.31640625 * imprumut
29: 0.310546875 * stepping
30: 0.302734375 * in
31: 0.30078125 * FC
32: 0.296875 * the
33: 0.296875 * Command
34: 0.296875 * DOT
35: 0.29296875 * decizie
36: 0.291015625 * Day
37: 0.287109375 * territory
38: 0.287109375 * logy
39: 0.28515625 * ncing
40: 0.27734375 * miere
41: 0.27734375 * erstellt
42: 0.265625 * lovitur
43: 0.265625 * Profile
44: 0.263671875 * doamn
45: 0.26171875 * from
46: 0.255859375 * big
47: 0.2470703125 * CR
48: 0.2451171875 * breath
49: 0.244140625 * Dog
Total loss: 0.3089839816093445 = MSE Loss: 0.23281212151050568, 0.001 * Sparsity Loss: 76.0
Epoch: 2 batch_num: 108
0: 0.75390625 * actiuni
1: 0.71875 * realizeaz
2: 0.64453125 * ements
3: 0.59765625 * tracking
4: 0.5859375 * walks
5: 0.5859375 * schimb
6: 0.51171875 * adecvat
7: 0.50390625 * FC
8: 0.4921875 * mândr
9: 0.48828125 * trecută
10: 0.46875 * IN
11: 0.453125 * acţiune
12: 0.44921875 * ’
13: 0.435546875 * lovitur
14: 0.431640625 * decizie
15: 0.4296875 * Fertigung
16: 0.421875 * </s>
17: 0.416015625 * misiune
18: 0.392578125 * ized
19: 0.369140625 * doesn
20: 0.3671875 * echival
21: 0.353515625 * valeur
22: 0.353515625 * re
23: 0.3515625 * and
24: 0.34765625 * ability
25: 0.34765625 * Run
26: 0.34765625 * din
27: 0.34375 * ling
28: 0.341796875 * –
29: 0.322265625 * DOT
30: 0.314453125 * wind
31: 0.30859375 * dărui
32: 0.306640625 * Dog
33: 0.306640625 * haltung
34: 0.30078125 * ţări
35: 0.298828125 * the
36: 0.291015625 * comble
37: 0.283203125 * CR
38: 0.279296875 * duty
39: 0.27734375 * joutez
40: 0.26953125 * stick
41: 0.265625 * good
42: 0.263671875 * average
43: 0.2578125 * dogs
44: 0.2578125 * ating
45: 0.255859375 * Brown
46: 0.25390625 * friend
47: 0.25390625 * side
48: 0.25390625 * stepping
49: 0.2490234375 * trouble
Total loss: 0.23955784738063812 = MSE Loss: 0.16533909738063812, 0.001 * Sparsity Loss: 74.0
Epoch: 2 batch_num: 109
0: 0.7578125 * </s>
1: 0.62109375 * FC
2: 0.578125 * ized
3: 0.57421875 * actiuni
4: 0.49609375 * schimb
5: 0.458984375 * stick
6: 0.443359375 * lovitur
7: 0.443359375 * re
8: 0.431640625 * wind
9: 0.421875 * trecută
10: 0.412109375 * friend
11: 0.392578125 * walks
12: 0.390625 * side
13: 0.384765625 * tracking
14: 0.384765625 * imprumut
15: 0.37109375 * ST
16: 0.369140625 * ’
17: 0.34765625 * ţări
18: 0.345703125 * Brown
19: 0.33984375 * ability
20: 0.333984375 * realizate
21: 0.326171875 * clădiri
22: 0.32421875 * Fertigung
23: 0.31640625 * standard
24: 0.314453125 * animal
25: 0.3125 * acţiune
26: 0.310546875 * comble
27: 0.30859375 * haltung
28: 0.306640625 * IN
29: 0.30078125 * valeur
30: 0.294921875 * CR
31: 0.2890625 * м
32: 0.283203125 * trouble
33: 0.283203125 * IN
34: 0.27734375 * decizie
35: 0.267578125 * In
36: 0.265625 * On
37: 0.263671875 * ements
38: 0.259765625 * DOT
39: 0.2578125 * 
40: 0.2578125 * And
41: 0.255859375 * -
42: 0.25 * Do
43: 0.2451171875 * parinti
44: 0.240234375 * ,
45: 0.23828125 * cărui
46: 0.2373046875 * –
47: 0.2353515625 * spots
48: 0.234375 * From
49: 0.234375 * ution
Total loss: 0.3106483519077301 = MSE Loss: 0.2374061644077301, 0.001 * Sparsity Loss: 73.0
Epoch: 2 batch_num: 110
0: 0.9609375 * </s>
1: 0.63671875 * imprumut
2: 0.60546875 * FC
3: 0.5546875 * stick
4: 0.490234375 * ized
5: 0.435546875 * with
6: 0.42578125 * ST
7: 0.412109375 * ,
8: 0.408203125 * And
9: 0.40234375 * On
10: 0.390625 * misiune
11: 0.384765625 * miere
12: 0.3828125 * walk
13: 0.380859375 * realizate
14: 0.373046875 * and
15: 0.36328125 * Walk
16: 0.359375 * at
17: 0.357421875 * friend
18: 0.3515625 * 
19: 0.3515625 * grupului
20: 0.34765625 * dărui
21: 0.33984375 * ţări
22: 0.337890625 * From
23: 0.3359375 * mândr
24: 0.333984375 * and
25: 0.330078125 * AND
26: 0.326171875 * be
27: 0.326171875 * side
28: 0.32421875 * lovitur
29: 0.322265625 * from
30: 0.3203125 * wind
31: 0.31640625 * owner
32: 0.314453125 * re
33: 0.3046875 * м
34: 0.298828125 * ements
35: 0.298828125 * at
36: 0.298828125 * stability
37: 0.29296875 * foster
38: 0.29296875 * territory
39: 0.291015625 * of
40: 0.2890625 * clădiri
41: 0.28515625 * regiuni
42: 0.28515625 * standard
43: 0.27734375 * 5%
44: 0.2734375 * adecvat
45: 0.26953125 * и
46: 0.265625 * in
47: 0.263671875 * shedding
48: 0.263671875 * parinti
49: 0.26171875 * animal
Total loss: 0.23466598987579346 = MSE Loss: 0.15947067737579346, 0.001 * Sparsity Loss: 75.0
Epoch: 2 batch_num: 111
0: 0.84375 * </s>
1: 0.8125 * actiuni
2: 0.76171875 * trecută
3: 0.51171875 * stability
4: 0.5 * dărui
5: 0.48828125 * ements
6: 0.46875 * imprumut
7: 0.46484375 * FC
8: 0.453125 * Walk
9: 0.435546875 * и
10: 0.43359375 * -
11: 0.431640625 * stick
12: 0.42578125 * 5%
13: 0.39453125 * adecvat
14: 0.390625 * be
15: 0.390625 * grupului
16: 0.38671875 * with
17: 0.3828125 * ST
18: 0.376953125 * mândr
19: 0.369140625 * Wind
20: 0.365234375 * miere
21: 0.35546875 * misiune
22: 0.353515625 * and
23: 0.337890625 * realizate
24: 0.32421875 * ized
25: 0.32421875 * at
26: 0.322265625 * And
27: 0.318359375 * valeur
28: 0.3125 * Walking
29: 0.310546875 * walk
30: 0.310546875 * ation
31: 0.310546875 * territory
32: 0.30859375 * foster
33: 0.298828125 * ling
34: 0.294921875 * On
35: 0.28515625 * owner
36: 0.28515625 * Animal
37: 0.271484375 * AND
38: 0.26953125 * tracking
39: 0.26953125 * echival
40: 0.259765625 * regiuni
41: 0.2578125 * acţiune
42: 0.255859375 * medium
43: 0.255859375 * from
44: 0.251953125 * '
45: 0.248046875 * at
46: 0.24609375 * м
47: 0.244140625 * IN
48: 0.2431640625 * >
49: 0.2392578125 * 4%
Total loss: 0.26542961597442627 = MSE Loss: 0.19072259962558746, 0.001 * Sparsity Loss: 74.5
Epoch: 2 batch_num: 112
0: 1.25 * actiuni
1: 0.94140625 * trecută
2: 0.56640625 * Animal
3: 0.53515625 * -
4: 0.53515625 * </s>
5: 0.53515625 * tracking
6: 0.52734375 * stability
7: 0.49609375 * in
8: 0.423828125 * acţiune
9: 0.416015625 * dărui
10: 0.400390625 * medium
11: 0.396484375 * do
12: 0.396484375 * ements
13: 0.39453125 * и
14: 0.390625 * on
15: 0.3828125 * valeur
16: 0.37890625 * 5%
17: 0.376953125 * Walk
18: 0.35546875 * lovitur
19: 0.35546875 * -3
20: 0.3515625 * does
21: 0.34765625 * animal
22: 0.34765625 * Wind
23: 0.34375 * viziune
24: 0.318359375 * in
25: 0.31640625 * sustinut
26: 0.314453125 * <unk>
27: 0.310546875 * day
28: 0.30859375 * maşin
29: 0.30078125 * ://
30: 0.28515625 * FC
31: 0.28125 * Walking
32: 0.26953125 * Brown
33: 0.26953125 * grupului
34: 0.267578125 * AN
35: 0.265625 * of
36: 0.263671875 * path
37: 0.263671875 * IN
38: 0.26171875 * foster
39: 0.2578125 * .
40: 0.2578125 * by
41: 0.2578125 * on
42: 0.255859375 * the
43: 0.25390625 * 3
44: 0.251953125 * be
45: 0.251953125 * At
46: 0.2490234375 * dog
47: 0.2490234375 * Scout
48: 0.2451171875 * walk
49: 0.244140625 * mo
Total loss: 0.42721813917160034 = MSE Loss: 0.35104626417160034, 0.001 * Sparsity Loss: 76.0
Epoch: 2 batch_num: 113
0: 1.2578125 * actiuni
1: 0.65625 * trecută
2: 0.6484375 * Animal
3: 0.640625 * tracking
4: 0.60546875 * lovitur
5: 0.5703125 * imprumut
6: 0.55859375 * ://
7: 0.53515625 * animal
8: 0.53125 * misiune
9: 0.51953125 * in
10: 0.4765625 * on
11: 0.43359375 * decizie
12: 0.43359375 * stick
13: 0.4296875 * acţiune
14: 0.427734375 * dog
15: 0.388671875 * clădiri
16: 0.37109375 * AN
17: 0.359375 * walk
18: 0.359375 * Brown
19: 0.3515625 * be
20: 0.3515625 * -3
21: 0.322265625 * sustinut
22: 0.318359375 * spot
23: 0.314453125 * IN
24: 0.306640625 * "
25: 0.3046875 * day
26: 0.296875 * ?
27: 0.29296875 * small
28: 0.291015625 * able
29: 0.287109375 * Fertigung
30: 0.287109375 * valeur
31: 0.283203125 * medium
32: 0.283203125 * viziune
33: 0.28125 * running
34: 0.279296875 * dogs
35: 0.275390625 * at
36: 0.271484375 * logy
37: 0.271484375 * stability
38: 0.26953125 * )
39: 0.26953125 * haltung
40: 0.263671875 * go
41: 0.26171875 * и
42: 0.259765625 * walks
43: 0.259765625 * friend
44: 0.255859375 * walk
45: 0.255859375 * comble
46: 0.25 * parinti
47: 0.2490234375 * pets
48: 0.248046875 * ".
49: 0.248046875 * In
Total loss: 0.27883562445640564 = MSE Loss: 0.20022234320640564, 0.001 * Sparsity Loss: 78.5
Epoch: 2 batch_num: 114
0: 0.890625 * imprumut
1: 0.83203125 * actiuni
2: 0.71484375 * misiune
3: 0.65234375 * tracking
4: 0.63671875 * lovitur
5: 0.6015625 * stick
6: 0.57421875 * ements
7: 0.515625 * walk
8: 0.51171875 * decizie
9: 0.4921875 * Animal
10: 0.482421875 * animal
11: 0.45703125 * in
12: 0.435546875 * spot
13: 0.42578125 * small
14: 0.42578125 * In
15: 0.41796875 * logy
16: 0.41015625 * IN
17: 0.408203125 * adecvat
18: 0.3984375 * ized
19: 0.39453125 * on
20: 0.388671875 * ://
21: 0.3828125 * AN
22: 0.37890625 * mândr
23: 0.37890625 * clădiri
24: 0.376953125 * at
25: 0.369140625 * be
26: 0.365234375 * parinti
27: 0.361328125 * realizeaz
28: 0.35546875 * </s>
29: 0.33984375 * ţări
30: 0.337890625 * walking
31: 0.337890625 * acţiune
32: 0.3359375 * Fertigung
33: 0.333984375 * Speed
34: 0.326171875 * dog
35: 0.326171875 * walks
36: 0.314453125 * dărui
37: 0.298828125 * Col
38: 0.296875 * wind
39: 0.2890625 * go
40: 0.28125 * comble
41: 0.27734375 * trecută
42: 0.27734375 * haltung
43: 0.275390625 * able
44: 0.271484375 * Brown
45: 0.26953125 * begging
46: 0.2578125 * sustinut
47: 0.255859375 * Pitt
48: 0.25390625 * ).
49: 0.25390625 * românii
Total loss: 0.38139399886131287 = MSE Loss: 0.30424556136131287, 0.001 * Sparsity Loss: 77.0
Epoch: 2 batch_num: 115
0: 0.8671875 * imprumut
1: 0.828125 * ements
2: 0.6640625 * </s>
3: 0.64453125 * misiune
4: 0.59765625 * tracking
5: 0.54296875 * adecvat
6: 0.53515625 * dărui
7: 0.51953125 * lovitur
8: 0.5 * in
9: 0.484375 * valeur
10: 0.4296875 * stick
11: 0.412109375 * dogs
12: 0.3984375 * FC
13: 0.380859375 * ized
14: 0.375 * small
15: 0.37109375 * logy
16: 0.369140625 * parinti
17: 0.3671875 * ţări
18: 0.35546875 * trecută
19: 0.34375 * Fertigung
20: 0.33984375 * decizie
21: 0.337890625 * AN
22: 0.333984375 * ST
23: 0.330078125 * grupului
24: 0.326171875 * ”
25: 0.322265625 * walk
26: 0.322265625 * #
27: 0.322265625 * on
28: 0.318359375 * spot
29: 0.31640625 * и
30: 0.3125 * guest
31: 0.298828125 * doesn
32: 0.29296875 * >
33: 0.291015625 * ped
34: 0.287109375 * cărui
35: 0.283203125 * Day
36: 0.28125 * CR
37: 0.259765625 * walking
38: 0.259765625 * Speed
39: 0.2578125 * Cooper
40: 0.2578125 * path
41: 0.255859375 * ered
42: 0.25390625 * 5%
43: 0.25390625 * Pitt
44: 0.251953125 * medium
45: 0.251953125 * edge
46: 0.25 * strip
47: 0.25 * AND
48: 0.24609375 * on
49: 0.244140625 * :
Total loss: 0.26250743865966797 = MSE Loss: 0.18828867375850677, 0.001 * Sparsity Loss: 74.0
Epoch: 2 batch_num: 116
0: 1.09375 * actiuni
1: 0.75390625 * ements
2: 0.71484375 * realizeaz
3: 0.671875 * valeur
4: 0.61328125 * </s>
5: 0.59765625 * dogs
6: 0.5859375 * mândr
7: 0.5625 * wind
8: 0.546875 * dărui
9: 0.53125 * trecută
10: 0.498046875 * tracking
11: 0.48828125 * adecvat
12: 0.48828125 * FC
13: 0.478515625 * 
14: 0.46484375 * walk
15: 0.455078125 * legs
16: 0.447265625 * imprumut
17: 0.435546875 * и
18: 0.3671875 * transition
19: 0.359375 * The
20: 0.357421875 * grupului
21: 0.345703125 * misiune
22: 0.337890625 * walks
23: 0.337890625 * -
24: 0.333984375 * guest
25: 0.322265625 * speed
26: 0.3203125 * #
27: 0.318359375 * Fertigung
28: 0.314453125 * friend
29: 0.314453125 * ţări
30: 0.3046875 * anului
31: 0.30078125 * owner
32: 0.30078125 * cuplu
33: 0.298828125 * average
34: 0.294921875 * Dog
35: 0.294921875 * middle
36: 0.287109375 * interest
37: 0.28125 * big
38: 0.279296875 * >
39: 0.2734375 * animal
40: 0.271484375 * ITY
41: 0.267578125 * Animal
42: 0.267578125 * ized
43: 0.265625 * :
44: 0.265625 * din
45: 0.26171875 * lovitur
46: 0.26171875 * CR
47: 0.2578125 * go
48: 0.255859375 * Brown
49: 0.25390625 * mâini
Total loss: 0.27404582500457764 = MSE Loss: 0.19543252885341644, 0.001 * Sparsity Loss: 78.5
Epoch: 2 batch_num: 117
0: 1.7109375 * actiuni
1: 1.046875 * realizeaz
2: 0.859375 * 
3: 0.796875 * wind
4: 0.6953125 * mândr
5: 0.69140625 * -
6: 0.65234375 * legs
7: 0.59765625 * valeur
8: 0.5390625 * walk
9: 0.53125 * walks
10: 0.490234375 * speed
11: 0.48046875 * /
12: 0.46484375 * FC
13: 0.458984375 * middle
14: 0.44921875 * Animal
15: 0.44921875 * </s>
16: 0.43359375 * trecută
17: 0.4296875 * ements
18: 0.4296875 * transition
19: 0.427734375 * animal
20: 0.4140625 * и
21: 0.412109375 * cuplu
22: 0.40625 * Brown
23: 0.404296875 * big
24: 0.400390625 * friend
25: 0.388671875 * on
26: 0.380859375 * The
27: 0.380859375 * and
28: 0.369140625 * In
29: 0.365234375 * on
30: 0.353515625 * of
31: 0.3515625 * in
32: 0.337890625 * Territory
33: 0.326171875 * stick
34: 0.31640625 * an
35: 0.31640625 * begging
36: 0.302734375 * dogs
37: 0.296875 * adecvat
38: 0.294921875 * local
39: 0.287109375 * cărui
40: 0.28125 * imprumut
41: 0.279296875 * Wir
42: 0.279296875 * the
43: 0.279296875 * acţiune
44: 0.279296875 * average
45: 0.27734375 * staffed
46: 0.2734375 * grupului
47: 0.2734375 * IN
48: 0.2734375 * and
49: 0.271484375 * tracking
Total loss: 0.4132826328277588 = MSE Loss: 0.3302748203277588, 0.001 * Sparsity Loss: 83.0
Epoch: 2 batch_num: 118
0: 1.8515625 * actiuni
1: 0.6875 * wind
2: 0.6328125 * 
3: 0.6171875 * realizeaz
4: 0.546875 * legs
5: 0.5 * imprumut
6: 0.482421875 * mândr
7: 0.4453125 * St
8: 0.4453125 * middle
9: 0.435546875 * walks
10: 0.435546875 * speed
11: 0.431640625 * cuplu
12: 0.4140625 * Scout
13: 0.404296875 * Brown
14: 0.40234375 * Animal
15: 0.40234375 * in
16: 0.40234375 * valeur
17: 0.400390625 * viziune
18: 0.390625 * transition
19: 0.38671875 * и
20: 0.380859375 * stick
21: 0.376953125 * with
22: 0.373046875 * cărui
23: 0.37109375 * walk
24: 0.369140625 * comble
25: 0.36328125 * -
26: 0.3515625 * animal
27: 0.349609375 * on
28: 0.34765625 * pets
29: 0.34375 * dogs
30: 0.337890625 * friend
31: 0.333984375 * Wir
32: 0.33203125 * Territory
33: 0.326171875 * logy
34: 0.31640625 * IN
35: 0.306640625 * misiune
36: 0.3046875 * acţiune
37: 0.3046875 * Fox
38: 0.30078125 * FC
39: 0.291015625 * lovitur
40: 0.291015625 * big
41: 0.2890625 * dărui
42: 0.2890625 * fit
43: 0.28515625 * Dog
44: 0.28515625 * sustinut
45: 0.28125 * </s>
46: 0.275390625 * Din
47: 0.2734375 * spots
48: 0.263671875 * aprobare
49: 0.26171875 * running
Total loss: 0.2604979872703552 = MSE Loss: 0.18334954977035522, 0.001 * Sparsity Loss: 77.0
Epoch: 2 batch_num: 119
0: 1.5234375 * actiuni
1: 0.5234375 * dogs
2: 0.5078125 * trecută
3: 0.47265625 * in
4: 0.470703125 * St
5: 0.46875 * ements
6: 0.4609375 * imprumut
7: 0.443359375 * dărui
8: 0.4296875 * Dog
9: 0.419921875 * wind
10: 0.416015625 * )
11: 0.390625 * Scout
12: 0.390625 * with
13: 0.37890625 * spots
14: 0.375 * fit
15: 0.37109375 * interest
16: 0.369140625 * comble
17: 0.3515625 * realizeaz
18: 0.349609375 * legs
19: 0.337890625 * ized
20: 0.330078125 * Wir
21: 0.328125 * /
22: 0.3203125 * (
23: 0.3125 * IN
24: 0.310546875 * Wind
25: 0.306640625 * '
26: 0.3046875 * around
27: 0.30078125 * lovitur
28: 0.30078125 * ation
29: 0.30078125 * mândr
30: 0.298828125 * PR
31: 0.294921875 * ST
32: 0.291015625 * ://
33: 0.28515625 * the
34: 0.283203125 * West
35: 0.283203125 * parinti
36: 0.28125 * middle
37: 0.27734375 * Din
38: 0.275390625 * ,
39: 0.275390625 * Brown
40: 0.275390625 * Ross
41: 0.275390625 * asigură
42: 0.2734375 * doesn
43: 0.2734375 * Fox
44: 0.271484375 * misiune
45: 0.26953125 * path
46: 0.265625 * viziune
47: 0.263671875 * ’
48: 0.26171875 * и
49: 0.26171875 * on
Total loss: 0.36137229204177856 = MSE Loss: 0.28617697954177856, 0.001 * Sparsity Loss: 75.0
Epoch: 2 batch_num: 120
0: 0.87890625 * actiuni
1: 0.71484375 * trecută
2: 0.6171875 * mândr
3: 0.53125 * valeur
4: 0.52734375 * realizeaz
5: 0.4140625 * Ross
6: 0.365234375 * guest
7: 0.359375 * ements
8: 0.359375 * Wind
9: 0.353515625 * #
10: 0.349609375 * fit
11: 0.34765625 * Dog
12: 0.34375 * dărui
13: 0.33984375 * ţări
14: 0.337890625 * ears
15: 0.322265625 * dogs
16: 0.322265625 * ation
17: 0.322265625 * big
18: 0.306640625 * interest
19: 0.306640625 * lation
20: 0.3046875 * grupului
21: 0.3046875 * parinti
22: 0.3046875 * breath
23: 0.302734375 * spots
24: 0.298828125 * around
25: 0.291015625 * (
26: 0.291015625 * asigură
27: 0.2890625 * on
28: 0.2890625 * on
29: 0.283203125 * comble
30: 0.28125 * #
31: 0.275390625 * Speed
32: 0.26953125 * anului
33: 0.26953125 * ted
34: 0.26953125 * good
35: 0.267578125 * Wir
36: 0.267578125 * and
37: 0.265625 * does
38: 0.265625 * ized
39: 0.265625 * erstellt
40: 0.263671875 * tracking
41: 0.2578125 * At
42: 0.25390625 * ://
43: 0.25 * 3,
44: 0.25 * ST
45: 0.2392578125 * /
46: 0.236328125 * </s>
47: 0.2353515625 * ON
48: 0.2333984375 * Cooper
49: 0.2333984375 * do
Total loss: 0.2561051845550537 = MSE Loss: 0.1838395595550537, 0.001 * Sparsity Loss: 72.5
Epoch: 2 batch_num: 121
0: 0.72265625 * valeur
1: 0.59765625 * trecută
2: 0.546875 * misiune
3: 0.5078125 * pets
4: 0.458984375 * big
5: 0.423828125 * imprumut
6: 0.419921875 * #
7: 0.40625 * good
8: 0.40234375 * ţări
9: 0.3984375 * Ross
10: 0.35546875 * Brown
11: 0.349609375 * dog
12: 0.349609375 * lation
13: 0.34765625 * #
14: 0.337890625 * in
15: 0.326171875 * -
16: 0.3203125 * with
17: 0.314453125 * guest
18: 0.310546875 * Day
19: 0.302734375 * ted
20: 0.302734375 * grupului
21: 0.294921875 * :
22: 0.294921875 * mândr
23: 0.291015625 * walk
24: 0.28125 * owner
25: 0.28125 * cărui
26: 0.279296875 * Possibly
27: 0.27734375 * invested
28: 0.275390625 * path
29: 0.275390625 * adecvat
30: 0.271484375 * Speed
31: 0.26953125 * around
32: 0.265625 * Run
33: 0.265625 * acţiune
34: 0.265625 * 5%
35: 0.2578125 * dogs
36: 0.2578125 * cuplu
37: 0.2578125 * fit
38: 0.255859375 * walks
39: 0.255859375 * mâini
40: 0.255859375 * erstellt
41: 0.25390625 * ears
42: 0.25390625 * asigură
43: 0.25 * Wind
44: 0.2490234375 * in
45: 0.2451171875 * animal
46: 0.244140625 * ”,
47: 0.244140625 * (
48: 0.240234375 * 3,
49: 0.240234375 * ST
Total loss: 0.4500941336154938 = MSE Loss: 0.3788050711154938, 0.001 * Sparsity Loss: 71.5
Epoch: 2 batch_num: 122
0: 0.79296875 * misiune
1: 0.74609375 * valeur
2: 0.6796875 * imprumut
3: 0.609375 * realizeaz
4: 0.5859375 * dog
5: 0.53515625 * path
6: 0.5234375 * actiuni
7: 0.5 * Brown
8: 0.494140625 * walks
9: 0.458984375 * dogs
10: 0.4296875 * pets
11: 0.42578125 * dărui
12: 0.421875 * acţiune
13: 0.416015625 * good
14: 0.404296875 * Scout
15: 0.400390625 * with
16: 0.396484375 * mândr
17: 0.392578125 * big
18: 0.390625 * owner
19: 0.388671875 * ţări
20: 0.384765625 * walk
21: 0.380859375 * #
22: 0.37109375 * interest
23: 0.361328125 * decizie
24: 0.361328125 * invested
25: 0.353515625 * ],
26: 0.33984375 * logy
27: 0.3359375 * #
28: 0.328125 * middle
29: 0.31640625 * adecvat
30: 0.3046875 * Run
31: 0.298828125 * -
32: 0.296875 * Territory
33: 0.296875 * Possibly
34: 0.296875 * in
35: 0.28515625 * mâini
36: 0.283203125 * legs
37: 0.28125 * Day
38: 0.27734375 * 
39: 0.263671875 * territory
40: 0.259765625 * pace
41: 0.259765625 * lation
42: 0.2578125 * :
43: 0.255859375 * does
44: 0.25 * Dog
45: 0.24609375 * Ross
46: 0.2431640625 * AT
47: 0.2373046875 * 5%
48: 0.2294921875 * do
49: 0.2255859375 * viziune
Total loss: 0.32606956362724304 = MSE Loss: 0.25233909487724304, 0.001 * Sparsity Loss: 73.5
Epoch: 2 batch_num: 123
0: 0.6875 * misiune
1: 0.6640625 * trecută
2: 0.6171875 * valeur
3: 0.58984375 * imprumut
4: 0.57421875 * cărui
5: 0.5703125 * dog
6: 0.54296875 * interest
7: 0.5 * </s>
8: 0.5 * realizeaz
9: 0.490234375 * Brown
10: 0.470703125 * running
11: 0.45703125 * dărui
12: 0.44921875 * acţiune
13: 0.439453125 * path
14: 0.435546875 * walks
15: 0.404296875 * 
16: 0.396484375 * erstellt
17: 0.392578125 * mândr
18: 0.392578125 * logy
19: 0.3828125 * decizie
20: 0.35546875 * Territory
21: 0.353515625 * from
22: 0.34375 * In
23: 0.337890625 * Scout
24: 0.33203125 * good
25: 0.328125 * ],
26: 0.322265625 * ST
27: 0.3203125 * owner
28: 0.3203125 * actiuni
29: 0.31640625 * Wind
30: 0.30859375 * invested
31: 0.298828125 * In
32: 0.298828125 * IN
33: 0.298828125 * doesn
34: 0.298828125 * legs
35: 0.294921875 * dogs
36: 0.294921875 * AT
37: 0.28515625 * Dog
38: 0.27734375 * ity
39: 0.275390625 * ".
40: 0.2734375 * ://
41: 0.26953125 * parinti
42: 0.265625 * medium
43: 0.265625 * ţări
44: 0.265625 * middle
45: 0.259765625 * walk
46: 0.259765625 * small
47: 0.255859375 * mâini
48: 0.25390625 * stick
49: 0.25390625 * haltung
Total loss: 0.3251434564590454 = MSE Loss: 0.2514129877090454, 0.001 * Sparsity Loss: 73.5
Epoch: 2 batch_num: 124
0: 1.109375 * trecută
1: 0.8515625 * </s>
2: 0.84765625 * cărui
3: 0.625 * erstellt
4: 0.6015625 * running
5: 0.59375 * 
6: 0.515625 * pets
7: 0.5078125 * interest
8: 0.4765625 * from
9: 0.451171875 * doesn
10: 0.4375 * medium
11: 0.4296875 * parinti
12: 0.42578125 * ity
13: 0.416015625 * ST
14: 0.3984375 * Wind
15: 0.390625 * ped
16: 0.369140625 * acţiune
17: 0.365234375 * misiune
18: 0.357421875 * dărui
19: 0.353515625 * Brown
20: 0.353515625 * ears
21: 0.31640625 * walks
22: 0.314453125 * Ross
23: 0.314453125 * AT
24: 0.302734375 * small
25: 0.30078125 * In
26: 0.298828125 * dog
27: 0.29296875 * leg
28: 0.291015625 * valeur
29: 0.2734375 * Territory
30: 0.271484375 * ".
31: 0.26953125 * on
32: 0.265625 * haltung
33: 0.259765625 * DB
34: 0.259765625 * day
35: 0.25390625 * dogs
36: 0.25 * Pet
37: 0.25 * adecvat
38: 0.24609375 * anului
39: 0.23828125 * и
40: 0.234375 * logy
41: 0.2333984375 * lation
42: 0.2314453125 * ."
43: 0.23046875 * ],
44: 0.2294921875 * path
45: 0.228515625 * average
46: 0.2275390625 * staffed
47: 0.224609375 * go
48: 0.2236328125 * ]
49: 0.2236328125 * 5%
Total loss: 0.27321651577949524 = MSE Loss: 0.20388057827949524, 0.001 * Sparsity Loss: 69.5
Epoch: 2 batch_num: 125
0: 0.95703125 * trecută
1: 0.8984375 * </s>
2: 0.78125 * pets
3: 0.73828125 * mândr
4: 0.6484375 * cărui
5: 0.59375 * running
6: 0.55859375 * erstellt
7: 0.55078125 * dogs
8: 0.5078125 * viziune
9: 0.50390625 * imprumut
10: 0.484375 * 
11: 0.47265625 * from
12: 0.462890625 * Ross
13: 0.447265625 * doesn
14: 0.4453125 * ped
15: 0.42578125 * parinti
16: 0.416015625 * ST
17: 0.400390625 * ity
18: 0.396484375 * medium
19: 0.380859375 * lation
20: 0.37109375 * West
21: 0.34765625 * staffed
22: 0.34375 * )
23: 0.34375 * и
24: 0.34375 * ears
25: 0.333984375 * local
26: 0.330078125 * realizeaz
27: 0.322265625 * interest
28: 0.318359375 * Speed
29: 0.3125 * ://
30: 0.306640625 * 5%
31: 0.291015625 * IN
32: 0.287109375 * Pet
33: 0.28125 * PR
34: 0.28125 * guest
35: 0.279296875 * decizie
36: 0.2734375 * walk
37: 0.2734375 * #
38: 0.263671875 * ]
39: 0.26171875 * adecvat
40: 0.259765625 * "
41: 0.259765625 * valeur
42: 0.2578125 * west
43: 0.2578125 * duty
44: 0.255859375 * day
45: 0.25390625 * owner
46: 0.25390625 * do
47: 0.251953125 * small
48: 0.2490234375 * >
49: 0.2470703125 * path
Total loss: 0.27949777245521545 = MSE Loss: 0.20479074120521545, 0.001 * Sparsity Loss: 74.5
Epoch: 2 batch_num: 126
0: 0.9296875 * mândr
1: 0.80859375 * imprumut
2: 0.7734375 * </s>
3: 0.75390625 * viziune
4: 0.66015625 * pets
5: 0.55859375 * dogs
6: 0.5390625 * IN
7: 0.51953125 * dărui
8: 0.5078125 * valeur
9: 0.466796875 * Ross
10: 0.453125 * decizie
11: 0.4375 * misiune
12: 0.40234375 * actiuni
13: 0.400390625 * walk
14: 0.3984375 * running
15: 0.388671875 * )
16: 0.384765625 * ://
17: 0.3828125 * trecută
18: 0.3828125 * ţări
19: 0.380859375 * path
20: 0.375 * "
21: 0.375 * and
22: 0.373046875 * owner
23: 0.36328125 * lation
24: 0.361328125 * pace
25: 0.35546875 * Speed
26: 0.3515625 * ped
27: 0.333984375 * West
28: 0.33203125 * big
29: 0.328125 * staffed
30: 0.328125 * local
31: 0.322265625 * и
32: 0.322265625 * parinti
33: 0.31640625 * Possibly
34: 0.294921875 * 
35: 0.294921875 * #
36: 0.29296875 * FC
37: 0.291015625 * erstellt
38: 0.28515625 * guest
39: 0.28125 * #
40: 0.28125 * doesn
41: 0.28125 * licensed
42: 0.279296875 * invested
43: 0.263671875 * CC
44: 0.26171875 * BS
45: 0.26171875 * west
46: 0.26171875 * wind
47: 0.26171875 * maşin
48: 0.25 * 5%
49: 0.2451171875 * duty
Total loss: 0.30845391750335693 = MSE Loss: 0.23472346365451813, 0.001 * Sparsity Loss: 73.5
Epoch: 2 batch_num: 127
0: 0.76953125 * dărui
1: 0.765625 * viziune
2: 0.7421875 * cărui
3: 0.72265625 * imprumut
4: 0.6484375 * realizeaz
5: 0.63671875 * mândr
6: 0.58984375 * valeur
7: 0.447265625 * actiuni
8: 0.435546875 * </s>
9: 0.427734375 * ţări
10: 0.41015625 * misiune
11: 0.408203125 * trecută
12: 0.39453125 * interest
13: 0.390625 * Ross
14: 0.38671875 * clădiri
15: 0.376953125 * walk
16: 0.37109375 * pace
17: 0.369140625 * ITY
18: 0.365234375 * big
19: 0.359375 * acţiune
20: 0.353515625 * Possibly
21: 0.341796875 * IN
22: 0.33984375 * FC
23: 0.333984375 * Speed
24: 0.330078125 * decizie
25: 0.32421875 * wind
26: 0.322265625 * day
27: 0.3203125 * ist
28: 0.298828125 * owner
29: 0.291015625 * pets
30: 0.28515625 * grupului
31: 0.27734375 * )
32: 0.271484375 * strip
33: 0.271484375 * has
34: 0.271484375 * Command
35: 0.26953125 * run
36: 0.267578125 * dogs
37: 0.267578125 * lation
38: 0.265625 * #
39: 0.263671875 * :
40: 0.26171875 * at
41: 0.2578125 * stick
42: 0.255859375 * and
43: 0.251953125 * isierung
44: 0.25 * Dis
45: 0.248046875 * "
46: 0.2470703125 * in
47: 0.24609375 * Wind
48: 0.2451171875 * territory
49: 0.2431640625 * brown
Total loss: 0.27210110425949097 = MSE Loss: 0.19885893166065216, 0.001 * Sparsity Loss: 73.0
Epoch: 2 batch_num: 128
0: 1.109375 * cărui
1: 0.828125 * dărui
2: 0.67578125 * realizeaz
3: 0.6328125 * trecută
4: 0.59375 * interest
5: 0.55078125 * ements
6: 0.546875 * viziune
7: 0.466796875 * day
8: 0.462890625 * valeur
9: 0.412109375 * stick
10: 0.3984375 * erstellt
11: 0.3984375 * clădiri
12: 0.388671875 * ţări
13: 0.388671875 * Command
14: 0.38671875 * and
15: 0.375 * dogs
16: 0.375 * acţiune
17: 0.361328125 * :
18: 0.349609375 * walk
19: 0.345703125 * ITY
20: 0.345703125 * big
21: 0.34375 * West
22: 0.3359375 * imprumut
23: 0.330078125 * ATION
24: 0.328125 * ist
25: 0.328125 * medium
26: 0.32421875 * anului
27: 0.32421875 * does
28: 0.31640625 * run
29: 0.3125 * /
30: 0.310546875 * isierung
31: 0.296875 * pet
32: 0.29296875 * Summer
33: 0.2890625 * haltung
34: 0.287109375 * territory
35: 0.28515625 * Possibly
36: 0.283203125 * IN
37: 0.28125 * petrecut
38: 0.275390625 * Speed
39: 0.271484375 * corespund
40: 0.265625 * doesn
41: 0.263671875 * Dog
42: 0.2578125 * pets
43: 0.255859375 * FC
44: 0.2490234375 * AT
45: 0.24609375 * ears
46: 0.2431640625 * in
47: 0.2412109375 * walking
48: 0.2412109375 * Brown
49: 0.2392578125 * Dis
Total loss: 0.2971843481063843 = MSE Loss: 0.22638358175754547, 0.001 * Sparsity Loss: 71.0
Epoch: 2 batch_num: 129
0: 1.109375 * cărui
1: 0.81640625 * ements
2: 0.68359375 * actiuni
3: 0.65625 * dărui
4: 0.62890625 * interest
5: 0.5625 * walk
6: 0.55078125 * decizie
7: 0.53515625 * </s>
8: 0.47265625 * West
9: 0.443359375 * and
10: 0.4296875 * misiune
11: 0.423828125 * /
12: 0.41015625 * dogs
13: 0.3984375 * erstellt
14: 0.39453125 * Command
15: 0.39453125 * day
16: 0.392578125 * St
17: 0.3828125 * trecută
18: 0.375 * ATION
19: 0.341796875 * and
20: 0.33984375 * guest
21: 0.326171875 * wind
22: 0.3203125 * pets
23: 0.318359375 * side
24: 0.30859375 * Col
25: 0.306640625 * :
26: 0.3046875 * isierung
27: 0.3046875 * ţări
28: 0.296875 * ://
29: 0.296875 * cuplu
30: 0.294921875 * haltung
31: 0.291015625 * petrecut
32: 0.2890625 * Summer
33: 0.279296875 * anului
34: 0.27734375 * animal
35: 0.275390625 * medium
36: 0.275390625 * doesn
37: 0.2734375 * Dog
38: 0.2734375 * stick
39: 0.267578125 * spots
40: 0.263671875 * constient
41: 0.26171875 * ”
42: 0.259765625 * DB
43: 0.259765625 * stick
44: 0.2578125 * stability
45: 0.25390625 * abonament
46: 0.25 * ation
47: 0.248046875 * territory
48: 0.24609375 * walks
49: 0.2451171875 * Wind
Total loss: 0.32463955879211426 = MSE Loss: 0.24895597994327545, 0.001 * Sparsity Loss: 75.5
Epoch: 2 batch_num: 130
0: 0.94140625 * </s>
1: 0.9296875 * actiuni
2: 0.82421875 * cărui
3: 0.80078125 * decizie
4: 0.7890625 * St
5: 0.69921875 * misiune
6: 0.66796875 * ements
7: 0.546875 * West
8: 0.53125 * guest
9: 0.5 * viziune
10: 0.4921875 * interest
11: 0.47265625 * walk
12: 0.4140625 * imprumut
13: 0.375 * #
14: 0.365234375 * /
15: 0.359375 * valeur
16: 0.359375 * and
17: 0.357421875 * bebelus
18: 0.349609375 * wind
19: 0.326171875 * invested
20: 0.32421875 * at
21: 0.3125 * and
22: 0.30859375 * breath
23: 0.302734375 * DB
24: 0.298828125 * In
25: 0.294921875 * -
26: 0.2890625 * on
27: 0.283203125 * owner
28: 0.283203125 * At
29: 0.28125 * stick
30: 0.275390625 * <unk>
31: 0.271484375 * at
32: 0.26953125 * parinti
33: 0.267578125 * Profile
34: 0.267578125 * from
35: 0.267578125 * dărui
36: 0.26171875 * strip
37: 0.259765625 * th
38: 0.25390625 * Command
39: 0.251953125 * :
40: 0.251953125 * Strip
41: 0.2470703125 * Wind
42: 0.24609375 * ped
43: 0.24609375 * abonament
44: 0.2421875 * spot
45: 0.240234375 * doesn
46: 0.23828125 * animal
47: 0.23828125 * Guest
48: 0.236328125 * And
49: 0.232421875 * miere
Total loss: 0.39073723554611206 = MSE Loss: 0.31651848554611206, 0.001 * Sparsity Loss: 74.0
Epoch: 2 batch_num: 131
0: 1.1875 * </s>
1: 0.81640625 * viziune
2: 0.80078125 * St
3: 0.79296875 * actiuni
4: 0.77734375 * decizie
5: 0.67578125 * misiune
6: 0.59375 * valeur
7: 0.5390625 * guest
8: 0.474609375 * dog
9: 0.419921875 * dogs
10: 0.419921875 * In
11: 0.400390625 * IN
12: 0.39453125 * -
13: 0.39453125 * #
14: 0.380859375 * ATION
15: 0.375 * strip
16: 0.353515625 * cărui
17: 0.34765625 * clădiri
18: 0.3203125 * grupului
19: 0.3203125 * and
20: 0.318359375 * big
21: 0.31640625 * mândr
22: 0.31640625 * stick
23: 0.310546875 * bebelus
24: 0.30859375 * ation
25: 0.306640625 * Profile
26: 0.30078125 * imprumut
27: 0.296875 * Do
28: 0.291015625 * dărui
29: 0.28515625 * Strip
30: 0.27734375 * DB
31: 0.275390625 * medium
32: 0.275390625 * at
33: 0.271484375 * 
34: 0.265625 * West
35: 0.26171875 * ements
36: 0.26171875 * breath
37: 0.259765625 * Dog
38: 0.255859375 * able
39: 0.25390625 * invested
40: 0.251953125 * ’
41: 0.2490234375 * owner
42: 0.2412109375 * pets
43: 0.23828125 * of
44: 0.2353515625 * edge
45: 0.2353515625 * OF
46: 0.2353515625 * realizeaz
47: 0.232421875 * on
48: 0.2314453125 * erstellt
49: 0.2265625 * parinti
Total loss: 0.28806209564208984 = MSE Loss: 0.21628476679325104, 0.001 * Sparsity Loss: 72.0
Epoch: 2 batch_num: 132
0: 1.09375 * </s>
1: 0.90234375 * viziune
2: 0.58984375 * valeur
3: 0.54296875 * dărui
4: 0.5234375 * St
5: 0.474609375 * spots
6: 0.46484375 * ATION
7: 0.447265625 * decizie
8: 0.431640625 * dog
9: 0.412109375 * /
10: 0.412109375 * misiune
11: 0.38671875 * erstellt
12: 0.3828125 * guest
13: 0.376953125 * Wind
14: 0.357421875 * dogs
15: 0.357421875 * grupului
16: 0.34765625 * west
17: 0.345703125 * in
18: 0.33984375 * ements
19: 0.33984375 * interest
20: 0.328125 * medium
21: 0.326171875 * Col
22: 0.31640625 * big
23: 0.314453125 * animal
24: 0.3125 * clădiri
25: 0.30859375 * run
26: 0.3046875 * #
27: 0.3046875 * cărui
28: 0.29296875 * ist
29: 0.29296875 * strip
30: 0.2890625 * edge
31: 0.2890625 * OF
32: 0.287109375 * AN
33: 0.283203125 * Speed
34: 0.28125 * IN
35: 0.2734375 * Profile
36: 0.271484375 * Animal
37: 0.265625 * Dis
38: 0.263671875 * ],
39: 0.2578125 * –
40: 0.2578125 * ITY
41: 0.2578125 * wind
42: 0.2578125 * command
43: 0.255859375 * corespund
44: 0.255859375 * pets
45: 0.25390625 * Dog
46: 0.2392578125 * ://
47: 0.2314453125 * Strip
48: 0.2255859375 * territory
49: 0.2216796875 * does
Total loss: 0.3047427833080292 = MSE Loss: 0.23687168955802917, 0.001 * Sparsity Loss: 68.0
Epoch: 2 batch_num: 133
0: 0.8671875 * </s>
1: 0.8203125 * viziune
2: 0.8125 * realizeaz
3: 0.76171875 * dărui
4: 0.71484375 * /
5: 0.7109375 * cărui
6: 0.640625 * imprumut
7: 0.5703125 * in
8: 0.5625 * interest
9: 0.546875 * erstellt
10: 0.52734375 * spots
11: 0.51953125 * ements
12: 0.46484375 * mândr
13: 0.455078125 * in
14: 0.451171875 * Col
15: 0.443359375 * stick
16: 0.431640625 * valeur
17: 0.419921875 * –
18: 0.416015625 * animal
19: 0.416015625 * 
20: 0.404296875 * Ross
21: 0.392578125 * path
22: 0.392578125 * echival
23: 0.390625 * Wind
24: 0.384765625 * bebelus
25: 0.376953125 * actiuni
26: 0.369140625 * -
27: 0.361328125 * invested
28: 0.35546875 * maşin
29: 0.3515625 * and
30: 0.341796875 * breath
31: 0.33203125 * does
32: 0.33203125 * doesn
33: 0.328125 * ITY
34: 0.32421875 * do
35: 0.318359375 * dogs
36: 0.31640625 * grupului
37: 0.3125 * Walk
38: 0.3125 * ist
39: 0.3125 * ity
40: 0.310546875 * run
41: 0.30078125 * и
42: 0.296875 * about
43: 0.29296875 * ţări
44: 0.28515625 * spot
45: 0.28515625 * dosar
46: 0.283203125 * wind
47: 0.275390625 * In
48: 0.2734375 * trecută
49: 0.267578125 * medium
Total loss: 0.2890501618385315 = MSE Loss: 0.2109251469373703, 0.001 * Sparsity Loss: 78.0
Epoch: 2 batch_num: 134
0: 0.97265625 * imprumut
1: 0.859375 * cărui
2: 0.703125 * dărui
3: 0.69921875 * Ross
4: 0.60546875 * </s>
5: 0.6015625 * viziune
6: 0.59765625 * realizeaz
7: 0.56640625 * decizie
8: 0.55859375 * interest
9: 0.55078125 * maşin
10: 0.52734375 * invested
11: 0.51953125 * ements
12: 0.515625 * stick
13: 0.5078125 * bebelus
14: 0.50390625 * /
15: 0.498046875 * actiuni
16: 0.4453125 * path
17: 0.4296875 * :
18: 0.421875 * erstellt
19: 0.41015625 * about
20: 0.404296875 * Leaving
21: 0.40234375 * breath
22: 0.3984375 * Col
23: 0.3984375 * echival
24: 0.349609375 * îngrij
25: 0.345703125 * walk
26: 0.341796875 * miere
27: 0.341796875 * 
28: 0.33984375 * isierung
29: 0.337890625 * shedding
30: 0.337890625 * 23
31: 0.333984375 * petrec
32: 0.333984375 * –
33: 0.328125 * doesn
34: 0.326171875 * misiune
35: 0.3203125 * and
36: 0.31640625 * ţări
37: 0.314453125 * at
38: 0.3125 * St
39: 0.310546875 * in
40: 0.310546875 * DOT
41: 0.306640625 * ]
42: 0.302734375 * summer
43: 0.298828125 * mâini
44: 0.298828125 * 4%
45: 0.294921875 * at
46: 0.29296875 * dogs
47: 0.291015625 * do
48: 0.287109375 * legs
49: 0.279296875 * dosar
Total loss: 0.2545529007911682 = MSE Loss: 0.1725216507911682, 0.001 * Sparsity Loss: 82.0
Epoch: 2 batch_num: 135
0: 0.90625 * imprumut
1: 0.81640625 * decizie
2: 0.80859375 * Ross
3: 0.70703125 * cărui
4: 0.63671875 * walk
5: 0.6015625 * spots
6: 0.490234375 * invested
7: 0.48828125 * spot
8: 0.482421875 * mândr
9: 0.478515625 * Leaving
10: 0.478515625 * maşin
11: 0.4765625 * Run
12: 0.470703125 * dărui
13: 0.45703125 * :
14: 0.439453125 * valeur
15: 0.421875 * go
16: 0.404296875 * trecută
17: 0.400390625 * bebelus
18: 0.400390625 * îngrij
19: 0.3828125 * 23
20: 0.380859375 * path
21: 0.373046875 * clădiri
22: 0.3671875 * interest
23: 0.361328125 * /
24: 0.361328125 * day
25: 0.34765625 * petrec
26: 0.34765625 * FC
27: 0.33984375 * isierung
28: 0.333984375 * guest
29: 0.333984375 * breath
30: 0.328125 * logy
31: 0.314453125 * –
32: 0.314453125 * shedding
33: 0.30859375 * DOT
34: 0.30859375 * on
35: 0.306640625 * Animal
36: 0.302734375 * friend
37: 0.30078125 * PD
38: 0.30078125 * mâini
39: 0.296875 * misiune
40: 0.291015625 * Territory
41: 0.291015625 * freedom
42: 0.28515625 * does
43: 0.28515625 * dis
44: 0.283203125 * walk
45: 0.283203125 * 4%
46: 0.283203125 * stick
47: 0.28125 * Transition
48: 0.279296875 * 
49: 0.275390625 * Cooper
Total loss: 0.24876341223716736 = MSE Loss: 0.16673216223716736, 0.001 * Sparsity Loss: 82.0
Epoch: 2 batch_num: 136
0: 0.9296875 * spots
1: 0.79296875 * decizie
2: 0.73828125 * Ross
3: 0.671875 * does
4: 0.66796875 * valeur
5: 0.65625 * spot
6: 0.5390625 * mândr
7: 0.53125 * actiuni
8: 0.484375 * walk
9: 0.48046875 * go
10: 0.48046875 * trecută
11: 0.4765625 * Run
12: 0.466796875 * </s>
13: 0.462890625 * do
14: 0.462890625 * imprumut
15: 0.451171875 * logy
16: 0.4453125 * /
17: 0.431640625 * wind
18: 0.42578125 * –
19: 0.423828125 * Leaving
20: 0.421875 * erstellt
21: 0.40234375 * lovitur
22: 0.400390625 * Wind
23: 0.3984375 * Animal
24: 0.396484375 * guest
25: 0.39453125 * îngrij
26: 0.392578125 * clădiri
27: 0.390625 * day
28: 0.380859375 * ements
29: 0.36328125 * 23
30: 0.353515625 * 
31: 0.3515625 * FC
32: 0.333984375 * ity
33: 0.33203125 * #
34: 0.31640625 * Walking
35: 0.31640625 * on
36: 0.314453125 * petrec
37: 0.314453125 * edge
38: 0.314453125 * in
39: 0.314453125 * doesn
40: 0.310546875 * AN
41: 0.306640625 * invested
42: 0.302734375 * ATION
43: 0.294921875 * was
44: 0.283203125 * as
45: 0.28125 * viziune
46: 0.27734375 * ST
47: 0.2734375 * ”
48: 0.265625 * mâini
49: 0.259765625 * PD
Total loss: 0.32657551765441895 = MSE Loss: 0.24845053255558014, 0.001 * Sparsity Loss: 78.0
Epoch: 2 batch_num: 137
0: 0.9140625 * spots
1: 0.7734375 * </s>
2: 0.69921875 * ements
3: 0.66796875 * valeur
4: 0.66015625 * actiuni
5: 0.6171875 * spot
6: 0.6171875 * erstellt
7: 0.58984375 * viziune
8: 0.55859375 * does
9: 0.53515625 * decizie
10: 0.5234375 * Ross
11: 0.46875 * misiune
12: 0.41015625 * cărui
13: 0.388671875 * ATION
14: 0.388671875 * interest
15: 0.384765625 * trecută
16: 0.375 * lovitur
17: 0.357421875 * big
18: 0.353515625 * Animal
19: 0.3515625 * echival
20: 0.3359375 * doesn
21: 0.33203125 * ized
22: 0.326171875 * –
23: 0.322265625 * free
24: 0.3203125 * Run
25: 0.31640625 * AN
26: 0.3125 * walks
27: 0.3125 * ”
28: 0.302734375 * territory
29: 0.30078125 * logy
30: 0.296875 * îngrij
31: 0.294921875 * from
32: 0.294921875 * guest
33: 0.291015625 * West
34: 0.2890625 * 23
35: 0.287109375 * Walking
36: 0.287109375 * grupului
37: 0.283203125 * realizeaz
38: 0.279296875 * )
39: 0.27734375 * Col
40: 0.275390625 * ;
41: 0.265625 * walk
42: 0.265625 * #
43: 0.263671875 * wind
44: 0.26171875 * Wind
45: 0.259765625 * go
46: 0.2578125 * AT
47: 0.2578125 * maşin
48: 0.2578125 * imprumut
49: 0.25390625 * ITY
Total loss: 0.3108291029930115 = MSE Loss: 0.23709861934185028, 0.001 * Sparsity Loss: 73.5
Epoch: 2 batch_num: 138
0: 0.8359375 * </s>
1: 0.69921875 * misiune
2: 0.6953125 * mândr
3: 0.69140625 * cărui
4: 0.60546875 * viziune
5: 0.55859375 * ements
6: 0.5546875 * interest
7: 0.55078125 * erstellt
8: 0.54296875 * spots
9: 0.54296875 * from
10: 0.51953125 * imprumut
11: 0.490234375 * 
12: 0.48046875 * In
13: 0.4609375 * ized
14: 0.45703125 * path
15: 0.45703125 * valeur
16: 0.451171875 * maşin
17: 0.447265625 * AT
18: 0.390625 * and
19: 0.384765625 * miere
20: 0.369140625 * Possibly
21: 0.369140625 * and
22: 0.36328125 * territory
23: 0.357421875 * Do
24: 0.341796875 * actiuni
25: 0.337890625 * spot
26: 0.333984375 * in
27: 0.330078125 * bebelus
28: 0.328125 * in
29: 0.318359375 * St
30: 0.31640625 * /
31: 0.314453125 * adecvat
32: 0.30859375 * Path
33: 0.306640625 * The
34: 0.30078125 * echival
35: 0.298828125 * shedding
36: 0.298828125 * On
37: 0.2890625 * ţări
38: 0.28515625 * be
39: 0.279296875 * dărui
40: 0.275390625 * Pitt
41: 0.271484375 * liable
42: 0.26953125 * do
43: 0.26953125 * of
44: 0.26953125 * stick
45: 0.267578125 * walks
46: 0.267578125 * the
47: 0.265625 * -
48: 0.265625 * And
49: 0.2578125 * friend
Total loss: 0.24358147382736206 = MSE Loss: 0.16789788007736206, 0.001 * Sparsity Loss: 75.5
Epoch: 2 batch_num: 139
0: 0.9765625 * mândr
1: 0.8515625 * </s>
2: 0.71875 * cărui
3: 0.66015625 * misiune
4: 0.640625 * realizeaz
5: 0.6171875 * decizie
6: 0.60546875 * trecută
7: 0.5625 * IN
8: 0.470703125 * interest
9: 0.4453125 * AT
10: 0.41015625 * 
11: 0.408203125 * ized
12: 0.408203125 * maşin
13: 0.404296875 * Possibly
14: 0.3984375 * St
15: 0.37890625 * imprumut
16: 0.37109375 * path
17: 0.37109375 * %
18: 0.3671875 * viziune
19: 0.365234375 * doamn
20: 0.359375 * wind
21: 0.34765625 * New
22: 0.345703125 * friend
23: 0.341796875 * miere
24: 0.33984375 * Cooper
25: 0.330078125 * actiuni
26: 0.3203125 * Do
27: 0.318359375 * Path
28: 0.318359375 * and
29: 0.30859375 * ;
30: 0.306640625 * middle
31: 0.3046875 * Wind
32: 0.30078125 * do
33: 0.298828125 * stick
34: 0.294921875 * dog
35: 0.29296875 * ţări
36: 0.29296875 * adecvat
37: 0.287109375 * fit
38: 0.279296875 * ted
39: 0.275390625 * able
40: 0.275390625 * liable
41: 0.267578125 * medium
42: 0.267578125 * isierung
43: 0.263671875 * regiuni
44: 0.263671875 * DOT
45: 0.259765625 * territory
46: 0.259765625 * ling
47: 0.2578125 * ncing
48: 0.2578125 * shedding
49: 0.255859375 * /
Total loss: 0.5641794800758362 = MSE Loss: 0.4889841675758362, 0.001 * Sparsity Loss: 75.0
Epoch: 2 batch_num: 140
0: 1.0546875 * trecută
1: 0.98046875 * decizie
2: 0.8203125 * IN
3: 0.69921875 * ements
4: 0.6953125 * realizeaz
5: 0.62890625 * </s>
6: 0.60546875 * mândr
7: 0.578125 * doamn
8: 0.55078125 * actiuni
9: 0.482421875 * Ross
10: 0.45703125 * medium
11: 0.439453125 * 
12: 0.4140625 * lovitur
13: 0.408203125 * cărui
14: 0.408203125 * valeur
15: 0.376953125 * echival
16: 0.375 * in
17: 0.3671875 * Cooper
18: 0.365234375 * AT
19: 0.361328125 * %
20: 0.359375 * spots
21: 0.353515625 * spot
22: 0.353515625 * ATION
23: 0.345703125 * ted
24: 0.341796875 * erstellt
25: 0.333984375 * friend
26: 0.328125 * leg
27: 0.328125 * New
28: 0.322265625 * misiune
29: 0.318359375 * guest
30: 0.310546875 * on
31: 0.30859375 * mâini
32: 0.306640625 * Possibly
33: 0.306640625 * with
34: 0.30078125 * edge
35: 0.298828125 * /
36: 0.296875 * Animal
37: 0.2890625 * isierung
38: 0.287109375 * and
39: 0.283203125 * corespund
40: 0.275390625 * ”,
41: 0.271484375 * ation
42: 0.271484375 * interest
43: 0.26953125 * FC
44: 0.265625 * legs
45: 0.263671875 * by
46: 0.263671875 * Summer
47: 0.26171875 * fit
48: 0.259765625 * dogs
49: 0.259765625 * wind
Total loss: 0.31514930725097656 = MSE Loss: 0.23702429234981537, 0.001 * Sparsity Loss: 78.0
Epoch: 2 batch_num: 141
0: 1.0078125 * decizie
1: 0.9765625 * trecută
2: 0.8359375 * ements
3: 0.66796875 * erstellt
4: 0.61328125 * 
5: 0.58203125 * valeur
6: 0.5390625 * echival
7: 0.51953125 * doamn
8: 0.51953125 * Ross
9: 0.482421875 * stick
10: 0.4609375 * lovitur
11: 0.4296875 * guest
12: 0.388671875 * In
13: 0.38671875 * IN
14: 0.384765625 * leg
15: 0.384765625 * medium
16: 0.373046875 * mâini
17: 0.37109375 * –
18: 0.361328125 * viziune
19: 0.359375 * /
20: 0.357421875 * begging
21: 0.35546875 * grupului
22: 0.34765625 * .
23: 0.318359375 * imprumut
24: 0.314453125 * ATION
25: 0.310546875 * actiuni
26: 0.302734375 * )
27: 0.298828125 * FC
28: 0.294921875 * 23
29: 0.29296875 * AT
30: 0.291015625 * Cooper
31: 0.291015625 * dogs
32: 0.2890625 * West
33: 0.28515625 * ted
34: 0.283203125 * Summer
35: 0.28125 * -
36: 0.279296875 * ,
37: 0.279296875 * from
38: 0.2734375 * spot
39: 0.271484375 * Animal
40: 0.271484375 * On
41: 0.26953125 * edge
42: 0.265625 * ating
43: 0.263671875 * Run
44: 0.2578125 * ”,
45: 0.2578125 * of
46: 0.255859375 * corespund
47: 0.25390625 * isierung
48: 0.251953125 * invested
49: 0.25 * west
Total loss: 0.28063955903053284 = MSE Loss: 0.20349112153053284, 0.001 * Sparsity Loss: 77.0
Epoch: 2 batch_num: 142
0: 0.73828125 * erstellt
1: 0.7265625 * stick
2: 0.69140625 * decizie
3: 0.671875 * realizeaz
4: 0.58203125 * viziune
5: 0.5703125 * ements
6: 0.5 * dărui
7: 0.490234375 * trecută
8: 0.486328125 * cărui
9: 0.486328125 * valeur
10: 0.458984375 * misiune
11: 0.45703125 * 
12: 0.447265625 * echival
13: 0.4375 * Ross
14: 0.431640625 * Run
15: 0.416015625 * grupului
16: 0.3984375 * lovitur
17: 0.392578125 * guest
18: 0.390625 * In
19: 0.361328125 * begging
20: 0.34765625 * mâini
21: 0.345703125 * bebelus
22: 0.33984375 * –
23: 0.337890625 * wind
24: 0.3125 * walk
25: 0.3125 * St
26: 0.3125 * 23
27: 0.310546875 * .
28: 0.310546875 * ST
29: 0.30859375 * ITY
30: 0.302734375 * interest
31: 0.30078125 * 4%
32: 0.29296875 * leg
33: 0.2890625 * actiuni
34: 0.287109375 * conducere
35: 0.28125 * ncing
36: 0.28125 * shedding
37: 0.279296875 * ist
38: 0.279296875 * in
39: 0.279296875 * FC
40: 0.27734375 * ”,
41: 0.275390625 * ation
42: 0.275390625 * Do
43: 0.271484375 * consilier
44: 0.271484375 * middle
45: 0.26953125 * and
46: 0.267578125 * territory
47: 0.265625 * petrec
48: 0.263671875 * go
49: 0.2578125 * %
Total loss: 0.2584753930568695 = MSE Loss: 0.1827917993068695, 0.001 * Sparsity Loss: 75.5
Epoch: 2 batch_num: 143
0: 0.76953125 * dărui
1: 0.7109375 * realizeaz
2: 0.6640625 * stick
3: 0.59765625 * ation
4: 0.58984375 * erstellt
5: 0.5859375 * go
6: 0.5625 * viziune
7: 0.52734375 * Run
8: 0.498046875 * west
9: 0.498046875 * in
10: 0.490234375 * ncing
11: 0.439453125 * actiuni
12: 0.435546875 * interest
13: 0.4296875 * imprumut
14: 0.423828125 * /
15: 0.41015625 * %
16: 0.388671875 * legs
17: 0.375 * about
18: 0.375 * cărui
19: 0.37109375 * wind
20: 0.37109375 * and
21: 0.369140625 * misiune
22: 0.369140625 * and
23: 0.36328125 * grupului
24: 0.361328125 * </s>
25: 0.34765625 * ped
26: 0.345703125 * ATION
27: 0.345703125 * middle
28: 0.328125 * walk
29: 0.328125 * ist
30: 0.3125 * animal
31: 0.302734375 * –
32: 0.294921875 * Walk
33: 0.294921875 * schimb
34: 0.29296875 * 4%
35: 0.291015625 * doamn
36: 0.291015625 * Possibly
37: 0.287109375 * spots
38: 0.287109375 * bebelus
39: 0.28515625 * territory
40: 0.28515625 * 23
41: 0.28125 * owner
42: 0.28125 * ITY
43: 0.27734375 * Territory
44: 0.275390625 * ted
45: 0.2734375 * trecută
46: 0.26953125 * ’
47: 0.267578125 * regiuni
48: 0.267578125 * mâini
49: 0.265625 * guest
Total loss: 0.2508254647254944 = MSE Loss: 0.17416532337665558, 0.001 * Sparsity Loss: 76.5
Epoch: 2 batch_num: 144
0: 0.77734375 * dărui
1: 0.7421875 * west
2: 0.67578125 * go
3: 0.58984375 * Run
4: 0.546875 * legs
5: 0.53515625 * imprumut
6: 0.515625 * /
7: 0.5 * ity
8: 0.498046875 * ncing
9: 0.47265625 * trecută
10: 0.466796875 * day
11: 0.455078125 * dog
12: 0.44921875 * doamn
13: 0.4296875 * interest
14: 0.4140625 * </s>
15: 0.40625 * %
16: 0.40234375 * decizie
17: 0.392578125 * IN
18: 0.3828125 * 
19: 0.369140625 * Wind
20: 0.365234375 * ements
21: 0.3515625 * ation
22: 0.341796875 * middle
23: 0.337890625 * –
24: 0.330078125 * stick
25: 0.326171875 * friend
26: 0.326171875 * ATION
27: 0.314453125 * owner
28: 0.314453125 * ;
29: 0.3125 * Possibly
30: 0.3125 * ted
31: 0.306640625 * animal
32: 0.3046875 * Average
33: 0.298828125 * ped
34: 0.28125 * ’
35: 0.279296875 * AT
36: 0.27734375 * viziune
37: 0.2734375 * logy
38: 0.271484375 * -
39: 0.267578125 * regiuni
40: 0.265625 * west
41: 0.265625 * lation
42: 0.255859375 * valeur
43: 0.255859375 * liable
44: 0.2490234375 * able
45: 0.2451171875 * and
46: 0.2431640625 * New
47: 0.2421875 * 23
48: 0.2412109375 * shing
49: 0.2392578125 * medium
Total loss: 0.3177528381347656 = MSE Loss: 0.24255754053592682, 0.001 * Sparsity Loss: 75.0
Epoch: 2 batch_num: 145
0: 0.80859375 * ity
1: 0.71875 * realizeaz
2: 0.671875 * west
3: 0.6328125 * 
4: 0.61328125 * decizie
5: 0.57421875 * Wind
6: 0.54296875 * Run
7: 0.5390625 * /
8: 0.51953125 * IN
9: 0.51953125 * legs
10: 0.51171875 * dărui
11: 0.5 * go
12: 0.48828125 * mândr
13: 0.462890625 * actiuni
14: 0.45703125 * valeur
15: 0.443359375 * ements
16: 0.44140625 * day
17: 0.423828125 * erstellt
18: 0.421875 * echival
19: 0.41015625 * lovitur
20: 0.400390625 * doamn
21: 0.396484375 * dog
22: 0.392578125 * ncing
23: 0.392578125 * able
24: 0.373046875 * isierung
25: 0.373046875 * imprumut
26: 0.369140625 * logy
27: 0.3671875 * Average
28: 0.365234375 * spots
29: 0.3515625 * bebelus
30: 0.34375 * ;
31: 0.34375 * begging
32: 0.333984375 * ]
33: 0.333984375 * %
34: 0.330078125 * </s>
35: 0.326171875 * And
36: 0.314453125 * и
37: 0.3125 * friend
38: 0.30859375 * clădiri
39: 0.30078125 * AT
40: 0.298828125 * totusi
41: 0.298828125 * guest
42: 0.296875 * trecută
43: 0.2890625 * ted
44: 0.283203125 * owner
45: 0.279296875 * wind
46: 0.275390625 * adecvat
47: 0.271484375 * misiune
48: 0.26953125 * -
49: 0.267578125 * St
Total loss: 0.32976844906806946 = MSE Loss: 0.25066688656806946, 0.001 * Sparsity Loss: 79.0
Epoch: 2 batch_num: 146
0: 0.88671875 * ity
1: 0.7734375 * realizeaz
2: 0.7265625 * erstellt
3: 0.65625 * echival
4: 0.5703125 * Wind
5: 0.55078125 * decizie
6: 0.55078125 * actiuni
7: 0.54296875 * west
8: 0.5390625 * spots
9: 0.53515625 * mândr
10: 0.51171875 * ation
11: 0.50390625 * bebelus
12: 0.5 * 
13: 0.5 * IN
14: 0.5 * guest
15: 0.439453125 * clădiri
16: 0.427734375 * isierung
17: 0.421875 * ]
18: 0.419921875 * lovitur
19: 0.419921875 * FC
20: 0.408203125 * valeur
21: 0.40625 * Run
22: 0.396484375 * able
23: 0.388671875 * And
24: 0.380859375 * ;
25: 0.375 * dogs
26: 0.359375 * pace
27: 0.357421875 * misiune
28: 0.353515625 * wind
29: 0.3515625 * viziune
30: 0.345703125 * shedding
31: 0.328125 * aprobare
32: 0.32421875 * ability
33: 0.32421875 * begging
34: 0.318359375 * do
35: 0.3125 * Average
36: 0.306640625 * acţiune
37: 0.306640625 * ST
38: 0.30078125 * animal
39: 0.294921875 * /
40: 0.294921875 * ements
41: 0.294921875 * as
42: 0.291015625 * on
43: 0.283203125 * totusi
44: 0.28125 * legs
45: 0.279296875 * conducere
46: 0.279296875 * stick
47: 0.275390625 * miere
48: 0.275390625 * (
49: 0.26953125 * AN
Total loss: 0.2690364122390747 = MSE Loss: 0.1889582872390747, 0.001 * Sparsity Loss: 80.0
Epoch: 3 batch_num: 0
0: 0.78515625 * erstellt
1: 0.73046875 * ation
2: 0.73046875 * ity
3: 0.7265625 * echival
4: 0.61328125 * dărui
5: 0.546875 * guest
6: 0.494140625 * FC
7: 0.462890625 * bebelus
8: 0.44140625 * In
9: 0.427734375 * Wind
10: 0.41796875 * clădiri
11: 0.412109375 * IN
12: 0.408203125 * spots
13: 0.392578125 * on
14: 0.390625 * isierung
15: 0.37890625 * ]
16: 0.37109375 * west
17: 0.361328125 * pace
18: 0.345703125 * animal
19: 0.345703125 * ;
20: 0.341796875 * aprobare
21: 0.337890625 * -
22: 0.322265625 * decizie
23: 0.310546875 * consilier
24: 0.306640625 * imprumut
25: 0.302734375 * middle
26: 0.30078125 * walks
27: 0.30078125 * conducere
28: 0.30078125 * shedding
29: 0.294921875 * And
30: 0.29296875 * lovitur
31: 0.29296875 * staffed
32: 0.287109375 * do
33: 0.28515625 * AN
34: 0.283203125 * '
35: 0.28125 * cuplu
36: 0.279296875 * about
37: 0.27734375 * actiuni
38: 0.275390625 * acţiune
39: 0.275390625 * going
40: 0.2734375 * ability
41: 0.2734375 * viziune
42: 0.271484375 * (
43: 0.265625 * and
44: 0.26171875 * ”
45: 0.259765625 * Col
46: 0.259765625 * vândut
47: 0.2578125 * parinti
48: 0.255859375 * ating
49: 0.255859375 * IN
Total loss: 0.30940669775009155 = MSE Loss: 0.23469966650009155, 0.001 * Sparsity Loss: 74.5
Running validation... 
 Generating 5 videos with prompt: a dog <>.
Video generated motoken/output/l1_1e_3/validation/epoch_3/0.mp4
Video generated motoken/output/l1_1e_3/validation/epoch_3/1.mp4
Video generated motoken/output/l1_1e_3/validation/epoch_3/2.mp4
Video generated motoken/output/l1_1e_3/validation/epoch_3/3.mp4
Video generated motoken/output/l1_1e_3/validation/epoch_3/4.mp4
validation probability:  0.6739793539047241
saving alphas from step:  3
saving best alphas from validation epoch 2, words =  ['speed', 'realizeaz', 'Speed', 'pets', 'actiuni', 'wind', 'Speed', 'Chuck', 'miere', 'valeur', '', 'erstellt', 'fit', 'Ablauf', 'imprumut', 'cărui', 'stretch', 'ST', 'Wind', 'at', 'Col', '</s>', 'ears', 'walk', 'interest', 'profile', 'RE', 'from', '%', 'IN', 'pet', 'speed', 'path', 'West', 'adecvat', 'Strip', 'maşin', 'on', 'ure', 'Pitt', '],', 'OF', 'spots', 'west', 'of', 'bonded', 'Ch', 'At', 'constient', 'logy']
Epoch: 3 batch_num: 1
0: 1.140625 * realizeaz
1: 0.93359375 * dărui
2: 0.59375 * In
3: 0.58203125 * echival
4: 0.52734375 * guest
5: 0.51953125 * erstellt
6: 0.50390625 * ation
7: 0.47265625 * FC
8: 0.458984375 * middle
9: 0.45703125 * mândr
10: 0.451171875 * walks
11: 0.41796875 * ling
12: 0.408203125 * </s>
13: 0.390625 * walk
14: 0.390625 * actiuni
15: 0.388671875 * ized
16: 0.38671875 * -
17: 0.373046875 * legs
18: 0.35546875 * и
19: 0.341796875 * friend
20: 0.33984375 * '
21: 0.33984375 * Possibly
22: 0.33984375 * trecută
23: 0.330078125 * consilier
24: 0.326171875 * ’
25: 0.326171875 * ity
26: 0.32421875 * Animal
27: 0.318359375 * ST
28: 0.306640625 * average
29: 0.30078125 * lation
30: 0.291015625 * staffed
31: 0.2890625 * around
32: 0.2890625 * on
33: 0.283203125 * petrec
34: 0.28125 * logy
35: 0.275390625 * path
36: 0.275390625 * Din
37: 0.267578125 * from
38: 0.267578125 * free
39: 0.263671875 * mâini
40: 0.263671875 * bebelus
41: 0.26171875 * ]
42: 0.26171875 * St
43: 0.255859375 * pace
44: 0.25390625 * OF
45: 0.25 * isierung
46: 0.2490234375 * valeur
47: 0.248046875 * licensed
48: 0.248046875 * parinti
49: 0.2451171875 * aprobare
Total loss: 0.2874332666397095 = MSE Loss: 0.21126139163970947, 0.001 * Sparsity Loss: 76.0
Epoch: 3 batch_num: 2
0: 1.5078125 * realizeaz
1: 1.046875 * dărui
2: 0.6328125 * mândr
3: 0.5546875 * actiuni
4: 0.53125 * friend
5: 0.49609375 * и
6: 0.490234375 * In
7: 0.482421875 * Animal
8: 0.4765625 * ized
9: 0.453125 * middle
10: 0.44921875 * </s>
11: 0.443359375 * ling
12: 0.443359375 * ST
13: 0.419921875 * guest
14: 0.41015625 * valeur
15: 0.41015625 * on
16: 0.380859375 * begging
17: 0.37890625 * from
18: 0.37890625 * %
19: 0.357421875 * FC
20: 0.353515625 * lovitur
21: 0.3515625 * around
22: 0.345703125 * viziune
23: 0.345703125 * Possibly
24: 0.33984375 * RE
25: 0.328125 * Scout
26: 0.326171875 * legs
27: 0.314453125 * walks
28: 0.302734375 * average
29: 0.30078125 * wind
30: 0.2890625 * ging
31: 0.283203125 * maşin
32: 0.279296875 * west
33: 0.271484375 * OF
34: 0.26953125 * trecută
35: 0.26953125 * Din
36: 0.265625 * petrec
37: 0.265625 * '
38: 0.263671875 * ’
39: 0.259765625 * lation
40: 0.259765625 * imprumut
41: 0.255859375 * consilier
42: 0.251953125 * echival
43: 0.251953125 * breath
44: 0.2490234375 * Wind
45: 0.2470703125 * ATION
46: 0.2451171875 * On
47: 0.244140625 * invested
48: 0.240234375 * decizie
49: 0.2392578125 * -
Total loss: 0.4271107316017151 = MSE Loss: 0.3519154191017151, 0.001 * Sparsity Loss: 75.0
Epoch: 3 batch_num: 3
0: 1.28125 * realizeaz
1: 1.046875 * dărui
2: 0.6953125 * west
3: 0.59375 * imprumut
4: 0.56640625 * breath
5: 0.5546875 * lovitur
6: 0.5546875 * Wind
7: 0.515625 * friend
8: 0.498046875 * maşin
9: 0.478515625 * erstellt
10: 0.47265625 * In
11: 0.45703125 * Animal
12: 0.453125 * AT
13: 0.447265625 * miere
14: 0.447265625 * wind
15: 0.435546875 * и
16: 0.412109375 * cărui
17: 0.373046875 * good
18: 0.3671875 * /
19: 0.365234375 * summer
20: 0.365234375 * invested
21: 0.361328125 * begging
22: 0.359375 * ST
23: 0.357421875 * middle
24: 0.3515625 * viziune
25: 0.3515625 * stability
26: 0.34375 * %
27: 0.33984375 * around
28: 0.33984375 * West
29: 0.32421875 * –
30: 0.3203125 * clădiri
31: 0.318359375 * As
32: 0.314453125 * </s>
33: 0.310546875 * Day
34: 0.30859375 * speed
35: 0.302734375 * adecvat
36: 0.29296875 * New
37: 0.291015625 * animal
38: 0.287109375 * dog
39: 0.287109375 * actiuni
40: 0.283203125 * Walk
41: 0.283203125 * side
42: 0.27734375 * bebelus
43: 0.2734375 * Run
44: 0.2734375 * RE
45: 0.271484375 * AN
46: 0.271484375 * valeur
47: 0.263671875 * ging
48: 0.259765625 * ]
49: 0.255859375 * ted
Total loss: 0.27091681957244873 = MSE Loss: 0.19132697582244873, 0.001 * Sparsity Loss: 79.5
Epoch: 3 batch_num: 4
0: 0.796875 * dărui
1: 0.75390625 * west
2: 0.6875 * erstellt
3: 0.67578125 * breath
4: 0.63671875 * lovitur
5: 0.6015625 * stability
6: 0.5703125 * imprumut
7: 0.5625 * adecvat
8: 0.5625 * Wind
9: 0.55859375 * In
10: 0.546875 * realizeaz
11: 0.54296875 * maşin
12: 0.5234375 * miere
13: 0.5234375 * AT
14: 0.50390625 * actiuni
15: 0.494140625 * mândr
16: 0.48046875 * Walk
17: 0.48046875 * cărui
18: 0.478515625 * echival
19: 0.462890625 * As
20: 0.455078125 * staffed
21: 0.447265625 * Run
22: 0.4375 * /
23: 0.421875 * logy
24: 0.40234375 * Command
25: 0.400390625 * isierung
26: 0.396484375 * AN
27: 0.388671875 * ]
28: 0.373046875 * CC
29: 0.3671875 * (
30: 0.35546875 * walk
31: 0.34765625 * go
32: 0.34375 * Profile
33: 0.33984375 * as
34: 0.337890625 * ATION
35: 0.337890625 * PD
36: 0.333984375 * –
37: 0.328125 * invested
38: 0.326171875 * animal
39: 0.32421875 * summer
40: 0.32421875 * conducere
41: 0.314453125 * pace
42: 0.306640625 * around
43: 0.302734375 * ://
44: 0.302734375 * bebelus
45: 0.29296875 * din
46: 0.291015625 * dog
47: 0.287109375 * Din
48: 0.28515625 * friend
49: 0.28515625 * и
Total loss: 0.28454896807670593 = MSE Loss: 0.20202943682670593, 0.001 * Sparsity Loss: 82.5
Epoch: 3 batch_num: 5
0: 0.71875 * actiuni
1: 0.6796875 * erstellt
2: 0.65234375 * mândr
3: 0.62890625 * realizeaz
4: 0.62109375 * breath
5: 0.58203125 * Run
6: 0.58203125 * stability
7: 0.5625 * West
8: 0.5546875 * adecvat
9: 0.55078125 * lovitur
10: 0.546875 * echival
11: 0.53515625 * ATION
12: 0.5234375 * walk
13: 0.5234375 * miere
14: 0.51171875 * staffed
15: 0.5 * isierung
16: 0.5 * west
17: 0.498046875 * Walk
18: 0.486328125 * IN
19: 0.47265625 * maşin
20: 0.447265625 * Din
21: 0.439453125 * AT
22: 0.4296875 * ized
23: 0.42578125 * As
24: 0.41015625 * logy
25: 0.3984375 * In
26: 0.396484375 * (
27: 0.396484375 * Command
28: 0.388671875 * Profile
29: 0.37890625 * AN
30: 0.3671875 * CC
31: 0.361328125 * ements
32: 0.359375 * ]
33: 0.35546875 * lation
34: 0.353515625 * conducere
35: 0.34375 * day
36: 0.330078125 * PD
37: 0.328125 * Do
38: 0.328125 * dărui
39: 0.326171875 * /
40: 0.322265625 * dosar
41: 0.3203125 * PA
42: 0.318359375 * din
43: 0.314453125 * In
44: 0.306640625 * cion
45: 0.3046875 * go
46: 0.30078125 * consilier
47: 0.298828125 * as
48: 0.296875 * TH
49: 0.29296875 * wind
Total loss: 0.27387183904647827 = MSE Loss: 0.18939918279647827, 0.001 * Sparsity Loss: 84.5
Epoch: 3 batch_num: 6
0: 0.96484375 * realizeaz
1: 0.8984375 * West
2: 0.64453125 * IN
3: 0.5546875 * isierung
4: 0.5390625 * Run
5: 0.5234375 * wind
6: 0.494140625 * Din
7: 0.4921875 * ATION
8: 0.48828125 * erstellt
9: 0.4609375 * stability
10: 0.45703125 * staffed
11: 0.431640625 * Col
12: 0.419921875 * in
13: 0.4140625 * lation
14: 0.404296875 * day
15: 0.40234375 * mândr
16: 0.400390625 * echival
17: 0.39453125 * miere
18: 0.37890625 * actiuni
19: 0.375 * RE
20: 0.373046875 * at
21: 0.37109375 * (
22: 0.36328125 * cărui
23: 0.36328125 * imprumut
24: 0.35546875 * local
25: 0.353515625 * Summer
26: 0.353515625 * ized
27: 0.3515625 * Profile
28: 0.349609375 * îngrij
29: 0.34765625 * interest
30: 0.345703125 * breath
31: 0.33984375 * dărui
32: 0.326171875 * consilier
33: 0.322265625 * Do
34: 0.318359375 * cion
35: 0.31640625 * ]
36: 0.314453125 * west
37: 0.30859375 * Animal
38: 0.30859375 * spot
39: 0.3046875 * PA
40: 0.302734375 * ://
41: 0.302734375 * free
42: 0.298828125 * dosar
43: 0.296875 * At
44: 0.291015625 * AN
45: 0.28515625 * lovitur
46: 0.283203125 * AT
47: 0.28125 * conducere
48: 0.2734375 * Te
49: 0.26953125 * ements
Total loss: 0.2737177014350891 = MSE Loss: 0.1902216076850891, 0.001 * Sparsity Loss: 83.5
Epoch: 3 batch_num: 7
0: 0.84765625 * West
1: 0.66015625 * dărui
2: 0.59765625 * wind
3: 0.58203125 * realizeaz
4: 0.578125 * cărui
5: 0.5625 * isierung
6: 0.546875 * imprumut
7: 0.474609375 * ://
8: 0.474609375 * actiuni
9: 0.46484375 * Col
10: 0.458984375 * IN
11: 0.416015625 * invested
12: 0.4140625 * Din
13: 0.404296875 * Walking
14: 0.404296875 * îngrij
15: 0.400390625 * pets
16: 0.390625 * do
17: 0.38671875 * free
18: 0.37890625 * doamn
19: 0.37109375 * lation
20: 0.3671875 * Summer
21: 0.357421875 * middle
22: 0.3515625 * Run
23: 0.3359375 * RE
24: 0.333984375 * Animal
25: 0.310546875 * %
26: 0.3046875 * (
27: 0.30078125 * small
28: 0.296875 * ]
29: 0.296875 * cion
30: 0.287109375 * Wind
31: 0.28515625 * staffed
32: 0.28515625 * bebelus
33: 0.283203125 * adecvat
34: 0.27734375 * ted
35: 0.27734375 * logy
36: 0.27734375 * At
37: 0.275390625 * comes
38: 0.271484375 * dogs
39: 0.271484375 * regiuni
40: 0.26953125 * consilier
41: 0.263671875 * west
42: 0.26171875 * ATION
43: 0.251953125 * 5%
44: 0.25 * legs
45: 0.2490234375 * of
46: 0.2470703125 * go
47: 0.2470703125 * any
48: 0.24609375 * standing
49: 0.24609375 * grupului
Total loss: 0.3698745667934418 = MSE Loss: 0.2927261292934418, 0.001 * Sparsity Loss: 77.0
Epoch: 3 batch_num: 8
0: 0.7578125 * actiuni
1: 0.6796875 * dărui
2: 0.62109375 * West
3: 0.4921875 * erstellt
4: 0.48828125 * wind
5: 0.470703125 * isierung
6: 0.470703125 * realizeaz
7: 0.46875 * trecută
8: 0.4609375 * maşin
9: 0.453125 * invested
10: 0.439453125 * adecvat
11: 0.421875 * imprumut
12: 0.404296875 * logy
13: 0.39453125 * cărui
14: 0.38671875 * spots
15: 0.36328125 * middle
16: 0.353515625 * Wind
17: 0.33984375 * lovitur
18: 0.333984375 * valeur
19: 0.33203125 * doamn
20: 0.330078125 * pets
21: 0.328125 * îngrij
22: 0.32421875 * IN
23: 0.31640625 * anului
24: 0.31640625 * does
25: 0.314453125 * doesn
26: 0.310546875 * Summer
27: 0.302734375 * miere
28: 0.302734375 * schimb
29: 0.302734375 * aprobare
30: 0.302734375 * echival
31: 0.30078125 * Col
32: 0.30078125 * legs
33: 0.298828125 * owner
34: 0.29296875 * Walking
35: 0.287109375 * е
36: 0.2734375 * begging
37: 0.26953125 * th
38: 0.267578125 * ST
39: 0.265625 * free
40: 0.263671875 * cion
41: 0.263671875 * IN
42: 0.26171875 * small
43: 0.2578125 * ging
44: 0.2470703125 * %
45: 0.2412109375 * ped
46: 0.240234375 * BS
47: 0.2392578125 * LC
48: 0.23828125 * /
49: 0.2353515625 * cuplu
Total loss: 0.3238888680934906 = MSE Loss: 0.2525998055934906, 0.001 * Sparsity Loss: 71.5
Epoch: 3 batch_num: 9
0: 0.8125 * erstellt
1: 0.79296875 * realizeaz
2: 0.578125 * trecută
3: 0.5625 * miere
4: 0.546875 * echival
5: 0.54296875 * does
6: 0.54296875 * maşin
7: 0.53515625 * dărui
8: 0.52734375 * din
9: 0.5078125 * ements
10: 0.455078125 * е
11: 0.44921875 * begging
12: 0.412109375 * big
13: 0.41015625 * actiuni
14: 0.388671875 * ity
15: 0.388671875 * cuplu
16: 0.375 * doesn
17: 0.3671875 * dog
18: 0.36328125 * invested
19: 0.361328125 * go
20: 0.3515625 * th
21: 0.34375 * 5%
22: 0.34375 * IN
23: 0.341796875 * lovitur
24: 0.326171875 * going
25: 0.322265625 * outdoor
26: 0.31640625 * </s>
27: 0.30859375 * comble
28: 0.30859375 * ation
29: 0.30859375 * mândr
30: 0.306640625 * .
31: 0.302734375 * stick
32: 0.298828125 * medium
33: 0.298828125 * domeniu
34: 0.298828125 * middle
35: 0.2890625 * has
36: 0.287109375 * walking
37: 0.275390625 * isierung
38: 0.2734375 * walks
39: 0.2734375 * acţiune
40: 0.2734375 * CC
41: 0.26953125 * walked
42: 0.265625 * ging
43: 0.263671875 * walk
44: 0.263671875 * wind
45: 0.26171875 * owner
46: 0.2578125 * and
47: 0.255859375 * adecvat
48: 0.255859375 * LC
49: 0.25390625 * Wind
Total loss: 0.34679654240608215 = MSE Loss: 0.27208951115608215, 0.001 * Sparsity Loss: 74.5
Epoch: 3 batch_num: 10
0: 0.89453125 * erstellt
1: 0.65234375 * miere
2: 0.6171875 * echival
3: 0.60546875 * din
4: 0.53515625 * ements
5: 0.52734375 * е
6: 0.494140625 * ATION
7: 0.494140625 * realizeaz
8: 0.466796875 * 5%
9: 0.447265625 * walking
10: 0.43359375 * maşin
11: 0.4296875 * IN
12: 0.4140625 * doamn
13: 0.4140625 * ity
14: 0.41015625 * big
15: 0.39453125 * dogs
16: 0.392578125 * going
17: 0.384765625 * begging
18: 0.375 * outdoor
19: 0.369140625 * walk
20: 0.3671875 * ation
21: 0.361328125 * Territory
22: 0.359375 * Col
23: 0.349609375 * lation
24: 0.34765625 * leg
25: 0.345703125 * cărui
26: 0.34375 * domeniu
27: 0.33984375 * consilier
28: 0.330078125 * walked
29: 0.328125 * cuplu
30: 0.318359375 * West
31: 0.318359375 * stick
32: 0.31640625 * go
33: 0.314453125 * comble
34: 0.3125 * corespund
35: 0.3125 * does
36: 0.30859375 * th
37: 0.306640625 * free
38: 0.30078125 * actiuni
39: 0.298828125 * CC
40: 0.296875 * .
41: 0.291015625 * walk
42: 0.287109375 * valeur
43: 0.28515625 * walks
44: 0.28515625 * AN
45: 0.28125 * dărui
46: 0.28125 * clădiri
47: 0.2734375 * ncing
48: 0.267578125 * -3
49: 0.259765625 * trecută
Total loss: 0.29637593030929565 = MSE Loss: 0.22020404040813446, 0.001 * Sparsity Loss: 76.0
Epoch: 3 batch_num: 11
0: 0.765625 * erstellt
1: 0.703125 * ATION
2: 0.640625 * doamn
3: 0.62109375 * dogs
4: 0.60546875 * IN
5: 0.58203125 * mândr
6: 0.578125 * miere
7: 0.54296875 * din
8: 0.52734375 * realizeaz
9: 0.515625 * е
10: 0.4921875 * echival
11: 0.466796875 * actiuni
12: 0.4609375 * Col
13: 0.427734375 * Territory
14: 0.42578125 * Do
15: 0.40234375 * valeur
16: 0.384765625 * consilier
17: 0.373046875 * wind
18: 0.365234375 * lation
19: 0.36328125 * 5%
20: 0.359375 * spots
21: 0.35546875 * leg
22: 0.349609375 * и
23: 0.33984375 * corespund
24: 0.330078125 * trecută
25: 0.322265625 * domeniu
26: 0.314453125 * West
27: 0.310546875 * Dog
28: 0.30859375 * walking
29: 0.306640625 * AN
30: 0.3046875 * outdoor
31: 0.302734375 * do
32: 0.294921875 * interest
33: 0.287109375 * Desigur
34: 0.283203125 * free
35: 0.28125 * PA
36: 0.275390625 * regiuni
37: 0.259765625 * isierung
38: 0.251953125 * West
39: 0.2490234375 * walked
40: 0.2470703125 * TH
41: 0.2470703125 * ncing
42: 0.2421875 * PR
43: 0.240234375 * :
44: 0.2392578125 * CC
45: 0.2392578125 * Re
46: 0.2353515625 * realizate
47: 0.2333984375 * small
48: 0.232421875 * oraş
49: 0.228515625 * Around
Total loss: 0.2677540183067322 = MSE Loss: 0.19402356445789337, 0.001 * Sparsity Loss: 73.5
Epoch: 3 batch_num: 12
0: 0.80859375 * realizeaz
1: 0.76171875 * ATION
2: 0.73828125 * mândr
3: 0.7109375 * ements
4: 0.66796875 * doamn
5: 0.59765625 * dogs
6: 0.44921875 * Col
7: 0.439453125 * IN
8: 0.421875 * 
9: 0.419921875 * din
10: 0.419921875 * erstellt
11: 0.41015625 * dărui
12: 0.408203125 * lovitur
13: 0.408203125 * isierung
14: 0.408203125 * trecută
15: 0.404296875 * walk
16: 0.392578125 * invested
17: 0.390625 * small
18: 0.390625 * Do
19: 0.38671875 * wind
20: 0.380859375 * е
21: 0.37890625 * Territory
22: 0.375 * miere
23: 0.365234375 * cuplu
24: 0.36328125 * walks
25: 0.349609375 * interest
26: 0.345703125 * )
27: 0.341796875 * /
28: 0.337890625 * medium
29: 0.337890625 * consilier
30: 0.33203125 * Dog
31: 0.33203125 * doesn
32: 0.330078125 * TH
33: 0.330078125 * In
34: 0.32421875 * ://
35: 0.32421875 * </s>
36: 0.31640625 * "
37: 0.314453125 * PA
38: 0.314453125 * pace
39: 0.310546875 * и
40: 0.306640625 * stretch
41: 0.3046875 * IN
42: 0.298828125 * side
43: 0.29296875 * cărui
44: 0.287109375 * animal
45: 0.287109375 * ],
46: 0.287109375 * with
47: 0.283203125 * in
48: 0.279296875 * go
49: 0.27734375 * .
Total loss: 0.25642919540405273 = MSE Loss: 0.17879246175289154, 0.001 * Sparsity Loss: 77.5
Epoch: 3 batch_num: 13
0: 0.8984375 * ements
1: 0.6328125 * lovitur
2: 0.58984375 * IN
3: 0.55078125 * ://
4: 0.52734375 * animal
5: 0.5234375 * cuplu
6: 0.50390625 * isierung
7: 0.50390625 * mândr
8: 0.48046875 * medium
9: 0.470703125 * walk
10: 0.458984375 * doamn
11: 0.443359375 * dărui
12: 0.44140625 * ATION
13: 0.439453125 * acţiune
14: 0.435546875 * maşin
15: 0.4296875 * cărui
16: 0.40625 * invested
17: 0.37109375 * about
18: 0.369140625 * 
19: 0.359375 * small
20: 0.3515625 * viziune
21: 0.345703125 * pet
22: 0.345703125 * legs
23: 0.33984375 * TH
24: 0.33984375 * stability
25: 0.33203125 * (
26: 0.32421875 * Col
27: 0.31640625 * ’
28: 0.314453125 * doesn
29: 0.3125 * walks
30: 0.3125 * big
31: 0.306640625 * ging
32: 0.3046875 * stretch
33: 0.3046875 * bebelus
34: 0.302734375 * side
35: 0.294921875 * begging
36: 0.29296875 * PA
37: 0.2890625 * on
38: 0.28125 * spot
39: 0.28125 * on
40: 0.27734375 * pace
41: 0.265625 * #
42: 0.259765625 * misiune
43: 0.2578125 * –
44: 0.2578125 * an
45: 0.255859375 * ­
46: 0.255859375 * CC
47: 0.251953125 * echival
48: 0.2470703125 * misiei
49: 0.24609375 * dogs
Total loss: 0.24779149889945984 = MSE Loss: 0.17357274889945984, 0.001 * Sparsity Loss: 74.0
Epoch: 3 batch_num: 14
0: 0.84375 * realizeaz
1: 0.6875 * lovitur
2: 0.6015625 * cuplu
3: 0.578125 * IN
4: 0.55859375 * animal
5: 0.53125 * legs
6: 0.51171875 * ements
7: 0.486328125 * isierung
8: 0.470703125 * acţiune
9: 0.46875 * medium
10: 0.453125 * echival
11: 0.451171875 * trecută
12: 0.44921875 * CC
13: 0.416015625 * on
14: 0.4140625 * misiei
15: 0.40234375 * ://
16: 0.392578125 * maşin
17: 0.373046875 * pet
18: 0.361328125 * е
19: 0.341796875 * actiuni
20: 0.33984375 * misiune
21: 0.33984375 * cărui
22: 0.337890625 * do
23: 0.3359375 * West
24: 0.333984375 * walk
25: 0.314453125 * ging
26: 0.310546875 * dogs
27: 0.3046875 * erstellt
28: 0.302734375 * 
29: 0.30078125 * stability
30: 0.294921875 * ating
31: 0.29296875 * leader
32: 0.291015625 * PD
33: 0.2890625 * -3
34: 0.287109375 * miere
35: 0.28515625 * ?
36: 0.28515625 * TH
37: 0.28125 * ’
38: 0.28125 * about
39: 0.27734375 * schimb
40: 0.27734375 * begging
41: 0.275390625 * corespund
42: 0.2734375 * и
43: 0.2734375 * of
44: 0.271484375 * (
45: 0.26953125 * 3
46: 0.267578125 * stick
47: 0.263671875 * an
48: 0.263671875 * summer
49: 0.26171875 * St
Total loss: 0.3122726082801819 = MSE Loss: 0.2390304058790207, 0.001 * Sparsity Loss: 73.0
Epoch: 3 batch_num: 15
0: 0.81640625 * realizeaz
1: 0.6328125 * е
2: 0.5546875 * trecută
3: 0.52734375 * legs
4: 0.498046875 * CC
5: 0.4921875 * dogs
6: 0.482421875 * lovitur
7: 0.455078125 * imprumut
8: 0.453125 * West
9: 0.447265625 * miere
10: 0.4375 * misiei
11: 0.419921875 * doamn
12: 0.4140625 * actiuni
13: 0.412109375 * animal
14: 0.412109375 * lation
15: 0.40234375 * -3
16: 0.392578125 * и
17: 0.388671875 * corespund
18: 0.380859375 * Territory
19: 0.380859375 * viziune
20: 0.36328125 * echival
21: 0.357421875 * dosar
22: 0.349609375 * medium
23: 0.345703125 * PD
24: 0.345703125 * IN
25: 0.33984375 * licensed
26: 0.33203125 * 
27: 0.33203125 * do
28: 0.330078125 * acţiune
29: 0.330078125 * 3
30: 0.330078125 * Licensed
31: 0.326171875 * cuplu
32: 0.322265625 * leader
33: 0.3203125 * interest
34: 0.3203125 * at
35: 0.30859375 * on
36: 0.3046875 * isierung
37: 0.302734375 * walk
38: 0.302734375 * ATION
39: 0.30078125 * ging
40: 0.296875 * anului
41: 0.287109375 * valeur
42: 0.283203125 * ized
43: 0.27734375 * logy
44: 0.275390625 * LC
45: 0.2734375 * 23
46: 0.271484375 * spots
47: 0.271484375 * strip
48: 0.26953125 * At
49: 0.267578125 * Walk
Total loss: 0.34274032711982727 = MSE Loss: 0.26705673336982727, 0.001 * Sparsity Loss: 75.5
Epoch: 3 batch_num: 16
0: 0.75 * viziune
1: 0.7421875 * е
2: 0.73046875 * doamn
3: 0.60546875 * mândr
4: 0.578125 * dosar
5: 0.5078125 * anului
6: 0.5078125 * imprumut
7: 0.5 * lation
8: 0.474609375 * miere
9: 0.46875 * ATION
10: 0.4453125 * CC
11: 0.435546875 * Wind
12: 0.427734375 * Territory
13: 0.423828125 * ://
14: 0.419921875 * bebelus
15: 0.416015625 * with
16: 0.396484375 * In
17: 0.396484375 * begging
18: 0.39453125 * of
19: 0.390625 * -3
20: 0.38671875 * и
21: 0.38671875 * ears
22: 0.384765625 * does
23: 0.380859375 * cărui
24: 0.3671875 * small
25: 0.365234375 * Col
26: 0.36328125 * Licensed
27: 0.34765625 * big
28: 0.34375 * licensed
29: 0.33984375 * realizeaz
30: 0.32421875 * PD
31: 0.3203125 * Desigur
32: 0.3203125 * in
33: 0.3203125 * vigoare
34: 0.314453125 * misiei
35: 0.314453125 * corespund
36: 0.314453125 * IN
37: 0.3125 * west
38: 0.3125 * legs
39: 0.3125 * Command
40: 0.3125 * valeur
41: 0.310546875 * ?
42: 0.30859375 * maşin
43: 0.30078125 * dogs
44: 0.30078125 * day
45: 0.298828125 * domeniu
46: 0.296875 * ation
47: 0.28125 * major
48: 0.28125 * leader
49: 0.27734375 * ],
Total loss: 0.3185093402862549 = MSE Loss: 0.23891951143741608, 0.001 * Sparsity Loss: 79.5
Epoch: 3 batch_num: 17
0: 0.8828125 * viziune
1: 0.8046875 * doamn
2: 0.69921875 * е
3: 0.671875 * dosar
4: 0.65234375 * ://
5: 0.63671875 * realizeaz
6: 0.6328125 * mândr
7: 0.60546875 * begging
8: 0.6015625 * does
9: 0.57421875 * anului
10: 0.5703125 * west
11: 0.53515625 * trecută
12: 0.49609375 * maşin
13: 0.48046875 * ATION
14: 0.470703125 * lation
15: 0.46875 * with
16: 0.44921875 * dog
17: 0.43359375 * bebelus
18: 0.427734375 * cuplu
19: 0.423828125 * Wind
20: 0.421875 * big
21: 0.419921875 * schimb
22: 0.41796875 * ation
23: 0.41796875 * In
24: 0.400390625 * miere
25: 0.392578125 * pace
26: 0.388671875 * </s>
27: 0.376953125 * Desigur
28: 0.376953125 * ],
29: 0.376953125 * vigoare
30: 0.375 * ears
31: 0.373046875 * parinti
32: 0.361328125 * small
33: 0.3515625 * Territory
34: 0.349609375 * St
35: 0.34375 * -3
36: 0.3203125 * petrec
37: 0.3203125 * ling
38: 0.3125 * medium
39: 0.3125 * Col
40: 0.3046875 * From
41: 0.3046875 * aktion
42: 0.3046875 * invested
43: 0.298828125 * Licensed
44: 0.296875 * CC
45: 0.29296875 * friend
46: 0.29296875 * lovitur
47: 0.287109375 * about
48: 0.28515625 * shedding
49: 0.283203125 * ability
Total loss: 0.3939034640789032 = MSE Loss: 0.3128487765789032, 0.001 * Sparsity Loss: 81.0
Epoch: 3 batch_num: 18
0: 0.91015625 * realizeaz
1: 0.7421875 * viziune
2: 0.73828125 * trecută
3: 0.734375 * doamn
4: 0.65234375 * dosar
5: 0.61328125 * St
6: 0.609375 * е
7: 0.6015625 * IN
8: 0.578125 * begging
9: 0.5546875 * does
10: 0.54296875 * ://
11: 0.53515625 * cuplu
12: 0.5234375 * anului
13: 0.51953125 * maşin
14: 0.515625 * </s>
15: 0.50390625 * lovitur
16: 0.490234375 * friend
17: 0.490234375 * medium
18: 0.48828125 * acţiune
19: 0.470703125 * west
20: 0.466796875 * ATION
21: 0.43359375 * wind
22: 0.419921875 * isierung
23: 0.41796875 * parinti
24: 0.412109375 * schimb
25: 0.412109375 * pace
26: 0.39453125 * adecvat
27: 0.38671875 * echival
28: 0.37890625 * Desigur
29: 0.375 * imprumut
30: 0.369140625 * pet
31: 0.365234375 * vigoare
32: 0.3515625 * logy
33: 0.34765625 * dog
34: 0.345703125 * about
35: 0.333984375 * aktion
36: 0.322265625 * strip
37: 0.318359375 * In
38: 0.30078125 * petrec
39: 0.30078125 * lation
40: 0.298828125 * ],
41: 0.294921875 * edge
42: 0.283203125 * from
43: 0.28125 * big
44: 0.275390625 * ation
45: 0.275390625 * interest
46: 0.2734375 * freedom
47: 0.26953125 * decizie
48: 0.267578125 * .
49: 0.267578125 * dărui
Total loss: 0.251106858253479 = MSE Loss: 0.1724935621023178, 0.001 * Sparsity Loss: 78.5
Epoch: 3 batch_num: 19
0: 0.640625 * IN
1: 0.640625 * wind
2: 0.58984375 * imprumut
3: 0.5859375 * mândr
4: 0.57421875 * acţiune
5: 0.5625 * does
6: 0.546875 * lovitur
7: 0.546875 * St
8: 0.53125 * isierung
9: 0.5234375 * dosar
10: 0.5234375 * trecută
11: 0.51171875 * friend
12: 0.51171875 * adecvat
13: 0.5078125 * doamn
14: 0.48046875 * realizeaz
15: 0.474609375 * medium
16: 0.466796875 * е
17: 0.462890625 * cuplu
18: 0.453125 * strip
19: 0.4296875 * In
20: 0.42578125 * pet
21: 0.3984375 * viziune
22: 0.3828125 * edge
23: 0.3828125 * </s>
24: 0.3828125 * dărui
25: 0.3671875 * path
26: 0.36328125 * ATION
27: 0.36328125 * ity
28: 0.3515625 * parinti
29: 0.349609375 * anului
30: 0.341796875 * begging
31: 0.337890625 * West
32: 0.333984375 * maşin
33: 0.328125 * regiuni
34: 0.326171875 * .
35: 0.32421875 * Leaving
36: 0.32421875 * pace
37: 0.32421875 * middle
38: 0.322265625 * aktion
39: 0.314453125 * Desigur
40: 0.310546875 * logy
41: 0.30859375 * Animal
42: 0.306640625 * decizie
43: 0.3046875 * misiei
44: 0.3046875 * vigoare
45: 0.302734375 * licensed
46: 0.302734375 * At
47: 0.298828125 * Around
48: 0.29296875 * ’
49: 0.291015625 * ]
Total loss: 0.27900272607803345 = MSE Loss: 0.19990117847919464, 0.001 * Sparsity Loss: 79.0
Epoch: 3 batch_num: 20
0: 0.89453125 * mândr
1: 0.82421875 * IN
2: 0.57421875 * isierung
3: 0.55078125 * Animal
4: 0.52734375 * West
5: 0.51953125 * wind
6: 0.5078125 * acţiune
7: 0.455078125 * does
8: 0.453125 * licensed
9: 0.4375 * lovitur
10: 0.4375 * imprumut
11: 0.435546875 * Walk
12: 0.421875 * strip
13: 0.4140625 * path
14: 0.400390625 * friend
15: 0.3984375 * miere
16: 0.3828125 * adecvat
17: 0.37109375 * RE
18: 0.36328125 * cărui
19: 0.36328125 * invested
20: 0.361328125 * IN
21: 0.35546875 * around
22: 0.34765625 * realizeaz
23: 0.345703125 * ity
24: 0.345703125 * ears
25: 0.3359375 * dărui
26: 0.330078125 * pet
27: 0.32421875 * medium
28: 0.30859375 * at
29: 0.306640625 * spots
30: 0.306640625 * regiuni
31: 0.3046875 * Around
32: 0.302734375 * CC
33: 0.30078125 * misiei
34: 0.30078125 * the
35: 0.294921875 * Leaving
36: 0.29296875 * spot
37: 0.29296875 * middle
38: 0.287109375 * PD
39: 0.279296875 * Cro
40: 0.279296875 * do
41: 0.2734375 * ]
42: 0.271484375 * Walking
43: 0.271484375 * dosar
44: 0.267578125 * New
45: 0.267578125 * doesn
46: 0.263671875 * from
47: 0.263671875 * aktion
48: 0.259765625 * edge
49: 0.259765625 * St
Total loss: 0.3342059552669525 = MSE Loss: 0.2590106427669525, 0.001 * Sparsity Loss: 75.0
Epoch: 3 batch_num: 21
0: 0.71484375 * mândr
1: 0.7109375 * IN
2: 0.609375 * Animal
3: 0.6015625 * isierung
4: 0.5703125 * invested
5: 0.5078125 * doamn
6: 0.5 * Walk
7: 0.46484375 * licensed
8: 0.435546875 * </s>
9: 0.431640625 * miere
10: 0.4296875 * spot
11: 0.40625 * lation
12: 0.392578125 * viziune
13: 0.369140625 * decizie
14: 0.333984375 * acţiune
15: 0.328125 * RE
16: 0.318359375 * around
17: 0.31640625 * IN
18: 0.314453125 * ears
19: 0.30859375 * does
20: 0.3046875 * realizeaz
21: 0.302734375 * logy
22: 0.30078125 * St
23: 0.298828125 * strip
24: 0.296875 * ATION
25: 0.287109375 * Scout
26: 0.28515625 * Walking
27: 0.28125 * haltung
28: 0.275390625 * spots
29: 0.26953125 * stretch
30: 0.267578125 * path
31: 0.267578125 * echival
32: 0.267578125 * din
33: 0.259765625 * /
34: 0.2578125 * anului
35: 0.2578125 * th
36: 0.25390625 * summer
37: 0.25 * CC
38: 0.2490234375 * Around
39: 0.2451171875 * from
40: 0.2431640625 * In
41: 0.2412109375 * clădiri
42: 0.240234375 * Summer
43: 0.2392578125 * PD
44: 0.23828125 * bebelus
45: 0.23828125 * cărui
46: 0.236328125 * domeniu
47: 0.2333984375 * Cooper
48: 0.2333984375 * West
49: 0.2294921875 * fit
Total loss: 0.2375970035791397 = MSE Loss: 0.1663079410791397, 0.001 * Sparsity Loss: 71.5
Epoch: 3 batch_num: 22
0: 0.828125 * doamn
1: 0.73828125 * </s>
2: 0.5546875 * invested
3: 0.546875 * isierung
4: 0.53125 * stick
5: 0.490234375 * St
6: 0.490234375 * adecvat
7: 0.474609375 * lation
8: 0.46484375 * Animal
9: 0.453125 * and
10: 0.4453125 * logy
11: 0.44140625 * decizie
12: 0.431640625 * ATION
13: 0.431640625 * viziune
14: 0.427734375 * Walk
15: 0.4140625 * in
16: 0.41015625 * misiune
17: 0.390625 * anului
18: 0.359375 * licensed
19: 0.35546875 * )
20: 0.34375 * Cooper
21: 0.34375 * echival
22: 0.341796875 * /
23: 0.337890625 * of
24: 0.330078125 * .
25: 0.328125 * ’
26: 0.328125 * dărui
27: 0.326171875 * West
28: 0.322265625 * miere
29: 0.31640625 * day
30: 0.306640625 * ).
31: 0.306640625 * spot
32: 0.296875 * relates
33: 0.294921875 * clădiri
34: 0.29296875 * din
35: 0.29296875 * е
36: 0.291015625 * cuplu
37: 0.28515625 * pace
38: 0.283203125 * pet
39: 0.283203125 * ements
40: 0.279296875 * schimb
41: 0.279296875 * medium
42: 0.279296875 * Col
43: 0.27734375 * maşin
44: 0.2734375 * imprumut
45: 0.271484375 * friend
46: 0.265625 * was
47: 0.263671875 * haltung
48: 0.259765625 * ped
49: 0.2578125 * PR
Total loss: 0.30305570363998413 = MSE Loss: 0.22834868729114532, 0.001 * Sparsity Loss: 74.5
Epoch: 3 batch_num: 23
0: 0.9609375 * doamn
1: 0.84375 * </s>
2: 0.7265625 * stick
3: 0.6953125 * adecvat
4: 0.609375 * dărui
5: 0.58984375 * misiune
6: 0.5546875 * and
7: 0.54296875 * in
8: 0.53515625 * .
9: 0.5 * dogs
10: 0.490234375 * medium
11: 0.484375 * ATION
12: 0.46875 * friend
13: 0.4609375 * IN
14: 0.45703125 * )
15: 0.42578125 * lation
16: 0.4140625 * isierung
17: 0.408203125 * of
18: 0.40234375 * ity
19: 0.396484375 * dog
20: 0.39453125 * anului
21: 0.376953125 * PR
22: 0.373046875 * ).
23: 0.365234375 * Col
24: 0.365234375 * invested
25: 0.361328125 * animal
26: 0.361328125 * ,
27: 0.35546875 * mândr
28: 0.345703125 * west
29: 0.345703125 * logy
30: 0.34375 * AN
31: 0.333984375 * big
32: 0.333984375 * ST
33: 0.333984375 * е
34: 0.328125 * spots
35: 0.3203125 * Wind
36: 0.318359375 * West
37: 0.31640625 * ţări
38: 0.310546875 * Leaving
39: 0.310546875 * cărui
40: 0.3046875 * relates
41: 0.3046875 * profile
42: 0.302734375 * small
43: 0.298828125 * Cooper
44: 0.296875 * acţiune
45: 0.283203125 * At
46: 0.279296875 * echival
47: 0.27734375 * walk
48: 0.27734375 * Desigur
49: 0.2734375 * constient
Total loss: 0.25212210416793823 = MSE Loss: 0.17302052676677704, 0.001 * Sparsity Loss: 79.0
Epoch: 3 batch_num: 24
0: 0.90625 * doamn
1: 0.7421875 * </s>
2: 0.66015625 * adecvat
3: 0.65234375 * IN
4: 0.625 * ity
5: 0.59375 * ST
6: 0.59375 * stick
7: 0.5859375 * dărui
8: 0.55078125 * misiune
9: 0.546875 * does
10: 0.5390625 * medium
11: 0.53125 * animal
12: 0.51953125 * actiuni
13: 0.515625 * ATION
14: 0.48828125 * Wind
15: 0.474609375 * acţiune
16: 0.455078125 * dogs
17: 0.435546875 * At
18: 0.421875 * realizeaz
19: 0.412109375 * .
20: 0.408203125 * friend
21: 0.408203125 * west
22: 0.400390625 * strip
23: 0.373046875 * about
24: 0.37109375 * regiuni
25: 0.3671875 * AN
26: 0.361328125 * misiei
27: 0.357421875 * and
28: 0.353515625 * The
29: 0.34765625 * St
30: 0.345703125 * bebelus
31: 0.33984375 * West
32: 0.337890625 * On
33: 0.333984375 * spots
34: 0.33203125 * ţări
35: 0.33203125 * at
36: 0.328125 * Desigur
37: 0.328125 * in
38: 0.328125 * е
39: 0.322265625 * at
40: 0.306640625 * From
41: 0.306640625 * summer
42: 0.306640625 * imprumut
43: 0.302734375 * Leaving
44: 0.298828125 * PR
45: 0.296875 * profile
46: 0.294921875 * ation
47: 0.291015625 * vigoare
48: 0.287109375 * ).
49: 0.283203125 * maşin
Total loss: 0.3348003029823303 = MSE Loss: 0.2547221779823303, 0.001 * Sparsity Loss: 80.0
Epoch: 3 batch_num: 25
0: 0.7265625 * IN
1: 0.671875 * doamn
2: 0.625 * actiuni
3: 0.6015625 * ity
4: 0.59375 * does
5: 0.58984375 * ST
6: 0.5234375 * acţiune
7: 0.5 * summer
8: 0.498046875 * maşin
9: 0.49609375 * animal
10: 0.482421875 * adecvat
11: 0.474609375 * imprumut
12: 0.47265625 * walks
13: 0.47265625 * strip
14: 0.462890625 * invested
15: 0.45703125 * </s>
16: 0.412109375 * miere
17: 0.404296875 * regiuni
18: 0.40234375 * realizeaz
19: 0.396484375 * medium
20: 0.38671875 * echival
21: 0.359375 * about
22: 0.35546875 * viziune
23: 0.353515625 * Wind
24: 0.3515625 * dărui
25: 0.34375 * logy
26: 0.33984375 * ATION
27: 0.333984375 * path
28: 0.33203125 * on
29: 0.330078125 * Desigur
30: 0.328125 * West
31: 0.32421875 * cuplu
32: 0.3203125 * walk
33: 0.31640625 * mo
34: 0.31640625 * AN
35: 0.31640625 * clădiri
36: 0.314453125 * At
37: 0.306640625 * west
38: 0.306640625 * St
39: 0.3046875 * din
40: 0.302734375 * go
41: 0.30078125 * an
42: 0.298828125 * standing
43: 0.298828125 * Animal
44: 0.298828125 * ation
45: 0.296875 * misiei
46: 0.294921875 * The
47: 0.29296875 * cărui
48: 0.28515625 * ".
49: 0.283203125 * ţări
Total loss: 0.24938321113586426 = MSE Loss: 0.17125821113586426, 0.001 * Sparsity Loss: 78.0
Epoch: 3 batch_num: 26
0: 0.671875 * invested
1: 0.640625 * walks
2: 0.52734375 * IN
3: 0.51171875 * logy
4: 0.51171875 * echival
5: 0.5 * on
6: 0.484375 * does
7: 0.478515625 * summer
8: 0.47265625 * ity
9: 0.46484375 * maşin
10: 0.431640625 * cuplu
11: 0.4296875 * dogs
12: 0.423828125 * din
13: 0.41796875 * ST
14: 0.404296875 * acţiune
15: 0.3984375 * strip
16: 0.3984375 * imprumut
17: 0.392578125 * miere
18: 0.388671875 * clădiri
19: 0.38671875 * misiune
20: 0.361328125 * from
21: 0.34765625 * stability
22: 0.333984375 * regiuni
23: 0.322265625 * big
24: 0.322265625 * lation
25: 0.31640625 * walk
26: 0.314453125 * spots
27: 0.310546875 * animal
28: 0.296875 * cărui
29: 0.291015625 * /
30: 0.287109375 * mo
31: 0.287109375 * In
32: 0.28515625 * walking
33: 0.28515625 * pets
34: 0.27734375 * schimb
35: 0.27734375 * viziune
36: 0.2734375 * doamn
37: 0.26953125 * isierung
38: 0.263671875 * 5%
39: 0.26171875 * an
40: 0.26171875 * realizeaz
41: 0.259765625 * aktion
42: 0.2578125 * Col
43: 0.255859375 * standing
44: 0.255859375 * guest
45: 0.25390625 * ://
46: 0.25390625 * West
47: 0.25390625 * grupului
48: 0.251953125 * Desigur
49: 0.251953125 * Edge
Total loss: 0.3542465567588806 = MSE Loss: 0.2790512442588806, 0.001 * Sparsity Loss: 75.0
Epoch: 3 batch_num: 27
0: 2.109375 * realizeaz
1: 1.3984375 * mândr
2: 0.953125 * misiune
3: 0.88671875 * bebelus
4: 0.8671875 * dărui
5: 0.85546875 * path
6: 0.83203125 * parinti
7: 0.8046875 * cuplu
8: 0.72265625 * anului
9: 0.71484375 * trecută
10: 0.6875 * echival
11: 0.65625 * erstellt
12: 0.65234375 * St
13: 0.640625 * imprumut
14: 0.625 * invested
15: 0.609375 * ://
16: 0.578125 * Ross
17: 0.5703125 * logy
18: 0.55078125 * viziune
19: 0.546875 * from
20: 0.53125 * good
21: 0.5234375 * picioare
22: 0.515625 * cărui
23: 0.5078125 * does
24: 0.5 * /
25: 0.494140625 * ATION
26: 0.484375 * running
27: 0.482421875 * medium
28: 0.4765625 * isierung
29: 0.453125 * PR
30: 0.439453125 * schimb
31: 0.435546875 * legs
32: 0.435546875 * intention
33: 0.43359375 * lovitur
34: 0.431640625 * consilier
35: 0.42578125 * miere
36: 0.421875 * lation
37: 0.41796875 * din
38: 0.40625 * walks
39: 0.404296875 * ped
40: 0.39453125 * Territory
41: 0.39453125 * on
42: 0.380859375 * conducere
43: 0.376953125 * pets
44: 0.376953125 * valeur
45: 0.373046875 * ],
46: 0.369140625 * grupului
47: 0.365234375 * duty
48: 0.359375 * wind
49: 0.337890625 * In
Total loss: 0.3446083962917328 = MSE Loss: 0.2435341775417328, 0.001 * Sparsity Loss: 101.0
Epoch: 3 batch_num: 28
0: 3.1875 * realizeaz
1: 2.140625 * mândr
2: 1.4765625 * bebelus
3: 1.4765625 * parinti
4: 1.375 * dărui
5: 1.359375 * misiune
6: 1.3203125 * path
7: 1.2734375 * cuplu
8: 1.1640625 * St
9: 1.1328125 * anului
10: 0.9453125 * trecută
11: 0.90625 * viziune
12: 0.8671875 * Ross
13: 0.828125 * cărui
14: 0.8046875 * intention
15: 0.78125 * erstellt
16: 0.75390625 * picioare
17: 0.7265625 * Territory
18: 0.6875 * territory
19: 0.6796875 * medium
20: 0.67578125 * pets
21: 0.65234375 * echival
22: 0.6328125 * ements
23: 0.62890625 * ATION
24: 0.62890625 * consilier
25: 0.58984375 * ://
26: 0.58984375 * isierung
27: 0.5703125 * lovitur
28: 0.55078125 * Wind
29: 0.5390625 * ST
30: 0.51953125 * strip
31: 0.50390625 * RE
32: 0.5 * pet
33: 0.5 * conducere
34: 0.498046875 * imprumut
35: 0.494140625 * realizate
36: 0.490234375 * schimb
37: 0.484375 * owner
38: 0.482421875 * invested
39: 0.478515625 * good
40: 0.4765625 * west
41: 0.470703125 * valeur
42: 0.466796875 * dosar
43: 0.458984375 * ],
44: 0.458984375 * Strip
45: 0.455078125 * logy
46: 0.451171875 * ation
47: 0.44921875 * from
48: 0.4453125 * /
49: 0.439453125 * freedom
Total loss: 0.28581714630126953 = MSE Loss: 0.16423511505126953, 0.001 * Sparsity Loss: 121.5
Epoch: 3 batch_num: 29
0: 3.390625 * realizeaz
1: 2.3125 * mândr
2: 1.9140625 * parinti
3: 1.8125 * bebelus
4: 1.546875 * dărui
5: 1.5078125 * cuplu
6: 1.4921875 * path
7: 1.4765625 * misiune
8: 1.4609375 * St
9: 1.3984375 * anului
10: 1.0234375 * viziune
11: 1.0234375 * intention
12: 1.0078125 * Ross
13: 1.0078125 * Wind
14: 0.91015625 * ements
15: 0.90625 * territory
16: 0.8828125 * picioare
17: 0.8671875 * Territory
18: 0.859375 * trecută
19: 0.8515625 * cărui
20: 0.7421875 * ST
21: 0.72265625 * west
22: 0.71484375 * consilier
23: 0.71484375 * pets
24: 0.6640625 * strip
25: 0.64453125 * erstellt
26: 0.63671875 * medium
27: 0.60546875 * isierung
28: 0.578125 * Strip
29: 0.56640625 * pet
30: 0.55859375 * realizate
31: 0.55078125 * stability
32: 0.54296875 * ATION
33: 0.53515625 * RE
34: 0.51953125 * dosar
35: 0.515625 * summer
36: 0.51171875 * lovitur
37: 0.51171875 * conducere
38: 0.5078125 * do
39: 0.5078125 * ity
40: 0.50390625 * friend
41: 0.462890625 * owner
42: 0.462890625 * /
43: 0.44921875 * outdoors
44: 0.4453125 * ation
45: 0.4375 * ],
46: 0.43359375 * AT
47: 0.431640625 * freedom
48: 0.4296875 * Pic
49: 0.423828125 * local
Total loss: 0.3463096618652344 = MSE Loss: 0.21935655176639557, 0.001 * Sparsity Loss: 126.5
Epoch: 3 batch_num: 30
0: 2.84375 * realizeaz
1: 2.234375 * parinti
2: 1.921875 * mândr
3: 1.875 * bebelus
4: 1.5546875 * dărui
5: 1.53125 * path
6: 1.5234375 * anului
7: 1.5078125 * cuplu
8: 1.46875 * St
9: 1.328125 * misiune
10: 1.1328125 * Wind
11: 1.109375 * intention
12: 1.015625 * Ross
13: 0.96875 * territory
14: 0.92578125 * picioare
15: 0.89453125 * viziune
16: 0.8359375 * Territory
17: 0.7890625 * ements
18: 0.74609375 * ST
19: 0.67578125 * stability
20: 0.66796875 * consilier
21: 0.66796875 * west
22: 0.6640625 * strip
23: 0.62890625 * walks
24: 0.6171875 * Strip
25: 0.58203125 * do
26: 0.57421875 * summer
27: 0.5546875 * isierung
28: 0.55078125 * pet
29: 0.54296875 * realizate
30: 0.54296875 * imprumut
31: 0.53515625 * ity
32: 0.52734375 * cărui
33: 0.51953125 * /
34: 0.515625 * pets
35: 0.490234375 * AT
36: 0.48046875 * trecută
37: 0.46875 * RE
38: 0.466796875 * 
39: 0.462890625 * outdoors
40: 0.45703125 * walk
41: 0.453125 * conducere
42: 0.44921875 * dosar
43: 0.4453125 * friend
44: 0.443359375 * medium
45: 0.431640625 * Pic
46: 0.40234375 * West
47: 0.390625 * ling
48: 0.388671875 * run
49: 0.38671875 * Potrivit
Total loss: 0.3049161434173584 = MSE Loss: 0.1823575645685196, 0.001 * Sparsity Loss: 122.5
Epoch: 3 batch_num: 31
0: 2.4375 * parinti
1: 1.953125 * realizeaz
2: 1.71875 * bebelus
3: 1.515625 * anului
4: 1.3984375 * dărui
5: 1.390625 * path
6: 1.3671875 * cuplu
7: 1.1875 * St
8: 1.1171875 * Wind
9: 1.0859375 * intention
10: 1.046875 * mândr
11: 0.96875 * walks
12: 0.9296875 * misiune
13: 0.90625 * territory
14: 0.90625 * Ross
15: 0.890625 * picioare
16: 0.84375 * imprumut
17: 0.7265625 * West
18: 0.69921875 * stability
19: 0.68359375 * walk
20: 0.6484375 * Territory
21: 0.59765625 * Strip
22: 0.578125 * viziune
23: 0.57421875 * west
24: 0.5625 * strip
25: 0.55078125 * ST
26: 0.515625 * from
27: 0.51171875 * PR
28: 0.51171875 * consilier
29: 0.5078125 * 
30: 0.484375 * pet
31: 0.4765625 * summer
32: 0.474609375 * AT
33: 0.474609375 * on
34: 0.462890625 * realizate
35: 0.44921875 * miere
36: 0.44140625 * ements
37: 0.435546875 * isierung
38: 0.435546875 * outdoors
39: 0.4296875 * From
40: 0.427734375 * with
41: 0.408203125 * Potrivit
42: 0.396484375 * do
43: 0.39453125 * New
44: 0.392578125 * Pic
45: 0.390625 * echival
46: 0.388671875 * ation
47: 0.384765625 * big
48: 0.359375 * Col
49: 0.35546875 * ating
Total loss: 0.3338136672973633 = MSE Loss: 0.22102069854736328, 0.001 * Sparsity Loss: 113.0
Epoch: 3 batch_num: 32
0: 2.53125 * parinti
1: 1.4140625 * anului
2: 1.4140625 * bebelus
3: 1.171875 * path
4: 1.078125 * cuplu
5: 0.9921875 * walks
6: 0.96484375 * dărui
7: 0.95703125 * intention
8: 0.8359375 * West
9: 0.83203125 * Wind
10: 0.828125 * imprumut
11: 0.80859375 * St
12: 0.79296875 * picioare
13: 0.73046875 * territory
14: 0.6796875 * Ross
15: 0.60546875 * ation
16: 0.58203125 * stability
17: 0.56640625 * walk
18: 0.5625 * echival
19: 0.546875 * 
20: 0.54296875 * Strip
21: 0.5390625 * big
22: 0.53125 * dogs
23: 0.515625 * realizeaz
24: 0.51171875 * valeur
25: 0.5 * on
26: 0.49609375 * PR
27: 0.494140625 * free
28: 0.4921875 * miere
29: 0.486328125 * west
30: 0.439453125 * erstellt
31: 0.4375 * New
32: 0.423828125 * ]
33: 0.40234375 * Potrivit
34: 0.39453125 * strip
35: 0.38671875 * outdoors
36: 0.3828125 * pet
37: 0.375 * ATION
38: 0.36328125 * pets
39: 0.359375 * On
40: 0.357421875 * logy
41: 0.345703125 * the
42: 0.3359375 * from
43: 0.3359375 * From
44: 0.3359375 * on
45: 0.330078125 * misiune
46: 0.330078125 * Territory
47: 0.330078125 * Pic
48: 0.326171875 * trecută
49: 0.3203125 * realizate
Total loss: 0.3899725377559662 = MSE Loss: 0.2893866002559662, 0.001 * Sparsity Loss: 100.5
Epoch: 3 batch_num: 33
0: 2.453125 * dogs
1: 2.28125 * parinti
2: 1.6640625 * West
3: 1.53125 * animal
4: 1.53125 * actiuni
5: 1.484375 * viziune
6: 1.4609375 * dărui
7: 1.3203125 * owner
8: 1.3125 * pets
9: 1.234375 * walks
10: 1.234375 * Animal
11: 1.2265625 * Dog
12: 1.21875 * realizeaz
13: 1.1171875 * maşin
14: 1.0390625 * totusi
15: 1.015625 * decizie
16: 0.97265625 * bebelus
17: 0.94921875 * path
18: 0.94140625 * territory
19: 0.91015625 * begging
20: 0.890625 * licensed
21: 0.87890625 * dosar
22: 0.85546875 * misiune
23: 0.83984375 * Cooper
24: 0.8359375 * Licensed
25: 0.82421875 * cuplu
26: 0.8203125 * intention
27: 0.80859375 * on
28: 0.7890625 * DOT
29: 0.75390625 * legs
30: 0.75 * Territory
31: 0.71875 * RE
32: 0.6953125 * Wind
33: 0.68359375 * mândr
34: 0.67578125 * anului
35: 0.671875 * schimb
36: 0.6640625 * pace
37: 0.66015625 * wind
38: 0.66015625 * AT
39: 0.65625 * at
40: 0.640625 * misiei
41: 0.63671875 * New
42: 0.625 * owner
43: 0.625 * grupului
44: 0.59375 * on
45: 0.58984375 * walk
46: 0.5859375 * leg
47: 0.58203125 * guest
48: 0.578125 * Walking
49: 0.5625 * conducere
Total loss: 0.390028715133667 = MSE Loss: 0.23182560503482819, 0.001 * Sparsity Loss: 158.0
Epoch: 3 batch_num: 34
0: 3.640625 * dogs
1: 3.265625 * dărui
2: 2.640625 * actiuni
3: 2.546875 * viziune
4: 2.453125 * animal
5: 2.296875 * cuplu
6: 2.15625 * West
7: 2.078125 * pets
8: 1.9921875 * owner
9: 1.9609375 * parinti
10: 1.9453125 * Dog
11: 1.9375 * Animal
12: 1.9140625 * realizeaz
13: 1.828125 * totusi
14: 1.7265625 * maşin
15: 1.6640625 * misiune
16: 1.5703125 * dosar
17: 1.5390625 * decizie
18: 1.40625 * begging
19: 1.3359375 * licensed
20: 1.296875 * Cooper
21: 1.296875 * schimb
22: 1.296875 * RE
23: 1.25 * pace
24: 1.21875 * walks
25: 1.21875 * Licensed
26: 1.21875 * DOT
27: 1.1953125 * grupului
28: 1.1171875 * misiei
29: 1.0390625 * territory
30: 1.0234375 * doamn
31: 1.0 * Territory
32: 1.0 * ears
33: 0.9921875 * on
34: 0.98046875 * miere
35: 0.9765625 * conducere
36: 0.95703125 * domeniu
37: 0.95703125 * legs
38: 0.953125 * leagă
39: 0.94921875 * owner
40: 0.9375 * AT
41: 0.91015625 * Walking
42: 0.8515625 * clădiri
43: 0.84375 * Fox
44: 0.83203125 * guest
45: 0.83203125 * wind
46: 0.828125 * mândr
47: 0.81640625 * at
48: 0.7890625 * re
49: 0.78125 * românii
Total loss: 0.49338027834892273 = MSE Loss: 0.27853652834892273, 0.001 * Sparsity Loss: 215.0
Epoch: 3 batch_num: 35
0: 4.5 * dărui
1: 4.25 * dogs
2: 3.34375 * cuplu
3: 3.25 * viziune
4: 3.15625 * actiuni
5: 3.015625 * animal
6: 2.703125 * pets
7: 2.390625 * owner
8: 2.359375 * Animal
9: 2.34375 * totusi
10: 2.328125 * Dog
11: 2.3125 * West
12: 2.140625 * misiune
13: 2.09375 * dosar
14: 2.046875 * maşin
15: 2.0 * realizeaz
16: 1.6953125 * RE
17: 1.640625 * licensed
18: 1.6328125 * begging
19: 1.625 * schimb
20: 1.6015625 * Cooper
21: 1.6015625 * decizie
22: 1.6015625 * grupului
23: 1.6015625 * pace
24: 1.5703125 * parinti
25: 1.5078125 * DOT
26: 1.4453125 * Licensed
27: 1.4140625 * miere
28: 1.34375 * misiei
29: 1.265625 * ears
30: 1.2578125 * doamn
31: 1.2265625 * leagă
32: 1.2265625 * domeniu
33: 1.21875 * imprumut
34: 1.203125 * conducere
35: 1.171875 * Walking
36: 1.171875 * on
37: 1.1171875 * Fox
38: 1.1015625 * owner
39: 1.09375 * Territory
40: 1.0625 * realizate
41: 1.046875 * AT
42: 1.03125 * walks
43: 1.03125 * re
44: 1.0078125 * at
45: 1.0 * territory
46: 1.0 * românii
47: 0.96484375 * м
48: 0.953125 * Path
49: 0.94140625 * walk
Total loss: 0.4527781009674072 = MSE Loss: 0.21352030336856842, 0.001 * Sparsity Loss: 239.0
Epoch: 3 batch_num: 36
0: 5.25 * dărui
1: 4.53125 * dogs
2: 4.0625 * cuplu
3: 3.671875 * viziune
4: 3.3125 * animal
5: 3.140625 * actiuni
6: 3.140625 * pets
7: 2.703125 * totusi
8: 2.609375 * owner
9: 2.546875 * Animal
10: 2.515625 * Dog
11: 2.484375 * dosar
12: 2.375 * West
13: 2.359375 * misiune
14: 2.140625 * maşin
15: 1.9453125 * RE
16: 1.9140625 * grupului
17: 1.8046875 * schimb
18: 1.7890625 * pace
19: 1.78125 * licensed
20: 1.7734375 * Cooper
21: 1.6796875 * miere
22: 1.6796875 * DOT
23: 1.6171875 * begging
24: 1.546875 * Licensed
25: 1.4609375 * realizeaz
26: 1.4609375 * imprumut
27: 1.4375 * misiei
28: 1.4140625 * domeniu
29: 1.3984375 * leagă
30: 1.375 * ears
31: 1.3203125 * decizie
32: 1.3046875 * conducere
33: 1.296875 * Fox
34: 1.265625 * Walking
35: 1.2421875 * doamn
36: 1.234375 * realizate
37: 1.1484375 * românii
38: 1.1484375 * AT
39: 1.140625 * anului
40: 1.1328125 * owner
41: 1.1328125 * parinti
42: 1.109375 * м
43: 1.0859375 * re
44: 1.03125 * Territory
45: 1.0234375 * Path
46: 0.9609375 * iesit
47: 0.93359375 * Bre
48: 0.92578125 * on
49: 0.9140625 * walk
Total loss: 0.4438648223876953 = MSE Loss: 0.2016773223876953, 0.001 * Sparsity Loss: 242.0
Epoch: 3 batch_num: 37
0: 5.71875 * dărui
1: 4.65625 * dogs
2: 4.5 * cuplu
3: 3.890625 * viziune
4: 3.40625 * animal
5: 3.40625 * pets
6: 2.9375 * totusi
7: 2.703125 * owner
8: 2.703125 * actiuni
9: 2.6875 * dosar
10: 2.59375 * Dog
11: 2.578125 * Animal
12: 2.328125 * misiune
13: 2.171875 * West
14: 2.078125 * grupului
15: 2.0625 * RE
16: 2.046875 * maşin
17: 1.8828125 * schimb
18: 1.8515625 * Cooper
19: 1.8125 * licensed
20: 1.8125 * pace
21: 1.765625 * miere
22: 1.734375 * DOT
23: 1.546875 * Licensed
24: 1.515625 * domeniu
25: 1.5078125 * leagă
26: 1.4296875 * anului
27: 1.4140625 * misiei
28: 1.4140625 * begging
29: 1.390625 * Fox
30: 1.390625 * imprumut
31: 1.359375 * ears
32: 1.328125 * realizate
33: 1.3046875 * conducere
34: 1.2421875 * românii
35: 1.1953125 * м
36: 1.1796875 * Walking
37: 1.171875 * AT
38: 1.0546875 * owner
39: 1.046875 * doamn
40: 1.046875 * iesit
41: 1.046875 * re
42: 0.98828125 * Path
43: 0.9765625 * ements
44: 0.96875 * Bre
45: 0.9453125 * petrec
46: 0.921875 * Shepherd
47: 0.87890625 * Wir
48: 0.87109375 * /3
49: 0.8671875 * Pet
Total loss: 0.8443312048912048 = MSE Loss: 0.6138624548912048, 0.001 * Sparsity Loss: 230.0
Epoch: 3 batch_num: 38
0: 5.90625 * dărui
1: 4.75 * cuplu
2: 4.6875 * dogs
3: 3.890625 * viziune
4: 3.484375 * pets
5: 3.34375 * animal
6: 3.078125 * totusi
7: 2.71875 * dosar
8: 2.65625 * owner
9: 2.609375 * Dog
10: 2.5 * Animal
11: 2.125 * grupului
12: 2.078125 * RE
13: 2.046875 * misiune
14: 1.9296875 * actiuni
15: 1.8359375 * Cooper
16: 1.828125 * schimb
17: 1.7890625 * West
18: 1.7890625 * maşin
19: 1.7421875 * licensed
20: 1.734375 * miere
21: 1.71875 * pace
22: 1.6640625 * DOT
23: 1.59375 * anului
24: 1.5546875 * leagă
25: 1.5546875 * domeniu
26: 1.484375 * Licensed
27: 1.3984375 * Fox
28: 1.34375 * realizate
29: 1.3125 * misiei
30: 1.28125 * românii
31: 1.234375 * ears
32: 1.2265625 * м
33: 1.2109375 * conducere
34: 1.1015625 * iesit
35: 1.1015625 * AT
36: 1.0859375 * imprumut
37: 1.0390625 * Walking
38: 1.03125 * begging
39: 1.0 * re
40: 0.97265625 * realizeaz
41: 0.9453125 * Bre
42: 0.9296875 * petrec
43: 0.90625 * ements
44: 0.8984375 * Shepherd
45: 0.875 * simti
46: 0.8671875 * Wir
47: 0.85546875 * Path
48: 0.8515625 * owner
49: 0.83984375 * bebelus
Total loss: 0.3974294662475586 = MSE Loss: 0.1835622638463974, 0.001 * Sparsity Loss: 214.0
Epoch: 3 batch_num: 39
0: 5.9375 * dărui
1: 4.84375 * cuplu
2: 4.46875 * dogs
3: 3.734375 * viziune
4: 3.453125 * pets
5: 3.140625 * totusi
6: 3.109375 * animal
7: 2.609375 * dosar
8: 2.53125 * Dog
9: 2.515625 * owner
10: 2.296875 * Animal
11: 2.09375 * grupului
12: 1.9609375 * RE
13: 1.7578125 * Cooper
14: 1.6796875 * schimb
15: 1.65625 * anului
16: 1.59375 * misiune
17: 1.5703125 * miere
18: 1.5703125 * leagă
19: 1.5625 * domeniu
20: 1.5546875 * licensed
21: 1.5546875 * pace
22: 1.515625 * realizeaz
23: 1.4921875 * DOT
24: 1.3359375 * West
25: 1.3359375 * Licensed
26: 1.3359375 * maşin
27: 1.3203125 * Fox
28: 1.3046875 * realizate
29: 1.296875 * românii
30: 1.21875 * м
31: 1.1640625 * misiei
32: 1.140625 * iesit
33: 1.078125 * conducere
34: 1.0078125 * AT
35: 0.9453125 * legs
36: 0.94140625 * ears
37: 0.88671875 * actiuni
38: 0.8828125 * Bre
39: 0.8828125 * petrec
40: 0.87890625 * Walking
41: 0.859375 * simti
42: 0.83984375 * Shepherd
43: 0.83984375 * re
44: 0.82421875 * picioare
45: 0.80859375 * Wir
46: 0.7890625 * intention
47: 0.7734375 * Pet
48: 0.7578125 * totul
49: 0.734375 * 
Total loss: 0.6310157775878906 = MSE Loss: 0.432773619890213, 0.001 * Sparsity Loss: 198.0
Epoch: 3 batch_num: 40
0: 5.9375 * dărui
1: 4.8125 * cuplu
2: 3.953125 * dogs
3: 3.4375 * viziune
4: 3.328125 * pets
5: 3.125 * totusi
6: 2.59375 * animal
7: 2.484375 * dosar
8: 2.34375 * Dog
9: 2.296875 * owner
10: 1.96875 * grupului
11: 1.875 * Animal
12: 1.75 * RE
13: 1.609375 * Cooper
14: 1.5859375 * anului
15: 1.5625 * leagă
16: 1.546875 * domeniu
17: 1.5234375 * realizeaz
18: 1.4609375 * schimb
19: 1.3515625 * pace
20: 1.328125 * miere
21: 1.2890625 * românii
22: 1.25 * DOT
23: 1.2421875 * realizate
24: 1.2421875 * licensed
25: 1.1796875 * м
26: 1.171875 * Fox
27: 1.15625 * iesit
28: 1.140625 * Licensed
29: 1.109375 * wind
30: 1.0703125 * legs
31: 1.0 * mândr
32: 0.97265625 * misiei
33: 0.94921875 * misiune
34: 0.9296875 * conducere
35: 0.8125 * simti
36: 0.80859375 * petrec
37: 0.796875 * intention
38: 0.78515625 * AT
39: 0.77734375 * dog
40: 0.77734375 * picioare
41: 0.765625 * Bre
42: 0.75390625 * clădiri
43: 0.7421875 * Walking
44: 0.73046875 * Shepherd
45: 0.7265625 * totul
46: 0.703125 * maşin
47: 0.6875 * Wir
48: 0.6875 * parinti
49: 0.6796875 * West
Total loss: 0.43158483505249023 = MSE Loss: 0.24506139755249023, 0.001 * Sparsity Loss: 187.0
Epoch: 3 batch_num: 41
0: 5.75 * dărui
1: 4.6875 * cuplu
2: 3.265625 * dogs
3: 3.203125 * pets
4: 3.0625 * totusi
5: 3.0 * viziune
6: 2.234375 * dosar
7: 2.0625 * Dog
8: 1.9765625 * owner
9: 1.9609375 * animal
10: 1.7734375 * grupului
11: 1.53125 * leagă
12: 1.4921875 * domeniu
13: 1.4765625 * RE
14: 1.4140625 * Cooper
15: 1.3671875 * anului
16: 1.328125 * Animal
17: 1.2578125 * românii
18: 1.1953125 * wind
19: 1.1640625 * schimb
20: 1.1484375 * iesit
21: 1.1328125 * realizate
22: 1.1171875 * м
23: 1.0703125 * pace
24: 0.99609375 * doamn
25: 0.98828125 * legs
26: 0.9765625 * Fox
27: 0.97265625 * miere
28: 0.95703125 * DOT
29: 0.91796875 * cărui
30: 0.890625 * parinti
31: 0.875 * dog
32: 0.875 * Licensed
33: 0.8671875 * clădiri
34: 0.8515625 * licensed
35: 0.828125 * imprumut
36: 0.8125 * Territory
37: 0.796875 * territory
38: 0.7890625 * mândr
39: 0.77734375 * realizeaz
40: 0.73046875 * simti
41: 0.71875 * intention
42: 0.71484375 * conducere
43: 0.703125 * misiei
44: 0.68359375 * petrec
45: 0.6796875 * totul
46: 0.6796875 * outdoor
47: 0.6640625 * actiuni
48: 0.66015625 * picioare
49: 0.640625 * New
Total loss: 0.40162724256515503 = MSE Loss: 0.22584597766399384, 0.001 * Sparsity Loss: 176.0
Epoch: 3 batch_num: 42
0: 5.3125 * dărui
1: 4.5 * cuplu
2: 2.953125 * totusi
3: 2.953125 * pets
4: 2.5 * dogs
5: 2.421875 * viziune
6: 1.890625 * dosar
7: 1.703125 * Dog
8: 1.625 * owner
9: 1.5234375 * grupului
10: 1.46875 * leagă
11: 1.40625 * domeniu
12: 1.203125 * românii
13: 1.1875 * animal
14: 1.1796875 * doamn
15: 1.1328125 * Cooper
16: 1.125 * iesit
17: 1.1171875 * RE
18: 1.09375 * anului
19: 1.046875 * м
20: 0.99609375 * parinti
21: 0.984375 * realizate
22: 0.96484375 * dog
23: 0.96484375 * wind
24: 0.953125 * cărui
25: 0.93359375 * outdoor
26: 0.8984375 * Territory
27: 0.8828125 * imprumut
28: 0.83203125 * misiune
29: 0.828125 * schimb
30: 0.82421875 * clădiri
31: 0.796875 * territory
32: 0.765625 * Fox
33: 0.73828125 * New
34: 0.734375 * pace
35: 0.73046875 * legs
36: 0.71484375 * begging
37: 0.7109375 * actiuni
38: 0.703125 * walk
39: 0.66015625 * IN
40: 0.65234375 * Animal
41: 0.640625 * DOT
42: 0.640625 * stability
43: 0.62890625 * ears
44: 0.625 * regiuni
45: 0.62109375 * strip
46: 0.62109375 * stick
47: 0.6171875 * ating
48: 0.61328125 * totul
49: 0.609375 * simti
Total loss: 0.3643971383571625 = MSE Loss: 0.20131120085716248, 0.001 * Sparsity Loss: 163.0
Epoch: 3 batch_num: 43
0: 4.6875 * dărui
1: 4.1875 * cuplu
2: 2.78125 * totusi
3: 2.546875 * pets
4: 1.703125 * viziune
5: 1.59375 * dogs
6: 1.4921875 * misiune
7: 1.453125 * dosar
8: 1.3828125 * leagă
9: 1.2890625 * Dog
10: 1.2734375 * domeniu
11: 1.265625 * owner
12: 1.21875 * grupului
13: 1.140625 * românii
14: 1.109375 * doamn
15: 1.0859375 * outdoor
16: 1.078125 * iesit
17: 1.0625 * dog
18: 1.03125 * parinti
19: 0.93359375 * м
20: 0.828125 * ears
21: 0.82421875 * Territory
22: 0.81640625 * Wind
23: 0.8125 * walk
24: 0.8125 * realizate
25: 0.78515625 * New
26: 0.78125 * Cooper
27: 0.78125 * strip
28: 0.7734375 * RE
29: 0.765625 * mândr
30: 0.7421875 * anului
31: 0.73828125 * begging
32: 0.7265625 * regiuni
33: 0.70703125 * stick
34: 0.703125 * ating
35: 0.69921875 * maşin
36: 0.68359375 * territory
37: 0.671875 * cărui
38: 0.65625 * bebelus
39: 0.65234375 * Ross
40: 0.640625 * owner
41: 0.640625 * guest
42: 0.6015625 * clădiri
43: 0.5703125 * wind
44: 0.5703125 * imprumut
45: 0.5390625 * ://
46: 0.5234375 * totul
47: 0.51171875 * Fox
48: 0.51171875 * stability
49: 0.50390625 * #
Total loss: 0.3812212347984314 = MSE Loss: 0.2347368746995926, 0.001 * Sparsity Loss: 146.0
Epoch: 3 batch_num: 44
0: 3.953125 * dărui
1: 3.796875 * cuplu
2: 2.578125 * totusi
3: 2.0 * pets
4: 1.875 * misiune
5: 1.28125 * leagă
6: 1.25 * mândr
7: 1.1953125 * dog
8: 1.140625 * outdoor
9: 1.109375 * domeniu
10: 1.0546875 * românii
11: 1.03125 * Wind
12: 1.015625 * iesit
13: 1.0 * parinti
14: 0.94140625 * dosar
15: 0.90234375 * viziune
16: 0.88671875 * owner
17: 0.87890625 * grupului
18: 0.875 * doamn
19: 0.83203125 * ears
20: 0.8125 * Dog
21: 0.80859375 * strip
22: 0.80078125 * м
23: 0.7578125 * bebelus
24: 0.75 * erstellt
25: 0.7421875 * walk
26: 0.73046875 * owner
27: 0.71484375 * Animal
28: 0.71484375 * regiuni
29: 0.70703125 * New
30: 0.68359375 * ity
31: 0.67578125 * Ross
32: 0.6640625 * maşin
33: 0.63671875 * dogs
34: 0.62890625 * Territory
35: 0.62109375 * ating
36: 0.61328125 * realizate
37: 0.578125 * miere
38: 0.55859375 * guest
39: 0.54296875 * stick
40: 0.5390625 * animal
41: 0.53515625 * able
42: 0.53125 * begging
43: 0.51171875 * Walking
44: 0.50390625 * fit
45: 0.482421875 * licensed
46: 0.478515625 * territory
47: 0.474609375 * realizeaz
48: 0.470703125 * major
49: 0.46875 * west
Total loss: 0.3241429924964905 = MSE Loss: 0.18840080499649048, 0.001 * Sparsity Loss: 136.0
Epoch: 3 batch_num: 45
0: 3.375 * cuplu
1: 3.109375 * dărui
2: 2.359375 * totusi
3: 1.953125 * misiune
4: 1.3359375 * dog
5: 1.265625 * pets
6: 1.15625 * leagă
7: 1.1484375 * animal
8: 1.078125 * Wind
9: 1.0703125 * outdoor
10: 1.0625 * Animal
11: 1.046875 * mândr
12: 0.97265625 * miere
13: 0.94921875 * iesit
14: 0.9453125 * românii
15: 0.92578125 * domeniu
16: 0.921875 * parinti
17: 0.75390625 * ity
18: 0.75 * erstellt
19: 0.7421875 * IN
20: 0.734375 * owner
21: 0.703125 * ears
22: 0.6953125 * legs
23: 0.69140625 * imprumut
24: 0.6796875 * big
25: 0.6796875 * cărui
26: 0.6640625 * м
27: 0.66015625 * strip
28: 0.6484375 * licensed
29: 0.63671875 * about
30: 0.6171875 * bebelus
31: 0.609375 * able
32: 0.59765625 * in
33: 0.5859375 * regiuni
34: 0.58203125 * ATION
35: 0.578125 * misiei
36: 0.5703125 * west
37: 0.5703125 * conducere
38: 0.55859375 * leg
39: 0.5546875 * Walking
40: 0.546875 * west
41: 0.54296875 * shedding
42: 0.5390625 * re
43: 0.53515625 * Ross
44: 0.52734375 * ating
45: 0.51953125 * pace
46: 0.51171875 * maşin
47: 0.5078125 * doamn
48: 0.5078125 * go
49: 0.486328125 * grupului
Total loss: 0.33082568645477295 = MSE Loss: 0.20289601385593414, 0.001 * Sparsity Loss: 128.0
Epoch: 3 batch_num: 46
0: 2.84375 * cuplu
1: 2.171875 * dărui
2: 2.109375 * totusi
3: 1.75 * misiune
4: 1.4453125 * animal
5: 1.3203125 * dog
6: 1.1953125 * Animal
7: 1.171875 * miere
8: 1.0 * viziune
9: 1.0 * leagă
10: 0.98046875 * IN
11: 0.9609375 * dogs
12: 0.94140625 * cărui
13: 0.94140625 * imprumut
14: 0.91796875 * outdoor
15: 0.875 * iesit
16: 0.859375 * about
17: 0.8046875 * românii
18: 0.8046875 * parinti
19: 0.765625 * Wind
20: 0.73828125 * conducere
21: 0.71484375 * domeniu
22: 0.69921875 * legs
23: 0.6953125 * owner
24: 0.68359375 * licensed
25: 0.67578125 * stick
26: 0.671875 * schimb
27: 0.65234375 * pace
28: 0.63671875 * shedding
29: 0.6328125 * misiei
30: 0.625 * big
31: 0.609375 * In
32: 0.6015625 * ity
33: 0.578125 * Licensed
34: 0.5703125 * Walk
35: 0.5703125 * west
36: 0.5625 * leg
37: 0.5625 * able
38: 0.5546875 * friend
39: 0.546875 * ATION
40: 0.54296875 * DOT
41: 0.52734375 * erstellt
42: 0.515625 * on
43: 0.50390625 * clădiri
44: 0.50390625 * re
45: 0.5 * м
46: 0.498046875 * summer
47: 0.49609375 * interest
48: 0.4921875 * picioare
49: 0.486328125 * stick
Total loss: 0.3857956528663635 = MSE Loss: 0.2598190903663635, 0.001 * Sparsity Loss: 125.5
Epoch: 3 batch_num: 47
0: 2.234375 * cuplu
1: 1.796875 * totusi
2: 1.7265625 * viziune
3: 1.4765625 * animal
4: 1.3828125 * misiune
5: 1.21875 * miere
6: 1.1796875 * Animal
7: 1.1484375 * dărui
8: 1.0390625 * dogs
9: 0.9765625 * dog
10: 0.9375 * stick
11: 0.91015625 * cărui
12: 0.8671875 * imprumut
13: 0.85546875 * about
14: 0.83984375 * leagă
15: 0.81640625 * pets
16: 0.8046875 * conducere
17: 0.7890625 * iesit
18: 0.765625 * IN
19: 0.74609375 * schimb
20: 0.74609375 * begging
21: 0.7265625 * 
22: 0.71484375 * pace
23: 0.69140625 * dosar
24: 0.69140625 * mândr
25: 0.67578125 * и
26: 0.65234375 * românii
27: 0.64453125 * outdoor
28: 0.6328125 * Walk
29: 0.62890625 * Cooper
30: 0.62890625 * Licensed
31: 0.62890625 * parinti
32: 0.6171875 * DOT
33: 0.609375 * licensed
34: 0.60546875 * realizeaz
35: 0.58984375 * owner
36: 0.58984375 * picioare
37: 0.5859375 * misiei
38: 0.56640625 * Fox
39: 0.56640625 * shedding
40: 0.5390625 * legs
41: 0.5390625 * ized
42: 0.53515625 * on
43: 0.53125 * anului
44: 0.515625 * big
45: 0.515625 * clădiri
46: 0.50390625 * west
47: 0.494140625 * friend
48: 0.482421875 * domeniu
49: 0.47265625 * RE
Total loss: 0.3497951030731201 = MSE Loss: 0.2262599617242813, 0.001 * Sparsity Loss: 123.5
Epoch: 3 batch_num: 48
0: 2.234375 * viziune
1: 1.734375 * pets
2: 1.546875 * cuplu
3: 1.4375 * totusi
4: 1.3203125 * animal
5: 1.125 * miere
6: 1.0625 * Animal
7: 1.03125 * mândr
8: 0.96484375 * dosar
9: 0.8515625 * dogs
10: 0.83984375 * misiune
11: 0.80859375 * stick
12: 0.78515625 * и
13: 0.78125 * conducere
14: 0.7734375 * grupului
15: 0.7578125 * begging
16: 0.71484375 * Cooper
17: 0.71484375 * schimb
18: 0.6953125 * iesit
19: 0.69140625 * pace
20: 0.66015625 * leagă
21: 0.65625 * 
22: 0.6484375 * ized
23: 0.6328125 * Fox
24: 0.625 * DOT
25: 0.60546875 * picioare
26: 0.58984375 * anului
27: 0.5859375 * Licensed
28: 0.578125 * imprumut
29: 0.5625 * about
30: 0.5625 * west
31: 0.55859375 * Walk
32: 0.55859375 * cărui
33: 0.55078125 * West
34: 0.546875 * erstellt
35: 0.50390625 * territory
36: 0.50390625 * RE
37: 0.5 * ements
38: 0.498046875 * Ross
39: 0.494140625 * realizate
40: 0.494140625 * wind
41: 0.4921875 * petrec
42: 0.478515625 * misiei
43: 0.470703125 * românii
44: 0.44921875 * owner
45: 0.447265625 * dog
46: 0.439453125 * licensed
47: 0.435546875 * guest
48: 0.431640625 * Wind
49: 0.42578125 * ears
Total loss: 0.3072091341018677 = MSE Loss: 0.18611538410186768, 0.001 * Sparsity Loss: 121.0
Epoch: 3 batch_num: 49
0: 2.578125 * viziune
1: 2.4375 * pets
2: 1.09375 * dosar
3: 1.0390625 * totusi
4: 1.0234375 * animal
5: 1.0078125 * grupului
6: 0.9296875 * miere
7: 0.8828125 * dărui
8: 0.87890625 * erstellt
9: 0.86328125 * Animal
10: 0.85546875 * west
11: 0.84765625 * in
12: 0.79296875 * cuplu
13: 0.7578125 * mândr
14: 0.7578125 * West
15: 0.71484375 * Wind
16: 0.69921875 * Cooper
17: 0.6953125 * conducere
18: 0.69140625 * ements
19: 0.69140625 * ears
20: 0.68359375 * In
21: 0.6796875 * и
22: 0.6640625 * realizate
23: 0.625 * Fox
24: 0.61328125 * Ross
25: 0.609375 * pace
26: 0.60546875 * schimb
27: 0.58984375 * wind
28: 0.5859375 * iesit
29: 0.57421875 * 
30: 0.56640625 * DOT
31: 0.5546875 * anului
32: 0.55078125 * regiuni
33: 0.546875 * begging
34: 0.54296875 * picioare
35: 0.5390625 * ized
36: 0.498046875 * walks
37: 0.49609375 * owner
38: 0.494140625 * petrec
39: 0.4765625 * guest
40: 0.474609375 * leagă
41: 0.474609375 * Licensed
42: 0.474609375 * maşin
43: 0.458984375 * territory
44: 0.4296875 * pet
45: 0.41796875 * RE
46: 0.388671875 * interest
47: 0.388671875 * simti
48: 0.376953125 * overcoming
49: 0.359375 * strip
Total loss: 0.3483579754829407 = MSE Loss: 0.23849467933177948, 0.001 * Sparsity Loss: 110.0
Epoch: 3 batch_num: 50
0: 2.859375 * pets
1: 2.6875 * viziune
2: 1.453125 * dărui
3: 1.140625 * grupului
4: 1.1171875 * dosar
5: 0.9375 * erstellt
6: 0.92578125 * in
7: 0.81640625 * west
8: 0.77734375 * dog
9: 0.765625 * ears
10: 0.74609375 * misiune
11: 0.734375 * realizate
12: 0.70703125 * realizeaz
13: 0.65234375 * In
14: 0.6484375 * miere
15: 0.63671875 * regiuni
16: 0.63671875 * Wind
17: 0.62890625 * animal
18: 0.6171875 * walks
19: 0.609375 * totusi
20: 0.59765625 * Cooper
21: 0.58984375 * Animal
22: 0.57421875 * interest
23: 0.56640625 * Fox
24: 0.5546875 * stick
25: 0.5546875 * imprumut
26: 0.54296875 * Ross
27: 0.54296875 * conducere
28: 0.53515625 * ements
29: 0.51953125 * West
30: 0.482421875 * pet
31: 0.466796875 * iesit
32: 0.466796875 * an
33: 0.458984375 * 5%
34: 0.455078125 * pace
35: 0.451171875 * petrec
36: 0.451171875 * и
37: 0.44921875 * owner
38: 0.443359375 * anului
39: 0.435546875 * DOT
40: 0.4296875 * schimb
41: 0.423828125 * picioare
42: 0.412109375 * guest
43: 0.40625 * clădiri
44: 0.396484375 * legs
45: 0.388671875 * shedding
46: 0.38671875 * and
47: 0.38671875 * maşin
48: 0.384765625 * around
49: 0.380859375 * simti
Total loss: 0.3211723268032074 = MSE Loss: 0.2137504518032074, 0.001 * Sparsity Loss: 107.5
Epoch: 3 batch_num: 51
0: 2.9375 * pets
1: 2.5625 * viziune
2: 1.7421875 * dărui
3: 1.2578125 * misiune
4: 1.171875 * grupului
5: 0.98046875 * dosar
6: 0.94921875 * dog
7: 0.91015625 * mândr
8: 0.90625 * imprumut
9: 0.77734375 * realizeaz
10: 0.765625 * erstellt
11: 0.73046875 * realizate
12: 0.71484375 * ears
13: 0.66015625 * stick
14: 0.65625 * St
15: 0.62890625 * cuplu
16: 0.61328125 * regiuni
17: 0.609375 * shedding
18: 0.60546875 * friend
19: 0.6015625 * interest
20: 0.58203125 * clădiri
21: 0.56640625 * in
22: 0.54296875 * trecută
23: 0.54296875 * stick
24: 0.52734375 * IN
25: 0.51953125 * an
26: 0.498046875 * around
27: 0.4921875 * outdoor
28: 0.466796875 * west
29: 0.462890625 * on
30: 0.4609375 * and
31: 0.44921875 * 5%
32: 0.44140625 * Cooper
33: 0.439453125 * Fox
34: 0.43359375 * walks
35: 0.43359375 * doamn
36: 0.431640625 * pet
37: 0.388671875 * medium
38: 0.37890625 * about
39: 0.365234375 * run
40: 0.353515625 * owner
41: 0.353515625 * simti
42: 0.349609375 * petrec
43: 0.34765625 * owner
44: 0.34765625 * new
45: 0.34375 * iesit
46: 0.337890625 * misiei
47: 0.337890625 * any
48: 0.333984375 * Path
49: 0.330078125 * ation
Total loss: 0.36960601806640625 = MSE Loss: 0.26120758056640625, 0.001 * Sparsity Loss: 108.5
Epoch: 3 batch_num: 52
0: 2.734375 * pets
1: 2.265625 * viziune
2: 1.8046875 * dărui
3: 1.4765625 * misiune
4: 1.2265625 * mândr
5: 1.140625 * grupului
6: 1.0546875 * cuplu
7: 1.0078125 * imprumut
8: 0.859375 * dog
9: 0.8359375 * trecută
10: 0.73828125 * dosar
11: 0.7265625 * St
12: 0.69140625 * realizate
13: 0.69140625 * shedding
14: 0.67578125 * friend
15: 0.66015625 * doamn
16: 0.65625 * stick
17: 0.65234375 * IN
18: 0.58984375 * ements
19: 0.578125 * misiei
20: 0.57421875 * West
21: 0.55859375 * clădiri
22: 0.51953125 * Walking
23: 0.51953125 * ears
24: 0.51171875 * regiuni
25: 0.51171875 * an
26: 0.4921875 * owner
27: 0.482421875 * ation
28: 0.482421875 * wind
29: 0.4765625 * actiuni
30: 0.4765625 * summer
31: 0.4765625 * outdoor
32: 0.466796875 * begging
33: 0.462890625 * run
34: 0.447265625 * ST
35: 0.4375 * parinti
36: 0.412109375 * interest
37: 0.40234375 * stick
38: 0.3984375 * Path
39: 0.3984375 * about
40: 0.396484375 * erstellt
41: 0.390625 * around
42: 0.365234375 * new
43: 0.357421875 * any
44: 0.34765625 * spots
45: 0.345703125 * doesn
46: 0.345703125 * and
47: 0.345703125 * re
48: 0.333984375 * domeniu
49: 0.33203125 * maşin
Total loss: 0.44615495204925537 = MSE Loss: 0.34410417079925537, 0.001 * Sparsity Loss: 102.0
Epoch: 3 batch_num: 53
0: 2.34375 * pets
1: 1.7734375 * viziune
2: 1.734375 * dărui
3: 1.5 * misiune
4: 1.2890625 * cuplu
5: 1.046875 * mândr
6: 1.046875 * grupului
7: 1.03125 * realizeaz
8: 0.90234375 * ements
9: 0.76953125 * imprumut
10: 0.6953125 * doamn
11: 0.69140625 * trecută
12: 0.6875 * dog
13: 0.6796875 * misiei
14: 0.6640625 * West
15: 0.66015625 * shedding
16: 0.6484375 * IN
17: 0.62109375 * Walking
18: 0.61328125 * realizate
19: 0.58203125 * friend
20: 0.5703125 * actiuni
21: 0.5703125 * stick
22: 0.55859375 * owner
23: 0.55859375 * summer
24: 0.546875 * maşin
25: 0.5390625 * animal
26: 0.5390625 * spots
27: 0.486328125 * parinti
28: 0.455078125 * St
29: 0.451171875 * totusi
30: 0.451171875 * begging
31: 0.439453125 * wind
32: 0.435546875 * Dog
33: 0.41796875 * do
34: 0.412109375 * dosar
35: 0.41015625 * ST
36: 0.404296875 * clădiri
37: 0.388671875 * ped
38: 0.388671875 * outdoor
39: 0.38671875 * dogs
40: 0.37890625 * ation
41: 0.375 * Path
42: 0.375 * about
43: 0.37109375 * by
44: 0.369140625 * Strip
45: 0.35546875 * miere
46: 0.3515625 * at
47: 0.34375 * domeniu
48: 0.341796875 * doesn
49: 0.32421875 * schimb
Total loss: 0.27264681458473206 = MSE Loss: 0.17059603333473206, 0.001 * Sparsity Loss: 102.0
Epoch: 3 batch_num: 54
0: 1.8046875 * pets
1: 1.484375 * dărui
2: 1.4296875 * cuplu
3: 1.375 * realizeaz
4: 1.328125 * misiune
5: 1.1640625 * viziune
6: 0.91796875 * grupului
7: 0.81640625 * ements
8: 0.66796875 * misiei
9: 0.6328125 * animal
10: 0.62109375 * Dog
11: 0.609375 * dogs
12: 0.59375 * totusi
13: 0.58984375 * at
14: 0.546875 * summer
15: 0.546875 * maşin
16: 0.54296875 * dog
17: 0.5390625 * doamn
18: 0.51171875 * by
19: 0.51171875 * shedding
20: 0.50390625 * owner
21: 0.498046875 * spots
22: 0.49609375 * Walking
23: 0.478515625 * realizate
24: 0.4765625 * do
25: 0.47265625 * IN
26: 0.466796875 * parinti
27: 0.45703125 * miere
28: 0.453125 * bebelus
29: 0.443359375 * conducere
30: 0.44140625 * of
31: 0.416015625 * on
32: 0.4140625 * erstellt
33: 0.41015625 * stick
34: 0.404296875 * big
35: 0.40234375 * interest
36: 0.3984375 * ped
37: 0.390625 * From
38: 0.38671875 * schimb
39: 0.3828125 * West
40: 0.375 * и
41: 0.375 * stability
42: 0.373046875 * picioare
43: 0.37109375 * Strip
44: 0.3671875 * leagă
45: 0.365234375 * walk
46: 0.365234375 * Animal
47: 0.35546875 * mândr
48: 0.33984375 * domeniu
49: 0.3359375 * DOT
Total loss: 0.5202041864395142 = MSE Loss: 0.41815340518951416, 0.001 * Sparsity Loss: 102.0
Epoch: 3 batch_num: 55
0: 1.4453125 * cuplu
1: 1.2734375 * realizeaz
2: 1.1328125 * pets
3: 1.078125 * dărui
4: 0.87890625 * misiune
5: 0.76953125 * grupului
6: 0.7109375 * mândr
7: 0.7109375 * trecută
8: 0.66796875 * Dog
9: 0.6640625 * totusi
10: 0.66015625 * interest
11: 0.65625 * dogs
12: 0.57421875 * walk
13: 0.5546875 * misiei
14: 0.55078125 * imprumut
15: 0.52734375 * St
16: 0.52734375 * conducere
17: 0.51953125 * ears
18: 0.5 * erstellt
19: 0.49609375 * Walk
20: 0.49609375 * summer
21: 0.4921875 * miere
22: 0.484375 * decizie
23: 0.484375 * stick
24: 0.48046875 * echival
25: 0.4765625 * picioare
26: 0.474609375 * animal
27: 0.451171875 * at
28: 0.443359375 * ST
29: 0.439453125 * leagă
30: 0.435546875 * From
31: 0.431640625 * bebelus
32: 0.419921875 * viziune
33: 0.4140625 * dog
34: 0.40234375 * dosar
35: 0.400390625 * parinti
36: 0.396484375 * by
37: 0.390625 * Wir
38: 0.390625 * ements
39: 0.38671875 * schimb
40: 0.38671875 * maşin
41: 0.3828125 * Territory
42: 0.37890625 * Pet
43: 0.375 * DOT
44: 0.373046875 * owner
45: 0.37109375 * leaving
46: 0.369140625 * ating
47: 0.365234375 * big
48: 0.361328125 * freedom
49: 0.361328125 * stability
Total loss: 0.5219365358352661 = MSE Loss: 0.4233037531375885, 0.001 * Sparsity Loss: 98.5
Epoch: 3 batch_num: 56
0: 1.578125 * wind
1: 1.5078125 * trecută
2: 1.3828125 * cuplu
3: 1.28125 * mândr
4: 1.2109375 * decizie
5: 1.1328125 * West
6: 1.1015625 * Wind
7: 1.046875 * echival
8: 0.8984375 * west
9: 0.87109375 * picioare
10: 0.86328125 * imprumut
11: 0.8515625 * totusi
12: 0.84765625 * dosar
13: 0.83984375 * valeur
14: 0.8046875 * interest
15: 0.76953125 * spots
16: 0.76953125 * actiuni
17: 0.7578125 * ears
18: 0.7578125 * conducere
19: 0.7421875 * grupului
20: 0.73046875 * walk
21: 0.69921875 * anului
22: 0.69140625 * shedding
23: 0.6875 * path
24: 0.67578125 * Walk
25: 0.66015625 * miere
26: 0.66015625 * begging
27: 0.65625 * day
28: 0.640625 * cărui
29: 0.63671875 * Col
30: 0.62890625 * dărui
31: 0.625 * schimb
32: 0.6171875 * Scout
33: 0.6015625 * ating
34: 0.58984375 * middle
35: 0.5859375 * CC
36: 0.57421875 * regiuni
37: 0.56640625 * on
38: 0.5625 * edge
39: 0.5625 * leagă
40: 0.53515625 * Command
41: 0.52734375 * petrec
42: 0.52734375 * ation
43: 0.5234375 * in
44: 0.515625 * DB
45: 0.5078125 * realizeaz
46: 0.5 * misiei
47: 0.4921875 * overcoming
48: 0.455078125 * bebelus
49: 0.453125 * walking
Total loss: 0.33539217710494995 = MSE Loss: 0.20648592710494995, 0.001 * Sparsity Loss: 129.0
Epoch: 3 batch_num: 57
0: 2.703125 * wind
1: 1.8671875 * trecută
2: 1.8671875 * Wind
3: 1.7734375 * West
4: 1.6171875 * decizie
5: 1.4921875 * west
6: 1.4609375 * spots
7: 1.3984375 * echival
8: 1.265625 * cuplu
9: 1.2421875 * shedding
10: 1.21875 * mândr
11: 1.1484375 * dosar
12: 1.1484375 * picioare
13: 1.1484375 * valeur
14: 1.125 * path
15: 1.078125 * Col
16: 1.0078125 * CC
17: 0.9765625 * Scout
18: 0.97265625 * totusi
19: 0.95703125 * anului
20: 0.953125 * day
21: 0.953125 * middle
22: 0.94921875 * DB
23: 0.921875 * edge
24: 0.89453125 * conducere
25: 0.8828125 * realizeaz
26: 0.87109375 * Command
27: 0.8515625 * on
28: 0.83984375 * begging
29: 0.83203125 * ears
30: 0.82421875 * imprumut
31: 0.73828125 * schimb
32: 0.734375 * actiuni
33: 0.73046875 * dogs
34: 0.73046875 * regiuni
35: 0.6953125 * interest
36: 0.69140625 * misiune
37: 0.69140625 * cărui
38: 0.6796875 * Din
39: 0.671875 * miere
40: 0.6640625 * ating
41: 0.66015625 * grupului
42: 0.65625 * petrec
43: 0.63671875 * Pitt
44: 0.6328125 * speed
45: 0.609375 * leagă
46: 0.609375 * erstellt
47: 0.609375 * lation
48: 0.60546875 * strip
49: 0.59375 * е
Total loss: 0.6503479480743408 = MSE Loss: 0.4882386028766632, 0.001 * Sparsity Loss: 162.0
Epoch: 3 batch_num: 58
0: 3.421875 * wind
1: 2.328125 * Wind
2: 2.0625 * West
3: 1.859375 * trecută
4: 1.796875 * west
5: 1.7890625 * spots
6: 1.71875 * decizie
7: 1.578125 * shedding
8: 1.5078125 * echival
9: 1.390625 * path
10: 1.3203125 * dosar
11: 1.3046875 * picioare
12: 1.296875 * realizeaz
13: 1.28125 * Col
14: 1.2265625 * CC
15: 1.2265625 * DB
16: 1.21875 * valeur
17: 1.15625 * Scout
18: 1.15625 * middle
19: 1.078125 * anului
20: 1.078125 * cuplu
21: 1.0703125 * misiune
22: 1.0625 * dogs
23: 1.0625 * edge
24: 1.046875 * totusi
25: 1.0390625 * day
26: 0.9765625 * Command
27: 0.95703125 * conducere
28: 0.92578125 * pets
29: 0.90234375 * on
30: 0.8203125 * begging
31: 0.8203125 * Din
32: 0.80078125 * speed
33: 0.77734375 * ears
34: 0.7578125 * schimb
35: 0.7578125 * regiuni
36: 0.7578125 * simti
37: 0.75390625 * strip
38: 0.75390625 * Pitt
39: 0.734375 * petrec
40: 0.73046875 * erstellt
41: 0.71875 * mândr
42: 0.71875 * lation
43: 0.70703125 * 23
44: 0.6875 * Speed
45: 0.6796875 * trouble
46: 0.66015625 * dărui
47: 0.65234375 * transition
48: 0.640625 * staffed
49: 0.63671875 * stick
Total loss: 0.41991642117500305 = MSE Loss: 0.24706485867500305, 0.001 * Sparsity Loss: 173.0
Epoch: 3 batch_num: 59
0: 3.828125 * wind
1: 2.5 * Wind
2: 2.03125 * West
3: 1.9765625 * spots
4: 1.875 * west
5: 1.6953125 * shedding
6: 1.53125 * decizie
7: 1.4921875 * trecută
8: 1.46875 * echival
9: 1.453125 * path
10: 1.40625 * dosar
11: 1.3828125 * DB
12: 1.3671875 * picioare
13: 1.296875 * Col
14: 1.2890625 * CC
15: 1.2578125 * pets
16: 1.2578125 * middle
17: 1.234375 * misiune
18: 1.2265625 * dogs
19: 1.2109375 * Scout
20: 1.1015625 * valeur
21: 1.1015625 * realizeaz
22: 1.09375 * totusi
23: 1.078125 * anului
24: 1.0625 * dărui
25: 0.98828125 * edge
26: 0.953125 * conducere
27: 0.9375 * day
28: 0.88671875 * simti
29: 0.88671875 * Command
30: 0.8828125 * Din
31: 0.83984375 * speed
32: 0.8359375 * cuplu
33: 0.7578125 * petrec
34: 0.7578125 * Pitt
35: 0.75 * strip
36: 0.74609375 * on
37: 0.7421875 * lation
38: 0.734375 * stick
39: 0.73046875 * Path
40: 0.7265625 * 23
41: 0.72265625 * actiuni
42: 0.69921875 * trouble
43: 0.69140625 * schimb
44: 0.69140625 * Speed
45: 0.6875 * regiuni
46: 0.6875 * stick
47: 0.66796875 * sted
48: 0.66015625 * outdoor
49: 0.64453125 * Territory
Total loss: 0.5340588092803955 = MSE Loss: 0.3660900294780731, 0.001 * Sparsity Loss: 168.0
Epoch: 3 batch_num: 60
0: 3.75 * wind
1: 2.296875 * Wind
2: 2.078125 * spots
3: 1.8046875 * west
4: 1.7578125 * West
5: 1.7109375 * shedding
6: 1.4921875 * DB
7: 1.4765625 * pets
8: 1.4375 * actiuni
9: 1.4296875 * picioare
10: 1.3671875 * dărui
11: 1.3203125 * echival
12: 1.3125 * middle
13: 1.3046875 * dogs
14: 1.28125 * dosar
15: 1.1875 * path
16: 1.1875 * CC
17: 1.15625 * trecută
18: 1.140625 * misiune
19: 1.1328125 * realizeaz
20: 1.109375 * totusi
21: 1.109375 * decizie
22: 1.0625 * Col
23: 1.015625 * Scout
24: 0.984375 * anului
25: 0.96875 * simti
26: 0.9453125 * conducere
27: 0.89453125 * mândr
28: 0.86328125 * Din
29: 0.85546875 * Path
30: 0.828125 * speed
31: 0.80078125 * Command
32: 0.796875 * stick
33: 0.77734375 * edge
34: 0.765625 * Territory
35: 0.765625 * about
36: 0.72265625 * petrec
37: 0.71875 * Pitt
38: 0.71875 * 23
39: 0.69921875 * lation
40: 0.6953125 * day
41: 0.6796875 * trouble
42: 0.6796875 * St
43: 0.6796875 * valeur
44: 0.6640625 * sted
45: 0.66015625 * dog
46: 0.65234375 * leagă
47: 0.64453125 * Speed
48: 0.62890625 * ped
49: 0.62890625 * outdoor
Total loss: 0.40430596470832825 = MSE Loss: 0.24122002720832825, 0.001 * Sparsity Loss: 163.0
Epoch: 3 batch_num: 61
0: 3.4375 * wind
1: 2.015625 * spots
2: 1.84375 * Wind
3: 1.640625 * shedding
4: 1.5703125 * actiuni
5: 1.546875 * DB
6: 1.5390625 * west
7: 1.5390625 * pets
8: 1.4765625 * dărui
9: 1.421875 * picioare
10: 1.3203125 * West
11: 1.265625 * dogs
12: 1.25 * middle
13: 1.1171875 * totusi
14: 1.1015625 * dosar
15: 1.0625 * CC
16: 1.0078125 * simti
17: 0.98828125 * mândr
18: 0.9453125 * Path
19: 0.9375 * echival
20: 0.890625 * dog
21: 0.8828125 * conducere
22: 0.8515625 * path
23: 0.82421875 * anului
24: 0.80859375 * Col
25: 0.8046875 * stick
26: 0.80078125 * Din
27: 0.796875 * misiune
28: 0.76953125 * Scout
29: 0.73828125 * cărui
30: 0.71484375 * at
31: 0.6796875 * Territory
32: 0.6796875 * 23
33: 0.6796875 * speed
34: 0.67578125 * Command
35: 0.6484375 * petrec
36: 0.64453125 * leagă
37: 0.64453125 * breath
38: 0.6328125 * hock
39: 0.625 * command
40: 0.61328125 * misiei
41: 0.61328125 * DOT
42: 0.609375 * trouble
43: 0.6015625 * about
44: 0.59375 * sted
45: 0.578125 * West
46: 0.5625 * Pitt
47: 0.5546875 * LC
48: 0.5546875 * outdoor
49: 0.546875 * animal
Total loss: 0.3626159131526947 = MSE Loss: 0.2151549756526947, 0.001 * Sparsity Loss: 147.0
Epoch: 3 batch_num: 62
0: 2.984375 * wind
1: 1.8671875 * spots
2: 1.5546875 * DB
3: 1.4765625 * shedding
4: 1.4140625 * pets
5: 1.3671875 * dărui
6: 1.3359375 * picioare
7: 1.265625 * Wind
8: 1.2421875 * actiuni
9: 1.109375 * totusi
10: 1.1015625 * dogs
11: 1.1015625 * west
12: 1.0859375 * dog
13: 1.078125 * middle
14: 1.015625 * simti
15: 0.99609375 * Path
16: 0.96875 * realizeaz
17: 0.8828125 * CC
18: 0.84765625 * dosar
19: 0.80859375 * logy
20: 0.7890625 * stick
21: 0.78125 * valeur
22: 0.77734375 * conducere
23: 0.73046875 * West
24: 0.7265625 * command
25: 0.69921875 * at
26: 0.6875 * Din
27: 0.67578125 * dis
28: 0.66796875 * West
29: 0.66796875 * cărui
30: 0.6484375 * Ross
31: 0.63671875 * misiei
32: 0.6328125 * leagă
33: 0.62890625 * hock
34: 0.62890625 * breath
35: 0.62109375 * е
36: 0.60546875 * 23
37: 0.5859375 * anului
38: 0.56640625 * on
39: 0.55859375 * DOT
40: 0.5546875 * petrec
41: 0.5546875 * mândr
42: 0.546875 * constient
43: 0.53515625 * oraş
44: 0.53125 * duty
45: 0.51953125 * Col
46: 0.51171875 * trecută
47: 0.50390625 * Command
48: 0.49609375 * ging
49: 0.494140625 * trouble
Total loss: 0.32480692863464355 = MSE Loss: 0.18613505363464355, 0.001 * Sparsity Loss: 139.0
Epoch: 3 batch_num: 63
0: 2.296875 * wind
1: 1.671875 * spots
2: 1.515625 * DB
3: 1.3125 * valeur
4: 1.25 * dog
5: 1.1953125 * picioare
6: 1.1796875 * pets
7: 1.1796875 * shedding
8: 1.1015625 * realizeaz
9: 1.078125 * totusi
10: 1.078125 * dărui
11: 1.0234375 * trecută
12: 1.0078125 * Path
13: 0.98046875 * simti
14: 0.8984375 * middle
15: 0.88671875 * logy
16: 0.8671875 * decizie
17: 0.859375 * dogs
18: 0.8203125 * dis
19: 0.765625 * е
20: 0.7578125 * command
21: 0.73828125 * West
22: 0.73828125 * erstellt
23: 0.6875 * stick
24: 0.6796875 * constient
25: 0.671875 * on
26: 0.64453125 * strip
27: 0.640625 * CC
28: 0.6171875 * leagă
29: 0.61328125 * hock
30: 0.61328125 * Ross
31: 0.61328125 * begging
32: 0.61328125 * at
33: 0.609375 * ncing
34: 0.6015625 * conducere
35: 0.58984375 * oraş
36: 0.5625 * misiei
37: 0.53515625 * dosar
38: 0.52734375 * miere
39: 0.51171875 * ging
40: 0.51171875 * good
41: 0.494140625 * actiuni
42: 0.4921875 * Wind
43: 0.48828125 * Din
44: 0.48046875 * ements
45: 0.478515625 * misiune
46: 0.478515625 * breath
47: 0.470703125 * 23
48: 0.46875 * west
49: 0.466796875 * duty
Total loss: 0.3262065052986145 = MSE Loss: 0.1973002552986145, 0.001 * Sparsity Loss: 129.0
Epoch: 3 batch_num: 64
0: 1.5625 * valeur
1: 1.4609375 * wind
2: 1.453125 * DB
3: 1.4296875 * spots
4: 1.234375 * dog
5: 1.03125 * totusi
6: 1.0234375 * trecută
7: 1.015625 * picioare
8: 0.9765625 * decizie
9: 0.92578125 * Path
10: 0.921875 * misiune
11: 0.921875 * simti
12: 0.86328125 * strip
13: 0.828125 * erstellt
14: 0.82421875 * West
15: 0.8203125 * logy
16: 0.8046875 * pets
17: 0.78515625 * shedding
18: 0.76171875 * dis
19: 0.75390625 * command
20: 0.74609375 * е
21: 0.73828125 * West
22: 0.71875 * echival
23: 0.6796875 * constient
24: 0.66796875 * dogs
25: 0.6640625 * ncing
26: 0.66015625 * middle
27: 0.62109375 * begging
28: 0.59765625 * leagă
29: 0.5859375 * IN
30: 0.5859375 * Col
31: 0.58203125 * hock
32: 0.58203125 * dărui
33: 0.578125 * actiuni
34: 0.546875 * at
35: 0.54296875 * path
36: 0.5234375 * oraş
37: 0.5234375 * stability
38: 0.5078125 * stick
39: 0.48828125 * .
40: 0.48828125 * on
41: 0.486328125 * lation
42: 0.484375 * lovitur
43: 0.474609375 * edge
44: 0.462890625 * regiuni
45: 0.453125 * miere
46: 0.44921875 * with
47: 0.4453125 * good
48: 0.443359375 * Speed
49: 0.4375 * staffed
Total loss: 0.37836429476737976 = MSE Loss: 0.25629398226737976, 0.001 * Sparsity Loss: 122.0
Epoch: 3 batch_num: 65
0: 1.609375 * valeur
1: 1.3671875 * DB
2: 1.140625 * dog
3: 1.1328125 * Wind
4: 1.109375 * actiuni
5: 1.03125 * misiune
6: 1.0234375 * West
7: 0.96875 * Col
8: 0.96484375 * totusi
9: 0.91796875 * echival
10: 0.90625 * strip
11: 0.83203125 * simti
12: 0.82421875 * spots
13: 0.80859375 * decizie
14: 0.78125 * picioare
15: 0.7421875 * Path
16: 0.69921875 * command
17: 0.68359375 * е
18: 0.67578125 * cărui
19: 0.66796875 * erstellt
20: 0.6640625 * wind
21: 0.66015625 * animal
22: 0.6484375 * logy
23: 0.63671875 * West
24: 0.6328125 * IN
25: 0.609375 * trecută
26: 0.609375 * ized
27: 0.58984375 * realizeaz
28: 0.578125 * dis
29: 0.5703125 * leagă
30: 0.5703125 * ncing
31: 0.56640625 * able
32: 0.56640625 * constient
33: 0.55859375 * regiuni
34: 0.546875 * Speed
35: 0.54296875 * lation
36: 0.53515625 * ements
37: 0.52734375 * hock
38: 0.5 * schimb
39: 0.49609375 * stability
40: 0.48046875 * cuplu
41: 0.4765625 * Scout
42: 0.474609375 * lovitur
43: 0.462890625 * from
44: 0.4609375 * Pitt
45: 0.453125 * standing
46: 0.44921875 * right
47: 0.447265625 * on
48: 0.431640625 * summer
49: 0.4296875 * path
Total loss: 0.4015319049358368 = MSE Loss: 0.2848326861858368, 0.001 * Sparsity Loss: 116.5
Epoch: 3 batch_num: 66
0: 1.6171875 * Wind
1: 1.453125 * valeur
2: 1.2578125 * DB
3: 1.171875 * actiuni
4: 1.1484375 * Col
5: 1.1015625 * dog
6: 0.9453125 * West
7: 0.9375 * misiune
8: 0.890625 * totusi
9: 0.85546875 * echival
10: 0.80859375 * strip
11: 0.79296875 * animal
12: 0.765625 * realizeaz
13: 0.74609375 * mândr
14: 0.73046875 * ements
15: 0.71875 * simti
16: 0.71484375 * cărui
17: 0.6796875 * dosar
18: 0.59765625 * big
19: 0.56640625 * regiuni
20: 0.56640625 * ized
21: 0.5546875 * Din
22: 0.55078125 * Territory
23: 0.55078125 * able
24: 0.5390625 * breath
25: 0.53515625 * leagă
26: 0.53125 * command
27: 0.5234375 * standing
28: 0.5234375 * е
29: 0.51953125 * Pitt
30: 0.51953125 * lation
31: 0.515625 * Speed
32: 0.50390625 * schimb
33: 0.498046875 * Path
34: 0.48828125 * anului
35: 0.48828125 * picioare
36: 0.48828125 * dărui
37: 0.48046875 * stick
38: 0.470703125 * cuplu
39: 0.46875 * Scout
40: 0.453125 * hock
41: 0.453125 * West
42: 0.453125 * speed
43: 0.451171875 * Command
44: 0.44921875 * imprumut
45: 0.427734375 * CC
46: 0.423828125 * in
47: 0.421875 * west
48: 0.419921875 * ncing
49: 0.40234375 * #
Total loss: 0.27456045150756836 = MSE Loss: 0.16274404525756836, 0.001 * Sparsity Loss: 112.0
Epoch: 3 batch_num: 67
0: 1.8828125 * Wind
1: 1.15625 * Col
2: 1.1171875 * DB
3: 1.1171875 * valeur
4: 1.0234375 * dog
5: 0.984375 * mândr
6: 0.84765625 * dosar
7: 0.80078125 * totusi
8: 0.7890625 * actiuni
9: 0.7734375 * animal
10: 0.72265625 * stick
11: 0.68359375 * Din
12: 0.66015625 * wind
13: 0.66015625 * breath
14: 0.64453125 * spots
15: 0.62890625 * misiune
16: 0.6015625 * in
17: 0.59765625 * strip
18: 0.59765625 * echival
19: 0.5859375 * dărui
20: 0.58203125 * simti
21: 0.56640625 * West
22: 0.55859375 * CC
23: 0.5390625 * realizeaz
24: 0.5078125 * transition
25: 0.5078125 * conducere
26: 0.50390625 * does
27: 0.50390625 * ements
28: 0.494140625 * anului
29: 0.494140625 * shedding
30: 0.4921875 * standing
31: 0.48828125 * leagă
32: 0.486328125 * regiuni
33: 0.484375 * big
34: 0.474609375 * Territory
35: 0.466796875 * Pitt
36: 0.453125 * schimb
37: 0.44921875 * adecvat
38: 0.44140625 * able
39: 0.43359375 * cărui
40: 0.4296875 * stepping
41: 0.4296875 * begging
42: 0.42578125 * middle
43: 0.423828125 * Ross
44: 0.421875 * lation
45: 0.41796875 * ating
46: 0.416015625 * dogs
47: 0.416015625 * Speed
48: 0.412109375 * aprobare
49: 0.408203125 * Command
Total loss: 0.33368349075317383 = MSE Loss: 0.22528505325317383, 0.001 * Sparsity Loss: 108.5
Epoch: 3 batch_num: 68
0: 1.9453125 * Wind
1: 1.015625 * Col
2: 0.9921875 * wind
3: 0.95703125 * spots
4: 0.94140625 * DB
5: 0.87109375 * dosar
6: 0.76171875 * mândr
7: 0.76171875 * stick
8: 0.75390625 * dog
9: 0.69921875 * totusi
10: 0.6796875 * conducere
11: 0.67578125 * begging
12: 0.66796875 * Din
13: 0.65625 * shedding
14: 0.640625 * valeur
15: 0.60546875 * animal
16: 0.59375 * CC
17: 0.58984375 * does
18: 0.58984375 * logy
19: 0.5703125 * /
20: 0.5703125 * middle
21: 0.56640625 * breath
22: 0.56640625 * Speed
23: 0.5234375 * do
24: 0.50390625 * ”
25: 0.49609375 * transition
26: 0.494140625 * doamn
27: 0.482421875 * %
28: 0.48046875 * 23
29: 0.47265625 * in
30: 0.470703125 * interest
31: 0.46484375 * decizie
32: 0.46484375 * sted
33: 0.453125 * aprobare
34: 0.4453125 * <unk>
35: 0.4375 * leagă
36: 0.4296875 * ation
37: 0.427734375 * '
38: 0.427734375 * pets
39: 0.423828125 * simti
40: 0.416015625 * ating
41: 0.4140625 * ?
42: 0.412109375 * "
43: 0.41015625 * dărui
44: 0.40625 * Ross
45: 0.404296875 * anului
46: 0.39453125 * standing
47: 0.392578125 * trouble
48: 0.392578125 * erstellt
49: 0.38671875 * stepping
Total loss: 0.4955803155899048 = MSE Loss: 0.3862053155899048, 0.001 * Sparsity Loss: 109.5
Epoch: 3 batch_num: 69
0: 1.7890625 * Wind
1: 1.1328125 * spots
2: 1.03125 * actiuni
3: 1.015625 * wind
4: 0.80859375 * dosar
5: 0.75 * conducere
6: 0.7421875 * DB
7: 0.73046875 * Col
8: 0.70703125 * begging
9: 0.6796875 * misiune
10: 0.65234375 * Speed
11: 0.6328125 * shedding
12: 0.60546875 * logy
13: 0.60546875 * Din
14: 0.59765625 * middle
15: 0.58984375 * IN
16: 0.58203125 * totusi
17: 0.55859375 * <unk>
18: 0.54296875 * CC
19: 0.54296875 * realizeaz
20: 0.50390625 * clădiri
21: 0.49609375 * 23
22: 0.484375 * stick
23: 0.47265625 * sted
24: 0.470703125 * doamn
25: 0.46875 * dog
26: 0.46875 * е
27: 0.46484375 * constient
28: 0.45703125 * '
29: 0.45703125 * west
30: 0.44140625 * %
31: 0.4375 * in
32: 0.4375 * fit
33: 0.43359375 * picioare
34: 0.42578125 * petrec
35: 0.421875 * walk
36: 0.416015625 * "
37: 0.40625 * interest
38: 0.392578125 * ”
39: 0.392578125 * staffed
40: 0.390625 * ears
41: 0.390625 * command
42: 0.388671875 * leagă
43: 0.384765625 * spot
44: 0.3828125 * ging
45: 0.3828125 * oraş
46: 0.380859375 * decizie
47: 0.37890625 * echival
48: 0.375 * transition
49: 0.365234375 * misiei
Total loss: 0.28965097665786743 = MSE Loss: 0.18418224155902863, 0.001 * Sparsity Loss: 105.5
Epoch: 3 batch_num: 70
0: 1.59375 * actiuni
1: 1.421875 * Wind
2: 1.1875 * spots
3: 1.1171875 * misiune
4: 1.015625 * mândr
5: 0.79296875 * wind
6: 0.734375 * conducere
7: 0.73046875 * valeur
8: 0.703125 * IN
9: 0.67578125 * Speed
10: 0.63671875 * dosar
11: 0.6328125 * ://
12: 0.609375 * echival
13: 0.59765625 * picioare
14: 0.58984375 * begging
15: 0.58203125 * ears
16: 0.5703125 * е
17: 0.5546875 * <unk>
18: 0.546875 * command
19: 0.53125 * constient
20: 0.53125 * clădiri
21: 0.5234375 * DB
22: 0.51171875 * middle
23: 0.50390625 * shedding
24: 0.482421875 * dărui
25: 0.4765625 * Din
26: 0.47265625 * spot
27: 0.46484375 * freedom
28: 0.462890625 * Scout
29: 0.4609375 * 23
30: 0.458984375 * viziune
31: 0.458984375 * totusi
32: 0.4453125 * staffed
33: 0.43359375 * Cro
34: 0.431640625 * logy
35: 0.42578125 * petrec
36: 0.421875 * Possibly
37: 0.419921875 * sted
38: 0.4140625 * ling
39: 0.404296875 * ging
40: 0.40234375 * Col
41: 0.3984375 * fit
42: 0.396484375 * CC
43: 0.3828125 * Leaving
44: 0.3828125 * oraş
45: 0.37109375 * </s>
46: 0.37109375 * ncing
47: 0.365234375 * free
48: 0.34765625 * Speed
49: 0.3359375 * leagă
Total loss: 0.3303613066673279 = MSE Loss: 0.23075194656848907, 0.001 * Sparsity Loss: 99.5
Epoch: 3 batch_num: 71
0: 1.5703125 * actiuni
1: 1.3984375 * mândr
2: 1.2578125 * valeur
3: 1.1796875 * misiune
4: 1.1171875 * spots
5: 0.99609375 * realizeaz
6: 0.87109375 * Wind
7: 0.71484375 * at
8: 0.6640625 * picioare
9: 0.6328125 * dărui
10: 0.6328125 * conducere
11: 0.59765625 * ears
12: 0.59375 * echival
13: 0.59375 * Speed
14: 0.58203125 * command
15: 0.58203125 * on
16: 0.5625 * spot
17: 0.5390625 * Scout
18: 0.53515625 * <unk>
19: 0.53125 * constient
20: 0.515625 * ://
21: 0.5 * Possibly
22: 0.494140625 * е
23: 0.486328125 * At
24: 0.48046875 * regiuni
25: 0.478515625 * cuplu
26: 0.466796875 * decizie
27: 0.443359375 * ling
28: 0.4296875 * freedom
29: 0.427734375 * Cro
30: 0.39453125 * viziune
31: 0.39453125 * 23
32: 0.392578125 * 
33: 0.392578125 * IN
34: 0.392578125 * clădiri
35: 0.388671875 * Speed
36: 0.380859375 * side
37: 0.37890625 * petrec
38: 0.376953125 * staffed
39: 0.376953125 * intention
40: 0.373046875 * middle
41: 0.37109375 * dosar
42: 0.369140625 * ATION
43: 0.369140625 * erstellt
44: 0.3671875 * ized
45: 0.36328125 * running
46: 0.36328125 * Transition
47: 0.359375 * West
48: 0.3515625 * St
49: 0.34765625 * wind
Total loss: 0.26083892583847046 = MSE Loss: 0.15976470708847046, 0.001 * Sparsity Loss: 101.0
Epoch: 3 batch_num: 72
0: 1.5234375 * valeur
1: 1.3984375 * realizeaz
2: 1.359375 * mândr
3: 1.015625 * actiuni
4: 0.9765625 * misiune
5: 0.96484375 * spots
6: 0.65234375 * picioare
7: 0.6484375 * decizie
8: 0.62890625 * able
9: 0.5546875 * spot
10: 0.53125 * cuplu
11: 0.52734375 * command
12: 0.5234375 * regiuni
13: 0.515625 * at
14: 0.484375 * 
15: 0.482421875 * Scout
16: 0.48046875 * dărui
17: 0.46875 * Possibly
18: 0.462890625 * constient
19: 0.462890625 * erstellt
20: 0.455078125 * conducere
21: 0.443359375 * pets
22: 0.439453125 * lovitur
23: 0.439453125 * West
24: 0.439453125 * ears
25: 0.427734375 * Transition
26: 0.42578125 * consilier
27: 0.421875 * <unk>
28: 0.419921875 * Speed
29: 0.408203125 * At
30: 0.40625 * Col
31: 0.3828125 * AT
32: 0.37890625 * Cro
33: 0.37890625 * echival
34: 0.376953125 * doamn
35: 0.373046875 * ized
36: 0.3671875 * on
37: 0.359375 * transition
38: 0.35546875 * imprumut
39: 0.3515625 * schimb
40: 0.349609375 * IN
41: 0.349609375 * invested
42: 0.34765625 * logy
43: 0.341796875 * Ross
44: 0.33984375 * side
45: 0.333984375 * Cooper
46: 0.328125 * strip
47: 0.318359375 * running
48: 0.31640625 * does
49: 0.3125 * Wir
Total loss: 0.33258694410324097 = MSE Loss: 0.23737208545207977, 0.001 * Sparsity Loss: 95.0
Epoch: 3 batch_num: 73
0: 1.5703125 * valeur
1: 1.1015625 * realizeaz
2: 0.828125 * mândr
3: 0.76953125 * able
4: 0.72265625 * spots
5: 0.71484375 * Col
6: 0.6640625 * wind
7: 0.58984375 * begging
8: 0.55859375 * decizie
9: 0.55859375 * picioare
10: 0.5546875 * from
11: 0.5546875 * logy
12: 0.5390625 * misiune
13: 0.51171875 * imprumut
14: 0.49609375 * cuplu
15: 0.4609375 * spot
16: 0.451171875 * bebelus
17: 0.44921875 * lovitur
18: 0.447265625 * consilier
19: 0.447265625 * On
20: 0.439453125 * Wind
21: 0.435546875 * regiuni
22: 0.412109375 * clădiri
23: 0.39453125 * Transition
24: 0.3828125 * command
25: 0.37890625 * ements
26: 0.375 * simti
27: 0.37109375 * with
28: 0.365234375 * as
29: 0.361328125 * standing
30: 0.349609375 * transition
31: 0.34765625 * IN
32: 0.345703125 * Cooper
33: 0.345703125 * ţinut
34: 0.345703125 * Possibly
35: 0.345703125 * invested
36: 0.33984375 * Ross
37: 0.337890625 * constient
38: 0.3359375 * doamn
39: 0.333984375 * oraş
40: 0.32421875 * ist
41: 0.322265625 * dog
42: 0.31640625 * aprobare
43: 0.314453125 * viziune
44: 0.306640625 * Scout
45: 0.3046875 * ţări
46: 0.302734375 * erstellt
47: 0.298828125 * misiei
48: 0.298828125 * AT
49: 0.296875 * pets
Total loss: 0.3103024661540985 = MSE Loss: 0.2214352786540985, 0.001 * Sparsity Loss: 89.0
Epoch: 3 batch_num: 74
0: 1.453125 * valeur
1: 0.8046875 * Col
2: 0.76171875 * Wind
3: 0.7578125 * wind
4: 0.69921875 * able
5: 0.67578125 * begging
6: 0.63671875 * clădiri
7: 0.56640625 * ://
8: 0.5625 * oraş
9: 0.5390625 * viziune
10: 0.51953125 * logy
11: 0.498046875 * dog
12: 0.4609375 * realizeaz
13: 0.451171875 * in
14: 0.44921875 * echival
15: 0.4453125 * actiuni
16: 0.4453125 * dărui
17: 0.443359375 * bebelus
18: 0.41796875 * Din
19: 0.412109375 * simti
20: 0.412109375 * imprumut
21: 0.41015625 * ţinut
22: 0.41015625 * cuplu
23: 0.40625 * picioare
24: 0.400390625 * standing
25: 0.388671875 * walking
26: 0.3671875 * stick
27: 0.36328125 * DB
28: 0.36328125 * asigura
29: 0.359375 * Animal
30: 0.353515625 * misiei
31: 0.3515625 * spots
32: 0.349609375 * On
33: 0.345703125 * spot
34: 0.33984375 * Walk
35: 0.337890625 * legs
36: 0.33203125 * ţări
37: 0.330078125 * Walking
38: 0.328125 * from
39: 0.326171875 * lovitur
40: 0.326171875 * IN
41: 0.32421875 * consilier
42: 0.3203125 * dosar
43: 0.318359375 * rând
44: 0.310546875 * cărui
45: 0.306640625 * walk
46: 0.306640625 * staffed
47: 0.302734375 * Leaving
48: 0.298828125 * ist
49: 0.29296875 * at
Total loss: 0.2590785324573517 = MSE Loss: 0.17265275120735168, 0.001 * Sparsity Loss: 86.5
Epoch: 3 batch_num: 75
0: 1.078125 * valeur
1: 0.8828125 * Wind
2: 0.8515625 * realizeaz
3: 0.76953125 * Col
4: 0.7265625 * dărui
5: 0.71484375 * mândr
6: 0.6953125 * echival
7: 0.65234375 * wind
8: 0.6171875 * oraş
9: 0.6015625 * able
10: 0.59375 * clădiri
11: 0.58203125 * stick
12: 0.490234375 * viziune
13: 0.486328125 * begging
14: 0.48046875 * dog
15: 0.4609375 * staffed
16: 0.447265625 * ://
17: 0.4453125 * Command
18: 0.443359375 * DB
19: 0.44140625 * Din
20: 0.42578125 * doamn
21: 0.423828125 * breath
22: 0.419921875 * simti
23: 0.41015625 * Walk
24: 0.404296875 * legs
25: 0.392578125 * in
26: 0.3828125 * ţinut
27: 0.3828125 * 
28: 0.376953125 * е
29: 0.375 * Dog
30: 0.37109375 * asigura
31: 0.3671875 * walking
32: 0.365234375 * Animal
33: 0.359375 * ements
34: 0.359375 * Speed
35: 0.353515625 * walk
36: 0.353515625 * good
37: 0.345703125 * ears
38: 0.34375 * decizie
39: 0.337890625 * lation
40: 0.333984375 * logy
41: 0.326171875 * New
42: 0.32421875 * On
43: 0.3203125 * IN
44: 0.318359375 * misiune
45: 0.318359375 * ITY
46: 0.314453125 * interest
47: 0.310546875 * standing
48: 0.310546875 * misiei
49: 0.310546875 * ized
Total loss: 0.41183653473854065 = MSE Loss: 0.32687559723854065, 0.001 * Sparsity Loss: 85.0
Epoch: 3 batch_num: 76
0: 1.3046875 * realizeaz
1: 0.79296875 * Wind
2: 0.78125 * echival
3: 0.70703125 * dărui
4: 0.6015625 * decizie
5: 0.59765625 * cărui
6: 0.58984375 * Col
7: 0.56640625 * doamn
8: 0.55078125 * valeur
9: 0.54296875 * oraş
10: 0.5390625 * Dog
11: 0.53125 * Command
12: 0.52734375 * lovitur
13: 0.52734375 * 
14: 0.51171875 * е
15: 0.50390625 * staffed
16: 0.48046875 * actiuni
17: 0.478515625 * conducere
18: 0.474609375 * able
19: 0.474609375 * DB
20: 0.470703125 * <unk>
21: 0.470703125 * stick
22: 0.44140625 * clădiri
23: 0.4375 * walks
24: 0.4375 * mândr
25: 0.4296875 * Din
26: 0.42578125 * bebelus
27: 0.419921875 * imprumut
28: 0.416015625 * ITY
29: 0.41015625 * breath
30: 0.404296875 * simti
31: 0.40234375 * ements
32: 0.38671875 * lation
33: 0.384765625 * constient
34: 0.376953125 * Do
35: 0.375 * side
36: 0.37109375 * Speed
37: 0.3671875 * ears
38: 0.359375 * command
39: 0.349609375 * wind
40: 0.337890625 * totusi
41: 0.337890625 * 23
42: 0.333984375 * trecută
43: 0.328125 * maşin
44: 0.328125 * Speed
45: 0.326171875 * FC
46: 0.32421875 * good
47: 0.32421875 * asigura
48: 0.3203125 * и
49: 0.3203125 * >
Total loss: 0.33946582674980164 = MSE Loss: 0.25352832674980164, 0.001 * Sparsity Loss: 86.0
Epoch: 3 batch_num: 77
0: 1.0078125 * realizeaz
1: 0.84375 * lovitur
2: 0.8046875 * cărui
3: 0.76953125 * actiuni
4: 0.72265625 * bebelus
5: 0.69140625 * walks
6: 0.6640625 * echival
7: 0.625 * walk
8: 0.6015625 * Dog
9: 0.59765625 * conducere
10: 0.578125 * spots
11: 0.5546875 * decizie
12: 0.5078125 * doamn
13: 0.494140625 * begging
14: 0.478515625 * DB
15: 0.478515625 * constient
16: 0.4765625 * Command
17: 0.458984375 * Wind
18: 0.455078125 * <unk>
19: 0.44921875 * ST
20: 0.443359375 * staffed
21: 0.44140625 * е
22: 0.43359375 * dărui
23: 0.423828125 * command
24: 0.41796875 * ’
25: 0.388671875 * totusi
26: 0.3828125 * petrec
27: 0.376953125 * Din
28: 0.37109375 * oraş
29: 0.361328125 * simti
30: 0.35546875 * interest
31: 0.345703125 * aprobare
32: 0.34375 * ITY
33: 0.34375 * FC
34: 0.341796875 * 23
35: 0.341796875 * invested
36: 0.333984375 * trecută
37: 0.330078125 * average
38: 0.326171875 * does
39: 0.32421875 * with
40: 0.322265625 * RE
41: 0.318359375 * side
42: 0.31640625 * pet
43: 0.31640625 * schimb
44: 0.31640625 * Pitt
45: 0.314453125 * medium
46: 0.314453125 * и
47: 0.3125 * imprumut
48: 0.302734375 * '
49: 0.30078125 * ity
Total loss: 0.3588251769542694 = MSE Loss: 0.2763056457042694, 0.001 * Sparsity Loss: 82.5
Epoch: 3 batch_num: 78
0: 0.9375 * lovitur
1: 0.79296875 * spots
2: 0.7421875 * bebelus
3: 0.73046875 * begging
4: 0.66015625 * cărui
5: 0.65625 * wind
6: 0.64453125 * conducere
7: 0.62109375 * walks
8: 0.62109375 * ’
9: 0.57421875 * interest
10: 0.53515625 * walk
11: 0.50390625 * actiuni
12: 0.5 * valeur
13: 0.482421875 * Dog
14: 0.466796875 * constient
15: 0.455078125 * does
16: 0.4453125 * DB
17: 0.439453125 * '
18: 0.4140625 * misiune
19: 0.412109375 * totusi
20: 0.40625 * picioare
21: 0.3984375 * viziune
22: 0.39453125 * petrec
23: 0.384765625 * <unk>
24: 0.384765625 * ST
25: 0.3828125 * new
26: 0.37109375 * echival
27: 0.369140625 * average
28: 0.365234375 * aprobare
29: 0.349609375 * IN
30: 0.34375 * command
31: 0.33203125 * ://
32: 0.3203125 * Pitt
33: 0.31640625 * pet
34: 0.31640625 * DOT
35: 0.3125 * pets
36: 0.30859375 * be
37: 0.302734375 * day
38: 0.30078125 * pace
39: 0.296875 * simti
40: 0.294921875 * mândr
41: 0.294921875 * doesn
42: 0.29296875 * shing
43: 0.29296875 * staffed
44: 0.29296875 * 23
45: 0.291015625 * doamn
46: 0.291015625 * Din
47: 0.287109375 * spot
48: 0.279296875 * animal
49: 0.27734375 * RE
Total loss: 0.3344586193561554 = MSE Loss: 0.2563336193561554, 0.001 * Sparsity Loss: 78.0
Epoch: 3 batch_num: 79
0: 0.99609375 * realizeaz
1: 0.953125 * wind
2: 0.90234375 * spots
3: 0.76171875 * lovitur
4: 0.71484375 * begging
5: 0.65234375 * ’
6: 0.59765625 * conducere
7: 0.5234375 * valeur
8: 0.50390625 * interest
9: 0.50390625 * St
10: 0.5 * picioare
11: 0.482421875 * breath
12: 0.470703125 * misiune
13: 0.44921875 * bebelus
14: 0.4453125 * walks
15: 0.423828125 * does
16: 0.40625 * totusi
17: 0.40625 * speed
18: 0.404296875 * day
19: 0.400390625 * able
20: 0.39453125 * '
21: 0.39453125 * DB
22: 0.3828125 * Wind
23: 0.373046875 * actiuni
24: 0.365234375 * adecvat
25: 0.359375 * stick
26: 0.34765625 * be
27: 0.34375 * %
28: 0.341796875 * Col
29: 0.33984375 * Dog
30: 0.337890625 * new
31: 0.33203125 * constient
32: 0.328125 * In
33: 0.326171875 * petrec
34: 0.32421875 * Ross
35: 0.318359375 * IN
36: 0.30859375 * on
37: 0.30078125 * walk
38: 0.2890625 * pace
39: 0.28515625 * aprobare
40: 0.283203125 * >
41: 0.28125 * dis
42: 0.28125 * Speed
43: 0.27734375 * average
44: 0.275390625 * shing
45: 0.2734375 * run
46: 0.2734375 * clădiri
47: 0.271484375 * standing
48: 0.271484375 * Brown
49: 0.271484375 * re
Total loss: 0.2995833456516266 = MSE Loss: 0.2199935019016266, 0.001 * Sparsity Loss: 79.5
Epoch: 3 batch_num: 80
0: 1.390625 * realizeaz
1: 0.92578125 * wind
2: 0.84765625 * actiuni
3: 0.81640625 * spots
4: 0.58203125 * St
5: 0.54296875 * begging
6: 0.5390625 * cărui
7: 0.51953125 * picioare
8: 0.51171875 * adecvat
9: 0.50390625 * ’
10: 0.48828125 * conducere
11: 0.48046875 * able
12: 0.4765625 * Wind
13: 0.462890625 * breath
14: 0.45703125 * oraş
15: 0.453125 * echival
16: 0.4453125 * lovitur
17: 0.41015625 * on
18: 0.40625 * speed
19: 0.384765625 * totusi
20: 0.3828125 * decizie
21: 0.3828125 * stick
22: 0.37890625 * valeur
23: 0.3515625 * >
24: 0.3515625 * re
25: 0.330078125 * doamn
26: 0.330078125 * Col
27: 0.328125 * misiune
28: 0.31640625 * </s>
29: 0.31640625 * logy
30: 0.310546875 * In
31: 0.310546875 * clădiri
32: 0.302734375 * DB
33: 0.291015625 * regiuni
34: 0.2890625 * acţiune
35: 0.28515625 * sustinut
36: 0.28125 * middle
37: 0.279296875 * Command
38: 0.275390625 * и
39: 0.2734375 * trouble
40: 0.2734375 * 38
41: 0.2734375 * Speed
42: 0.26953125 * walks
43: 0.259765625 * standing
44: 0.2578125 * ity
45: 0.24609375 * free
46: 0.2451171875 * lation
47: 0.23828125 * FC
48: 0.2353515625 * petrec
49: 0.2353515625 * crestere
Total loss: 0.22534102201461792 = MSE Loss: 0.14916914701461792, 0.001 * Sparsity Loss: 76.0
Epoch: 3 batch_num: 81
0: 1.2890625 * realizeaz
1: 0.82421875 * cărui
2: 0.78515625 * actiuni
3: 0.6171875 * spots
4: 0.6171875 * wind
5: 0.5625 * oraş
6: 0.51953125 * echival
7: 0.515625 * bebelus
8: 0.46875 * from
9: 0.4609375 * picioare
10: 0.451171875 * running
11: 0.416015625 * adecvat
12: 0.408203125 * able
13: 0.392578125 * doesn
14: 0.37109375 * pets
15: 0.369140625 * staffed
16: 0.359375 * erstellt
17: 0.3515625 * do
18: 0.3515625 * FC
19: 0.34765625 * totusi
20: 0.33984375 * ’
21: 0.3359375 * schimb
22: 0.318359375 * >
23: 0.31640625 * West
24: 0.306640625 * conducere
25: 0.298828125 * interest
26: 0.298828125 * sustinut
27: 0.296875 * Command
28: 0.291015625 * Wind
29: 0.28515625 * regiuni
30: 0.28125 * Din
31: 0.28125 * re
32: 0.279296875 * ţări
33: 0.2734375 * asigura
34: 0.265625 * doamn
35: 0.263671875 * anului
36: 0.263671875 * #
37: 0.263671875 * 38
38: 0.26171875 * In
39: 0.255859375 * speed
40: 0.25390625 * St
41: 0.251953125 * animal
42: 0.248046875 * ]
43: 0.2470703125 * mândr
44: 0.24609375 * decizie
45: 0.244140625 * path
46: 0.2412109375 * и
47: 0.2412109375 * trouble
48: 0.2392578125 * breath
49: 0.2392578125 * lation
Total loss: 0.34367915987968445 = MSE Loss: 0.26946040987968445, 0.001 * Sparsity Loss: 74.0
Epoch: 3 batch_num: 82
0: 0.89453125 * bebelus
1: 0.7890625 * cărui
2: 0.58203125 * realizeaz
3: 0.546875 * oraş
4: 0.52734375 * pets
5: 0.4765625 * lovitur
6: 0.462890625 * interest
7: 0.44921875 * erstellt
8: 0.447265625 * valeur
9: 0.435546875 * staffed
10: 0.416015625 * do
11: 0.40625 * be
12: 0.404296875 * schimb
13: 0.396484375 * animal
14: 0.376953125 * running
15: 0.369140625 * doesn
16: 0.353515625 * pet
17: 0.353515625 * echival
18: 0.3515625 * picioare
19: 0.349609375 * spots
20: 0.33203125 * going
21: 0.326171875 * from
22: 0.326171875 * FC
23: 0.322265625 * aprobare
24: 0.318359375 * Din
25: 0.310546875 * misiei
26: 0.30859375 * ST
27: 0.3046875 * 5%
28: 0.302734375 * path
29: 0.30078125 * comes
30: 0.30078125 * fit
31: 0.298828125 * he
32: 0.296875 * ţări
33: 0.294921875 * constient
34: 0.2890625 * totusi
35: 0.2890625 * licensed
36: 0.28515625 * Do
37: 0.28515625 * IN
38: 0.279296875 * asigura
39: 0.275390625 * Dog
40: 0.275390625 * medium
41: 0.275390625 * '
42: 0.2734375 * begging
43: 0.2734375 * and
44: 0.271484375 * walks
45: 0.26953125 * actiuni
46: 0.267578125 * As
47: 0.265625 * #
48: 0.26171875 * mândr
49: 0.2578125 * Day
Total loss: 0.3648265600204468 = MSE Loss: 0.2906078100204468, 0.001 * Sparsity Loss: 74.0
Epoch: 3 batch_num: 83
0: 1.0546875 * bebelus
1: 0.76953125 * lovitur
2: 0.72265625 * actiuni
3: 0.70703125 * valeur
4: 0.54296875 * begging
5: 0.51953125 * pets
6: 0.466796875 * walks
7: 0.439453125 * cărui
8: 0.4375 * interest
9: 0.431640625 * Do
10: 0.431640625 * oraş
11: 0.41015625 * realizeaz
12: 0.396484375 * medium
13: 0.390625 * doamn
14: 0.390625 * be
15: 0.388671875 * staffed
16: 0.38671875 * animal
17: 0.384765625 * wind
18: 0.3828125 * Dog
19: 0.376953125 * edge
20: 0.376953125 * adecvat
21: 0.373046875 * from
22: 0.369140625 * pet
23: 0.357421875 * and
24: 0.35546875 * schimb
25: 0.353515625 * aprobare
26: 0.34765625 * best
27: 0.341796875 * Wind
28: 0.328125 * comes
29: 0.328125 * St
30: 0.326171875 * %
31: 0.318359375 * west
32: 0.31640625 * stick
33: 0.3125 * walk
34: 0.3125 * '
35: 0.3125 * constient
36: 0.306640625 * erstellt
37: 0.302734375 * Speed
38: 0.30078125 * owner
39: 0.298828125 * fit
40: 0.298828125 * middle
41: 0.287109375 * misiei
42: 0.28515625 * he
43: 0.28515625 * big
44: 0.283203125 * Din
45: 0.279296875 * licensed
46: 0.279296875 * As
47: 0.27734375 * ST
48: 0.275390625 * transition
49: 0.275390625 * and
Total loss: 0.2942543923854828 = MSE Loss: 0.2200356423854828, 0.001 * Sparsity Loss: 74.0
Epoch: 3 batch_num: 84
0: 1.4609375 * actiuni
1: 0.9921875 * begging
2: 0.9609375 * echival
3: 0.921875 * lovitur
4: 0.7890625 * walks
5: 0.7890625 * cărui
6: 0.671875 * adecvat
7: 0.6640625 * PR
8: 0.65625 * ements
9: 0.65625 * realizeaz
10: 0.609375 * bebelus
11: 0.58203125 * conducere
12: 0.5546875 * valeur
13: 0.53125 * middle
14: 0.51953125 * and
15: 0.490234375 * Do
16: 0.4765625 * Dog
17: 0.455078125 * dogs
18: 0.453125 * walk
19: 0.451171875 * go
20: 0.439453125 * ped
21: 0.4375 * acţiune
22: 0.435546875 * path
23: 0.43359375 * pet
24: 0.421875 * medium
25: 0.41796875 * misiei
26: 0.41015625 * %
27: 0.408203125 * ţinut
28: 0.3984375 * Ross
29: 0.37890625 * 4%
30: 0.365234375 * Leaving
31: 0.359375 * imprumut
32: 0.357421875 * mândr
33: 0.35546875 * DB
34: 0.353515625 * edge
35: 0.33984375 * doamn
36: 0.3359375 * Walking
37: 0.33203125 * и
38: 0.326171875 * ging
39: 0.322265625 * in
40: 0.318359375 * spots
41: 0.318359375 * Col
42: 0.314453125 * In
43: 0.306640625 * and
44: 0.30078125 * walk
45: 0.298828125 * trecută
46: 0.298828125 * DOT
47: 0.298828125 * maşin
48: 0.2890625 * best
49: 0.2890625 * ches
Total loss: 0.45208749175071716 = MSE Loss: 0.36517342925071716, 0.001 * Sparsity Loss: 87.0
Epoch: 3 batch_num: 85
0: 1.65625 * actiuni
1: 1.6328125 * echival
2: 1.453125 * cărui
3: 1.1875 * begging
4: 1.125 * PR
5: 0.95703125 * lovitur
6: 0.91796875 * walks
7: 0.80859375 * conducere
8: 0.7578125 * ements
9: 0.703125 * realizeaz
10: 0.67578125 * Ross
11: 0.6484375 * go
12: 0.6328125 * adecvat
13: 0.60546875 * path
14: 0.58203125 * Wind
15: 0.5625 * dogs
16: 0.5546875 * and
17: 0.5546875 * middle
18: 0.55078125 * ţinut
19: 0.51953125 * Leaving
20: 0.51953125 * Col
21: 0.49609375 * acţiune
22: 0.4765625 * ped
23: 0.46484375 * DB
24: 0.4609375 * misiei
25: 0.451171875 * imprumut
26: 0.43359375 * anului
27: 0.431640625 * Walking
28: 0.431640625 * maşin
29: 0.4296875 * walk
30: 0.42578125 * walk
31: 0.42578125 * Do
32: 0.404296875 * trecută
33: 0.400390625 * In
34: 0.388671875 * interest
35: 0.384765625 * miere
36: 0.3828125 * ready
37: 0.3828125 * doesn
38: 0.380859375 * trouble
39: 0.373046875 * BS
40: 0.373046875 * decizie
41: 0.369140625 * pet
42: 0.3671875 * West
43: 0.359375 * ating
44: 0.359375 * pets
45: 0.357421875 * spots
46: 0.353515625 * ging
47: 0.337890625 * >
48: 0.3359375 * DOT
49: 0.326171875 * in
Total loss: 0.29836148023605347 = MSE Loss: 0.19924040138721466, 0.001 * Sparsity Loss: 99.0
Epoch: 3 batch_num: 86
0: 2.046875 * echival
1: 1.671875 * cărui
2: 1.3984375 * actiuni
3: 1.3671875 * PR
4: 1.109375 * begging
5: 0.92578125 * conducere
6: 0.875 * walks
7: 0.8046875 * lovitur
8: 0.77734375 * Ross
9: 0.74609375 * go
10: 0.703125 * pets
11: 0.68359375 * mândr
12: 0.65625 * Wind
13: 0.61328125 * ţinut
14: 0.61328125 * bebelus
15: 0.58984375 * West
16: 0.57421875 * interest
17: 0.5546875 * Leaving
18: 0.53515625 * animal
19: 0.52734375 * DB
20: 0.5234375 * anului
21: 0.5234375 * Col
22: 0.515625 * stick
23: 0.5078125 * ements
24: 0.4765625 * walk
25: 0.474609375 * west
26: 0.466796875 * ating
27: 0.458984375 * path
28: 0.455078125 * trouble
29: 0.453125 * and
30: 0.44921875 * decizie
31: 0.447265625 * middle
32: 0.44140625 * on
33: 0.43359375 * Walking
34: 0.412109375 * ready
35: 0.400390625 * misiei
36: 0.3984375 * maşin
37: 0.396484375 * acţiune
38: 0.39453125 * miere
39: 0.392578125 * big
40: 0.388671875 * dogs
41: 0.373046875 * BS
42: 0.361328125 * edge
43: 0.361328125 * stepping
44: 0.359375 * picioare
45: 0.3515625 * transition
46: 0.3515625 * doesn
47: 0.349609375 * on
48: 0.34765625 * ST
49: 0.34765625 * adecvat
Total loss: 0.28909820318222046 = MSE Loss: 0.18802399933338165, 0.001 * Sparsity Loss: 101.0
Epoch: 3 batch_num: 87
0: 2.21875 * echival
1: 1.625 * cărui
2: 1.4609375 * PR
3: 1.25 * realizeaz
4: 1.0078125 * bebelus
5: 0.95703125 * conducere
6: 0.92578125 * mândr
7: 0.91015625 * pets
8: 0.84375 * begging
9: 0.73046875 * walks
10: 0.71875 * actiuni
11: 0.70703125 * Ross
12: 0.609375 * ţinut
13: 0.609375 * interest
14: 0.59765625 * edge
15: 0.5703125 * does
16: 0.5546875 * stick
17: 0.55078125 * oraş
18: 0.5390625 * animal
19: 0.5390625 * DB
20: 0.53515625 * go
21: 0.53125 * anului
22: 0.5234375 * Wind
23: 0.5234375 * valeur
24: 0.484375 * doamn
25: 0.484375 * Leaving
26: 0.48046875 * from
27: 0.4765625 * lovitur
28: 0.4765625 * trouble
29: 0.44921875 * walk
30: 0.443359375 * legs
31: 0.4375 * West
32: 0.41015625 * west
33: 0.388671875 * ating
34: 0.3828125 * spot
35: 0.3828125 * do
36: 0.3671875 * Walking
37: 0.3671875 * stepping
38: 0.3671875 * trecută
39: 0.365234375 * ready
40: 0.357421875 * 
41: 0.35546875 * 5%
42: 0.34765625 * Day
43: 0.345703125 * stick
44: 0.345703125 * on
45: 0.341796875 * picioare
46: 0.333984375 * licensed
47: 0.330078125 * Dog
48: 0.330078125 * middle
49: 0.328125 * IN
Total loss: 0.3273686170578003 = MSE Loss: 0.2277592420578003, 0.001 * Sparsity Loss: 99.5
Epoch: 3 batch_num: 88
0: 2.21875 * echival
1: 1.6953125 * realizeaz
2: 1.390625 * cărui
3: 1.359375 * PR
4: 1.1484375 * bebelus
5: 0.94140625 * pets
6: 0.9296875 * conducere
7: 0.6640625 * mândr
8: 0.6484375 * does
9: 0.6328125 * oraş
10: 0.6015625 * ements
11: 0.578125 * walks
12: 0.55078125 * edge
13: 0.53125 * ţinut
14: 0.52734375 * valeur
15: 0.51953125 * DB
16: 0.5078125 * trecută
17: 0.482421875 * doamn
18: 0.47265625 * interest
19: 0.462890625 * Ross
20: 0.455078125 * begging
21: 0.453125 * Dog
22: 0.453125 * local
23: 0.447265625 * animal
24: 0.443359375 * trouble
25: 0.43359375 * anului
26: 0.43359375 * from
27: 0.421875 * Day
28: 0.41796875 * imprumut
29: 0.41015625 * path
30: 0.404296875 * </s>
31: 0.3984375 * good
32: 0.390625 * 
33: 0.376953125 * spot
34: 0.376953125 * legs
35: 0.36328125 * do
36: 0.353515625 * Wind
37: 0.341796875 * dog
38: 0.341796875 * .
39: 0.337890625 * any
40: 0.33203125 * ncing
41: 0.33203125 * stick
42: 0.3203125 * stick
43: 0.318359375 * Mo
44: 0.3125 * %
45: 0.3046875 * Leaving
46: 0.30078125 * Walking
47: 0.30078125 * Transition
48: 0.298828125 * small
49: 0.296875 * actiuni
Total loss: 0.35046666860580444 = MSE Loss: 0.25964635610580444, 0.001 * Sparsity Loss: 91.0
Epoch: 3 batch_num: 89
0: 1.9609375 * echival
1: 1.171875 * realizeaz
2: 1.1328125 * PR
3: 1.0234375 * bebelus
4: 0.88671875 * ements
5: 0.88671875 * cărui
6: 0.84375 * conducere
7: 0.6953125 * pets
8: 0.67578125 * actiuni
9: 0.59375 * .
10: 0.578125 * oraş
11: 0.5703125 * path
12: 0.51171875 * In
13: 0.48046875 * lovitur
14: 0.478515625 * In
15: 0.470703125 * DB
16: 0.466796875 * with
17: 0.46484375 * walks
18: 0.447265625 * summer
19: 0.4296875 * and
20: 0.41796875 * logy
21: 0.41015625 * IN
22: 0.408203125 * at
23: 0.392578125 * Col
24: 0.390625 * local
25: 0.388671875 * ţinut
26: 0.38671875 * decizie
27: 0.376953125 * Transition
28: 0.375 * misiune
29: 0.375 * and
30: 0.369140625 * acţiune
31: 0.369140625 * Day
32: 0.353515625 * trouble
33: 0.349609375 * about
34: 0.34765625 * edge
35: 0.34375 * miere
36: 0.34375 * be
37: 0.328125 * Walk
38: 0.318359375 * does
39: 0.314453125 * Dog
40: 0.314453125 * ,
41: 0.3125 * Mo
42: 0.310546875 * on
43: 0.30859375 * as
44: 0.30859375 * As
45: 0.306640625 * good
46: 0.3046875 * misiei
47: 0.3046875 * %
48: 0.298828125 * ity
49: 0.298828125 * valeur
Total loss: 0.31996142864227295 = MSE Loss: 0.23402391374111176, 0.001 * Sparsity Loss: 86.0
Epoch: 3 batch_num: 90
0: 1.5390625 * echival
1: 0.9140625 * ements
2: 0.796875 * PR
3: 0.76171875 * lovitur
4: 0.734375 * bebelus
5: 0.6953125 * conducere
6: 0.64453125 * Col
7: 0.56640625 * path
8: 0.55078125 * misiune
9: 0.53515625 * miere
10: 0.52734375 * and
11: 0.5078125 * misiei
12: 0.498046875 * actiuni
13: 0.482421875 * In
14: 0.4765625 * interest
15: 0.447265625 * .
16: 0.427734375 * summer
17: 0.408203125 * Walk
18: 0.40234375 * be
19: 0.40234375 * imprumut
20: 0.38671875 * DB
21: 0.384765625 * New
22: 0.384765625 * oraş
23: 0.37890625 * stick
24: 0.357421875 * Transition
25: 0.35546875 * trecută
26: 0.3515625 * doing
27: 0.349609375 * and
28: 0.34765625 * with
29: 0.34375 * realizeaz
30: 0.341796875 * logy
31: 0.33984375 * acţiune
32: 0.33203125 * On
33: 0.31640625 * west
34: 0.31640625 * ST
35: 0.314453125 * pets
36: 0.302734375 * ://
37: 0.302734375 * Leaving
38: 0.30078125 * spot
39: 0.294921875 * adecvat
40: 0.29296875 * ,
41: 0.28125 * In
42: 0.28125 * Ross
43: 0.2734375 * ATION
44: 0.26953125 * walks
45: 0.26953125 * leg
46: 0.26953125 * IN
47: 0.263671875 * ating
48: 0.26171875 * at
49: 0.2578125 * legs
Total loss: 0.2785891890525818 = MSE Loss: 0.1975344866514206, 0.001 * Sparsity Loss: 81.0
Epoch: 3 batch_num: 91
0: 1.0546875 * cărui
1: 0.9765625 * echival
2: 0.88671875 * lovitur
3: 0.86328125 * realizeaz
4: 0.76171875 * interest
5: 0.75 * Col
6: 0.6875 * ements
7: 0.625 * imprumut
8: 0.578125 * in
9: 0.578125 * On
10: 0.57421875 * misiei
11: 0.5546875 * spot
12: 0.55078125 * miere
13: 0.546875 * and
14: 0.53515625 * Ross
15: 0.53125 * trecută
16: 0.51953125 * misiune
17: 0.48828125 * Leaving
18: 0.486328125 * on
19: 0.48046875 * conducere
20: 0.4453125 * at
21: 0.419921875 * at
22: 0.416015625 * PR
23: 0.412109375 * At
24: 0.40625 * stick
25: 0.396484375 * doamn
26: 0.390625 * about
27: 0.3828125 * doing
28: 0.3828125 * West
29: 0.380859375 * go
30: 0.376953125 * legs
31: 0.369140625 * spots
32: 0.357421875 * mândr
33: 0.357421875 * ST
34: 0.353515625 * adecvat
35: 0.345703125 * Din
36: 0.345703125 * е
37: 0.34375 * Walk
38: 0.34375 * With
39: 0.341796875 * ://
40: 0.341796875 * New
41: 0.337890625 * ],
42: 0.33203125 * cât
43: 0.31640625 * haltung
44: 0.3125 * From
45: 0.30859375 * from
46: 0.3046875 * path
47: 0.298828125 * In
48: 0.29296875 * summer
49: 0.287109375 * dog
Total loss: 0.24415558576583862 = MSE Loss: 0.15968292951583862, 0.001 * Sparsity Loss: 84.5
Epoch: 3 batch_num: 92
0: 1.6328125 * cărui
1: 1.4296875 * realizeaz
2: 0.8203125 * lovitur
3: 0.6875 * interest
4: 0.6640625 * West
5: 0.64453125 * Ross
6: 0.6015625 * and
7: 0.58984375 * ation
8: 0.57421875 * Col
9: 0.5546875 * Leaving
10: 0.51953125 * misiei
11: 0.50390625 * in
12: 0.494140625 * spot
13: 0.490234375 * edge
14: 0.44140625 * about
15: 0.4375 * miere
16: 0.416015625 * On
17: 0.412109375 * imprumut
18: 0.39453125 * at
19: 0.39453125 * At
20: 0.392578125 * bebelus
21: 0.384765625 * doing
22: 0.3828125 * go
23: 0.373046875 * cât
24: 0.359375 * haltung
25: 0.35546875 * и
26: 0.349609375 * Wind
27: 0.34765625 * decizie
28: 0.345703125 * With
29: 0.341796875 * ://
30: 0.337890625 * doamn
31: 0.33203125 * staffed
32: 0.30859375 * Din
33: 0.30078125 * е
34: 0.294921875 * anului
35: 0.294921875 * In
36: 0.29296875 * "
37: 0.291015625 * Path
38: 0.2890625 * trecută
39: 0.283203125 * ST
40: 0.283203125 * maşin
41: 0.279296875 * ready
42: 0.275390625 * ling
43: 0.275390625 * at
44: 0.267578125 * echival
45: 0.265625 * erstellt
46: 0.26171875 * -
47: 0.2578125 * local
48: 0.255859375 * ],
49: 0.25390625 * mutation
Total loss: 0.3669888377189636 = MSE Loss: 0.2849575877189636, 0.001 * Sparsity Loss: 82.0
Epoch: 3 batch_num: 93
0: 1.234375 * cărui
1: 1.203125 * mândr
2: 1.171875 * West
3: 1.046875 * trecută
4: 0.94921875 * realizeaz
5: 0.93359375 * actiuni
6: 0.92578125 * adecvat
7: 0.8359375 * ements
8: 0.74609375 * bebelus
9: 0.6953125 * dogs
10: 0.64453125 * west
11: 0.6328125 * Ross
12: 0.62890625 * Wind
13: 0.62109375 * valeur
14: 0.61328125 * edge
15: 0.61328125 * Leaving
16: 0.609375 * ation
17: 0.59375 * and
18: 0.58203125 * misiune
19: 0.58203125 * ling
20: 0.5703125 * erstellt
21: 0.5546875 * echival
22: 0.515625 * across
23: 0.5 * imprumut
24: 0.47265625 * %
25: 0.462890625 * consilier
26: 0.458984375 * trouble
27: 0.45703125 * from
28: 0.447265625 * clădiri
29: 0.439453125 * и
30: 0.431640625 * running
31: 0.4296875 * dosar
32: 0.421875 * Dog
33: 0.416015625 * new
34: 0.4140625 * go
35: 0.408203125 * IN
36: 0.392578125 * walks
37: 0.380859375 * stick
38: 0.373046875 * about
39: 0.37109375 * PR
40: 0.36328125 * ST
41: 0.35546875 * din
42: 0.353515625 * lovitur
43: 0.353515625 * "
44: 0.353515625 * Speed
45: 0.349609375 * Walking
46: 0.341796875 * spot
47: 0.3359375 * doing
48: 0.33203125 * Path
49: 0.326171875 * cât
Total loss: 0.3776657283306122 = MSE Loss: 0.2814743220806122, 0.001 * Sparsity Loss: 96.0
Epoch: 3 batch_num: 94
0: 1.9296875 * trecută
1: 1.921875 * mândr
2: 1.625 * adecvat
3: 1.515625 * actiuni
4: 1.359375 * ements
5: 1.140625 * valeur
6: 1.109375 * West
7: 1.078125 * echival
8: 1.0234375 * misiune
9: 0.99609375 * imprumut
10: 0.82421875 * bebelus
11: 0.7890625 * consilier
12: 0.7421875 * dosar
13: 0.703125 * dogs
14: 0.671875 * clădiri
15: 0.66015625 * west
16: 0.65625 * ling
17: 0.65234375 * cărui
18: 0.63671875 * across
19: 0.63671875 * Wind
20: 0.6171875 * din
21: 0.609375 * %
22: 0.60546875 * from
23: 0.58984375 * erstellt
24: 0.5859375 * new
25: 0.58203125 * trouble
26: 0.578125 * doamn
27: 0.578125 * Leaving
28: 0.56640625 * edge
29: 0.56640625 * decizie
30: 0.52734375 * IN
31: 0.5234375 * running
32: 0.494140625 * Speed
33: 0.48828125 * 
34: 0.48046875 * parinti
35: 0.47265625 * Walking
36: 0.47265625 * walks
37: 0.46484375 * PR
38: 0.458984375 * Ross
39: 0.455078125 * Go
40: 0.421875 * stick
41: 0.419921875 * и
42: 0.4140625 * do
43: 0.412109375 * Licensed
44: 0.400390625 * TH
45: 0.39453125 * schimb
46: 0.392578125 * and
47: 0.390625 * Dog
48: 0.373046875 * ://
49: 0.365234375 * miere
Total loss: 0.27952462434768677 = MSE Loss: 0.16966135799884796, 0.001 * Sparsity Loss: 110.0
Epoch: 3 batch_num: 95
0: 2.40625 * trecută
1: 1.9296875 * mândr
2: 1.8984375 * adecvat
3: 1.59375 * actiuni
4: 1.4453125 * ements
5: 1.421875 * echival
6: 1.4140625 * valeur
7: 1.1953125 * misiune
8: 1.0703125 * imprumut
9: 0.97265625 * consilier
10: 0.8828125 * dosar
11: 0.78125 * West
12: 0.69140625 * din
13: 0.69140625 * clădiri
14: 0.67578125 * parinti
15: 0.671875 * doamn
16: 0.65625 * bebelus
17: 0.625 * across
18: 0.609375 * from
19: 0.6015625 * new
20: 0.59765625 * trouble
21: 0.57421875 * 
22: 0.55859375 * Speed
23: 0.546875 * %
24: 0.53125 * ling
25: 0.52734375 * Go
26: 0.51953125 * lovitur
27: 0.515625 * miere
28: 0.5 * Walking
29: 0.5 * schimb
30: 0.5 * Leaving
31: 0.490234375 * day
32: 0.48046875 * west
33: 0.474609375 * walks
34: 0.474609375 * decizie
35: 0.474609375 * conducere
36: 0.458984375 * cuplu
37: 0.4453125 * TH
38: 0.43359375 * PR
39: 0.421875 * Licensed
40: 0.408203125 * stick
41: 0.40234375 * Wind
42: 0.400390625 * anului
43: 0.3984375 * running
44: 0.38671875 * .
45: 0.38671875 * erstellt
46: 0.3828125 * profile
47: 0.373046875 * stick
48: 0.369140625 * Col
49: 0.36328125 * '
Total loss: 0.3092339038848877 = MSE Loss: 0.2018120437860489, 0.001 * Sparsity Loss: 107.5
Epoch: 3 batch_num: 96
0: 2.515625 * trecută
1: 1.8671875 * adecvat
2: 1.609375 * echival
3: 1.4765625 * valeur
4: 1.3984375 * mândr
5: 1.2109375 * actiuni
6: 1.125 * misiune
7: 1.0859375 * ements
8: 1.03125 * consilier
9: 0.92578125 * dosar
10: 0.80078125 * imprumut
11: 0.796875 * parinti
12: 0.69921875 * cărui
13: 0.67578125 * stick
14: 0.66796875 * realizeaz
15: 0.62890625 * din
16: 0.625 * lovitur
17: 0.55859375 * doamn
18: 0.5546875 * conducere
19: 0.5546875 * Speed
20: 0.5390625 * miere
21: 0.53515625 * trouble
22: 0.52734375 * new
23: 0.51953125 * clădiri
24: 0.5078125 * е
25: 0.50390625 * from
26: 0.5 * Go
27: 0.49609375 * schimb
28: 0.49609375 * across
29: 0.470703125 * cuplu
30: 0.45703125 * anului
31: 0.451171875 * day
32: 0.423828125 * path
33: 0.41796875 * TH
34: 0.416015625 * Walking
35: 0.4140625 * /
36: 0.4140625 * maşin
37: 0.404296875 * dog
38: 0.3984375 * In
39: 0.39453125 * any
40: 0.388671875 * ?
41: 0.35546875 * de
42: 0.3515625 * Licensed
43: 0.34765625 * good
44: 0.345703125 * Col
45: 0.34375 * Leaving
46: 0.33984375 * )
47: 0.33984375 * on
48: 0.326171875 * staffed
49: 0.322265625 * speed
Total loss: 0.2813592553138733 = MSE Loss: 0.1827264428138733, 0.001 * Sparsity Loss: 98.5
Epoch: 3 batch_num: 97
0: 2.140625 * trecută
1: 1.6171875 * adecvat
2: 1.59375 * echival
3: 1.3515625 * valeur
4: 0.98046875 * consilier
5: 0.87109375 * dosar
6: 0.83984375 * misiune
7: 0.82421875 * parinti
8: 0.8046875 * stick
9: 0.75 * cărui
10: 0.66015625 * realizeaz
11: 0.59765625 * е
12: 0.58203125 * conducere
13: 0.55078125 * /
14: 0.5390625 * lovitur
15: 0.5078125 * decizie
16: 0.49609375 * West
17: 0.4921875 * In
18: 0.484375 * Speed
19: 0.458984375 * )
20: 0.439453125 * anului
21: 0.43359375 * mândr
22: 0.4296875 * dog
23: 0.4296875 * actiuni
24: 0.42578125 * cuplu
25: 0.423828125 * miere
26: 0.419921875 * path
27: 0.419921875 * din
28: 0.41796875 * ements
29: 0.416015625 * ?
30: 0.416015625 * stability
31: 0.40234375 * trouble
32: 0.396484375 * schimb
33: 0.388671875 * Go
34: 0.380859375 * transition
35: 0.380859375 * any
36: 0.376953125 * new
37: 0.375 * west
38: 0.36328125 * run
39: 0.361328125 * good
40: 0.349609375 * haltung
41: 0.345703125 * running
42: 0.345703125 * TH
43: 0.345703125 * IN
44: 0.341796875 * staffed
45: 0.33984375 * animal
46: 0.333984375 * Dog
47: 0.333984375 * IN
48: 0.33203125 * </s>
49: 0.328125 * Ross
Total loss: 0.2940424382686615 = MSE Loss: 0.2017572820186615, 0.001 * Sparsity Loss: 92.5
Epoch: 3 batch_num: 98
0: 1.3671875 * echival
1: 1.3359375 * trecută
2: 1.234375 * adecvat
3: 1.03125 * valeur
4: 0.83984375 * mândr
5: 0.81640625 * consilier
6: 0.7890625 * stick
7: 0.77734375 * parinti
8: 0.73828125 * decizie
9: 0.70703125 * dosar
10: 0.703125 * actiuni
11: 0.6484375 * West
12: 0.6171875 * imprumut
13: 0.5625 * bebelus
14: 0.55078125 * conducere
15: 0.5078125 * е
16: 0.482421875 * west
17: 0.478515625 * cărui
18: 0.451171875 * Territory
19: 0.44140625 * и
20: 0.427734375 * ements
21: 0.423828125 * edge
22: 0.41796875 * 5%
23: 0.41015625 * IN
24: 0.3984375 * running
25: 0.392578125 * transition
26: 0.3828125 * IN
27: 0.3828125 * oraş
28: 0.380859375 * Speed
29: 0.375 * viziune
30: 0.375 * stability
31: 0.337890625 * cât
32: 0.330078125 * PR
33: 0.326171875 * In
34: 0.322265625 * anului
35: 0.322265625 * )
36: 0.3203125 * doing
37: 0.318359375 * free
38: 0.314453125 * ?
39: 0.314453125 * misiune
40: 0.314453125 * begging
41: 0.314453125 * haltung
42: 0.3125 * Cooper
43: 0.3125 * du
44: 0.310546875 * cuplu
45: 0.30859375 * At
46: 0.306640625 * does
47: 0.302734375 * /
48: 0.298828125 * mutation
49: 0.298828125 * doesn
Total loss: 0.33644789457321167 = MSE Loss: 0.24806900322437286, 0.001 * Sparsity Loss: 88.5
Epoch: 3 batch_num: 99
0: 2.21875 * mândr
1: 2.046875 * doamn
2: 1.3984375 * realizeaz
3: 1.28125 * viziune
4: 1.21875 * decizie
5: 1.1875 * St
6: 1.1640625 * path
7: 1.140625 * dosar
8: 1.1015625 * oraş
9: 1.09375 * valeur
10: 1.078125 * ized
11: 0.98828125 * cuplu
12: 0.92578125 * consilier
13: 0.8125 * in
14: 0.80859375 * from
15: 0.79296875 * at
16: 0.76171875 * logy
17: 0.75390625 * PR
18: 0.75 * about
19: 0.74609375 * shedding
20: 0.7421875 * adecvat
21: 0.73828125 * in
22: 0.73046875 * comble
23: 0.71875 * parinti
24: 0.66796875 * begging
25: 0.65234375 * stick
26: 0.6484375 * dogs
27: 0.64453125 * </s>
28: 0.625 * In
29: 0.62109375 * Mo
30: 0.6171875 * On
31: 0.6015625 * schimb
32: 0.5859375 * walk
33: 0.5859375 * Walk
34: 0.5859375 * echival
35: 0.58203125 * ://
36: 0.578125 * anului
37: 0.546875 * cât
38: 0.54296875 * owner
39: 0.54296875 * spot
40: 0.54296875 * Ross
41: 0.53515625 * walk
42: 0.53515625 * >
43: 0.53515625 * wind
44: 0.53515625 * clădiri
45: 0.52734375 * и
46: 0.5234375 * Command
47: 0.51953125 * At
48: 0.51171875 * walks
49: 0.5078125 * Ho
Total loss: 0.300260454416275 = MSE Loss: 0.16256514191627502, 0.001 * Sparsity Loss: 138.0
Epoch: 3 batch_num: 100
0: 3.203125 * doamn
1: 3.15625 * mândr
2: 1.9453125 * realizeaz
3: 1.8671875 * ized
4: 1.828125 * viziune
5: 1.640625 * path
6: 1.578125 * oraş
7: 1.5234375 * St
8: 1.5 * cuplu
9: 1.4375 * dosar
10: 1.421875 * decizie
11: 1.3046875 * shedding
12: 1.28125 * begging
13: 1.2265625 * </s>
14: 1.1875 * logy
15: 1.125 * owner
16: 1.046875 * comble
17: 1.046875 * trecută
18: 1.0078125 * PR
19: 0.98828125 * about
20: 0.98046875 * valeur
21: 0.96875 * walk
22: 0.9453125 * consilier
23: 0.90234375 * Walk
24: 0.8984375 * spot
25: 0.8984375 * from
26: 0.87109375 * dogs
27: 0.8671875 * running
28: 0.85546875 * Command
29: 0.84375 * Mo
30: 0.83203125 * walk
31: 0.83203125 * schimb
32: 0.83203125 * din
33: 0.8203125 * in
34: 0.79296875 * grupului
35: 0.77734375 * in
36: 0.75390625 * ://
37: 0.75390625 * >
38: 0.74609375 * ped
39: 0.7421875 * ability
40: 0.734375 * walks
41: 0.734375 * Pitt
42: 0.7265625 * cărui
43: 0.72265625 * ating
44: 0.71484375 * ements
45: 0.70703125 * run
46: 0.69921875 * animal
47: 0.69921875 * Ho
48: 0.69140625 * anului
49: 0.69140625 * Ross
Total loss: 0.34609025716781616 = MSE Loss: 0.16054336726665497, 0.001 * Sparsity Loss: 186.0
Epoch: 3 batch_num: 101
0: 3.859375 * doamn
1: 3.625 * mândr
2: 2.375 * ized
3: 2.0625 * viziune
4: 1.8984375 * cuplu
5: 1.84375 * oraş
6: 1.828125 * realizeaz
7: 1.8203125 * path
8: 1.6640625 * shedding
9: 1.609375 * dosar
10: 1.5859375 * trecută
11: 1.5625 * begging
12: 1.5390625 * owner
13: 1.53125 * </s>
14: 1.4296875 * decizie
15: 1.4296875 * logy
16: 1.4140625 * St
17: 1.2265625 * comble
18: 1.1171875 * PR
19: 1.0546875 * spot
20: 1.03125 * din
21: 1.015625 * running
22: 1.015625 * Command
23: 0.99609375 * ements
24: 0.9921875 * walk
25: 0.9765625 * grupului
26: 0.9609375 * Pitt
27: 0.9453125 * ability
28: 0.94140625 * Mo
29: 0.91796875 * schimb
30: 0.89453125 * Walk
31: 0.87109375 * echival
32: 0.8671875 * consilier
33: 0.86328125 * walk
34: 0.8515625 * Speed
35: 0.84375 * about
36: 0.8203125 * animal
37: 0.8203125 * mo
38: 0.8125 * adecvat
39: 0.80078125 * Ho
40: 0.796875 * ped
41: 0.79296875 * Path
42: 0.7890625 * où
43: 0.78515625 * run
44: 0.7734375 * actiuni
45: 0.76953125 * ating
46: 0.76171875 * >
47: 0.74609375 * ery
48: 0.7421875 * trained
49: 0.7265625 * owner
Total loss: 0.3929792046546936 = MSE Loss: 0.1898542195558548, 0.001 * Sparsity Loss: 203.0
Epoch: 3 batch_num: 102
0: 4.28125 * doamn
1: 3.59375 * mândr
2: 2.65625 * ized
3: 2.171875 * cuplu
4: 2.125 * viziune
5: 1.984375 * oraş
6: 1.875 * shedding
7: 1.8046875 * owner
8: 1.734375 * path
9: 1.6640625 * dosar
10: 1.6484375 * trecută
11: 1.59375 * begging
12: 1.4921875 * </s>
13: 1.46875 * logy
14: 1.3984375 * adecvat
15: 1.3203125 * comble
16: 1.3046875 * realizeaz
17: 1.203125 * decizie
18: 1.1484375 * echival
19: 1.1328125 * Speed
20: 1.1171875 * Pitt
21: 1.09375 * PR
22: 1.09375 * St
23: 1.0546875 * grupului
24: 1.0546875 * din
25: 1.0546875 * stick
26: 1.0390625 * ability
27: 1.03125 * running
28: 0.99609375 * Command
29: 0.97265625 * spot
30: 0.91796875 * Mo
31: 0.90625 * schimb
32: 0.88671875 * and
33: 0.875 * où
34: 0.8515625 * trained
35: 0.84765625 * mo
36: 0.84375 * ements
37: 0.83203125 * Ho
38: 0.828125 * ery
39: 0.8203125 * Path
40: 0.78125 * animal
41: 0.7734375 * ATION
42: 0.76953125 * owner
43: 0.76171875 * ating
44: 0.75390625 * walk
45: 0.75 * run
46: 0.734375 * Walking
47: 0.7265625 * ped
48: 0.72265625 * :
49: 0.70703125 * Ch
Total loss: 0.4251524806022644 = MSE Loss: 0.2259337306022644, 0.001 * Sparsity Loss: 199.0
Epoch: 3 batch_num: 103
0: 4.53125 * doamn
1: 3.046875 * mândr
2: 2.796875 * ized
3: 2.3125 * cuplu
4: 2.03125 * viziune
5: 2.03125 * oraş
6: 1.9375 * owner
7: 1.9375 * shedding
8: 1.6796875 * adecvat
9: 1.6015625 * dosar
10: 1.4375 * path
11: 1.4375 * begging
12: 1.3515625 * trecută
13: 1.3359375 * comble
14: 1.3046875 * </s>
15: 1.296875 * logy
16: 1.265625 * Speed
17: 1.25 * echival
18: 1.203125 * stick
19: 1.1796875 * Pitt
20: 1.0703125 * grupului
21: 1.03125 * ability
22: 1.015625 * din
23: 0.9921875 * do
24: 0.98046875 * running
25: 0.97265625 * PR
26: 0.96484375 * Walking
27: 0.91796875 * où
28: 0.9140625 * trained
29: 0.86328125 * Command
30: 0.8515625 * Mo
31: 0.8359375 * ery
32: 0.83203125 * :
33: 0.828125 * Ho
34: 0.828125 * wind
35: 0.82421875 * schimb
36: 0.81640625 * mo
37: 0.79296875 * spot
38: 0.76953125 * Path
39: 0.75390625 * IN
40: 0.7421875 * decizie
41: 0.7265625 * Extended
42: 0.7265625 * including
43: 0.71875 * ATION
44: 0.71484375 * and
45: 0.7109375 * ating
46: 0.7109375 * St
47: 0.7109375 * at
48: 0.70703125 * owner
49: 0.703125 * aktion
Total loss: 0.5698047876358032 = MSE Loss: 0.3793751001358032, 0.001 * Sparsity Loss: 190.0
Epoch: 3 batch_num: 104
0: 4.625 * doamn
1: 2.8125 * ized
2: 2.359375 * cuplu
3: 2.09375 * mândr
4: 2.015625 * oraş
5: 1.9375 * owner
6: 1.8671875 * shedding
7: 1.7421875 * viziune
8: 1.6328125 * adecvat
9: 1.4453125 * dosar
10: 1.296875 * Speed
11: 1.28125 * comble
12: 1.2265625 * echival
13: 1.203125 * realizeaz
14: 1.1484375 * begging
15: 1.1328125 * do
16: 1.1328125 * Pitt
17: 1.125 * Walking
18: 1.09375 * stick
19: 1.046875 * grupului
20: 0.98046875 * </s>
21: 0.94140625 * path
22: 0.93359375 * trained
23: 0.93359375 * logy
24: 0.921875 * où
25: 0.91796875 * ability
26: 0.8984375 * din
27: 0.8984375 * wind
28: 0.8828125 * running
29: 0.8828125 * trecută
30: 0.84765625 * ://
31: 0.8046875 * Ho
32: 0.8046875 * valeur
33: 0.796875 * does
34: 0.78515625 * ery
35: 0.76171875 * Mo
36: 0.74609375 * PR
37: 0.73828125 * :
38: 0.734375 * mo
39: 0.734375 * cărui
40: 0.73046875 * Extended
41: 0.7109375 * including
42: 0.69140625 * conducere
43: 0.6875 * aktion
44: 0.68359375 * schimb
45: 0.6796875 * gibt
46: 0.6640625 * ch
47: 0.66015625 * owned
48: 0.65234375 * insotit
49: 0.65234375 * Command
Total loss: 0.36096757650375366 = MSE Loss: 0.19104570150375366, 0.001 * Sparsity Loss: 170.0
Epoch: 3 batch_num: 105
0: 4.625 * doamn
1: 2.578125 * ized
2: 2.328125 * cuplu
3: 2.09375 * realizeaz
4: 1.9140625 * oraş
5: 1.8515625 * owner
6: 1.6875 * shedding
7: 1.3125 * adecvat
8: 1.2578125 * Speed
9: 1.2421875 * viziune
10: 1.1796875 * Walking
11: 1.1796875 * dosar
12: 1.140625 * comble
13: 1.0546875 * echival
14: 1.015625 * Pitt
15: 0.984375 * grupului
16: 0.9609375 * do
17: 0.93359375 * mândr
18: 0.9296875 * decizie
19: 0.921875 * valeur
20: 0.91796875 * trained
21: 0.90625 * ements
22: 0.890625 * où
23: 0.8515625 * stick
24: 0.75390625 * Ho
25: 0.7421875 * ability
26: 0.73828125 * din
27: 0.734375 * ://
28: 0.72265625 * begging
29: 0.71484375 * ery
30: 0.703125 * Extended
31: 0.69140625 * wind
32: 0.6875 * cărui
33: 0.67578125 * gibt
34: 0.66796875 * does
35: 0.65234375 * aktion
36: 0.6484375 * running
37: 0.64453125 * conducere
38: 0.640625 * owned
39: 0.640625 * In
40: 0.63671875 * Mo
41: 0.62109375 * clădiri
42: 0.609375 * Fertigung
43: 0.60546875 * mo
44: 0.60546875 * insotit
45: 0.6015625 * ch
46: 0.6015625 * At
47: 0.59765625 * at
48: 0.5703125 * extended
49: 0.5703125 * including
Total loss: 0.378656268119812 = MSE Loss: 0.2272890955209732, 0.001 * Sparsity Loss: 151.0
Epoch: 3 batch_num: 106
0: 4.4375 * doamn
1: 2.265625 * cuplu
2: 2.234375 * realizeaz
3: 2.1875 * ized
4: 1.75 * oraş
5: 1.671875 * owner
6: 1.4453125 * decizie
7: 1.4375 * shedding
8: 1.1796875 * Speed
9: 1.140625 * Walking
10: 0.91796875 * comble
11: 0.8984375 * ements
12: 0.8828125 * trecută
13: 0.87109375 * grupului
14: 0.86328125 * trained
15: 0.8359375 * où
16: 0.828125 * Pitt
17: 0.82421875 * dosar
18: 0.81640625 * bebelus
19: 0.79296875 * pets
20: 0.76953125 * adecvat
21: 0.7421875 * In
22: 0.7265625 * valeur
23: 0.71875 * clădiri
24: 0.69140625 * echival
25: 0.671875 * at
26: 0.66015625 * Ho
27: 0.6484375 * gibt
28: 0.640625 * day
29: 0.63671875 * Extended
30: 0.62109375 * ery
31: 0.609375 * owned
32: 0.59375 * consilier
33: 0.59375 * aktion
34: 0.5859375 * do
35: 0.5703125 * walk
36: 0.56640625 * walk
37: 0.55859375 * ’
38: 0.55859375 * with
39: 0.5546875 * '
40: 0.54296875 * the
41: 0.5390625 * Fertigung
42: 0.5390625 * din
43: 0.53515625 * At
44: 0.53125 * insotit
45: 0.5234375 * ch
46: 0.5234375 * isierung
47: 0.515625 * conducere
48: 0.51171875 * ability
49: 0.51171875 * friend
Total loss: 0.48632001876831055 = MSE Loss: 0.34764814376831055, 0.001 * Sparsity Loss: 139.0
Epoch: 3 batch_num: 107
0: 4.15625 * doamn
1: 2.140625 * cuplu
2: 1.8046875 * ized
3: 1.625 * realizeaz
4: 1.5546875 * decizie
5: 1.5078125 * oraş
6: 1.4140625 * owner
7: 1.3046875 * trecută
8: 1.1640625 * mândr
9: 1.1640625 * shedding
10: 1.109375 * Speed
11: 1.0546875 * Walking
12: 0.84765625 * In
13: 0.83984375 * bebelus
14: 0.8046875 * </s>
15: 0.7890625 * trained
16: 0.77734375 * pets
17: 0.7734375 * où
18: 0.75 * begging
19: 0.73828125 * miere
20: 0.73828125 * day
21: 0.73046875 * grupului
22: 0.72265625 * path
23: 0.70703125 * consilier
24: 0.6796875 * clădiri
25: 0.6484375 * comble
26: 0.63671875 * walk
27: 0.625 * about
28: 0.609375 * gibt
29: 0.6015625 * Pitt
30: 0.56640625 * ements
31: 0.55078125 * owned
32: 0.54296875 * Extended
33: 0.5390625 * Ho
34: 0.52734375 * dis
35: 0.52734375 * dărui
36: 0.51953125 * isierung
37: 0.515625 * >
38: 0.515625 * aktion
39: 0.51171875 * friend
40: 0.5078125 * edge
41: 0.498046875 * at
42: 0.4921875 * with
43: 0.484375 * and
44: 0.482421875 * maşin
45: 0.48046875 * parinti
46: 0.4765625 * animal
47: 0.47265625 * walk
48: 0.46875 * ery
49: 0.46484375 * Leaving
Total loss: 0.3589215874671936 = MSE Loss: 0.2251325398683548, 0.001 * Sparsity Loss: 134.0
Epoch: 3 batch_num: 108
0: 3.796875 * doamn
1: 1.921875 * cuplu
2: 1.46875 * mândr
3: 1.3984375 * ized
4: 1.3828125 * decizie
5: 1.375 * trecută
6: 1.3046875 * begging
7: 1.2109375 * oraş
8: 1.125 * </s>
9: 1.1015625 * owner
10: 1.0234375 * viziune
11: 1.0234375 * Speed
12: 0.89453125 * dărui
13: 0.890625 * miere
14: 0.87890625 * Walking
15: 0.8515625 * path
16: 0.82421875 * shedding
17: 0.78125 * In
18: 0.7265625 * IN
19: 0.72265625 * consilier
20: 0.703125 * about
21: 0.69921875 * bebelus
22: 0.69140625 * où
23: 0.68359375 * adecvat
24: 0.6796875 * trained
25: 0.671875 * day
26: 0.59765625 * cărui
27: 0.59375 * 
28: 0.59375 * ating
29: 0.58984375 * animal
30: 0.57421875 * running
31: 0.5703125 * grupului
32: 0.55859375 * realizeaz
33: 0.5546875 * gibt
34: 0.5390625 * PR
35: 0.5390625 * ATION
36: 0.51953125 * stick
37: 0.5 * walk
38: 0.498046875 * >
39: 0.494140625 * maşin
40: 0.4921875 * constient
41: 0.490234375 * )
42: 0.490234375 * clădiri
43: 0.482421875 * at
44: 0.48046875 * pets
45: 0.47265625 * owned
46: 0.455078125 * .
47: 0.453125 * petrecut
48: 0.447265625 * echival
49: 0.447265625 * е
Total loss: 0.41512054204940796 = MSE Loss: 0.28621429204940796, 0.001 * Sparsity Loss: 129.0
Epoch: 3 batch_num: 109
0: 3.390625 * doamn
1: 1.6640625 * cuplu
2: 1.5625 * begging
3: 1.390625 * viziune
4: 1.3203125 * mândr
5: 1.1640625 * trecută
6: 1.1484375 * adecvat
7: 1.0859375 * </s>
8: 1.015625 * dărui
9: 0.984375 * decizie
10: 0.9296875 * Speed
11: 0.91796875 * ized
12: 0.8984375 * miere
13: 0.85546875 * realizeaz
14: 0.84765625 * oraş
15: 0.78125 * stick
16: 0.76171875 * IN
17: 0.7578125 * owner
18: 0.7578125 * 
19: 0.75390625 * echival
20: 0.7421875 * path
21: 0.70703125 * ating
22: 0.69921875 * about
23: 0.66796875 * Walking
24: 0.640625 * cărui
25: 0.63671875 * at
26: 0.6328125 * consilier
27: 0.62890625 * running
28: 0.625 * animal
29: 0.59375 * où
30: 0.55859375 * petrecut
31: 0.5546875 * trained
32: 0.55078125 * ability
33: 0.53515625 * ATION
34: 0.5234375 * valeur
35: 0.51171875 * PR
36: 0.5078125 * cât
37: 0.5078125 * dosar
38: 0.48828125 * schimb
39: 0.484375 * gibt
40: 0.482421875 * Command
41: 0.48046875 * constient
42: 0.474609375 * ://
43: 0.474609375 * actiuni
44: 0.462890625 * Mo
45: 0.4609375 * In
46: 0.45703125 * day
47: 0.455078125 * IN
48: 0.44921875 * Animal
49: 0.4453125 * including
Total loss: 0.3511536717414856 = MSE Loss: 0.2251771241426468, 0.001 * Sparsity Loss: 126.0
Epoch: 3 batch_num: 110
0: 2.875 * doamn
1: 1.5703125 * begging
2: 1.515625 * viziune
3: 1.4453125 * realizeaz
4: 1.3828125 * cuplu
5: 1.34375 * adecvat
6: 0.85546875 * dărui
7: 0.83984375 * echival
8: 0.83984375 * Speed
9: 0.7734375 * miere
10: 0.765625 * mândr
11: 0.7578125 * ating
12: 0.7421875 * stick
13: 0.73828125 * </s>
14: 0.7109375 * trecută
15: 0.7109375 * IN
16: 0.703125 * about
17: 0.69140625 * dosar
18: 0.6796875 * ability
19: 0.625 * at
20: 0.609375 * Walk
21: 0.6015625 * IN
22: 0.59375 * petrecut
23: 0.57421875 * valeur
24: 0.5703125 * running
25: 0.55078125 * Mo
26: 0.5390625 * schimb
27: 0.53515625 * cât
28: 0.53125 * /
29: 0.53125 * legs
30: 0.51953125 * including
31: 0.5078125 * actiuni
32: 0.50390625 * walk
33: 0.498046875 * dogs
34: 0.498046875 * ://
35: 0.48828125 * Walking
36: 0.48828125 * interest
37: 0.482421875 * 
38: 0.478515625 * où
39: 0.478515625 * path
40: 0.47265625 * walks
41: 0.462890625 * animal
42: 0.458984375 * oraş
43: 0.458984375 * On
44: 0.451171875 * ure
45: 0.435546875 * ATION
46: 0.427734375 * consilier
47: 0.423828125 * ity
48: 0.421875 * abonament
49: 0.4140625 * Command
Total loss: 0.5314853191375732 = MSE Loss: 0.41185644268989563, 0.001 * Sparsity Loss: 119.5
Epoch: 3 batch_num: 111
0: 2.3125 * doamn
1: 1.4453125 * viziune
2: 1.390625 * realizeaz
3: 1.3359375 * begging
4: 1.1875 * adecvat
5: 1.0390625 * cuplu
6: 0.78515625 * echival
7: 0.74609375 * dosar
8: 0.703125 * ating
9: 0.69921875 * ability
10: 0.65625 * Speed
11: 0.60546875 * comble
12: 0.58984375 * clădiri
13: 0.5859375 * stick
14: 0.578125 * Mo
15: 0.56640625 * legs
16: 0.55078125 * petrecut
17: 0.52734375 * conducere
18: 0.5234375 * Walk
19: 0.515625 * miere
20: 0.50390625 * /
21: 0.50390625 * extended
22: 0.5 * at
23: 0.498046875 * cât
24: 0.4921875 * schimb
25: 0.484375 * about
26: 0.46484375 * ure
27: 0.46484375 * IN
28: 0.4609375 * IN
29: 0.458984375 * bebelus
30: 0.451171875 * interest
31: 0.4453125 * including
32: 0.44140625 * Ch
33: 0.44140625 * Wind
34: 0.4375 * friend
35: 0.43359375 * dărui
36: 0.423828125 * edge
37: 0.423828125 * valeur
38: 0.419921875 * middle
39: 0.4140625 * On
40: 0.412109375 * Run
41: 0.41015625 * anului
42: 0.40625 * able
43: 0.396484375 * shedding
44: 0.390625 * ity
45: 0.390625 * staffed
46: 0.38671875 * mo
47: 0.3828125 * abonament
48: 0.380859375 * ery
49: 0.380859375 * with
Total loss: 0.3012944459915161 = MSE Loss: 0.1919194608926773, 0.001 * Sparsity Loss: 109.5
Epoch: 3 batch_num: 112
0: 1.7109375 * doamn
1: 1.125 * viziune
2: 0.9453125 * begging
3: 0.83984375 * adecvat
4: 0.82421875 * realizeaz
5: 0.78515625 * bebelus
6: 0.7578125 * comble
7: 0.71875 * clădiri
8: 0.69140625 * dosar
9: 0.68359375 * decizie
10: 0.671875 * cărui
11: 0.62109375 * ability
12: 0.6171875 * ized
13: 0.61328125 * cuplu
14: 0.609375 * from
15: 0.609375 * shedding
16: 0.578125 * extended
17: 0.578125 * echival
18: 0.56640625 * Mo
19: 0.55859375 * conducere
20: 0.5546875 * dogs
21: 0.5546875 * In
22: 0.546875 * at
23: 0.54296875 * as
24: 0.5390625 * trecută
25: 0.5234375 * friend
26: 0.490234375 * ery
27: 0.490234375 * ating
28: 0.484375 * edge
29: 0.48046875 * Ch
30: 0.470703125 * legs
31: 0.462890625 * does
32: 0.443359375 * able
33: 0.431640625 * petrecut
34: 0.42578125 * on
35: 0.41796875 * Run
36: 0.416015625 * cât
37: 0.416015625 * staffed
38: 0.412109375 * dog
39: 0.412109375 * spot
40: 0.408203125 * ure
41: 0.3984375 * in
42: 0.3984375 * St
43: 0.3984375 * day
44: 0.396484375 * strip
45: 0.396484375 * breath
46: 0.384765625 * oraş
47: 0.3828125 * FC
48: 0.3828125 * annual
49: 0.376953125 * animal
Total loss: 0.2774094343185425 = MSE Loss: 0.1704758256673813, 0.001 * Sparsity Loss: 107.0
Epoch: 3 batch_num: 113
0: 1.0546875 * doamn
1: 0.8828125 * ized
2: 0.828125 * dogs
3: 0.828125 * comble
4: 0.8125 * bebelus
5: 0.796875 * decizie
6: 0.7109375 * </s>
7: 0.7109375 * shedding
8: 0.703125 * oraş
9: 0.6796875 * St
10: 0.66796875 * clădiri
11: 0.62890625 * from
12: 0.6171875 * dog
13: 0.609375 * viziune
14: 0.6015625 * animal
15: 0.59765625 * spot
16: 0.59765625 * extended
17: 0.5859375 * 5%
18: 0.578125 * cărui
19: 0.5546875 * In
20: 0.54296875 * ery
21: 0.54296875 * trecută
22: 0.53515625 * path
23: 0.53125 * conducere
24: 0.515625 * friend
25: 0.51171875 * Mo
26: 0.51171875 * dosar
27: 0.50390625 * Dog
28: 0.486328125 * ability
29: 0.474609375 * realizeaz
30: 0.470703125 * Ch
31: 0.462890625 * able
32: 0.4609375 * valeur
33: 0.451171875 * imprumut
34: 0.44140625 * grupului
35: 0.439453125 * owner
36: 0.431640625 * ATION
37: 0.42578125 * begging
38: 0.42578125 * day
39: 0.423828125 * >
40: 0.423828125 * actiuni
41: 0.419921875 * Fertigung
42: 0.41796875 * FC
43: 0.4140625 * AT
44: 0.404296875 * е
45: 0.400390625 * as
46: 0.400390625 * stick
47: 0.396484375 * isierung
48: 0.39453125 * ch
49: 0.39453125 * Run
Total loss: 0.3632380962371826 = MSE Loss: 0.2582576274871826, 0.001 * Sparsity Loss: 105.0
Epoch: 3 batch_num: 114
0: 1.0234375 * ized
1: 0.953125 * oraş
2: 0.8828125 * comble
3: 0.8046875 * valeur
4: 0.7109375 * decizie
5: 0.70703125 * St
6: 0.6875 * path
7: 0.671875 * </s>
8: 0.66796875 * shedding
9: 0.6328125 * bebelus
10: 0.62109375 * 5%
11: 0.6171875 * miere
12: 0.60546875 * realizeaz
13: 0.59375 * imprumut
14: 0.58984375 * AT
15: 0.5625 * extended
16: 0.546875 * dogs
17: 0.54296875 * walks
18: 0.5390625 * animal
19: 0.53125 * be
20: 0.52734375 * ery
21: 0.52734375 * constient
22: 0.50390625 * actiuni
23: 0.5 * from
24: 0.5 * grupului
25: 0.478515625 * clădiri
26: 0.474609375 * walk
27: 0.47265625 * ATION
28: 0.47265625 * Fertigung
29: 0.47265625 * doesn
30: 0.47265625 * conducere
31: 0.45703125 * dog
32: 0.45703125 * owner
33: 0.447265625 * Brown
34: 0.44140625 * interest
35: 0.4375 * has
36: 0.4375 * at
37: 0.43359375 * in
38: 0.4296875 * е
39: 0.423828125 * IN
40: 0.421875 * spot
41: 0.421875 * isierung
42: 0.421875 * Command
43: 0.421875 * Speed
44: 0.419921875 * Ch
45: 0.416015625 * ity
46: 0.41015625 * Ross
47: 0.408203125 * doamn
48: 0.408203125 * running
49: 0.408203125 * PR
Total loss: 0.2738533318042755 = MSE Loss: 0.1698494255542755, 0.001 * Sparsity Loss: 104.0
Epoch: 3 batch_num: 115
0: 1.125 * oraş
1: 1.0390625 * ized
2: 0.953125 * valeur
3: 0.859375 * comble
4: 0.77734375 * miere
5: 0.6796875 * cuplu
6: 0.6640625 * path
7: 0.65625 * constient
8: 0.6484375 * spots
9: 0.640625 * echival
10: 0.63671875 * begging
11: 0.625 * AT
12: 0.59765625 * viziune
13: 0.59375 * at
14: 0.57421875 * Speed
15: 0.55859375 * Walking
16: 0.55078125 * ity
17: 0.546875 * from
18: 0.53125 * 5%
19: 0.50390625 * legs
20: 0.498046875 * shedding
21: 0.4921875 * extended
22: 0.490234375 * IN
23: 0.486328125 * walks
24: 0.486328125 * Fertigung
25: 0.486328125 * grupului
26: 0.470703125 * Brown
27: 0.46875 * </s>
28: 0.466796875 * adecvat
29: 0.462890625 * ery
30: 0.42578125 * imprumut
31: 0.416015625 * owner
32: 0.4140625 * doesn
33: 0.408203125 * Ross
34: 0.40234375 * Command
35: 0.3984375 * In
36: 0.392578125 * erstellt
37: 0.390625 * has
38: 0.388671875 * in
39: 0.380859375 * haltung
40: 0.37890625 * edge
41: 0.37109375 * interest
42: 0.3671875 * Col
43: 0.36328125 * isierung
44: 0.357421875 * conducere
45: 0.35546875 * decizie
46: 0.353515625 * ch
47: 0.3515625 * ATION
48: 0.349609375 * trained
49: 0.34765625 * breath
Total loss: 0.30721259117126465 = MSE Loss: 0.20906804502010345, 0.001 * Sparsity Loss: 98.0
Epoch: 3 batch_num: 116
0: 1.1796875 * oraş
1: 0.98046875 * realizeaz
2: 0.953125 * viziune
3: 0.953125 * cuplu
4: 0.91796875 * ized
5: 0.88671875 * valeur
6: 0.80859375 * begging
7: 0.79296875 * miere
8: 0.78515625 * Walking
9: 0.77734375 * spots
10: 0.7734375 * echival
11: 0.7578125 * comble
12: 0.69921875 * from
13: 0.6953125 * go
14: 0.6796875 * constient
15: 0.640625 * edge
16: 0.63671875 * actiuni
17: 0.5859375 * Speed
18: 0.5625 * legs
19: 0.5390625 * about
20: 0.515625 * at
21: 0.5078125 * ity
22: 0.50390625 * In
23: 0.50390625 * AT
24: 0.4921875 * adecvat
25: 0.486328125 * Day
26: 0.486328125 * breath
27: 0.48046875 * re
28: 0.470703125 * ST
29: 0.462890625 * Fertigung
30: 0.4375 * St
31: 0.4140625 * path
32: 0.41015625 * trecută
33: 0.40625 * grupului
34: 0.404296875 * dogs
35: 0.40234375 * Brown
36: 0.380859375 * doamn
37: 0.380859375 * the
38: 0.37890625 * trained
39: 0.376953125 * cărui
40: 0.375 * extended
41: 0.373046875 * Go
42: 0.365234375 * ery
43: 0.36328125 * friend
44: 0.36328125 * 5%
45: 0.357421875 * owner
46: 0.357421875 * day
47: 0.349609375 * petrecut
48: 0.345703125 * aprobare
49: 0.34375 * West
Total loss: 0.28749167919158936 = MSE Loss: 0.18885885179042816, 0.001 * Sparsity Loss: 98.5
Epoch: 3 batch_num: 117
0: 1.140625 * oraş
1: 1.109375 * cuplu
2: 0.98046875 * viziune
3: 0.94140625 * realizeaz
4: 0.88671875 * Walking
5: 0.8359375 * actiuni
6: 0.75 * begging
7: 0.72265625 * echival
8: 0.7109375 * ized
9: 0.703125 * miere
10: 0.671875 * decizie
11: 0.66796875 * edge
12: 0.65625 * spots
13: 0.65625 * St
14: 0.62109375 * go
15: 0.5859375 * comble
16: 0.5859375 * constient
17: 0.58203125 * friend
18: 0.578125 * West
19: 0.5625 * dosar
20: 0.54296875 * doamn
21: 0.5390625 * valeur
22: 0.53125 * Day
23: 0.5234375 * Speed
24: 0.50390625 * clădiri
25: 0.4921875 * at
26: 0.484375 * ability
27: 0.474609375 * legs
28: 0.44140625 * dogs
29: 0.4375 * bebelus
30: 0.43359375 * ST
31: 0.421875 * breath
32: 0.41796875 * re
33: 0.41796875 * imprumut
34: 0.412109375 * Fertigung
35: 0.392578125 * petrecut
36: 0.390625 * trained
37: 0.3828125 * Go
38: 0.376953125 * AT
39: 0.373046875 * ity
40: 0.359375 * aprobare
41: 0.349609375 * cât
42: 0.34765625 * Pitt
43: 0.341796875 * from
44: 0.341796875 * as
45: 0.33984375 * about
46: 0.322265625 * mo
47: 0.322265625 * Run
48: 0.31640625 * dărui
49: 0.314453125 * stability
Total loss: 0.30586981773376465 = MSE Loss: 0.21407294273376465, 0.001 * Sparsity Loss: 92.0
Epoch: 3 batch_num: 118
0: 1.1171875 * cuplu
1: 1.0 * oraş
2: 0.89453125 * Walking
3: 0.85546875 * actiuni
4: 0.73828125 * West
5: 0.69921875 * echival
6: 0.6796875 * viziune
7: 0.66796875 * stick
8: 0.66015625 * dosar
9: 0.65234375 * begging
10: 0.63671875 * doamn
11: 0.62890625 * decizie
12: 0.55859375 * dărui
13: 0.5546875 * friend
14: 0.55078125 * miere
15: 0.53125 * ability
16: 0.5234375 * mândr
17: 0.5078125 * clădiri
18: 0.50390625 * St
19: 0.50390625 * as
20: 0.5 * edge
21: 0.486328125 * bebelus
22: 0.482421875 * Speed
23: 0.47265625 * erstellt
24: 0.470703125 * Day
25: 0.4609375 * go
26: 0.43359375 * at
27: 0.41796875 * cărui
28: 0.41015625 * imprumut
29: 0.39453125 * IN
30: 0.392578125 * ped
31: 0.392578125 * logy
32: 0.390625 * adecvat
33: 0.384765625 * ized
34: 0.3828125 * Fertigung
35: 0.3828125 * west
36: 0.380859375 * trained
37: 0.380859375 * constient
38: 0.376953125 * </s>
39: 0.376953125 * on
40: 0.37109375 * does
41: 0.365234375 * PR
42: 0.361328125 * petrecut
43: 0.353515625 * comble
44: 0.3515625 * Mo
45: 0.34765625 * Run
46: 0.34765625 * ure
47: 0.345703125 * mo
48: 0.341796875 * From
49: 0.341796875 * in
Total loss: 0.327157586812973 = MSE Loss: 0.23780211806297302, 0.001 * Sparsity Loss: 89.5
Epoch: 3 batch_num: 119
0: 1.125 * realizeaz
1: 1.0234375 * cuplu
2: 1.015625 * stick
3: 0.875 * Walking
4: 0.8046875 * mândr
5: 0.7890625 * oraş
6: 0.6796875 * doamn
7: 0.640625 * dosar
8: 0.61328125 * cărui
9: 0.609375 * adecvat
10: 0.5234375 * ation
11: 0.515625 * West
12: 0.4921875 * ability
13: 0.48046875 * IN
14: 0.466796875 * Wind
15: 0.46484375 * as
16: 0.4609375 * dărui
17: 0.455078125 * small
18: 0.453125 * echival
19: 0.4453125 * ped
20: 0.443359375 * CC
21: 0.4375 * dogs
22: 0.4296875 * ity
23: 0.427734375 * erstellt
24: 0.419921875 * Brown
25: 0.41796875 * spots
26: 0.412109375 * misiune
27: 0.40625 * territory
28: 0.40625 * Speed
29: 0.380859375 * begging
30: 0.375 * acţiune
31: 0.375 * wind
32: 0.369140625 * friend
33: 0.36328125 * actiuni
34: 0.357421875 * Re
35: 0.35546875 * clădiri
36: 0.353515625 * trained
37: 0.353515625 * Mo
38: 0.353515625 * go
39: 0.349609375 * spot
40: 0.349609375 * Col
41: 0.34765625 * From
42: 0.345703125 * in
43: 0.341796875 * PR
44: 0.341796875 * on
45: 0.33984375 * local
46: 0.33984375 * bebelus
47: 0.333984375 * ure
48: 0.33203125 * Possibly
49: 0.328125 * logy
Total loss: 0.2679453492164612 = MSE Loss: 0.17712503671646118, 0.001 * Sparsity Loss: 91.0
Epoch: 3 batch_num: 120
0: 1.671875 * realizeaz
1: 1.1171875 * stick
2: 0.8515625 * Walking
3: 0.84765625 * cuplu
4: 0.66796875 * doamn
5: 0.6640625 * spots
6: 0.58984375 * imprumut
7: 0.5703125 * adecvat
8: 0.5625 * mândr
9: 0.5390625 * oraş
10: 0.53515625 * dosar
11: 0.52734375 * ity
12: 0.5078125 * cărui
13: 0.50390625 * CC
14: 0.4921875 * Brown
15: 0.490234375 * actiuni
16: 0.484375 * transition
17: 0.48046875 * dogs
18: 0.478515625 * day
19: 0.466796875 * ation
20: 0.458984375 * St
21: 0.45703125 * IN
22: 0.455078125 * decizie
23: 0.44921875 * ability
24: 0.447265625 * about
25: 0.4296875 * small
26: 0.4296875 * viziune
27: 0.423828125 * Re
28: 0.421875 * RE
29: 0.400390625 * territory
30: 0.3984375 * ped
31: 0.3828125 * ized
32: 0.380859375 * local
33: 0.380859375 * middle
34: 0.376953125 * vândut
35: 0.375 * Wind
36: 0.3671875 * spot
37: 0.357421875 * Possibly
38: 0.357421875 * valeur
39: 0.35546875 * ements
40: 0.35546875 * in
41: 0.349609375 * Küste
42: 0.345703125 * extended
43: 0.345703125 * ears
44: 0.34375 * best
45: 0.33203125 * Mo
46: 0.33203125 * 
47: 0.33203125 * ://
48: 0.328125 * 5%
49: 0.328125 * breath
Total loss: 0.35225293040275574 = MSE Loss: 0.26094433665275574, 0.001 * Sparsity Loss: 91.5
Epoch: 3 batch_num: 121
0: 1.5703125 * realizeaz
1: 1.0078125 * stick
2: 0.8515625 * imprumut
3: 0.78125 * viziune
4: 0.7734375 * Walking
5: 0.7265625 * decizie
6: 0.6875 * actiuni
7: 0.62109375 * cuplu
8: 0.6171875 * day
9: 0.609375 * doamn
10: 0.60546875 * St
11: 0.6015625 * spots
12: 0.546875 * transition
13: 0.5390625 * with
14: 0.5078125 * dărui
15: 0.4765625 * ized
16: 0.46875 * ity
17: 0.466796875 * pets
18: 0.462890625 * CC
19: 0.4609375 * trecută
20: 0.45703125 * aprobare
21: 0.443359375 * ://
22: 0.435546875 * bebelus
23: 0.431640625 * echival
24: 0.42578125 * Brown
25: 0.42578125 * ST
26: 0.42578125 * constient
27: 0.421875 * about
28: 0.41796875 * extended
29: 0.41796875 * clădiri
30: 0.416015625 * comble
31: 0.416015625 * ements
32: 0.40625 * RE
33: 0.3984375 * middle
34: 0.390625 * logy
35: 0.388671875 * IN
36: 0.384765625 * erstellt
37: 0.384765625 * Re
38: 0.373046875 * vândut
39: 0.35546875 * AT
40: 0.349609375 * Küste
41: 0.3359375 * stability
42: 0.333984375 * at
43: 0.33203125 * small
44: 0.330078125 * ability
45: 0.330078125 * territory
46: 0.326171875 * Ch
47: 0.326171875 * local
48: 0.326171875 * guest
49: 0.31640625 * he
Total loss: 0.4358846843242645 = MSE Loss: 0.3450643718242645, 0.001 * Sparsity Loss: 91.0
Epoch: 3 batch_num: 122
0: 0.90625 * realizeaz
1: 0.83984375 * viziune
2: 0.7265625 * echival
3: 0.71875 * dărui
4: 0.71484375 * imprumut
5: 0.69921875 * stick
6: 0.67578125 * bebelus
7: 0.6328125 * decizie
8: 0.61328125 * clădiri
9: 0.61328125 * with
10: 0.609375 * Walking
11: 0.609375 * logy
12: 0.609375 * cărui
13: 0.53515625 * erstellt
14: 0.51171875 * comble
15: 0.51171875 * constient
16: 0.5078125 * doamn
17: 0.5078125 * day
18: 0.48046875 * aprobare
19: 0.443359375 * ://
20: 0.4375 * go
21: 0.435546875 * St
22: 0.408203125 * extended
23: 0.408203125 * ST
24: 0.40234375 * ized
25: 0.3984375 * wind
26: 0.390625 * mândr
27: 0.38671875 * dog
28: 0.38671875 * transition
29: 0.37109375 * ity
30: 0.369140625 * cuplu
31: 0.357421875 * spot
32: 0.357421875 * misiune
33: 0.35546875 * has
34: 0.353515625 * miere
35: 0.341796875 * profile
36: 0.3359375 * ery
37: 0.3359375 * CC
38: 0.333984375 * trecută
39: 0.333984375 * at
40: 0.333984375 * stability
41: 0.33203125 * Pitt
42: 0.33203125 * vândut
43: 0.32421875 * Ch
44: 0.32421875 * Küste
45: 0.322265625 * in
46: 0.322265625 * middle
47: 0.3203125 * Command
48: 0.314453125 * average
49: 0.30859375 * actiuni
Total loss: 0.2641121745109558 = MSE Loss: 0.18012778460979462, 0.001 * Sparsity Loss: 84.0
Epoch: 3 batch_num: 123
0: 0.921875 * cărui
1: 0.8359375 * echival
2: 0.78515625 * spot
3: 0.6953125 * viziune
4: 0.6484375 * bebelus
5: 0.62109375 * dărui
6: 0.6015625 * logy
7: 0.6015625 * clădiri
8: 0.52734375 * comble
9: 0.5078125 * go
10: 0.5078125 * actiuni
11: 0.494140625 * acţiune
12: 0.48046875 * constient
13: 0.478515625 * IN
14: 0.443359375 * running
15: 0.439453125 * ation
16: 0.435546875 * ements
17: 0.43359375 * Walking
18: 0.421875 * valeur
19: 0.39453125 * oraş
20: 0.392578125 * aprobare
21: 0.380859375 * profile
22: 0.375 * doamn
23: 0.37109375 * erstellt
24: 0.33984375 * Pitt
25: 0.337890625 * shedding
26: 0.3359375 * extended
27: 0.333984375 * just
28: 0.333984375 * with
29: 0.318359375 * does
30: 0.314453125 * th
31: 0.314453125 * breath
32: 0.3046875 * average
33: 0.30078125 * ery
34: 0.296875 * Owner
35: 0.296875 * wind
36: 0.294921875 * Go
37: 0.294921875 * 5%
38: 0.29296875 * dog
39: 0.291015625 * Ch
40: 0.28515625 * misiune
41: 0.28515625 * "
42: 0.283203125 * miere
43: 0.283203125 * Gy
44: 0.279296875 * small
45: 0.279296875 * ity
46: 0.279296875 * Command
47: 0.275390625 * Küste
48: 0.271484375 * ST
49: 0.26953125 * intention
Total loss: 0.3570897579193115 = MSE Loss: 0.2745702266693115, 0.001 * Sparsity Loss: 82.5
Epoch: 3 batch_num: 124
0: 0.9453125 * spot
1: 0.859375 * cărui
2: 0.81640625 * realizeaz
3: 0.79296875 * actiuni
4: 0.73046875 * echival
5: 0.59765625 * IN
6: 0.58203125 * ements
7: 0.54296875 * oraş
8: 0.52734375 * acţiune
9: 0.51953125 * imprumut
10: 0.498046875 * breath
11: 0.4921875 * comble
12: 0.484375 * St
13: 0.462890625 * mândr
14: 0.462890625 * clădiri
15: 0.44921875 * bebelus
16: 0.4453125 * running
17: 0.4453125 * logy
18: 0.44140625 * ation
19: 0.439453125 * 5%
20: 0.435546875 * "
21: 0.412109375 * ped
22: 0.3828125 * does
23: 0.37890625 * viziune
24: 0.376953125 * just
25: 0.375 * At
26: 0.37109375 * valeur
27: 0.369140625 * small
28: 0.359375 * dărui
29: 0.35546875 * stick
30: 0.3515625 * legs
31: 0.349609375 * anului
32: 0.349609375 * decizie
33: 0.34765625 * go
34: 0.345703125 * th
35: 0.341796875 * West
36: 0.341796875 * constient
37: 0.33984375 * mo
38: 0.3359375 * pets
39: 0.326171875 * From
40: 0.326171875 * shedding
41: 0.32421875 * ability
42: 0.3125 * ţări
43: 0.3125 * Speed
44: 0.30859375 * dosar
45: 0.3046875 * profile
46: 0.30078125 * with
47: 0.298828125 * Walking
48: 0.298828125 * cuplu
49: 0.296875 * of
Total loss: 0.27202680706977844 = MSE Loss: 0.19048383831977844, 0.001 * Sparsity Loss: 81.5
Epoch: 3 batch_num: 125
0: 0.80078125 * spot
1: 0.73046875 * imprumut
2: 0.71484375 * realizeaz
3: 0.69140625 * St
4: 0.5859375 * mândr
5: 0.58203125 * decizie
6: 0.578125 * oraş
7: 0.56640625 * cuplu
8: 0.5234375 * stick
9: 0.498046875 * actiuni
10: 0.466796875 * ity
11: 0.455078125 * IN
12: 0.44921875 * IN
13: 0.443359375 * Speed
14: 0.439453125 * cărui
15: 0.4375 * breath
16: 0.431640625 * West
17: 0.423828125 * echival
18: 0.421875 * ped
19: 0.41796875 * 5%
20: 0.416015625 * anului
21: 0.412109375 * ation
22: 0.40625 * acţiune
23: 0.40625 * begging
24: 0.3984375 * ://
25: 0.392578125 * "
26: 0.380859375 * comble
27: 0.373046875 * At
28: 0.365234375 * leaving
29: 0.35546875 * big
30: 0.349609375 * transition
31: 0.345703125 * mo
32: 0.341796875 * Chuck
33: 0.341796875 * does
34: 0.341796875 * ements
35: 0.341796875 * With
36: 0.33984375 * Brown
37: 0.333984375 * summer
38: 0.330078125 * From
39: 0.326171875 * RE
40: 0.322265625 * ability
41: 0.31640625 * ging
42: 0.30859375 * middle
43: 0.298828125 * running
44: 0.291015625 * Transition
45: 0.2890625 * corespund
46: 0.2890625 * sânge
47: 0.28515625 * Possibly
48: 0.28515625 * able
49: 0.283203125 * din
Total loss: 0.2715417146682739 = MSE Loss: 0.19244015216827393, 0.001 * Sparsity Loss: 79.0
Epoch: 3 batch_num: 126
0: 0.7578125 * ity
1: 0.7421875 * cuplu
2: 0.578125 * IN
3: 0.56640625 * bebelus
4: 0.54296875 * imprumut
5: 0.53515625 * stick
6: 0.53515625 * oraş
7: 0.478515625 * corespund
8: 0.462890625 * Speed
9: 0.45703125 * valeur
10: 0.43359375 * big
11: 0.431640625 * With
12: 0.427734375 * St
13: 0.419921875 * spot
14: 0.40625 * spots
15: 0.404296875 * decizie
16: 0.400390625 * leaving
17: 0.400390625 * At
18: 0.39453125 * trecută
19: 0.388671875 * ://
20: 0.37109375 * Territory
21: 0.369140625 * anului
22: 0.369140625 * viziune
23: 0.369140625 * OF
24: 0.35546875 * Ross
25: 0.35546875 * maşin
26: 0.3515625 * –
27: 0.349609375 * Chuck
28: 0.3359375 * Brown
29: 0.3359375 * path
30: 0.333984375 * side
31: 0.326171875 * middle
32: 0.32421875 * ation
33: 0.32421875 * begging
34: 0.3203125 * miere
35: 0.318359375 * RE
36: 0.31640625 * medium
37: 0.314453125 * owner
38: 0.3125 * from
39: 0.310546875 * pet
40: 0.30859375 * summer
41: 0.306640625 * 5%
42: 0.306640625 * transition
43: 0.306640625 * conducere
44: 0.3046875 * Leaving
45: 0.302734375 * ped
46: 0.298828125 * fit
47: 0.29296875 * ST
48: 0.291015625 * strip
49: 0.2890625 * ging
Total loss: 0.3414691388607025 = MSE Loss: 0.2652972638607025, 0.001 * Sparsity Loss: 76.0
Epoch: 3 batch_num: 127
0: 1.0859375 * realizeaz
1: 0.8125 * cuplu
2: 0.77734375 * bebelus
3: 0.703125 * spots
4: 0.69140625 * ity
5: 0.6484375 * valeur
6: 0.61328125 * actiuni
7: 0.546875 * IN
8: 0.51953125 * corespund
9: 0.51953125 * mândr
10: 0.5 * stick
11: 0.498046875 * logy
12: 0.45703125 * OF
13: 0.44140625 * viziune
14: 0.419921875 * oraş
15: 0.38671875 * owner
16: 0.375 * path
17: 0.373046875 * Ross
18: 0.369140625 * With
19: 0.359375 * On
20: 0.357421875 * go
21: 0.3515625 * running
22: 0.349609375 * pet
23: 0.349609375 * Speed
24: 0.34375 * strip
25: 0.337890625 * Territory
26: 0.33203125 * Walking
27: 0.326171875 * ements
28: 0.326171875 * cărui
29: 0.314453125 * leaving
30: 0.310546875 * doamn
31: 0.310546875 * vândut
32: 0.306640625 * broader
33: 0.306640625 * AND
34: 0.3046875 * –
35: 0.296875 * run
36: 0.296875 * from
37: 0.294921875 * at
38: 0.29296875 * conducere
39: 0.2890625 * Chuck
40: 0.2890625 * pets
41: 0.2890625 * on
42: 0.287109375 * FC
43: 0.28515625 * dosar
44: 0.28515625 * going
45: 0.28515625 * RE
46: 0.279296875 * west
47: 0.279296875 * In
48: 0.27734375 * on
49: 0.2734375 * big
Total loss: 0.3021687865257263 = MSE Loss: 0.2240438014268875, 0.001 * Sparsity Loss: 78.0
Epoch: 3 batch_num: 128
0: 1.859375 * realizeaz
1: 0.8046875 * spots
2: 0.8046875 * cuplu
3: 0.77734375 * bebelus
4: 0.69921875 * mândr
5: 0.6015625 * valeur
6: 0.5859375 * trecută
7: 0.578125 * ity
8: 0.578125 * imprumut
9: 0.52734375 * running
10: 0.51171875 * logy
11: 0.47265625 * St
12: 0.4453125 * corespund
13: 0.41796875 * dosar
14: 0.41796875 * IN
15: 0.412109375 * doamn
16: 0.40234375 * ncing
17: 0.392578125 * doesn
18: 0.390625 * from
19: 0.388671875 * run
20: 0.38671875 * PR
21: 0.384765625 * stick
22: 0.37890625 * actiuni
23: 0.37109375 * OF
24: 0.353515625 * acţiune
25: 0.3515625 * Walking
26: 0.3515625 * shedding
27: 0.34765625 * tracking
28: 0.34375 * begging
29: 0.341796875 * owner
30: 0.337890625 * transition
31: 0.326171875 * ://
32: 0.3203125 * vândut
33: 0.31640625 * breath
34: 0.30859375 * spot
35: 0.30859375 * viziune
36: 0.30859375 * go
37: 0.302734375 * realizate
38: 0.298828125 * adecvat
39: 0.29296875 * lovitur
40: 0.287109375 * AND
41: 0.283203125 * pets
42: 0.283203125 * DOT
43: 0.28125 * pet
44: 0.28125 * ],
45: 0.28125 * With
46: 0.27734375 * broader
47: 0.275390625 * at
48: 0.271484375 * path
49: 0.26953125 * –
Total loss: 0.2839173674583435 = MSE Loss: 0.2028626650571823, 0.001 * Sparsity Loss: 81.0
Epoch: 3 batch_num: 129
0: 2.03125 * realizeaz
1: 0.84765625 * trecută
2: 0.70703125 * imprumut
3: 0.69921875 * cuplu
4: 0.65234375 * spots
5: 0.65234375 * St
6: 0.5703125 * ements
7: 0.55859375 * bebelus
8: 0.51953125 * begging
9: 0.49609375 * transition
10: 0.451171875 * doamn
11: 0.447265625 * ncing
12: 0.4453125 * running
13: 0.44140625 * spot
14: 0.439453125 * doesn
15: 0.4296875 * ://
16: 0.408203125 * mândr
17: 0.408203125 * Transition
18: 0.40234375 * dosar
19: 0.38671875 * dărui
20: 0.384765625 * Walking
21: 0.384765625 * PR
22: 0.3828125 * in
23: 0.380859375 * anului
24: 0.375 * edge
25: 0.375 * tracking
26: 0.361328125 * acţiune
27: 0.361328125 * logy
28: 0.353515625 * summer
29: 0.3515625 * ity
30: 0.349609375 * from
31: 0.341796875 * ation
32: 0.341796875 * shedding
33: 0.33984375 * >
34: 0.333984375 * cărui
35: 0.33203125 * about
36: 0.328125 * ery
37: 0.328125 * din
38: 0.326171875 * valeur
39: 0.3125 * actiuni
40: 0.30859375 * adecvat
41: 0.302734375 * Leaving
42: 0.30078125 * comble
43: 0.291015625 * Küste
44: 0.28125 * medium
45: 0.28125 * 5%
46: 0.279296875 * realizate
47: 0.279296875 * DOT
48: 0.271484375 * ],
49: 0.271484375 * sh
Total loss: 0.27974122762680054 = MSE Loss: 0.20308108627796173, 0.001 * Sparsity Loss: 76.5
Epoch: 3 batch_num: 130
0: 1.421875 * realizeaz
1: 0.81640625 * ements
2: 0.7109375 * trecută
3: 0.53515625 * begging
4: 0.5234375 * dărui
5: 0.5078125 * cuplu
6: 0.5078125 * imprumut
7: 0.50390625 * stick
8: 0.49609375 * actiuni
9: 0.478515625 * going
10: 0.453125 * Walking
11: 0.443359375 * pets
12: 0.44140625 * doamn
13: 0.43359375 * Leaving
14: 0.427734375 * ://
15: 0.423828125 * transition
16: 0.421875 * Transition
17: 0.40234375 * ation
18: 0.3984375 * St
19: 0.396484375 * spot
20: 0.396484375 * mândr
21: 0.388671875 * anului
22: 0.353515625 * Ross
23: 0.34375 * ery
24: 0.34375 * of
25: 0.330078125 * ncing
26: 0.330078125 * cărui
27: 0.326171875 * 5%
28: 0.32421875 * edge
29: 0.3203125 * summer
30: 0.318359375 * miere
31: 0.31640625 * go
32: 0.314453125 * tracking
33: 0.310546875 * owner
34: 0.30859375 * ability
35: 0.30859375 * din
36: 0.30078125 * IN
37: 0.296875 * Küste
38: 0.2890625 * spots
39: 0.2890625 * dosar
40: 0.287109375 * does
41: 0.28125 * Summer
42: 0.279296875 * comble
43: 0.27734375 * Brown
44: 0.2734375 * shedding
45: 0.271484375 * clădiri
46: 0.271484375 * at
47: 0.267578125 * >
48: 0.263671875 * animal
49: 0.263671875 * .
Total loss: 0.39631158113479614 = MSE Loss: 0.32258111238479614, 0.001 * Sparsity Loss: 73.5
Epoch: 3 batch_num: 131
0: 0.78125 * stick
1: 0.68359375 * realizeaz
2: 0.625 * pets
3: 0.5625 * ements
4: 0.546875 * mândr
5: 0.5390625 * trecută
6: 0.5234375 * Ross
7: 0.50390625 * going
8: 0.490234375 * logy
9: 0.47265625 * IN
10: 0.44921875 * Walking
11: 0.4453125 * oraş
12: 0.44140625 * dărui
13: 0.427734375 * of
14: 0.40234375 * Run
15: 0.396484375 * <unk>
16: 0.392578125 * corespund
17: 0.388671875 * doamn
18: 0.384765625 * bebelus
19: 0.373046875 * valeur
20: 0.37109375 * does
21: 0.37109375 * ity
22: 0.3671875 * Leaving
23: 0.359375 * ://
24: 0.34765625 * clădiri
25: 0.337890625 * lovitur
26: 0.333984375 * cuplu
27: 0.33203125 * anului
28: 0.326171875 * )
29: 0.322265625 * New
30: 0.318359375 * ability
31: 0.310546875 * conducere
32: 0.306640625 * spots
33: 0.298828125 * ery
34: 0.29296875 * owner
35: 0.29296875 * miere
36: 0.291015625 * go
37: 0.283203125 * Küste
38: 0.28125 * begging
39: 0.27734375 * .
40: 0.271484375 * Transition
41: 0.267578125 * Dog
42: 0.267578125 * at
43: 0.26171875 * friend
44: 0.259765625 * do
45: 0.2578125 * Col
46: 0.255859375 * strip
47: 0.25390625 * 5%
48: 0.251953125 * the
49: 0.2421875 * at
Total loss: 0.26681411266326904 = MSE Loss: 0.19308365881443024, 0.001 * Sparsity Loss: 73.5
Epoch: 3 batch_num: 132
0: 0.83984375 * logy
1: 0.82421875 * stick
2: 0.734375 * spots
3: 0.67578125 * realizeaz
4: 0.64453125 * pets
5: 0.6328125 * Ross
6: 0.5703125 * ity
7: 0.54296875 * oraş
8: 0.515625 * bebelus
9: 0.47265625 * imprumut
10: 0.470703125 * IN
11: 0.451171875 * actiuni
12: 0.447265625 * corespund
13: 0.43359375 * On
14: 0.416015625 * cărui
15: 0.412109375 * /
16: 0.400390625 * Run
17: 0.392578125 * friend
18: 0.388671875 * valeur
19: 0.3828125 * Col
20: 0.376953125 * going
21: 0.365234375 * conducere
22: 0.36328125 * territory
23: 0.35546875 * <unk>
24: 0.35546875 * New
25: 0.353515625 * and
26: 0.337890625 * liable
27: 0.3359375 * Walking
28: 0.33203125 * ation
29: 0.318359375 * ted
30: 0.3125 * in
31: 0.30859375 * lation
32: 0.302734375 * breath
33: 0.30078125 * Animal
34: 0.298828125 * on
35: 0.296875 * ability
36: 0.291015625 * lovitur
37: 0.287109375 * In
38: 0.28515625 * Walk
39: 0.28515625 * acţiune
40: 0.283203125 * transition
41: 0.283203125 * on
42: 0.28125 * From
43: 0.27734375 * PR
44: 0.275390625 * doamn
45: 0.275390625 * ncing
46: 0.271484375 * edge
47: 0.267578125 * spot
48: 0.265625 * owner
49: 0.26171875 * long
Total loss: 0.3185924291610718 = MSE Loss: 0.24290883541107178, 0.001 * Sparsity Loss: 75.5
Epoch: 3 batch_num: 133
0: 1.0390625 * logy
1: 0.953125 * realizeaz
2: 0.8203125 * spots
3: 0.70703125 * ity
4: 0.69140625 * imprumut
5: 0.62890625 * stick
6: 0.62109375 * Ross
7: 0.546875 * IN
8: 0.53515625 * oraş
9: 0.51953125 * actiuni
10: 0.51171875 * dărui
11: 0.51171875 * transition
12: 0.51171875 * begging
13: 0.474609375 * cărui
14: 0.4453125 * bebelus
15: 0.435546875 * ncing
16: 0.42578125 * ation
17: 0.41796875 * acţiune
18: 0.412109375 * friend
19: 0.404296875 * pets
20: 0.388671875 * west
21: 0.38671875 * IN
22: 0.380859375 * liable
23: 0.375 * <unk>
24: 0.3671875 * corespund
25: 0.3671875 * territory
26: 0.365234375 * /
27: 0.359375 * Animal
28: 0.353515625 * Col
29: 0.337890625 * spot
30: 0.3359375 * edge
31: 0.33203125 * mândr
32: 0.32421875 * conducere
33: 0.3203125 * long
34: 0.314453125 * licensed
35: 0.3125 * shedding
36: 0.310546875 * across
37: 0.306640625 * run
38: 0.306640625 * interest
39: 0.302734375 * legs
40: 0.30078125 * good
41: 0.30078125 * On
42: 0.2890625 * owner
43: 0.28125 * and
44: 0.279296875 * 5%
45: 0.279296875 * DOT
46: 0.27734375 * ted
47: 0.27734375 * lead
48: 0.275390625 * ;
49: 0.2734375 * >
Total loss: 0.2534032166004181 = MSE Loss: 0.1747899353504181, 0.001 * Sparsity Loss: 78.5
Epoch: 3 batch_num: 134
0: 1.1015625 * logy
1: 0.859375 * IN
2: 0.82421875 * dărui
3: 0.6953125 * realizeaz
4: 0.67578125 * ity
5: 0.62890625 * spots
6: 0.62890625 * imprumut
7: 0.55078125 * IN
8: 0.5234375 * transition
9: 0.49609375 * begging
10: 0.490234375 * cuplu
11: 0.484375 * >
12: 0.474609375 * mândr
13: 0.45703125 * oraş
14: 0.443359375 * run
15: 0.443359375 * ncing
16: 0.43359375 * 5%
17: 0.427734375 * Ross
18: 0.419921875 * '
19: 0.41796875 * adecvat
20: 0.4140625 * comble
21: 0.41015625 * go
22: 0.408203125 * consilier
23: 0.404296875 * interest
24: 0.396484375 * friend
25: 0.396484375 * acţiune
26: 0.392578125 * from
27: 0.384765625 * walk
28: 0.375 * <unk>
29: 0.3671875 * as
30: 0.365234375 * Brown
31: 0.353515625 * do
32: 0.345703125 * bebelus
33: 0.33984375 * shedding
34: 0.333984375 * in
35: 0.328125 * liable
36: 0.326171875 * path
37: 0.3203125 * Animal
38: 0.318359375 * Command
39: 0.314453125 * lovitur
40: 0.306640625 * including
41: 0.3046875 * does
42: 0.3046875 * In
43: 0.302734375 * lead
44: 0.302734375 * cărui
45: 0.298828125 * licensed
46: 0.294921875 * on
47: 0.29296875 * long
48: 0.2890625 * territory
49: 0.2890625 * stick
Total loss: 0.2876426577568054 = MSE Loss: 0.20854108035564423, 0.001 * Sparsity Loss: 79.0
Epoch: 3 batch_num: 135
0: 0.90234375 * logy
1: 0.8359375 * dărui
2: 0.67578125 * IN
3: 0.63671875 * realizeaz
4: 0.6015625 * cuplu
5: 0.494140625 * comble
6: 0.46875 * path
7: 0.466796875 * lovitur
8: 0.46484375 * ity
9: 0.455078125 * walk
10: 0.431640625 * >
11: 0.421875 * transition
12: 0.419921875 * run
13: 0.4140625 * medium
14: 0.396484375 * echival
15: 0.392578125 * '
16: 0.38671875 * viziune
17: 0.38671875 * consilier
18: 0.384765625 * Dog
19: 0.384765625 * 5%
20: 0.384765625 * Leaving
21: 0.36328125 * Brown
22: 0.357421875 * at
23: 0.35546875 * stability
24: 0.35546875 * on
25: 0.345703125 * actiuni
26: 0.34375 * do
27: 0.337890625 * does
28: 0.3359375 * go
29: 0.333984375 * mândr
30: 0.33203125 * ncing
31: 0.3203125 * lation
32: 0.318359375 * oraş
33: 0.314453125 * trecută
34: 0.310546875 * spots
35: 0.294921875 * pets
36: 0.29296875 * shedding
37: 0.291015625 * friend
38: 0.291015625 * miere
39: 0.2890625 * 
40: 0.2890625 * going
41: 0.2890625 * including
42: 0.287109375 * 3
43: 0.28515625 * anului
44: 0.28125 * Command
45: 0.2734375 * side
46: 0.271484375 * as
47: 0.26953125 * As
48: 0.267578125 * strip
49: 0.265625 * Wind
Total loss: 0.3637961149215698 = MSE Loss: 0.2890890836715698, 0.001 * Sparsity Loss: 74.5
Epoch: 3 batch_num: 136
0: 1.6015625 * realizeaz
1: 0.6875 * dărui
2: 0.66796875 * at
3: 0.6171875 * cuplu
4: 0.578125 * in
5: 0.54296875 * logy
6: 0.5234375 * viziune
7: 0.5 * lation
8: 0.490234375 * comble
9: 0.4765625 * actiuni
10: 0.47265625 * cărui
11: 0.443359375 * IN
12: 0.4375 * bebelus
13: 0.41015625 * path
14: 0.400390625 * lovitur
15: 0.396484375 * )
16: 0.392578125 * ţări
17: 0.390625 * Leaving
18: 0.376953125 * pets
19: 0.373046875 * imprumut
20: 0.37109375 * ITY
21: 0.37109375 * echival
22: 0.353515625 * more
23: 0.34765625 * Ross
24: 0.345703125 * trecută
25: 0.345703125 * stability
26: 0.34375 * misiune
27: 0.3359375 * medium
28: 0.328125 * walk
29: 0.328125 * 3
30: 0.318359375 * West
31: 0.29296875 * ”
32: 0.29296875 * In
33: 0.2890625 * small
34: 0.2890625 * be
35: 0.2890625 * at
36: 0.28515625 * '
37: 0.283203125 * 
38: 0.28125 * Dog
39: 0.267578125 * spot
40: 0.267578125 * adecvat
41: 0.26171875 * corespund
42: 0.255859375 * /
43: 0.255859375 * >
44: 0.25390625 * west
45: 0.25390625 * going
46: 0.248046875 * stick
47: 0.2470703125 * doamn
48: 0.2470703125 * side
49: 0.2470703125 * In
Total loss: 0.23623082041740417 = MSE Loss: 0.16396519541740417, 0.001 * Sparsity Loss: 72.5
Epoch: 3 batch_num: 137
0: 1.625 * realizeaz
1: 0.8125 * IN
2: 0.7265625 * in
3: 0.72265625 * at
4: 0.671875 * bebelus
5: 0.640625 * imprumut
6: 0.6015625 * Ross
7: 0.5625 * cuplu
8: 0.52734375 * lation
9: 0.5078125 * ţări
10: 0.5 * wind
11: 0.46484375 * ITY
12: 0.4296875 * In
13: 0.41015625 * valeur
14: 0.400390625 * comble
15: 0.392578125 * viziune
16: 0.37890625 * misiune
17: 0.373046875 * In
18: 0.369140625 * cărui
19: 0.365234375 * )
20: 0.359375 * begging
21: 0.357421875 * adecvat
22: 0.35546875 * dărui
23: 0.341796875 * IN
24: 0.33984375 * ized
25: 0.333984375 * doing
26: 0.33203125 * running
27: 0.314453125 * 4%
28: 0.310546875 * <unk>
29: 0.306640625 * and
30: 0.298828125 * ”
31: 0.29296875 * corespund
32: 0.291015625 * ,
33: 0.291015625 * actiuni
34: 0.287109375 * 3
35: 0.283203125 * Leaving
36: 0.279296875 * ity
37: 0.2734375 * asigura
38: 0.271484375 * territory
39: 0.26953125 * New
40: 0.267578125 * more
41: 0.259765625 * pets
42: 0.255859375 * picioare
43: 0.25390625 * ATION
44: 0.25390625 * go
45: 0.251953125 * Pitt
46: 0.25 * doamn
47: 0.25 * /
48: 0.248046875 * friend
49: 0.248046875 * и
Total loss: 0.35818585753440857 = MSE Loss: 0.28738507628440857, 0.001 * Sparsity Loss: 71.0
Epoch: 3 batch_num: 138
0: 1.078125 * realizeaz
1: 0.8125 * IN
2: 0.65234375 * Ross
3: 0.640625 * bebelus
4: 0.59375 * valeur
5: 0.5546875 * at
6: 0.5390625 * imprumut
7: 0.5078125 * St
8: 0.5 * ţări
9: 0.486328125 * lation
10: 0.470703125 * logy
11: 0.462890625 * cuplu
12: 0.462890625 * wind
13: 0.423828125 * West
14: 0.421875 * territory
15: 0.41796875 * ITY
16: 0.416015625 * friend
17: 0.4140625 * does
18: 0.41015625 * go
19: 0.400390625 * 4%
20: 0.3984375 * in
21: 0.37109375 * ity
22: 0.37109375 * <unk>
23: 0.369140625 * running
24: 0.357421875 * licensed
25: 0.34765625 * maşin
26: 0.34375 * medium
27: 0.34375 * local
28: 0.341796875 * ,
29: 0.341796875 * dosar
30: 0.341796875 * mândr
31: 0.33984375 * walks
32: 0.33984375 * across
33: 0.333984375 * liable
34: 0.33203125 * ation
35: 0.330078125 * at
36: 0.310546875 * doing
37: 0.30859375 * ncing
38: 0.29296875 * begging
39: 0.291015625 * ATION
40: 0.291015625 * Go
41: 0.2890625 * IN
42: 0.283203125 * walk
43: 0.27734375 * consilier
44: 0.275390625 * was
45: 0.2734375 * miere
46: 0.265625 * legs
47: 0.259765625 * Pitt
48: 0.259765625 * adecvat
49: 0.2578125 * transition
Total loss: 0.3181038200855255 = MSE Loss: 0.2438850700855255, 0.001 * Sparsity Loss: 74.0
Epoch: 3 batch_num: 139
0: 1.390625 * West
1: 1.375 * cărui
2: 0.9921875 * realizeaz
3: 0.875 * viziune
4: 0.79296875 * medium
5: 0.7734375 * actiuni
6: 0.72265625 * logy
7: 0.69140625 * trecută
8: 0.68359375 * IN
9: 0.6640625 * west
10: 0.6171875 * go
11: 0.58984375 * friend
12: 0.578125 * territory
13: 0.5625 * summer
14: 0.55078125 * 5%
15: 0.55078125 * St
16: 0.515625 * ity
17: 0.50390625 * erstellt
18: 0.49609375 * Scout
19: 0.48828125 * across
20: 0.47265625 * misiune
21: 0.455078125 * walk
22: 0.453125 * local
23: 0.443359375 * at
24: 0.439453125 * pet
25: 0.435546875 * 4%
26: 0.4296875 * Ross
27: 0.427734375 * walks
28: 0.427734375 * ncing
29: 0.4140625 * Go
30: 0.41015625 * ation
31: 0.404296875 * decizie
32: 0.3984375 * shedding
33: 0.392578125 * liable
34: 0.388671875 * running
35: 0.388671875 * legs
36: 0.38671875 * miere
37: 0.384765625 * begging
38: 0.380859375 * adecvat
39: 0.365234375 * bebelus
40: 0.353515625 * AN
41: 0.353515625 * lation
42: 0.34375 * licensed
43: 0.33984375 * in
44: 0.3359375 * ITY
45: 0.3359375 * valeur
46: 0.33203125 * ears
47: 0.322265625 * right
48: 0.3125 * at
49: 0.30859375 * spots
Total loss: 0.3220478296279907 = MSE Loss: 0.23562203347682953, 0.001 * Sparsity Loss: 86.5
Epoch: 3 batch_num: 140
0: 2.203125 * cărui
1: 1.9140625 * realizeaz
2: 1.8828125 * West
3: 1.5234375 * viziune
4: 1.1171875 * actiuni
5: 1.015625 * medium
6: 0.953125 * west
7: 0.9375 * trecută
8: 0.82421875 * logy
9: 0.74609375 * misiune
10: 0.734375 * 5%
11: 0.734375 * summer
12: 0.7265625 * erstellt
13: 0.64453125 * decizie
14: 0.63671875 * friend
15: 0.6328125 * territory
16: 0.62890625 * adecvat
17: 0.62109375 * imprumut
18: 0.59765625 * pet
19: 0.5859375 * Scout
20: 0.515625 * go
21: 0.5 * ity
22: 0.478515625 * shedding
23: 0.470703125 * of
24: 0.45703125 * rând
25: 0.4453125 * across
26: 0.4375 * IN
27: 0.416015625 * ncing
28: 0.408203125 * cuplu
29: 0.408203125 * Din
30: 0.404296875 * "
31: 0.404296875 * clădiri
32: 0.40234375 * St
33: 0.392578125 * stability
34: 0.388671875 * 4%
35: 0.388671875 * as
36: 0.3828125 * Go
37: 0.380859375 * AN
38: 0.37890625 * liable
39: 0.373046875 * legs
40: 0.369140625 * corespund
41: 0.365234375 * comble
42: 0.365234375 * ements
43: 0.353515625 * local
44: 0.3515625 * ears
45: 0.349609375 * dărui
46: 0.349609375 * right
47: 0.345703125 * walk
48: 0.337890625 * dosar
49: 0.333984375 * и
Total loss: 0.3662569224834442 = MSE Loss: 0.2690889537334442, 0.001 * Sparsity Loss: 97.0
Epoch: 3 batch_num: 141
0: 2.5625 * cărui
1: 2.046875 * realizeaz
2: 1.9765625 * West
3: 1.859375 * viziune
4: 1.078125 * medium
5: 0.91796875 * west
6: 0.89453125 * actiuni
7: 0.8515625 * trecută
8: 0.76953125 * 5%
9: 0.7421875 * logy
10: 0.73828125 * cuplu
11: 0.7265625 * misiune
12: 0.703125 * summer
13: 0.69921875 * decizie
14: 0.671875 * erstellt
15: 0.66015625 * pet
16: 0.58203125 * adecvat
17: 0.58203125 * imprumut
18: 0.578125 * dărui
19: 0.56640625 * rând
20: 0.5625 * territory
21: 0.546875 * Scout
22: 0.54296875 * friend
23: 0.515625 * shedding
24: 0.5078125 * comble
25: 0.498046875 * mândr
26: 0.49609375 * of
27: 0.48828125 * corespund
28: 0.4765625 * dosar
29: 0.474609375 * ements
30: 0.44921875 * "
31: 0.439453125 * Command
32: 0.43359375 * asigura
33: 0.42578125 * constient
34: 0.421875 * clădiri
35: 0.4140625 * in
36: 0.408203125 * Din
37: 0.404296875 * as
38: 0.3828125 * и
39: 0.375 * ity
40: 0.365234375 * command
41: 0.35546875 * lovitur
42: 0.35546875 * bebelus
43: 0.353515625 * doamn
44: 0.341796875 * in
45: 0.3359375 * the
46: 0.326171875 * ”
47: 0.32421875 * across
48: 0.322265625 * ",
49: 0.322265625 * Ross
Total loss: 0.3546576499938965 = MSE Loss: 0.2555365562438965, 0.001 * Sparsity Loss: 99.0
Epoch: 3 batch_num: 142
0: 2.515625 * cărui
1: 1.96875 * viziune
2: 1.796875 * West
3: 1.5859375 * realizeaz
4: 0.96484375 * cuplu
5: 0.94921875 * medium
6: 0.6875 * 5%
7: 0.67578125 * west
8: 0.640625 * pet
9: 0.59375 * rând
10: 0.57421875 * summer
11: 0.5703125 * Ross
12: 0.5625 * logy
13: 0.55859375 * comble
14: 0.5546875 * dărui
15: 0.5390625 * decizie
16: 0.53515625 * mândr
17: 0.51953125 * asigura
18: 0.51171875 * Command
19: 0.498046875 * corespund
20: 0.494140625 * transition
21: 0.4921875 * dosar
22: 0.484375 * lation
23: 0.4765625 * misiune
24: 0.474609375 * lovitur
25: 0.474609375 * constient
26: 0.45703125 * shedding
27: 0.447265625 * spots
28: 0.4453125 * in
29: 0.439453125 * doamn
30: 0.4375 * trecută
31: 0.42578125 * do
32: 0.416015625 * Scout
33: 0.4140625 * erstellt
34: 0.40234375 * command
35: 0.396484375 * In
36: 0.388671875 * territory
37: 0.384765625 * in
38: 0.384765625 * doesn
39: 0.373046875 * echival
40: 0.365234375 * begging
41: 0.361328125 * Walk
42: 0.359375 * bebelus
43: 0.35546875 * gestartet
44: 0.34375 * "
45: 0.341796875 * Din
46: 0.337890625 * Licensed
47: 0.33203125 * friend
48: 0.330078125 * bră
49: 0.330078125 * oraş
Total loss: 0.2770633101463318 = MSE Loss: 0.1862429976463318, 0.001 * Sparsity Loss: 91.0
Epoch: 3 batch_num: 143
0: 2.109375 * cărui
1: 1.8671875 * viziune
2: 1.296875 * West
3: 1.109375 * cuplu
4: 0.87890625 * actiuni
5: 0.67578125 * Ross
6: 0.64453125 * medium
7: 0.6171875 * IN
8: 0.5625 * asigura
9: 0.55078125 * rând
10: 0.5390625 * begging
11: 0.53515625 * comble
12: 0.53125 * lation
13: 0.5078125 * In
14: 0.5 * realizeaz
15: 0.49609375 * transition
16: 0.48046875 * doamn
17: 0.4765625 * ]
18: 0.458984375 * Command
19: 0.44921875 * pet
20: 0.431640625 * doesn
21: 0.427734375 * constient
22: 0.423828125 * ation
23: 0.423828125 * oraş
24: 0.412109375 * owner
25: 0.408203125 * dogs
26: 0.408203125 * ITY
27: 0.408203125 * 5%
28: 0.400390625 * Territory
29: 0.376953125 * corespund
30: 0.376953125 * dosar
31: 0.36328125 * logy
32: 0.36328125 * gestartet
33: 0.359375 * lovitur
34: 0.35546875 * ements
35: 0.328125 * bră
36: 0.326171875 * dis
37: 0.326171875 * command
38: 0.32421875 * spot
39: 0.322265625 * ears
40: 0.318359375 * Walk
41: 0.318359375 * be
42: 0.314453125 * Brown
43: 0.314453125 * trecută
44: 0.314453125 * Licensed
45: 0.3125 * local
46: 0.310546875 * go
47: 0.30859375 * with
48: 0.306640625 * ",
49: 0.298828125 * summer
Total loss: 0.27564823627471924 = MSE Loss: 0.19264043867588043, 0.001 * Sparsity Loss: 83.0
Epoch: 3 batch_num: 144
0: 1.6484375 * viziune
1: 1.5078125 * cărui
2: 1.3515625 * actiuni
3: 1.2265625 * realizeaz
4: 1.1875 * IN
5: 1.1640625 * cuplu
6: 0.81640625 * In
7: 0.6640625 * ements
8: 0.65625 * mândr
9: 0.609375 * Ross
10: 0.58203125 * West
11: 0.5703125 * asigura
12: 0.5390625 * ]
13: 0.53515625 * 4%
14: 0.52734375 * trecută
15: 0.5234375 * spot
16: 0.486328125 * begging
17: 0.48046875 * ity
18: 0.474609375 * doamn
19: 0.45703125 * small
20: 0.455078125 * local
21: 0.44140625 * rând
22: 0.4375 * comble
23: 0.427734375 * lation
24: 0.419921875 * oraş
25: 0.41796875 * ITY
26: 0.41796875 * acţiune
27: 0.408203125 * decizie
28: 0.408203125 * west
29: 0.40234375 * owner
30: 0.3984375 * clădiri
31: 0.392578125 * imprumut
32: 0.390625 * friend
33: 0.375 * transition
34: 0.353515625 * dogs
35: 0.353515625 * Territory
36: 0.3515625 * bebelus
37: 0.349609375 * be
38: 0.349609375 * dis
39: 0.34765625 * at
40: 0.345703125 * in
41: 0.33984375 * wind
42: 0.328125 * adecvat
43: 0.32421875 * In
44: 0.318359375 * misiune
45: 0.31640625 * best
46: 0.3125 * gestartet
47: 0.310546875 * ears
48: 0.298828125 * doesn
49: 0.298828125 * bră
Total loss: 0.4346499443054199 = MSE Loss: 0.3496890068054199, 0.001 * Sparsity Loss: 85.0
Epoch: 3 batch_num: 145
0: 2.203125 * realizeaz
1: 1.3515625 * actiuni
2: 1.265625 * viziune
3: 1.1328125 * cuplu
4: 1.1015625 * IN
5: 1.0546875 * mândr
6: 0.8671875 * west
7: 0.77734375 * cărui
8: 0.671875 * In
9: 0.6484375 * decizie
10: 0.640625 * 4%
11: 0.58203125 * friend
12: 0.5546875 * ements
13: 0.5546875 * bebelus
14: 0.546875 * dărui
15: 0.5390625 * asigura
16: 0.51171875 * ity
17: 0.4921875 * logy
18: 0.47265625 * local
19: 0.453125 * 5%
20: 0.443359375 * ]
21: 0.439453125 * spot
22: 0.43359375 * small
23: 0.41796875 * doamn
24: 0.4140625 * at
25: 0.412109375 * be
26: 0.412109375 * acţiune
27: 0.390625 * Ross
28: 0.390625 * echival
29: 0.365234375 * ”,
30: 0.361328125 * ling
31: 0.357421875 * best
32: 0.35546875 * lovitur
33: 0.34765625 * ating
34: 0.333984375 * run
35: 0.328125 * medium
36: 0.326171875 * dis
37: 0.326171875 * liable
38: 0.326171875 * oraş
39: 0.32421875 * in
40: 0.32421875 * clădiri
41: 0.3203125 * trecută
42: 0.31640625 * misiune
43: 0.3125 * valeur
44: 0.3125 * on
45: 0.310546875 * territory
46: 0.302734375 * Scout
47: 0.296875 * does
48: 0.294921875 * spots
49: 0.28125 * walk
Total loss: 0.3127087354660034 = MSE Loss: 0.22872436046600342, 0.001 * Sparsity Loss: 84.0
Epoch: 3 batch_num: 146
0: 2.65625 * realizeaz
1: 1.0546875 * west
2: 1.03125 * cuplu
3: 0.890625 * actiuni
4: 0.87890625 * logy
5: 0.78515625 * mândr
6: 0.77734375 * IN
7: 0.74609375 * viziune
8: 0.64453125 * medium
9: 0.640625 * decizie
10: 0.62890625 * 4%
11: 0.625 * 5%
12: 0.625 * echival
13: 0.5859375 * friend
14: 0.58203125 * dărui
15: 0.5 * lovitur
16: 0.474609375 * West
17: 0.46875 * bebelus
18: 0.458984375 * asigura
19: 0.435546875 * ]
20: 0.4296875 * In
21: 0.408203125 * local
22: 0.380859375 * IN
23: 0.37890625 * in
24: 0.365234375 * liable
25: 0.359375 * </s>
26: 0.33984375 * command
27: 0.337890625 * Scout
28: 0.330078125 * ”,
29: 0.322265625 * summer
30: 0.3203125 * /
31: 0.318359375 * at
32: 0.3046875 * doamn
33: 0.3046875 * At
34: 0.302734375 * on
35: 0.298828125 * Animal
36: 0.296875 * ling
37: 0.294921875 * best
38: 0.294921875 * run
39: 0.291015625 * corespund
40: 0.2890625 * dogs
41: 0.287109375 * pet
42: 0.27734375 * Din
43: 0.275390625 * 
44: 0.2734375 * cărui
45: 0.265625 * dosar
46: 0.263671875 * territory
47: 0.26171875 * with
48: 0.2578125 * -
49: 0.248046875 * Territory
Total loss: 0.23266775906085968 = MSE Loss: 0.15307791531085968, 0.001 * Sparsity Loss: 79.5
