***** Running training *****
  Num examples = 440
  Total train batch size (w. parallel, distributed & accumulation) = 3
***** Arguments *****
  pretrained_model_name_or_path = THUDM/CogVideoX-5B
  revision = None
  prompt = A dog walking
  train_data_dir = ./motoken/data/A_dog_walking/train
  validation_data_dir = ./motoken/data/A_dog_walking/eval
  placeholder_token = <>
  concept = walking
  repeats = 5
  output_dir = ./motoken/output/sorted_l1_1e_3
  seed = 1024
  validation_seed = 1024
  resolution = (480, 720)
  center_crop = False
  remove_concept_tokens = True
  train_batch_size = 3
  num_train_epochs = 4
  max_train_steps = 500
  dictionary_size = 5000
  num_explanation_tokens = 50
  gradient_accumulation_steps = 1
  gradient_checkpointing = True
  print_gpu_status = False
  learning_rate = 0.001
  sparsity_coeff = 5.0
  scale_lr = False
  lr_scheduler = constant
  lr_warmup_steps = 500
  dataloader_num_workers = 0
  adam_beta1 = 0.9
  adam_beta2 = 0.999
  adam_weight_decay = 0.01
  adam_epsilon = 1e-08
  logging_dir = logs
  mixed_precision = fp16
  allow_tf32 = False
  report_to = tensorboard
  validation_prompt = a dog <>
  num_validation_videos = 5
  validation_steps = 50
  path_to_encoder_embeddings = ./motoken/data/LB_text_encoding.pt
  local_rank = -1
  enable_xformers_memory_efficient_attention = False
Saving dictionary
Epoch: 0 batch_num: 0
0: 6.65625 * freiheit
1: 6.21875 * Patri
2: 5.78125 * ţiei
3: 5.71875 * ţe
4: 5.6875 * aille
5: 5.65625 * nieder
6: 5.5625 * Dixon
7: 5.34375 * Variante
8: 5.28125 * utigen
9: 5.28125 * daran
10: 5.21875 * Schatten
11: 5.09375 * medie
12: 5.09375 * mein
13: 5.03125 * Sicht
14: 5.03125 * bestimmten
15: 5.03125 * Oliver
16: 4.96875 * basse
17: 4.875 * patri
18: 4.875 * atului
19: 4.8125 * masiv
20: 4.8125 * lundi
21: 4.8125 * 2014-11-
22: 4.75 * Wärme
23: 4.75 * Vermieter
24: 4.65625 * ле
25: 4.65625 * да
26: 4.65625 * Schul
27: 4.625 * _____
28: 4.59375 * grosse
29: 4.59375 * lotte
30: 4.59375 * emelle
31: 4.5625 * kostet
32: 4.5625 * Unter
33: 4.53125 * Risiko
34: 4.53125 * dauer
35: 4.53125 * memorable
36: 4.5 * lagen
37: 4.46875 * amente
38: 4.4375 * eigenen
39: 4.4375 * milioane
40: 4.40625 * 1:2
41: 4.375 * Alba
42: 4.375 * Frontier
43: 4.34375 * canton
44: 4.34375 * Riv
45: 4.34375 * vietii
46: 4.3125 * lovit
47: 4.3125 * berufliche
48: 4.28125 * Rocky
49: 4.28125 * Vertrauen
Total loss: 3.7365429401397705 = MSE Loss: 0.2839508056640625, 5.0 * Sparsity Loss: 0.6905184388160706
Running validation... 
 Generating 5 videos with prompt: a dog <>.
Video generated motoken/output/sorted_l1_1e_3/validation/epoch_0/0.mp4
Video generated motoken/output/sorted_l1_1e_3/validation/epoch_0/1.mp4
Video generated motoken/output/sorted_l1_1e_3/validation/epoch_0/2.mp4
Video generated motoken/output/sorted_l1_1e_3/validation/epoch_0/3.mp4
Video generated motoken/output/sorted_l1_1e_3/validation/epoch_0/4.mp4
validation probability:  0.29527080059051514
replacing best alphas
saving alphas from step:  0
saving best alphas from validation epoch 0, words =  ['freiheit', 'Patri', 'ţiei', 'ţe', 'aille', 'nieder', 'Dixon', 'Variante', 'utigen', 'daran', 'Schatten', 'medie', 'mein', 'Sicht', 'bestimmten', 'Oliver', 'basse', 'patri', 'atului', 'masiv', 'lundi', '2014-11-', 'Wärme', 'Vermieter', 'ле', 'да', 'Schul', '_____', 'grosse', 'lotte', 'emelle', 'kostet', 'Unter', 'Risiko', 'dauer', 'memorable', 'lagen', 'amente', 'eigenen', 'milioane', '1:2', 'Alba', 'Frontier', 'canton', 'Riv', 'vietii', 'lovit', 'berufliche', 'Rocky', 'Vertrauen']
Epoch: 0 batch_num: 1
0: 19.125 * Leder
1: 19.0 * Asta
2: 18.875 * Eigen
3: 18.75 * orii
4: 18.75 * benso
5: 18.75 * Chau
6: 18.375 * singura
7: 18.25 * doua
8: 18.125 * Unser
9: 18.0 * aveau
10: 18.0 * Apoi
11: 17.875 * legat
12: 17.875 * ţe
13: 17.75 * giu
14: 17.625 * Griff
15: 17.625 * ajul
16: 17.625 * onul
17: 17.5 * Schwe
18: 17.5 * mediu
19: 17.5 * Andere
20: 17.375 * chten
21: 17.375 * ţă
22: 17.375 * eaza
23: 17.25 * lui
24: 17.25 * taire
25: 17.125 * legen
26: 17.0 * Frei
27: 16.875 * Schon
28: 16.75 * randul
29: 16.75 * irea
30: 16.75 * Grigor
31: 16.75 * Cardiff
32: 16.625 * autre
33: 16.625 * нов
34: 16.625 * Noi
35: 16.625 * Gerne
36: 16.5 * Wie
37: 16.5 * ieri
38: 16.375 * Arr
39: 16.375 * fou
40: 16.375 * arii
41: 16.375 * Linie
42: 16.375 * asta
43: 16.25 * Kon
44: 16.25 * leger
45: 16.25 * Schä
46: 16.25 * neig
47: 16.125 * Rou
48: 16.125 * Klu
49: 16.0 * tatea
Total loss: 16.775299072265625 = MSE Loss: 0.15886317193508148, 5.0 * Sparsity Loss: 3.323287010192871
Epoch: 0 batch_num: 2
0: 15.9375 * Leder
1: 15.6875 * sympathetic
2: 15.0 * responsibly
3: 14.75 * Chester
4: 14.0 * Cardiff
5: 13.875 * Jusqu
6: 13.8125 * proactively
7: 13.5 * favourable
8: 13.3125 * Simon
9: 13.1875 * happier
10: 12.9375 * wesen
11: 12.8125 * Chau
12: 12.5 * advantageous
13: 12.4375 * convient
14: 12.4375 * Kro
15: 12.375 * amazingly
16: 12.375 * Eigen
17: 12.3125 * Stafford
18: 12.25 * ţe
19: 12.1875 * taire
20: 12.125 * Stan
21: 12.0625 * alleviat
22: 12.0625 * Unser
23: 11.9375 * gio
24: 11.875 * Walter
25: 11.8125 * Lewis
26: 11.8125 * kro
27: 11.8125 * favorable
28: 11.75 * drastically
29: 11.625 * Neu
30: 11.625 * deutsche
31: 11.625 * Colin
32: 11.5625 * Rai
33: 11.5625 * chten
34: 11.4375 * Rou
35: 11.4375 * Griff
36: 11.4375 * kon
37: 11.4375 * Scotia
38: 11.375 * simplicity
39: 11.375 * happily
40: 11.375 * prolong
41: 11.375 * deine
42: 11.25 * aujourd
43: 11.25 * freely
44: 11.1875 * timely
45: 11.1875 * Linie
46: 11.1875 * Regi
47: 11.1875 * adel
48: 11.1875 * Wirkung
49: 11.1875 * Sie
Total loss: 10.58945369720459 = MSE Loss: 0.40387600660324097, 5.0 * Sparsity Loss: 2.0371155738830566
Epoch: 0 batch_num: 3
0: 19.0 * Jusqu
1: 18.0 * sympathetic
2: 17.5 * aujourd
3: 17.375 * convient
4: 17.0 * Cand
5: 16.875 * Wirkung
6: 16.625 * Dabei
7: 16.5 * Hum
8: 16.0 * asfalt
9: 15.9375 * aujourd
10: 15.625 * hidr
11: 15.625 * favourable
12: 15.375 * ambul
13: 15.0625 * brusc
14: 14.8125 * Lucr
15: 14.75 * chide
16: 14.4375 * Wann
17: 14.4375 * Kann
18: 14.0625 * habitude
19: 13.9375 * hum
20: 13.9375 * luj
21: 13.875 * Sicht
22: 13.875 * responsibly
23: 13.875 * Brenn
24: 13.875 * ambigu
25: 13.875 * bă
26: 13.8125 * advantageous
27: 13.8125 * intr
28: 13.75 * inspirat
29: 13.75 * barkeit
30: 13.6875 * Dokument
31: 13.6875 * sichtlich
32: 13.625 * laisser
33: 13.625 * Fä
34: 13.5 * ло
35: 13.5 * fauna
36: 13.375 * hesitant
37: 13.375 * prenant
38: 13.3125 * thumbnail
39: 13.25 * prolong
40: 13.1875 * Stimmung
41: 13.1875 * wenig
42: 13.1875 * dahin
43: 13.1875 * abl
44: 13.125 * freude
45: 13.125 * fraudulent
46: 12.9375 * happier
47: 12.9375 * imi
48: 12.875 * happily
49: 12.875 * Ah
Total loss: 12.675889015197754 = MSE Loss: 0.1887749284505844, 5.0 * Sparsity Loss: 2.497422695159912
Epoch: 0 batch_num: 4
0: 17.25 * Jusqu
1: 15.4375 * aujourd
2: 15.375 * asfalt
3: 15.3125 * Cand
4: 15.125 * Dabei
5: 14.8125 * Hum
6: 14.8125 * Wirkung
7: 14.4375 * convient
8: 14.3125 * ambul
9: 14.25 * sympathetic
10: 14.1875 * Kann
11: 13.8125 * Dokument
12: 13.6875 * bă
13: 13.3125 * hidr
14: 13.25 * chide
15: 13.25 * barkeit
16: 13.25 * Brenn
17: 13.125 * Brun
18: 13.125 * fauna
19: 13.0625 * luj
20: 13.0625 * intr
21: 13.0 * aujourd
22: 13.0 * Rin
23: 12.9375 * Sicht
24: 12.8125 * brusc
25: 12.75 * hum
26: 12.625 * ло
27: 12.5 * wenig
28: 12.4375 * laisser
29: 12.375 * Lucr
30: 12.375 * Qu
31: 12.25 * Ah
32: 12.0625 * dahin
33: 12.0 * Wann
34: 12.0 * rân
35: 11.8125 * dokument
36: 11.8125 * Kau
37: 11.8125 * thumbnail
38: 11.8125 * prenant
39: 11.6875 * legung
40: 11.625 * HY
41: 11.625 * habitude
42: 11.625 * ла
43: 11.5625 * favourable
44: 11.5 * Ki
45: 11.5 * sichtlich
46: 11.5 * pâr
47: 11.5 * Traum
48: 11.4375 * abl
49: 11.4375 * Intr
Total loss: 10.163745880126953 = MSE Loss: 0.21881510317325592, 5.0 * Sparsity Loss: 1.9889861345291138
Epoch: 0 batch_num: 5
0: 13.4375 * Jusqu
1: 12.875 * asfalt
2: 11.4375 * Dokument
3: 11.375 * Cand
4: 11.25 * Hum
5: 11.125 * Kann
6: 10.9375 * aujourd
7: 10.8125 * Brun
8: 10.6875 * fauna
9: 10.625 * bă
10: 10.5625 * Dabei
11: 10.5 * legung
12: 10.375 * Sicht
13: 10.375 * Rin
14: 10.375 * Wirkung
15: 10.1875 * Rover
16: 10.1875 * wenig
17: 10.125 * barkeit
18: 10.125 * intr
19: 10.0 * sympathetic
20: 10.0 * Qu
21: 9.9375 * Ki
22: 9.9375 * hum
23: 9.8125 * ambul
24: 9.8125 * convient
25: 9.75 * Holland
26: 9.625 * Brenn
27: 9.5 * Ah
28: 9.4375 * dokument
29: 9.4375 * ло
30: 9.4375 * thumbnail
31: 9.375 * Stafford
32: 9.375 * ки
33: 9.3125 * Intr
34: 9.25 * MI
35: 9.125 * laisser
36: 9.125 * BL
37: 9.0625 * Mi
38: 9.0625 * luj
39: 9.0 * HY
40: 9.0 * Ju
41: 8.8125 * Chi
42: 8.8125 * PSD
43: 8.75 * Kau
44: 8.6875 * Wochen
45: 8.6875 * prenant
46: 8.625 * Apr
47: 8.625 * ла
48: 8.625 * evenly
49: 8.625 * jur
Total loss: 6.725349426269531 = MSE Loss: 0.16375139355659485, 5.0 * Sparsity Loss: 1.3123195171356201
Epoch: 0 batch_num: 6
0: 10.0625 * Jusqu
1: 9.9375 * asfalt
2: 9.8125 * legung
3: 9.75 * Rover
4: 9.75 * Stafford
5: 9.625 * Holland
6: 9.25 * Dokument
7: 8.625 * fauna
8: 8.5625 * tratare
9: 8.5 * niei
10: 8.375 * Treib
11: 8.1875 * Sicht
12: 8.1875 * FC
13: 8.125 * taire
14: 8.0625 * Brun
15: 8.0625 * individuel
16: 8.0 * Kann
17: 7.9375 * wenig
18: 7.71875 * Hum
19: 7.625 * thumbnail
20: 7.59375 * Morning
21: 7.59375 * ки
22: 7.5625 * Cand
23: 7.5625 * Pat
24: 7.53125 * dokument
25: 7.5 * bă
26: 7.40625 * Rin
27: 7.375 * Pitt
28: 7.21875 * Ki
29: 7.21875 * barkeit
30: 7.1875 * impresionant
31: 7.1875 * intr
32: 7.15625 * begging
33: 7.125 * doigt
34: 7.03125 * hum
35: 6.96875 * Dokumentation
36: 6.9375 * steht
37: 6.9375 * Qu
38: 6.9375 * Wirkung
39: 6.90625 * evenly
40: 6.875 * sympathetic
41: 6.875 * Apr
42: 6.84375 * aujourd
43: 6.84375 * stiff
44: 6.84375 * Simon
45: 6.8125 * local
46: 6.8125 * Cardiff
47: 6.8125 * PSD
48: 6.78125 * Wochen
49: 6.78125 * mon
Total loss: 5.867660999298096 = MSE Loss: 0.20463614165782928, 5.0 * Sparsity Loss: 1.132604956626892
Epoch: 0 batch_num: 7
0: 9.6875 * legung
1: 9.5625 * Rover
2: 9.4375 * Stafford
3: 9.4375 * Holland
4: 8.375 * niei
5: 8.3125 * Treib
6: 8.1875 * FC
7: 7.84375 * Dokument
8: 7.6875 * asfalt
9: 7.625 * Jusqu
10: 7.5 * tratare
11: 7.4375 * taire
12: 7.375 * begging
13: 7.34375 * West
14: 7.3125 * fauna
15: 7.28125 * Schraub
16: 7.1875 * STE
17: 7.1875 * gest
18: 7.0 * stiff
19: 7.0 * weil
20: 6.9375 * Sicht
21: 6.9375 * stimul
22: 6.9375 * sili
23: 6.9375 * curiosity
24: 6.90625 * hemo
25: 6.84375 * Schwe
26: 6.84375 * austausch
27: 6.84375 * Freddie
28: 6.8125 * impresionant
29: 6.8125 * ROI
30: 6.71875 * Coco
31: 6.71875 * Morning
32: 6.71875 * individuel
33: 6.6875 * ampered
34: 6.6875 * local
35: 6.65625 * bestimmte
36: 6.625 * AIS
37: 6.59375 * Pitt
38: 6.59375 * sensitivity
39: 6.5625 * mândr
40: 6.53125 * eed
41: 6.5 * gung
42: 6.46875 * thumbnail
43: 6.46875 * ţări
44: 6.46875 * Sfant
45: 6.46875 * Pat
46: 6.4375 * Colegi
47: 6.40625 * Dokumentation
48: 6.40625 * Simon
49: 6.34375 * dokument
Total loss: 5.756132125854492 = MSE Loss: 0.2786227762699127, 5.0 * Sparsity Loss: 1.0955018997192383
Epoch: 0 batch_num: 8
0: 10.1875 * legung
1: 9.4375 * Rover
2: 9.1875 * Holland
3: 8.625 * Stafford
4: 7.71875 * Coco
5: 7.6875 * Sh
6: 7.5 * Joy
7: 7.46875 * begging
8: 7.4375 * mândr
9: 7.40625 * FC
10: 7.34375 * Dokument
11: 7.34375 * bestimmte
12: 7.28125 * ROI
13: 7.25 * West
14: 7.21875 * STE
15: 7.1875 * Treib
16: 7.15625 * ţări
17: 7.125 * Freddie
18: 7.0625 * PR
19: 7.03125 * Schraub
20: 7.0 * gest
21: 6.96875 * stimul
22: 6.84375 * fauna
23: 6.71875 * hemo
24: 6.625 * sili
25: 6.5625 * Dokumentation
26: 6.53125 * Lor
27: 6.5 * eed
28: 6.5 * niei
29: 6.4375 * AIS
30: 6.4375 * ampered
31: 6.4375 * hock
32: 6.40625 * stiff
33: 6.375 * coco
34: 6.375 * Chic
35: 6.375 * curiosity
36: 6.28125 * Sicht
37: 6.28125 * side
38: 6.28125 * weil
39: 6.25 * Dixon
40: 6.25 * local
41: 6.1875 * asfalt
42: 6.15625 * Schwe
43: 6.15625 * Path
44: 6.09375 * WI
45: 6.0625 * austausch
46: 6.03125 * Pretty
47: 6.03125 * Colegi
48: 6.03125 * Compatible
49: 5.96875 * dokument
Total loss: 4.9595746994018555 = MSE Loss: 0.19724208116531372, 5.0 * Sparsity Loss: 0.9524664878845215
Epoch: 0 batch_num: 9
0: 10.5625 * legung
1: 9.625 * Rover
2: 9.0625 * Holland
3: 8.875 * PR
4: 8.1875 * Sh
5: 7.875 * mândr
6: 7.78125 * Joy
7: 7.65625 * Coco
8: 7.59375 * Stafford
9: 7.59375 * begging
10: 7.5625 * ţări
11: 7.53125 * bestimmte
12: 7.40625 * Path
13: 7.0 * CH
14: 7.0 * ROI
15: 6.96875 * Dokument
16: 6.84375 * clădiri
17: 6.78125 * pal
18: 6.75 * PA
19: 6.71875 * Dixon
20: 6.71875 * West
21: 6.59375 * Lor
22: 6.59375 * FC
23: 6.5625 * PR
24: 6.5625 * fauna
25: 6.46875 * Chic
26: 6.40625 * Freddie
27: 6.34375 * coco
28: 6.34375 * hock
29: 6.3125 * Dokumentation
30: 6.28125 * stimul
31: 6.25 * eed
32: 6.25 * gest
33: 6.25 * breath
34: 6.1875 * cion
35: 6.1875 * STE
36: 6.15625 * side
37: 6.09375 * separate
38: 6.0625 * Schraub
39: 6.03125 * WI
40: 6.03125 * passende
41: 5.96875 * Ch
42: 5.96875 * size
43: 5.9375 * Compatible
44: 5.90625 * Sicht
45: 5.90625 * Bark
46: 5.90625 * Size
47: 5.8125 * CH
48: 5.75 * sh
49: 5.71875 * dokument
Total loss: 3.933255195617676 = MSE Loss: 0.22698701918125153, 5.0 * Sparsity Loss: 0.7412536144256592
Epoch: 0 batch_num: 10
0: 10.375 * legung
1: 9.875 * Rover
2: 9.8125 * PR
3: 8.8125 * Holland
4: 8.1875 * Path
5: 8.125 * mândr
6: 7.90625 * begging
7: 7.40625 * ţări
8: 7.375 * Sh
9: 7.3125 * PR
10: 7.25 * Joy
11: 7.15625 * PA
12: 7.125 * CH
13: 7.03125 * clădiri
14: 7.0 * Dixon
15: 6.9375 * bestimmte
16: 6.84375 * pal
17: 6.84375 * Coco
18: 6.5625 * size
19: 6.4375 * Stafford
20: 6.40625 * cion
21: 6.375 * ROI
22: 6.34375 * Dokument
23: 6.21875 * West
24: 6.21875 * FC
25: 6.125 * fauna
26: 6.125 * Size
27: 6.09375 * breath
28: 5.90625 * eed
29: 5.875 * Chic
30: 5.875 * hock
31: 5.84375 * separate
32: 5.78125 * Lor
33: 5.75 * coco
34: 5.75 * Bark
35: 5.75 * side
36: 5.71875 * Ch
37: 5.59375 * Dokumentation
38: 5.59375 * droite
39: 5.5625 * Sicht
40: 5.5625 * MA
41: 5.46875 * CH
42: 5.46875 * belongs
43: 5.46875 * shocked
44: 5.4375 * misiei
45: 5.4375 * foster
46: 5.4375 * DAY
47: 5.40625 * passende
48: 5.40625 * St
49: 5.40625 * ST
Total loss: 3.0053749084472656 = MSE Loss: 0.15781810879707336, 5.0 * Sparsity Loss: 0.569511353969574
Epoch: 0 batch_num: 11
0: 10.0625 * PR
1: 10.0 * Rover
2: 9.6875 * legung
3: 8.4375 * Path
4: 8.3125 * Holland
5: 8.25 * begging
6: 8.125 * mândr
7: 7.5625 * PR
8: 7.3125 * PA
9: 6.96875 * Dixon
10: 6.90625 * ţări
11: 6.8125 * size
12: 6.625 * CH
13: 6.59375 * clădiri
14: 6.4375 * pal
15: 6.3125 * Joy
16: 6.3125 * cion
17: 6.21875 * FC
18: 6.1875 * Size
19: 6.125 * West
20: 5.96875 * bestimmte
21: 5.9375 * -3
22: 5.875 * Sh
23: 5.78125 * droite
24: 5.75 * Coco
25: 5.75 * AT
26: 5.71875 * misiei
27: 5.71875 * ROI
28: 5.65625 * path
29: 5.625 * breath
30: 5.59375 * Stafford
31: 5.59375 * eed
32: 5.59375 * Pitt
33: 5.5625 * Day
34: 5.53125 * fauna
35: 5.4375 * shocked
36: 5.4375 * DAY
37: 5.40625 * foster
38: 5.40625 * hock
39: 5.375 * side
40: 5.34375 * Weekend
41: 5.3125 * Dokument
42: 5.25 * St
43: 5.25 * ST
44: 5.21875 * Sicht
45: 5.21875 * Bark
46: 5.1875 * separate
47: 5.15625 * Yesterday
48: 5.15625 * Native
49: 5.125 * MA
Total loss: 2.4866228103637695 = MSE Loss: 0.1441468745470047, 5.0 * Sparsity Loss: 0.4684951901435852
Epoch: 0 batch_num: 12
0: 9.9375 * Rover
1: 9.9375 * PR
2: 8.625 * legung
3: 8.5 * Path
4: 8.5 * begging
5: 8.0625 * mândr
6: 7.71875 * Holland
7: 7.5 * PR
8: 7.375 * PA
9: 6.78125 * size
10: 6.6875 * Dixon
11: 6.4375 * -3
12: 6.40625 * West
13: 6.28125 * ţări
14: 6.28125 * FC
15: 6.09375 * CH
16: 6.09375 * cion
17: 6.0625 * path
18: 6.03125 * Size
19: 6.0 * pal
20: 6.0 * clădiri
21: 5.96875 * AT
22: 5.90625 * Pitt
23: 5.875 * Weekend
24: 5.6875 * misiei
25: 5.5625 * Around
26: 5.5625 * Native
27: 5.5625 * droite
28: 5.5625 * Day
29: 5.46875 * weekend
30: 5.34375 * shocked
31: 5.3125 * Yesterday
32: 5.28125 * foster
33: 5.28125 * Joy
34: 5.28125 * eed
35: 5.28125 * erstellt
36: 5.28125 * DAY
37: 5.15625 * ROI
38: 5.0625 * realizeaz
39: 5.03125 * breath
40: 5.0 * Madison
41: 5.0 * side
42: 5.0 * BS
43: 4.96875 * ST
44: 4.9375 * Side
45: 4.9375 * assistant
46: 4.90625 * Stafford
47: 4.875 * bestimmte
48: 4.84375 * Coco
49: 4.84375 * hock
Total loss: 2.303257703781128 = MSE Loss: 0.2598114013671875, 5.0 * Sparsity Loss: 0.4086892604827881
Epoch: 0 batch_num: 13
0: 9.6875 * PR
1: 9.5625 * Rover
2: 8.5625 * begging
3: 8.4375 * Path
4: 7.90625 * mândr
5: 7.59375 * legung
6: 7.40625 * PA
7: 7.375 * PR
8: 7.0625 * Holland
9: 6.75 * -3
10: 6.53125 * size
11: 6.5 * West
12: 6.375 * Weekend
13: 6.28125 * Around
14: 6.1875 * path
15: 6.1875 * FC
16: 6.15625 * weekend
17: 6.125 * Dixon
18: 6.09375 * Pitt
19: 6.0 * AT
20: 5.90625 * Native
21: 5.75 * Licensed
22: 5.71875 * cion
23: 5.65625 * pal
24: 5.65625 * ţări
25: 5.65625 * erstellt
26: 5.65625 * Day
27: 5.625 * CH
28: 5.5625 * Size
29: 5.53125 * misiei
30: 5.5 * Yesterday
31: 5.4375 * clădiri
32: 5.375 * BS
33: 5.34375 * realizeaz
34: 5.3125 * guest
35: 5.25 * Ho
36: 5.21875 * Guest
37: 5.125 * shocked
38: 5.125 * DAY
39: 5.09375 * droite
40: 5.0625 * Madison
41: 5.03125 * Pat
42: 5.0 * foster
43: 4.9375 * eed
44: 4.875 * Brown
45: 4.875 * din
46: 4.84375 * assistant
47: 4.71875 * ready
48: 4.65625 * morning
49: 4.65625 * Side
Total loss: 1.9302021265029907 = MSE Loss: 0.17097125947475433, 5.0 * Sparsity Loss: 0.3518461585044861
Epoch: 0 batch_num: 14
0: 9.5 * PR
1: 9.0625 * Rover
2: 8.5625 * begging
3: 8.25 * Path
4: 7.65625 * mândr
5: 7.46875 * PA
6: 7.125 * PR
7: 6.875 * -3
8: 6.84375 * Around
9: 6.78125 * Licensed
10: 6.71875 * Weekend
11: 6.65625 * legung
12: 6.65625 * weekend
13: 6.46875 * Holland
14: 6.46875 * West
15: 6.21875 * size
16: 6.15625 * AT
17: 6.125 * path
18: 6.125 * Native
19: 6.125 * Pitt
20: 5.96875 * FC
21: 5.84375 * guest
22: 5.75 * Day
23: 5.65625 * BS
24: 5.65625 * Guest
25: 5.625 * erstellt
26: 5.53125 * Yesterday
27: 5.53125 * realizeaz
28: 5.5 * Dixon
29: 5.4375 * pal
30: 5.40625 * Ho
31: 5.375 * cion
32: 5.3125 * CH
33: 5.3125 * misiei
34: 5.21875 * morning
35: 5.125 * Madison
36: 5.0625 * clădiri
37: 5.03125 * ţări
38: 5.0 * DAY
39: 5.0 * Size
40: 4.96875 * Brown
41: 4.96875 * Pat
42: 4.875 * ready
43: 4.875 * shocked
44: 4.75 * foster
45: 4.75 * assistant
46: 4.71875 * miere
47: 4.65625 * Do
48: 4.625 * eed
49: 4.59375 * Walking
Total loss: 1.781264305114746 = MSE Loss: 0.29377374053001404, 5.0 * Sparsity Loss: 0.29749810695648193
Epoch: 0 batch_num: 15
0: 9.4375 * PR
1: 8.5 * Rover
2: 8.4375 * begging
3: 8.0 * Path
4: 7.53125 * PA
5: 7.5 * Licensed
6: 7.46875 * mândr
7: 7.09375 * Around
8: 7.0625 * weekend
9: 7.03125 * Weekend
10: 6.96875 * -3
11: 6.875 * PR
12: 6.4375 * West
13: 6.3125 * guest
14: 6.21875 * Native
15: 6.21875 * AT
16: 5.96875 * Holland
17: 5.96875 * Pitt
18: 5.9375 * Guest
19: 5.9375 * size
20: 5.90625 * path
21: 5.90625 * BS
22: 5.84375 * legung
23: 5.84375 * Day
24: 5.71875 * morning
25: 5.625 * FC
26: 5.5625 * realizeaz
27: 5.5 * Yesterday
28: 5.375 * pal
29: 5.375 * erstellt
30: 5.25 * Ho
31: 5.21875 * Madison
32: 5.1875 * CH
33: 5.09375 * Brown
34: 5.0625 * misiei
35: 5.0625 * miere
36: 5.03125 * cion
37: 4.96875 * ready
38: 4.90625 * clădiri
39: 4.90625 * DAY
40: 4.8125 * Do
41: 4.78125 * Dixon
42: 4.71875 * Pat
43: 4.71875 * assistant
44: 4.59375 * shocked
45: 4.5625 * Possibly
46: 4.5 * Ferr
47: 4.5 * ţări
48: 4.4375 * Size
49: 4.40625 * foster
Total loss: 1.4663589000701904 = MSE Loss: 0.2311079353094101, 5.0 * Sparsity Loss: 0.2470501810312271
Epoch: 0 batch_num: 16
0: 9.3125 * PR
1: 8.1875 * begging
2: 8.0 * Licensed
3: 7.9375 * Rover
4: 7.84375 * Path
5: 7.5625 * PA
6: 7.4375 * mândr
7: 7.40625 * weekend
8: 7.34375 * Weekend
9: 7.125 * Around
10: 7.09375 * -3
11: 6.625 * guest
12: 6.59375 * PR
13: 6.28125 * West
14: 6.1875 * Native
15: 6.15625 * Guest
16: 6.125 * morning
17: 6.09375 * AT
18: 6.03125 * BS
19: 5.9375 * Day
20: 5.75 * Pitt
21: 5.75 * size
22: 5.6875 * path
23: 5.53125 * realizeaz
24: 5.4375 * Yesterday
25: 5.4375 * Holland
26: 5.40625 * pal
27: 5.3125 * miere
28: 5.3125 * Madison
29: 5.21875 * Brown
30: 5.21875 * FC
31: 5.1875 * legung
32: 5.1875 * CH
33: 5.03125 * Walk
34: 5.03125 * ready
35: 4.96875 * erstellt
36: 4.875 * clădiri
37: 4.84375 * Ho
38: 4.8125 * misiei
39: 4.8125 * DAY
40: 4.78125 * cion
41: 4.78125 * assistant
42: 4.71875 * Do
43: 4.59375 * Possibly
44: 4.53125 * day
45: 4.40625 * Pat
46: 4.375 * Ready
47: 4.375 * hosted
48: 4.34375 * </s>
49: 4.3125 * Ferr
Total loss: 1.2620093822479248 = MSE Loss: 0.22383886575698853, 5.0 * Sparsity Loss: 0.2076340913772583
Epoch: 0 batch_num: 17
0: 9.25 * PR
1: 8.3125 * Licensed
2: 7.9375 * begging
3: 7.75 * Path
4: 7.5625 * weekend
5: 7.53125 * Weekend
6: 7.46875 * PA
7: 7.4375 * mândr
8: 7.40625 * Rover
9: 7.15625 * -3
10: 6.96875 * Around
11: 6.875 * guest
12: 6.40625 * PR
13: 6.21875 * morning
14: 6.21875 * Guest
15: 6.15625 * BS
16: 6.09375 * Native
17: 6.0 * West
18: 5.96875 * Day
19: 5.78125 * AT
20: 5.625 * Walk
21: 5.59375 * path
22: 5.5 * Pitt
23: 5.46875 * miere
24: 5.46875 * realizeaz
25: 5.4375 * size
26: 5.375 * pal
27: 5.34375 * Madison
28: 5.3125 * Brown
29: 5.25 * Yesterday
30: 5.1875 * CH
31: 5.125 * ready
32: 4.96875 * Holland
33: 4.9375 * clădiri
34: 4.90625 * FC
35: 4.90625 * assistant
36: 4.71875 * DAY
37: 4.625 * Do
38: 4.59375 * legung
39: 4.59375 * day
40: 4.5625 * misiei
41: 4.5625 * misiune
42: 4.5625 * Possibly
43: 4.5625 * erstellt
44: 4.53125 * cion
45: 4.4375 * Ho
46: 4.4375 * hosted
47: 4.40625 * Ready
48: 4.375 * coming
49: 4.375 * </s>
Total loss: 1.1245994567871094 = MSE Loss: 0.22541183233261108, 5.0 * Sparsity Loss: 0.17983752489089966
Epoch: 0 batch_num: 18
0: 9.1875 * PR
1: 8.5 * Licensed
2: 7.6875 * Path
3: 7.59375 * weekend
4: 7.59375 * Weekend
5: 7.59375 * begging
6: 7.5 * mândr
7: 7.375 * PA
8: 7.125 * -3
9: 7.0625 * guest
10: 6.9375 * Rover
11: 6.6875 * Around
12: 6.28125 * morning
13: 6.25 * PR
14: 6.25 * BS
15: 6.25 * Guest
16: 6.09375 * Walk
17: 6.03125 * Day
18: 5.9375 * Native
19: 5.84375 * West
20: 5.5625 * path
21: 5.53125 * miere
22: 5.46875 * realizeaz
23: 5.34375 * pal
24: 5.34375 * Brown
25: 5.3125 * Madison
26: 5.3125 * Pitt
27: 5.28125 * AT
28: 5.25 * ready
29: 5.1875 * CH
30: 5.0625 * size
31: 5.0 * assistant
32: 5.0 * clădiri
33: 4.96875 * Yesterday
34: 4.875 * misiune
35: 4.65625 * FC
36: 4.625 * day
37: 4.59375 * DAY
38: 4.5625 * Holland
39: 4.46875 * Do
40: 4.46875 * Possibly
41: 4.4375 * Ch
42: 4.4375 * Ready
43: 4.4375 * coming
44: 4.375 * </s>
45: 4.34375 * misiei
46: 4.34375 * Coming
47: 4.34375 * hosted
48: 4.34375 * outdoors
49: 4.3125 * surrounding
Total loss: 0.9462701082229614 = MSE Loss: 0.16354331374168396, 5.0 * Sparsity Loss: 0.15654535591602325
Epoch: 0 batch_num: 19
0: 9.125 * PR
1: 8.625 * Licensed
2: 7.65625 * mândr
3: 7.59375 * Weekend
4: 7.59375 * Path
5: 7.53125 * weekend
6: 7.28125 * PA
7: 7.25 * begging
8: 7.15625 * guest
9: 7.0625 * -3
10: 6.5 * Rover
11: 6.40625 * Walk
12: 6.34375 * Around
13: 6.34375 * BS
14: 6.1875 * Guest
15: 6.15625 * PR
16: 6.125 * morning
17: 6.03125 * Day
18: 5.71875 * Native
19: 5.6875 * West
20: 5.5625 * miere
21: 5.46875 * path
22: 5.46875 * realizeaz
23: 5.40625 * ready
24: 5.375 * Brown
25: 5.3125 * pal
26: 5.21875 * Madison
27: 5.125 * CH
28: 5.125 * Pitt
29: 5.09375 * misiune
30: 5.09375 * assistant
31: 5.0625 * clădiri
32: 4.6875 * AT
33: 4.65625 * Yesterday
34: 4.65625 * size
35: 4.625 * outdoors
36: 4.59375 * Ch
37: 4.5 * Ready
38: 4.5 * FC
39: 4.5 * day
40: 4.4375 * coming
41: 4.4375 * DAY
42: 4.34375 * </s>
43: 4.3125 * Coming
44: 4.3125 * Do
45: 4.28125 * Possibly
46: 4.28125 * Pe
47: 4.25 * Holland
48: 4.21875 * Ma
49: 4.21875 * alert
Total loss: 1.005906343460083 = MSE Loss: 0.31042706966400146, 5.0 * Sparsity Loss: 0.13909584283828735
Epoch: 0 batch_num: 20
0: 9.0 * PR
1: 8.6875 * Licensed
2: 7.8125 * mândr
3: 7.59375 * Weekend
4: 7.46875 * Path
5: 7.375 * weekend
6: 7.1875 * guest
7: 7.09375 * PA
8: 6.96875 * begging
9: 6.9375 * -3
10: 6.625 * Walk
11: 6.375 * BS
12: 6.15625 * Rover
13: 6.125 * Guest
14: 6.0 * PR
15: 6.0 * Day
16: 5.9375 * Around
17: 5.90625 * morning
18: 5.59375 * West
19: 5.5625 * miere
20: 5.5 * ready
21: 5.46875 * Native
22: 5.46875 * realizeaz
23: 5.34375 * path
24: 5.3125 * Brown
25: 5.25 * misiune
26: 5.1875 * pal
27: 5.15625 * clădiri
28: 5.125 * assistant
29: 5.03125 * CH
30: 4.96875 * Madison
31: 4.96875 * Pitt
32: 4.8125 * outdoors
33: 4.65625 * Ch
34: 4.53125 * Ready
35: 4.5 * Dog
36: 4.40625 * FC
37: 4.375 * Yesterday
38: 4.375 * size
39: 4.34375 * coming
40: 4.34375 * day
41: 4.3125 * alert
42: 4.3125 * DAY
43: 4.3125 * Pe
44: 4.28125 * Coming
45: 4.28125 * </s>
46: 4.15625 * Do
47: 4.125 * Possibly
48: 4.09375 * Ma
49: 4.09375 * Do
Total loss: 0.8641524314880371 = MSE Loss: 0.23869451880455017, 5.0 * Sparsity Loss: 0.1250915825366974
Epoch: 0 batch_num: 21
0: 8.9375 * PR
1: 8.8125 * Licensed
2: 7.90625 * mândr
3: 7.5625 * Weekend
4: 7.375 * Path
5: 7.21875 * weekend
6: 7.1875 * guest
7: 6.875 * PA
8: 6.875 * -3
9: 6.84375 * begging
10: 6.65625 * Walk
11: 6.375 * BS
12: 6.0625 * Guest
13: 6.0 * Day
14: 5.9375 * PR
15: 5.875 * Rover
16: 5.6875 * morning
17: 5.625 * Around
18: 5.59375 * ready
19: 5.59375 * West
20: 5.5 * miere
21: 5.46875 * realizeaz
22: 5.4375 * misiune
23: 5.25 * path
24: 5.21875 * Native
25: 5.1875 * Brown
26: 5.15625 * clădiri
27: 5.09375 * assistant
28: 5.0625 * pal
29: 4.90625 * outdoors
30: 4.875 * CH
31: 4.8125 * Dog
32: 4.8125 * Pitt
33: 4.6875 * Madison
34: 4.59375 * Ch
35: 4.5625 * Ready
36: 4.375 * FC
37: 4.34375 * coming
38: 4.3125 * alert
39: 4.28125 * Coming
40: 4.25 * Pe
41: 4.21875 * </s>
42: 4.15625 * day
43: 4.15625 * DAY
44: 4.15625 * size
45: 4.125 * Yesterday
46: 4.125 * legs
47: 4.0625 * broader
48: 4.0625 * Do
49: 4.03125 * Forward
Total loss: 0.8544930219650269 = MSE Loss: 0.2986114025115967, 5.0 * Sparsity Loss: 0.11117632687091827
Epoch: 0 batch_num: 22
0: 8.875 * Licensed
1: 8.75 * PR
2: 7.9375 * mândr
3: 7.5625 * Weekend
4: 7.25 * Path
5: 7.21875 * guest
6: 7.125 * weekend
7: 6.84375 * -3
8: 6.75 * begging
9: 6.625 * PA
10: 6.59375 * Walk
11: 6.3125 * BS
12: 6.03125 * Guest
13: 5.96875 * Day
14: 5.8125 * PR
15: 5.625 * Rover
16: 5.625 * morning
17: 5.625 * West
18: 5.59375 * misiune
19: 5.5 * ready
20: 5.5 * realizeaz
21: 5.4375 * miere
22: 5.3125 * Around
23: 5.15625 * path
24: 5.125 * clădiri
25: 5.09375 * assistant
26: 5.03125 * Brown
27: 5.0 * Native
28: 4.96875 * outdoors
29: 4.875 * Dog
30: 4.84375 * pal
31: 4.75 * Pitt
32: 4.625 * CH
33: 4.53125 * Ready
34: 4.46875 * FC
35: 4.40625 * Ch
36: 4.40625 * Madison
37: 4.375 * coming
38: 4.34375 * Coming
39: 4.28125 * alert
40: 4.1875 * </s>
41: 4.1875 * legs
42: 4.125 * Do
43: 4.09375 * broader
44: 4.0625 * Forward
45: 4.0625 * Pe
46: 4.03125 * DAY
47: 4.0 * day
48: 3.96875 * Yesterday
49: 3.96875 * Do
Total loss: 0.7330890893936157 = MSE Loss: 0.23144027590751648, 5.0 * Sparsity Loss: 0.10032977163791656
Epoch: 0 batch_num: 23
0: 8.9375 * Licensed
1: 8.5 * PR
2: 7.90625 * mândr
3: 7.59375 * Weekend
4: 7.21875 * guest
5: 7.125 * Path
6: 7.09375 * weekend
7: 6.8125 * -3
8: 6.6875 * begging
9: 6.46875 * Walk
10: 6.40625 * PA
11: 6.25 * BS
12: 6.03125 * Guest
13: 5.96875 * Day
14: 5.75 * PR
15: 5.71875 * misiune
16: 5.6875 * West
17: 5.59375 * morning
18: 5.5625 * realizeaz
19: 5.40625 * miere
20: 5.375 * Rover
21: 5.375 * ready
22: 5.09375 * clădiri
23: 5.0625 * path
24: 5.03125 * Around
25: 5.03125 * assistant
26: 5.0 * outdoors
27: 4.90625 * Brown
28: 4.8125 * Dog
29: 4.78125 * Native
30: 4.625 * pal
31: 4.625 * Pitt
32: 4.53125 * FC
33: 4.5 * Ready
34: 4.4375 * coming
35: 4.40625 * Coming
36: 4.34375 * CH
37: 4.25 * alert
38: 4.1875 * Madison
39: 4.1875 * Do
40: 4.1875 * legs
41: 4.15625 * Ch
42: 4.15625 * </s>
43: 4.09375 * broader
44: 4.03125 * Forward
45: 4.03125 * actiuni
46: 4.0 * Walking
47: 3.96875 * Outdoor
48: 3.9375 * Do
49: 3.921875 * DAY
Total loss: 0.6822125911712646 = MSE Loss: 0.22546134889125824, 5.0 * Sparsity Loss: 0.0913502424955368
Epoch: 0 batch_num: 24
0: 9.0 * Licensed
1: 8.25 * PR
2: 7.8125 * mândr
3: 7.5625 * Weekend
4: 7.1875 * guest
5: 7.0 * weekend
6: 6.875 * Path
7: 6.78125 * -3
8: 6.65625 * begging
9: 6.40625 * Walk
10: 6.125 * PA
11: 6.09375 * BS
12: 5.96875 * Guest
13: 5.9375 * Day
14: 5.8125 * misiune
15: 5.71875 * West
16: 5.6875 * PR
17: 5.65625 * realizeaz
18: 5.59375 * morning
19: 5.34375 * miere
20: 5.28125 * ready
21: 5.21875 * Rover
22: 5.0625 * clădiri
23: 5.03125 * outdoors
24: 5.03125 * assistant
25: 4.875 * path
26: 4.84375 * Around
27: 4.8125 * Brown
28: 4.6875 * Dog
29: 4.6875 * FC
30: 4.59375 * Native
31: 4.5625 * Pitt
32: 4.5 * coming
33: 4.46875 * Ready
34: 4.46875 * Coming
35: 4.4375 * pal
36: 4.28125 * Do
37: 4.25 * alert
38: 4.1875 * ST
39: 4.15625 * broader
40: 4.15625 * legs
41: 4.125 * actiuni
42: 4.09375 * CH
43: 4.09375 * </s>
44: 4.03125 * Walking
45: 4.0 * Outdoor
46: 4.0 * ized
47: 3.984375 * Forward
48: 3.984375 * Madison
49: 3.921875 * Do
Total loss: 0.7306244373321533 = MSE Loss: 0.3160867989063263, 5.0 * Sparsity Loss: 0.0829075276851654
Epoch: 0 batch_num: 25
0: 9.0 * Licensed
1: 8.0 * PR
2: 7.75 * mândr
3: 7.4375 * Weekend
4: 7.125 * guest
5: 6.84375 * weekend
6: 6.78125 * -3
7: 6.6875 * begging
8: 6.59375 * Path
9: 6.46875 * Walk
10: 5.90625 * BS
11: 5.90625 * West
12: 5.875 * misiune
13: 5.875 * Guest
14: 5.84375 * Day
15: 5.8125 * PA
16: 5.8125 * realizeaz
17: 5.5625 * PR
18: 5.5625 * morning
19: 5.28125 * miere
20: 5.15625 * ready
21: 5.09375 * Rover
22: 5.0 * outdoors
23: 5.0 * assistant
24: 5.0 * clădiri
25: 4.84375 * FC
26: 4.75 * ST
27: 4.71875 * Brown
28: 4.65625 * path
29: 4.625 * Around
30: 4.59375 * coming
31: 4.59375 * Pitt
32: 4.46875 * Dog
33: 4.46875 * Coming
34: 4.4375 * Ready
35: 4.4375 * Native
36: 4.375 * Do
37: 4.25 * ized
38: 4.21875 * pal
39: 4.21875 * alert
40: 4.21875 * actiuni
41: 4.15625 * broader
42: 4.0625 * </s>
43: 4.0625 * legs
44: 4.0 * Outdoor
45: 3.9375 * distance
46: 3.921875 * Walking
47: 3.921875 * Forward
48: 3.921875 * Do
49: 3.890625 * Walk
Total loss: 0.6261115074157715 = MSE Loss: 0.24340704083442688, 5.0 * Sparsity Loss: 0.07654088735580444
Epoch: 0 batch_num: 26
0: 8.9375 * Licensed
1: 7.78125 * PR
2: 7.65625 * mândr
3: 7.3125 * Weekend
4: 7.09375 * guest
5: 6.8125 * -3
6: 6.71875 * begging
7: 6.6875 * weekend
8: 6.5 * Walk
9: 6.375 * Path
10: 5.9375 * realizeaz
11: 5.90625 * misiune
12: 5.875 * West
13: 5.84375 * Guest
14: 5.75 * Day
15: 5.6875 * BS
16: 5.5625 * morning
17: 5.5 * PA
18: 5.4375 * PR
19: 5.25 * miere
20: 5.15625 * ST
21: 5.0625 * ready
22: 5.0 * outdoors
23: 4.96875 * Rover
24: 4.96875 * assistant
25: 4.96875 * clădiri
26: 4.9375 * FC
27: 4.65625 * coming
28: 4.65625 * Brown
29: 4.53125 * Pitt
30: 4.46875 * Do
31: 4.46875 * path
32: 4.4375 * Coming
33: 4.40625 * Around
34: 4.40625 * Ready
35: 4.40625 * ized
36: 4.28125 * Dog
37: 4.28125 * actiuni
38: 4.28125 * Native
39: 4.1875 * broader
40: 4.1875 * alert
41: 4.0625 * pal
42: 4.03125 * legs
43: 4.0 * </s>
44: 3.984375 * Outdoor
45: 3.953125 * Walk
46: 3.953125 * distance
47: 3.9375 * Do
48: 3.890625 * Walking
49: 3.828125 * Forward
Total loss: 0.5521891713142395 = MSE Loss: 0.19649115204811096, 5.0 * Sparsity Loss: 0.07113960385322571
Epoch: 0 batch_num: 27
0: 8.8125 * Licensed
1: 7.625 * mândr
2: 7.5625 * PR
3: 7.1875 * Weekend
4: 7.03125 * guest
5: 6.8125 * -3
6: 6.75 * begging
7: 6.59375 * weekend
8: 6.46875 * Walk
9: 6.25 * Path
10: 6.03125 * realizeaz
11: 5.9375 * misiune
12: 5.78125 * Guest
13: 5.71875 * West
14: 5.6875 * morning
15: 5.6875 * Day
16: 5.4375 * BS
17: 5.40625 * ST
18: 5.34375 * PR
19: 5.25 * PA
20: 5.1875 * miere
21: 5.0 * ready
22: 4.96875 * FC
23: 4.96875 * outdoors
24: 4.90625 * clădiri
25: 4.875 * assistant
26: 4.8125 * Rover
27: 4.71875 * coming
28: 4.625 * Brown
29: 4.5625 * Do
30: 4.46875 * Coming
31: 4.4375 * Pitt
32: 4.4375 * ized
33: 4.375 * Ready
34: 4.34375 * path
35: 4.28125 * actiuni
36: 4.25 * Around
37: 4.15625 * Dog
38: 4.15625 * alert
39: 4.125 * broader
40: 4.09375 * Native
41: 4.0 * legs
42: 3.96875 * </s>
43: 3.96875 * Outdoor
44: 3.96875 * size
45: 3.953125 * distance
46: 3.9375 * Walk
47: 3.9375 * Do
48: 3.921875 * Walking
49: 3.90625 * pal
Total loss: 0.5767033696174622 = MSE Loss: 0.2468450516462326, 5.0 * Sparsity Loss: 0.06597165763378143
Epoch: 0 batch_num: 28
0: 8.75 * Licensed
1: 7.625 * mândr
2: 7.40625 * PR
3: 7.09375 * Weekend
4: 7.0 * guest
5: 6.84375 * -3
6: 6.8125 * begging
7: 6.5 * weekend
8: 6.46875 * Walk
9: 6.15625 * Path
10: 6.0625 * realizeaz
11: 5.9375 * misiune
12: 5.78125 * morning
13: 5.75 * Guest
14: 5.59375 * Day
15: 5.53125 * West
16: 5.5 * ST
17: 5.25 * PR
18: 5.25 * BS
19: 5.1875 * miere
20: 5.03125 * PA
21: 4.96875 * ready
22: 4.96875 * outdoors
23: 4.9375 * FC
24: 4.875 * clădiri
25: 4.78125 * assistant
26: 4.75 * coming
27: 4.6875 * Rover
28: 4.65625 * Brown
29: 4.65625 * Do
30: 4.46875 * Coming
31: 4.40625 * ized
32: 4.375 * Ready
33: 4.3125 * Pitt
34: 4.28125 * path
35: 4.28125 * actiuni
36: 4.1875 * Around
37: 4.15625 * Dog
38: 4.125 * Pa
39: 4.125 * size
40: 4.09375 * alert
41: 4.09375 * legs
42: 4.0625 * broader
43: 3.96875 * Do
44: 3.953125 * Walking
45: 3.953125 * Outdoor
46: 3.953125 * distance
47: 3.9375 * Walk
48: 3.9375 * </s>
49: 3.9375 * Native
Total loss: 0.5895458459854126 = MSE Loss: 0.28015875816345215, 5.0 * Sparsity Loss: 0.06187742203474045
Epoch: 0 batch_num: 29
0: 8.6875 * Licensed
1: 7.59375 * mândr
2: 7.1875 * PR
3: 7.0 * Weekend
4: 6.9375 * guest
5: 6.90625 * -3
6: 6.8125 * begging
7: 6.5 * Walk
8: 6.375 * weekend
9: 6.0625 * Path
10: 6.0625 * realizeaz
11: 5.96875 * misiune
12: 5.8125 * morning
13: 5.71875 * Guest
14: 5.625 * ST
15: 5.53125 * Day
16: 5.375 * West
17: 5.1875 * PR
18: 5.15625 * miere
19: 5.0625 * BS
20: 4.96875 * ready
21: 4.9375 * FC
22: 4.9375 * outdoors
23: 4.875 * PA
24: 4.84375 * clădiri
25: 4.78125 * coming
26: 4.75 * Do
27: 4.6875 * Brown
28: 4.6875 * assistant
29: 4.5625 * Rover
30: 4.46875 * Coming
31: 4.375 * Ready
32: 4.375 * ized
33: 4.3125 * Pa
34: 4.21875 * Dog
35: 4.21875 * actiuni
36: 4.21875 * size
37: 4.1875 * path
38: 4.1875 * Pitt
39: 4.125 * legs
40: 4.09375 * Around
41: 4.03125 * broader
42: 4.03125 * alert
43: 3.984375 * Do
44: 3.96875 * Walk
45: 3.953125 * distance
46: 3.9375 * Walking
47: 3.9375 * </s>
48: 3.875 * Outdoor
49: 3.796875 * Native
Total loss: 0.5123334527015686 = MSE Loss: 0.2212238907814026, 5.0 * Sparsity Loss: 0.05822191387414932
Epoch: 0 batch_num: 30
0: 8.6875 * Licensed
1: 7.5625 * mândr
2: 7.09375 * PR
3: 6.90625 * Weekend
4: 6.90625 * guest
5: 6.90625 * -3
6: 6.8125 * begging
7: 6.5 * Walk
8: 6.28125 * weekend
9: 6.0625 * realizeaz
10: 5.96875 * misiune
11: 5.96875 * Path
12: 5.84375 * morning
13: 5.75 * Guest
14: 5.71875 * ST
15: 5.46875 * Day
16: 5.1875 * West
17: 5.15625 * PR
18: 5.125 * miere
19: 4.9375 * outdoors
20: 4.90625 * ready
21: 4.90625 * BS
22: 4.84375 * FC
23: 4.8125 * coming
24: 4.78125 * Do
25: 4.78125 * clădiri
26: 4.71875 * Brown
27: 4.71875 * PA
28: 4.5625 * assistant
29: 4.46875 * Dog
30: 4.46875 * Coming
31: 4.4375 * Pa
32: 4.40625 * Rover
33: 4.40625 * ized
34: 4.34375 * Ready
35: 4.25 * size
36: 4.1875 * actiuni
37: 4.1875 * legs
38: 4.125 * path
39: 4.09375 * Pitt
40: 4.0625 * Around
41: 4.03125 * Walking
42: 4.03125 * broader
43: 3.984375 * alert
44: 3.96875 * Do
45: 3.96875 * distance
46: 3.953125 * Walk
47: 3.953125 * </s>
48: 3.828125 * Outdoor
49: 3.765625 * Boston
Total loss: 0.4882281720638275 = MSE Loss: 0.2147218883037567, 5.0 * Sparsity Loss: 0.05470125377178192
Epoch: 0 batch_num: 31
0: 8.625 * Licensed
1: 7.5 * mândr
2: 7.03125 * PR
3: 6.875 * guest
4: 6.8125 * -3
5: 6.78125 * Weekend
6: 6.71875 * begging
7: 6.53125 * Walk
8: 6.1875 * weekend
9: 6.03125 * realizeaz
10: 5.96875 * misiune
11: 5.90625 * Path
12: 5.84375 * morning
13: 5.78125 * Guest
14: 5.71875 * ST
15: 5.4375 * Day
16: 5.15625 * PR
17: 5.09375 * miere
18: 5.0 * West
19: 4.96875 * outdoors
20: 4.875 * ready
21: 4.84375 * Brown
22: 4.84375 * BS
23: 4.78125 * coming
24: 4.78125 * Do
25: 4.75 * FC
26: 4.75 * clădiri
27: 4.6875 * Dog
28: 4.6875 * PA
29: 4.46875 * Pa
30: 4.46875 * ized
31: 4.46875 * assistant
32: 4.4375 * Coming
33: 4.28125 * Rover
34: 4.28125 * Ready
35: 4.25 * legs
36: 4.1875 * size
37: 4.125 * actiuni
38: 4.0625 * Around
39: 4.0625 * path
40: 4.03125 * Walk
41: 4.03125 * broader
42: 4.03125 * Pitt
43: 3.96875 * Walking
44: 3.96875 * distance
45: 3.953125 * </s>
46: 3.9375 * Do
47: 3.921875 * alert
48: 3.8125 * Boston
49: 3.796875 * RT
Total loss: 0.44275739789009094 = MSE Loss: 0.18424871563911438, 5.0 * Sparsity Loss: 0.05170173943042755
Epoch: 0 batch_num: 32
0: 8.5625 * Licensed
1: 7.4375 * mândr
2: 7.0 * PR
3: 6.8125 * guest
4: 6.625 * Walk
5: 6.625 * Weekend
6: 6.625 * begging
7: 6.625 * -3
8: 6.03125 * weekend
9: 6.0 * realizeaz
10: 5.9375 * misiune
11: 5.875 * Path
12: 5.8125 * morning
13: 5.75 * Guest
14: 5.71875 * ST
15: 5.375 * Day
16: 5.125 * PR
17: 5.03125 * miere
18: 4.96875 * outdoors
19: 4.90625 * ready
20: 4.90625 * Brown
21: 4.875 * Dog
22: 4.84375 * West
23: 4.78125 * BS
24: 4.75 * Do
25: 4.71875 * coming
26: 4.71875 * clădiri
27: 4.65625 * PA
28: 4.65625 * FC
29: 4.53125 * ized
30: 4.5 * Pa
31: 4.375 * Coming
32: 4.34375 * assistant
33: 4.28125 * legs
34: 4.25 * Ready
35: 4.1875 * Rover
36: 4.125 * Walk
37: 4.09375 * actiuni
38: 4.09375 * size
39: 4.03125 * broader
40: 4.03125 * Around
41: 4.0 * path
42: 3.984375 * </s>
43: 3.984375 * Pitt
44: 3.953125 * distance
45: 3.890625 * Do
46: 3.875 * Walking
47: 3.875 * alert
48: 3.84375 * Boston
49: 3.828125 * RT
Total loss: 0.46562105417251587 = MSE Loss: 0.2227465808391571, 5.0 * Sparsity Loss: 0.04857489839196205
Epoch: 0 batch_num: 33
0: 8.5625 * Licensed
1: 7.40625 * mândr
2: 6.9375 * PR
3: 6.78125 * guest
4: 6.6875 * Walk
5: 6.53125 * Weekend
6: 6.53125 * begging
7: 6.5 * -3
8: 5.96875 * weekend
9: 5.9375 * misiune
10: 5.9375 * realizeaz
11: 5.8125 * Path
12: 5.75 * morning
13: 5.75 * Guest
14: 5.75 * ST
15: 5.34375 * Day
16: 5.15625 * PR
17: 5.0625 * Dog
18: 5.03125 * miere
19: 4.96875 * Brown
20: 4.96875 * outdoors
21: 4.9375 * ready
22: 4.8125 * BS
23: 4.78125 * West
24: 4.75 * Do
25: 4.6875 * PA
26: 4.6875 * clădiri
27: 4.59375 * coming
28: 4.59375 * ized
29: 4.53125 * FC
30: 4.46875 * Pa
31: 4.375 * legs
32: 4.28125 * Coming
33: 4.25 * Ready
34: 4.21875 * Walk
35: 4.21875 * assistant
36: 4.09375 * Rover
37: 4.0625 * actiuni
38: 4.03125 * broader
39: 4.0 * </s>
40: 3.96875 * distance
41: 3.96875 * size
42: 3.9375 * path
43: 3.921875 * Around
44: 3.890625 * Pitt
45: 3.859375 * RT
46: 3.84375 * Do
47: 3.828125 * Boston
48: 3.796875 * alert
49: 3.71875 * Outdoor
Total loss: 0.44658783078193665 = MSE Loss: 0.21830733120441437, 5.0 * Sparsity Loss: 0.045656099915504456
Epoch: 0 batch_num: 34
0: 8.5625 * Licensed
1: 7.40625 * mândr
2: 6.9375 * PR
3: 6.8125 * guest
4: 6.75 * Walk
5: 6.53125 * Weekend
6: 6.46875 * begging
7: 6.34375 * -3
8: 5.96875 * weekend
9: 5.96875 * misiune
10: 5.84375 * realizeaz
11: 5.75 * Path
12: 5.75 * Guest
13: 5.75 * ST
14: 5.6875 * morning
15: 5.28125 * Day
16: 5.25 * Dog
17: 5.15625 * PR
18: 5.0 * Brown
19: 5.0 * outdoors
20: 4.96875 * miere
21: 4.9375 * ready
22: 4.84375 * BS
23: 4.78125 * Do
24: 4.75 * West
25: 4.71875 * PA
26: 4.6875 * ized
27: 4.6875 * clădiri
28: 4.53125 * coming
29: 4.5 * Pa
30: 4.40625 * legs
31: 4.40625 * FC
32: 4.25 * Walk
33: 4.21875 * Ready
34: 4.1875 * Coming
35: 4.09375 * </s>
36: 4.0625 * assistant
37: 4.0 * Rover
38: 4.0 * broader
39: 4.0 * actiuni
40: 3.96875 * distance
41: 3.921875 * path
42: 3.875 * RT
43: 3.84375 * Around
44: 3.796875 * Boston
45: 3.796875 * Do
46: 3.796875 * Pitt
47: 3.765625 * size
48: 3.734375 * alert
49: 3.6875 * Outdoor
Total loss: 0.4370480179786682 = MSE Loss: 0.2214597910642624, 5.0 * Sparsity Loss: 0.043117642402648926
Epoch: 0 batch_num: 35
0: 8.625 * Licensed
1: 7.375 * mândr
2: 6.90625 * PR
3: 6.84375 * guest
4: 6.78125 * Walk
5: 6.46875 * Weekend
6: 6.375 * begging
7: 6.21875 * -3
8: 5.96875 * misiune
9: 5.875 * weekend
10: 5.78125 * Guest
11: 5.75 * Path
12: 5.6875 * ST
13: 5.6875 * realizeaz
14: 5.53125 * Dog
15: 5.53125 * morning
16: 5.25 * Day
17: 5.125 * PR
18: 5.0 * Brown
19: 4.96875 * ready
20: 4.96875 * outdoors
21: 4.9375 * miere
22: 4.875 * BS
23: 4.78125 * Do
24: 4.75 * PA
25: 4.71875 * ized
26: 4.65625 * clădiri
27: 4.625 * West
28: 4.5 * Pa
29: 4.46875 * coming
30: 4.40625 * legs
31: 4.3125 * FC
32: 4.25 * Walk
33: 4.1875 * Ready
34: 4.15625 * Coming
35: 4.15625 * </s>
36: 3.984375 * actiuni
37: 3.96875 * broader
38: 3.96875 * assistant
39: 3.9375 * distance
40: 3.921875 * Rover
41: 3.890625 * RT
42: 3.875 * path
43: 3.765625 * Boston
44: 3.75 * Around
45: 3.71875 * Do
46: 3.71875 * Pitt
47: 3.703125 * alert
48: 3.65625 * Outdoor
49: 3.5625 * Walking
Total loss: 0.5924278497695923 = MSE Loss: 0.38727226853370667, 5.0 * Sparsity Loss: 0.0410311222076416
Epoch: 0 batch_num: 36
0: 8.6875 * Licensed
1: 7.375 * mândr
2: 6.90625 * Walk
3: 6.84375 * PR
4: 6.84375 * guest
5: 6.40625 * Weekend
6: 6.34375 * begging
7: 6.09375 * -3
8: 6.0 * misiune
9: 5.84375 * weekend
10: 5.78125 * Guest
11: 5.71875 * Path
12: 5.6875 * Dog
13: 5.65625 * ST
14: 5.59375 * realizeaz
15: 5.40625 * morning
16: 5.1875 * Day
17: 5.0625 * PR
18: 5.0 * ready
19: 4.96875 * Brown
20: 4.96875 * outdoors
21: 4.90625 * miere
22: 4.875 * BS
23: 4.75 * ized
24: 4.71875 * PA
25: 4.71875 * Do
26: 4.65625 * clădiri
27: 4.5625 * West
28: 4.46875 * Pa
29: 4.4375 * coming
30: 4.375 * Walk
31: 4.375 * legs
32: 4.25 * </s>
33: 4.21875 * FC
34: 4.15625 * Ready
35: 4.125 * Coming
36: 3.953125 * actiuni
37: 3.921875 * RT
38: 3.90625 * broader
39: 3.90625 * assistant
40: 3.890625 * distance
41: 3.859375 * Rover
42: 3.796875 * Boston
43: 3.78125 * path
44: 3.734375 * Around
45: 3.671875 * alert
46: 3.671875 * Pitt
47: 3.65625 * Do
48: 3.59375 * Outdoor
49: 3.40625 * size
Total loss: 0.417288601398468 = MSE Loss: 0.22389665246009827, 5.0 * Sparsity Loss: 0.03867839276790619
Epoch: 0 batch_num: 37
0: 8.6875 * Licensed
1: 7.40625 * mândr
2: 7.09375 * Walk
3: 6.875 * guest
4: 6.8125 * PR
5: 6.375 * Weekend
6: 6.3125 * begging
7: 6.03125 * misiune
8: 5.9375 * -3
9: 5.8125 * weekend
10: 5.8125 * Guest
11: 5.78125 * Dog
12: 5.6875 * Path
13: 5.5625 * ST
14: 5.5625 * realizeaz
15: 5.28125 * morning
16: 5.125 * Day
17: 5.0 * ready
18: 4.96875 * PR
19: 4.90625 * outdoors
20: 4.875 * miere
21: 4.875 * BS
22: 4.8125 * Brown
23: 4.71875 * ized
24: 4.6875 * Do
25: 4.65625 * PA
26: 4.65625 * clădiri
27: 4.5625 * Walk
28: 4.5 * Pa
29: 4.46875 * West
30: 4.40625 * coming
31: 4.28125 * </s>
32: 4.25 * legs
33: 4.15625 * FC
34: 4.125 * Ready
35: 4.09375 * Coming
36: 3.953125 * RT
37: 3.9375 * actiuni
38: 3.875 * Boston
39: 3.859375 * assistant
40: 3.84375 * broader
41: 3.84375 * distance
42: 3.8125 * Rover
43: 3.734375 * Around
44: 3.71875 * path
45: 3.65625 * Pitt
46: 3.640625 * alert
47: 3.59375 * Do
48: 3.53125 * Outdoor
49: 3.40625 * PD
Total loss: 0.3930189907550812 = MSE Loss: 0.20712454617023468, 5.0 * Sparsity Loss: 0.0371788889169693
Epoch: 0 batch_num: 38
0: 8.6875 * Licensed
1: 7.4375 * mândr
2: 7.1875 * Walk
3: 7.0 * guest
4: 6.8125 * PR
5: 6.40625 * Weekend
6: 6.3125 * begging
7: 6.03125 * misiune
8: 5.875 * Dog
9: 5.875 * weekend
10: 5.875 * Guest
11: 5.875 * -3
12: 5.75 * Path
13: 5.5625 * realizeaz
14: 5.375 * ST
15: 5.1875 * morning
16: 5.125 * Day
17: 4.96875 * ready
18: 4.9375 * PR
19: 4.875 * outdoors
20: 4.84375 * BS
21: 4.8125 * miere
22: 4.6875 * Brown
23: 4.65625 * Walk
24: 4.65625 * Do
25: 4.65625 * ized
26: 4.65625 * clădiri
27: 4.625 * PA
28: 4.5 * Pa
29: 4.40625 * coming
30: 4.375 * West
31: 4.34375 * </s>
32: 4.15625 * legs
33: 4.125 * Coming
34: 4.03125 * Ready
35: 4.03125 * FC
36: 3.96875 * actiuni
37: 3.953125 * RT
38: 3.875 * Boston
39: 3.8125 * Around
40: 3.8125 * distance
41: 3.78125 * broader
42: 3.78125 * assistant
43: 3.75 * Rover
44: 3.6875 * path
45: 3.625 * Pitt
46: 3.578125 * alert
47: 3.53125 * Do
48: 3.484375 * Outdoor
49: 3.4375 * PD
Total loss: 0.35525816679000854 = MSE Loss: 0.17810772359371185, 5.0 * Sparsity Loss: 0.03543009236454964
Epoch: 0 batch_num: 39
0: 8.6875 * Licensed
1: 7.5 * mândr
2: 7.21875 * Walk
3: 7.09375 * guest
4: 6.84375 * PR
5: 6.5 * Weekend
6: 6.34375 * begging
7: 6.0625 * misiune
8: 6.0 * Dog
9: 5.96875 * Guest
10: 5.90625 * weekend
11: 5.84375 * -3
12: 5.8125 * Path
13: 5.53125 * realizeaz
14: 5.125 * morning
15: 5.125 * ST
16: 5.125 * Day
17: 4.9375 * ready
18: 4.90625 * PR
19: 4.875 * outdoors
20: 4.84375 * BS
21: 4.78125 * miere
22: 4.65625 * Walk
23: 4.65625 * clădiri
24: 4.5625 * Brown
25: 4.5625 * PA
26: 4.5625 * Do
27: 4.53125 * ized
28: 4.4375 * coming
29: 4.4375 * Pa
30: 4.375 * </s>
31: 4.34375 * West
32: 4.15625 * Coming
33: 4.125 * legs
34: 3.984375 * actiuni
35: 3.96875 * Ready
36: 3.9375 * RT
37: 3.890625 * Boston
38: 3.875 * Around
39: 3.875 * FC
40: 3.796875 * distance
41: 3.71875 * broader
42: 3.703125 * assistant
43: 3.6875 * Rover
44: 3.6875 * path
45: 3.5625 * Pitt
46: 3.546875 * alert
47: 3.5 * Outdoor
48: 3.46875 * PD
49: 3.453125 * Do
Total loss: 0.5628690719604492 = MSE Loss: 0.39393943548202515, 5.0 * Sparsity Loss: 0.033785928040742874
Epoch: 0 batch_num: 40
0: 8.625 * Licensed
1: 7.5625 * mândr
2: 7.3125 * Walk
3: 7.25 * guest
4: 6.8125 * PR
5: 6.59375 * Weekend
6: 6.5 * begging
7: 6.25 * Dog
8: 6.125 * misiune
9: 6.125 * Guest
10: 6.0 * weekend
11: 5.84375 * -3
12: 5.8125 * Path
13: 5.53125 * realizeaz
14: 5.125 * Day
15: 5.03125 * morning
16: 5.0 * ST
17: 4.96875 * ready
18: 4.90625 * outdoors
19: 4.875 * PR
20: 4.8125 * BS
21: 4.78125 * Walk
22: 4.75 * miere
23: 4.625 * clădiri
24: 4.5 * PA
25: 4.5 * Do
26: 4.5 * West
27: 4.4375 * coming
28: 4.40625 * Brown
29: 4.40625 * Pa
30: 4.40625 * ized
31: 4.375 * </s>
32: 4.1875 * Coming
33: 4.15625 * legs
34: 4.03125 * actiuni
35: 3.984375 * Boston
36: 3.953125 * Around
37: 3.953125 * RT
38: 3.90625 * Ready
39: 3.859375 * FC
40: 3.765625 * distance
41: 3.6875 * Rover
42: 3.65625 * broader
43: 3.65625 * path
44: 3.609375 * assistant
45: 3.515625 * Pitt
46: 3.515625 * Outdoor
47: 3.5 * alert
48: 3.5 * PD
49: 3.375 * Do
Total loss: 0.4317907989025116 = MSE Loss: 0.27159082889556885, 5.0 * Sparsity Loss: 0.03203999251127243
Epoch: 0 batch_num: 41
0: 8.5 * Licensed
1: 7.625 * mândr
2: 7.375 * guest
3: 7.34375 * Walk
4: 6.78125 * PR
5: 6.6875 * Weekend
6: 6.65625 * begging
7: 6.5 * Dog
8: 6.25 * Guest
9: 6.1875 * misiune
10: 6.09375 * weekend
11: 5.90625 * -3
12: 5.78125 * Path
13: 5.5625 * realizeaz
14: 5.125 * Day
15: 5.0 * morning
16: 4.96875 * ready
17: 4.90625 * ST
18: 4.90625 * outdoors
19: 4.8125 * PR
20: 4.78125 * Walk
21: 4.75 * BS
22: 4.71875 * miere
23: 4.59375 * clădiri
24: 4.5625 * West
25: 4.5 * PA
26: 4.46875 * coming
27: 4.4375 * Do
28: 4.34375 * </s>
29: 4.3125 * Pa
30: 4.28125 * ized
31: 4.25 * Brown
32: 4.21875 * Coming
33: 4.1875 * legs
34: 4.09375 * Boston
35: 4.0625 * actiuni
36: 4.03125 * Around
37: 3.9375 * RT
38: 3.84375 * Ready
39: 3.84375 * FC
40: 3.71875 * distance
41: 3.65625 * Rover
42: 3.65625 * path
43: 3.578125 * broader
44: 3.546875 * PD
45: 3.53125 * Outdoor
46: 3.515625 * assistant
47: 3.453125 * Pitt
48: 3.453125 * size
49: 3.4375 * alert
Total loss: 0.3945588767528534 = MSE Loss: 0.24081075191497803, 5.0 * Sparsity Loss: 0.030749624595046043
Epoch: 0 batch_num: 42
0: 8.4375 * Licensed
1: 7.75 * mândr
2: 7.53125 * guest
3: 7.28125 * Walk
4: 6.84375 * Weekend
5: 6.84375 * begging
6: 6.75 * PR
7: 6.71875 * Dog
8: 6.40625 * Guest
9: 6.25 * misiune
10: 6.21875 * weekend
11: 5.96875 * -3
12: 5.8125 * Path
13: 5.5625 * realizeaz
14: 5.15625 * Day
15: 5.0 * morning
16: 4.96875 * outdoors
17: 4.90625 * ready
18: 4.8125 * ST
19: 4.78125 * PR
20: 4.71875 * BS
21: 4.6875 * Walk
22: 4.6875 * miere
23: 4.5625 * clădiri
24: 4.5 * coming
25: 4.5 * West
26: 4.46875 * PA
27: 4.4375 * Do
28: 4.28125 * Pa
29: 4.25 * Coming
30: 4.25 * </s>
31: 4.1875 * legs
32: 4.1875 * ized
33: 4.125 * Around
34: 4.125 * Brown
35: 4.09375 * Boston
36: 4.03125 * actiuni
37: 3.921875 * RT
38: 3.796875 * FC
39: 3.765625 * Ready
40: 3.703125 * path
41: 3.6875 * distance
42: 3.640625 * Rover
43: 3.59375 * Outdoor
44: 3.546875 * size
45: 3.53125 * broader
46: 3.53125 * PD
47: 3.40625 * Pitt
48: 3.359375 * alert
49: 3.359375 * assistant
Total loss: 0.3696070611476898 = MSE Loss: 0.22138407826423645, 5.0 * Sparsity Loss: 0.029644597321748734
Epoch: 0 batch_num: 43
0: 8.375 * Licensed
1: 7.8125 * mândr
2: 7.65625 * guest
3: 7.125 * Walk
4: 6.96875 * Dog
5: 6.96875 * Weekend
6: 6.96875 * begging
7: 6.71875 * PR
8: 6.53125 * Guest
9: 6.3125 * weekend
10: 6.28125 * misiune
11: 6.0 * -3
12: 5.9375 * Path
13: 5.5 * realizeaz
14: 5.1875 * Day
15: 5.03125 * outdoors
16: 5.0 * morning
17: 4.875 * ready
18: 4.71875 * PR
19: 4.6875 * BS
20: 4.6875 * ST
21: 4.625 * miere
22: 4.5 * clădiri
23: 4.46875 * coming
24: 4.4375 * PA
25: 4.375 * Walk
26: 4.375 * Do
27: 4.28125 * Pa
28: 4.25 * Coming
29: 4.25 * legs
30: 4.21875 * Around
31: 4.15625 * Boston
32: 4.15625 * </s>
33: 4.125 * West
34: 4.0625 * ized
35: 4.03125 * Brown
36: 4.0 * actiuni
37: 3.875 * RT
38: 3.859375 * path
39: 3.71875 * FC
40: 3.6875 * Outdoor
41: 3.6875 * distance
42: 3.671875 * Ready
43: 3.625 * size
44: 3.59375 * Rover
45: 3.5 * Walking
46: 3.5 * broader
47: 3.484375 * PD
48: 3.359375 * Pitt
49: 3.3125 * alert
Total loss: 0.35138145089149475 = MSE Loss: 0.20862534642219543, 5.0 * Sparsity Loss: 0.028551220893859863
Epoch: 0 batch_num: 44
0: 8.25 * Licensed
1: 7.90625 * mândr
2: 7.75 * guest
3: 7.125 * Dog
4: 7.0625 * Weekend
5: 7.0625 * begging
6: 7.0 * Walk
7: 6.65625 * PR
8: 6.59375 * Guest
9: 6.375 * weekend
10: 6.3125 * misiune
11: 5.96875 * Path
12: 5.96875 * -3
13: 5.46875 * realizeaz
14: 5.25 * Day
15: 5.09375 * outdoors
16: 4.96875 * morning
17: 4.84375 * ready
18: 4.65625 * PR
19: 4.65625 * BS
20: 4.625 * ST
21: 4.59375 * miere
22: 4.46875 * clădiri
23: 4.4375 * coming
24: 4.4375 * PA
25: 4.28125 * Around
26: 4.28125 * Do
27: 4.25 * Pa
28: 4.21875 * Boston
29: 4.21875 * legs
30: 4.1875 * Coming
31: 4.15625 * Walk
32: 4.0625 * </s>
33: 3.96875 * actiuni
34: 3.96875 * ized
35: 3.9375 * Brown
36: 3.9375 * path
37: 3.890625 * West
38: 3.84375 * RT
39: 3.8125 * Walking
40: 3.75 * Outdoor
41: 3.703125 * FC
42: 3.703125 * size
43: 3.640625 * distance
44: 3.59375 * Ready
45: 3.5625 * Rover
46: 3.46875 * broader
47: 3.46875 * PD
48: 3.34375 * Pitt
49: 3.28125 * day
Total loss: 0.3827310800552368 = MSE Loss: 0.24710877239704132, 5.0 * Sparsity Loss: 0.02712445706129074
Epoch: 0 batch_num: 45
0: 8.1875 * Licensed
1: 7.9375 * mândr
2: 7.8125 * guest
3: 7.25 * Dog
4: 7.15625 * begging
5: 7.09375 * Weekend
6: 6.96875 * Walk
7: 6.65625 * Guest
8: 6.5625 * PR
9: 6.40625 * weekend
10: 6.3125 * misiune
11: 5.96875 * Path
12: 5.9375 * -3
13: 5.40625 * realizeaz
14: 5.25 * Day
15: 5.1875 * outdoors
16: 4.9375 * morning
17: 4.8125 * ready
18: 4.625 * BS
19: 4.5625 * miere
20: 4.5625 * ST
21: 4.53125 * PR
22: 4.40625 * PA
23: 4.40625 * clădiri
24: 4.375 * Around
25: 4.34375 * coming
26: 4.28125 * Boston
27: 4.25 * Pa
28: 4.21875 * legs
29: 4.15625 * Do
30: 4.125 * Walk
31: 4.09375 * Coming
32: 4.0 * </s>
33: 3.984375 * Walking
34: 3.953125 * path
35: 3.9375 * actiuni
36: 3.859375 * ized
37: 3.828125 * Brown
38: 3.8125 * RT
39: 3.8125 * Outdoor
40: 3.703125 * FC
41: 3.6875 * size
42: 3.65625 * West
43: 3.625 * distance
44: 3.546875 * Rover
45: 3.53125 * Ready
46: 3.453125 * broader
47: 3.453125 * PD
48: 3.328125 * CC
49: 3.328125 * Pitt
Total loss: 0.3402690291404724 = MSE Loss: 0.20895430445671082, 5.0 * Sparsity Loss: 0.02626294270157814
Epoch: 0 batch_num: 46
0: 8.125 * Licensed
1: 7.9375 * mândr
2: 7.84375 * guest
3: 7.3125 * Dog
4: 7.25 * begging
5: 7.09375 * Weekend
6: 7.0 * Walk
7: 6.6875 * Guest
8: 6.46875 * PR
9: 6.375 * weekend
10: 6.34375 * misiune
11: 5.96875 * Path
12: 5.90625 * -3
13: 5.40625 * realizeaz
14: 5.25 * Day
15: 5.21875 * outdoors
16: 4.84375 * morning
17: 4.75 * ready
18: 4.625 * BS
19: 4.53125 * miere
20: 4.46875 * ST
21: 4.4375 * Around
22: 4.4375 * PR
23: 4.40625 * PA
24: 4.34375 * Boston
25: 4.34375 * clădiri
26: 4.28125 * coming
27: 4.21875 * Walk
28: 4.21875 * Pa
29: 4.1875 * legs
30: 4.125 * Do
31: 4.0 * Coming
32: 3.984375 * Walking
33: 3.9375 * path
34: 3.9375 * </s>
35: 3.9375 * actiuni
36: 3.859375 * Outdoor
37: 3.78125 * ized
38: 3.75 * RT
39: 3.671875 * Brown
40: 3.671875 * FC
41: 3.640625 * size
42: 3.59375 * distance
43: 3.53125 * Rover
44: 3.46875 * West
45: 3.453125 * broader
46: 3.453125 * Ready
47: 3.4375 * PD
48: 3.34375 * CC
49: 3.328125 * Pitt
Total loss: 0.36667636036872864 = MSE Loss: 0.24051830172538757, 5.0 * Sparsity Loss: 0.025231610983610153
Epoch: 0 batch_num: 47
0: 8.0625 * Licensed
1: 7.90625 * mândr
2: 7.875 * guest
3: 7.28125 * begging
4: 7.25 * Dog
5: 7.125 * Weekend
6: 7.09375 * Walk
7: 6.6875 * Guest
8: 6.375 * PR
9: 6.375 * misiune
10: 6.34375 * weekend
11: 5.9375 * Path
12: 5.90625 * -3
13: 5.34375 * realizeaz
14: 5.25 * Day
15: 5.21875 * outdoors
16: 4.8125 * morning
17: 4.6875 * ready
18: 4.59375 * BS
19: 4.53125 * Around
20: 4.53125 * miere
21: 4.46875 * Walk
22: 4.46875 * PA
23: 4.375 * PR
24: 4.34375 * Boston
25: 4.34375 * ST
26: 4.3125 * clădiri
27: 4.21875 * coming
28: 4.1875 * Pa
29: 4.15625 * Do
30: 4.125 * legs
31: 3.953125 * actiuni
32: 3.921875 * Coming
33: 3.890625 * path
34: 3.890625 * </s>
35: 3.859375 * Outdoor
36: 3.796875 * Walking
37: 3.734375 * ized
38: 3.640625 * RT
39: 3.640625 * FC
40: 3.5625 * size
41: 3.546875 * distance
42: 3.515625 * Brown
43: 3.5 * Rover
44: 3.453125 * broader
45: 3.421875 * PD
46: 3.375 * Ready
47: 3.328125 * CC
48: 3.3125 * day
49: 3.296875 * Pitt
Total loss: 0.2877708673477173 = MSE Loss: 0.16721253097057343, 5.0 * Sparsity Loss: 0.024111665785312653
Epoch: 0 batch_num: 48
0: 8.0 * Licensed
1: 7.875 * guest
2: 7.8125 * mândr
3: 7.3125 * begging
4: 7.25 * Dog
5: 7.15625 * Walk
6: 7.0625 * Weekend
7: 6.6875 * Guest
8: 6.375 * misiune
9: 6.28125 * PR
10: 6.28125 * weekend
11: 5.875 * Path
12: 5.875 * -3
13: 5.28125 * realizeaz
14: 5.21875 * outdoors
15: 5.21875 * Day
16: 4.75 * morning
17: 4.71875 * Walk
18: 4.625 * ready
19: 4.59375 * Around
20: 4.59375 * BS
21: 4.5 * miere
22: 4.46875 * PA
23: 4.375 * Boston
24: 4.34375 * PR
25: 4.28125 * ST
26: 4.25 * coming
27: 4.25 * clădiri
28: 4.21875 * Pa
29: 4.15625 * Do
30: 4.09375 * legs
31: 3.953125 * actiuni
32: 3.875 * Coming
33: 3.875 * Outdoor
34: 3.859375 * </s>
35: 3.828125 * path
36: 3.78125 * ized
37: 3.625 * FC
38: 3.609375 * Walking
39: 3.5625 * RT
40: 3.5 * distance
41: 3.46875 * Rover
42: 3.453125 * broader
43: 3.4375 * Brown
44: 3.4375 * size
45: 3.375 * PD
46: 3.3125 * Ready
47: 3.3125 * CC
48: 3.3125 * day
49: 3.296875 * Chuck
Total loss: 0.2800913453102112 = MSE Loss: 0.16614700853824615, 5.0 * Sparsity Loss: 0.022788863629102707
Epoch: 0 batch_num: 49
0: 7.9375 * Licensed
1: 7.90625 * guest
2: 7.75 * mândr
3: 7.34375 * begging
4: 7.21875 * Dog
5: 7.1875 * Walk
6: 6.9375 * Weekend
7: 6.6875 * Guest
8: 6.375 * misiune
9: 6.1875 * PR
10: 6.125 * weekend
11: 5.90625 * Path
12: 5.875 * -3
13: 5.21875 * outdoors
14: 5.21875 * realizeaz
15: 5.15625 * Day
16: 4.71875 * morning
17: 4.6875 * Around
18: 4.65625 * Walk
19: 4.5625 * ready
20: 4.5625 * BS
21: 4.46875 * miere
22: 4.46875 * PA
23: 4.375 * Boston
24: 4.3125 * PR
25: 4.25 * coming
26: 4.21875 * clădiri
27: 4.1875 * Pa
28: 4.125 * Do
29: 4.09375 * legs
30: 4.03125 * ST
31: 3.953125 * actiuni
32: 3.859375 * Coming
33: 3.859375 * Outdoor
34: 3.859375 * ized
35: 3.84375 * path
36: 3.84375 * </s>
37: 3.625 * Walking
38: 3.609375 * FC
39: 3.484375 * RT
40: 3.46875 * distance
41: 3.453125 * broader
42: 3.421875 * Rover
43: 3.375 * Brown
44: 3.328125 * Chuck
45: 3.3125 * size
46: 3.296875 * CC
47: 3.296875 * PD
48: 3.28125 * day
49: 3.25 * Ready
Total loss: 0.398860901594162 = MSE Loss: 0.28991153836250305, 5.0 * Sparsity Loss: 0.021789871156215668
Epoch: 0 batch_num: 50
0: 7.9375 * guest
1: 7.84375 * Licensed
2: 7.6875 * mândr
3: 7.3125 * begging
4: 7.25 * Walk
5: 7.15625 * Dog
6: 6.84375 * Weekend
7: 6.6875 * Guest
8: 6.34375 * misiune
9: 6.125 * PR
10: 6.03125 * weekend
11: 5.84375 * Path
12: 5.84375 * -3
13: 5.1875 * outdoors
14: 5.1875 * realizeaz
15: 5.0625 * Day
16: 4.75 * Walk
17: 4.75 * Around
18: 4.75 * morning
19: 4.53125 * ready
20: 4.5 * PA
21: 4.5 * BS
22: 4.4375 * miere
23: 4.34375 * Boston
24: 4.28125 * coming
25: 4.25 * PR
26: 4.1875 * clădiri
27: 4.15625 * Pa
28: 4.15625 * Do
29: 4.0625 * legs
30: 3.953125 * actiuni
31: 3.890625 * ized
32: 3.84375 * Coming
33: 3.84375 * Outdoor
34: 3.828125 * </s>
35: 3.828125 * ST
36: 3.796875 * path
37: 3.59375 * FC
38: 3.578125 * Walking
39: 3.46875 * broader
40: 3.453125 * RT
41: 3.40625 * distance
42: 3.390625 * Rover
43: 3.359375 * Brown
44: 3.34375 * Chuck
45: 3.3125 * CC
46: 3.25 * PD
47: 3.25 * size
48: 3.234375 * decizie
49: 3.21875 * alert
Total loss: 0.32320207357406616 = MSE Loss: 0.21893687546253204, 5.0 * Sparsity Loss: 0.020853037014603615
Epoch: 0 batch_num: 51
0: 8.0 * guest
1: 7.71875 * Licensed
2: 7.65625 * mândr
3: 7.3125 * Walk
4: 7.28125 * begging
5: 7.0625 * Dog
6: 6.75 * Weekend
7: 6.6875 * Guest
8: 6.3125 * misiune
9: 6.0 * PR
10: 5.9375 * weekend
11: 5.875 * -3
12: 5.78125 * Path
13: 5.15625 * outdoors
14: 5.09375 * realizeaz
15: 5.0 * Day
16: 4.875 * Walk
17: 4.84375 * Around
18: 4.78125 * morning
19: 4.5625 * ready
20: 4.46875 * PA
21: 4.46875 * BS
22: 4.40625 * miere
23: 4.3125 * Boston
24: 4.28125 * coming
25: 4.1875 * PR
26: 4.15625 * clădiri
27: 4.125 * Pa
28: 4.125 * Do
29: 3.984375 * legs
30: 3.9375 * actiuni
31: 3.875 * ized
32: 3.8125 * Coming
33: 3.8125 * Outdoor
34: 3.78125 * path
35: 3.78125 * </s>
36: 3.703125 * ST
37: 3.59375 * FC
38: 3.53125 * Walking
39: 3.453125 * broader
40: 3.453125 * RT
41: 3.359375 * Rover
42: 3.359375 * Brown
43: 3.359375 * distance
44: 3.328125 * Chuck
45: 3.3125 * CC
46: 3.25 * decizie
47: 3.234375 * alert
48: 3.21875 * PD
49: 3.1875 * Ready
Total loss: 0.2907964885234833 = MSE Loss: 0.19020745158195496, 5.0 * Sparsity Loss: 0.020117806270718575
Epoch: 0 batch_num: 52
0: 8.0 * guest
1: 7.6875 * mândr
2: 7.625 * Licensed
3: 7.28125 * Walk
4: 7.25 * begging
5: 7.0 * Dog
6: 6.65625 * Weekend
7: 6.65625 * Guest
8: 6.3125 * misiune
9: 5.90625 * PR
10: 5.90625 * -3
11: 5.84375 * weekend
12: 5.65625 * Path
13: 5.125 * outdoors
14: 5.03125 * realizeaz
15: 4.90625 * Day
16: 4.875 * Walk
17: 4.875 * morning
18: 4.8125 * Around
19: 4.5625 * ready
20: 4.46875 * PA
21: 4.40625 * BS
22: 4.375 * miere
23: 4.28125 * Boston
24: 4.28125 * coming
25: 4.15625 * clădiri
26: 4.125 * Do
27: 4.09375 * PR
28: 4.0625 * Pa
29: 3.921875 * actiuni
30: 3.90625 * legs
31: 3.84375 * ized
32: 3.796875 * Coming
33: 3.765625 * path
34: 3.765625 * </s>
35: 3.734375 * Outdoor
36: 3.625 * FC
37: 3.5625 * Walking
38: 3.5625 * ST
39: 3.4375 * RT
40: 3.390625 * broader
41: 3.34375 * Brown
42: 3.328125 * Rover
43: 3.3125 * CC
44: 3.3125 * distance
45: 3.296875 * Chuck
46: 3.25 * decizie
47: 3.21875 * alert
48: 3.203125 * PD
49: 3.15625 * Ready
Total loss: 0.4447028636932373 = MSE Loss: 0.3475012183189392, 5.0 * Sparsity Loss: 0.01944032683968544
Epoch: 0 batch_num: 53
0: 8.0625 * guest
1: 7.75 * mândr
2: 7.5625 * Licensed
3: 7.25 * begging
4: 7.21875 * Walk
5: 6.9375 * Dog
6: 6.625 * Weekend
7: 6.625 * Guest
8: 6.3125 * misiune
9: 5.96875 * -3
10: 5.8125 * weekend
11: 5.78125 * PR
12: 5.5625 * Path
13: 5.0625 * outdoors
14: 4.96875 * morning
15: 4.9375 * realizeaz
16: 4.84375 * Day
17: 4.8125 * Walk
18: 4.78125 * Around
19: 4.59375 * ready
20: 4.4375 * PA
21: 4.34375 * BS
22: 4.3125 * miere
23: 4.28125 * Boston
24: 4.25 * coming
25: 4.125 * Do
26: 4.125 * clădiri
27: 4.03125 * Pa
28: 4.0 * PR
29: 3.90625 * actiuni
30: 3.859375 * legs
31: 3.828125 * ized
32: 3.75 * Coming
33: 3.734375 * </s>
34: 3.703125 * path
35: 3.6875 * Walking
36: 3.6875 * Outdoor
37: 3.671875 * FC
38: 3.515625 * ST
39: 3.453125 * RT
40: 3.359375 * Brown
41: 3.34375 * broader
42: 3.296875 * Rover
43: 3.296875 * CC
44: 3.28125 * distance
45: 3.265625 * Chuck
46: 3.234375 * decizie
47: 3.203125 * alert
48: 3.203125 * PD
49: 3.140625 * Ready
Total loss: 0.2784838378429413 = MSE Loss: 0.1844276338815689, 5.0 * Sparsity Loss: 0.018811240792274475
Epoch: 0 batch_num: 54
0: 8.0 * guest
1: 7.8125 * mândr
2: 7.5 * Licensed
3: 7.21875 * begging
4: 7.09375 * Walk
5: 6.90625 * Dog
6: 6.59375 * Guest
7: 6.5625 * Weekend
8: 6.28125 * misiune
9: 5.96875 * -3
10: 5.71875 * weekend
11: 5.6875 * PR
12: 5.46875 * Path
13: 5.03125 * morning
14: 5.03125 * outdoors
15: 4.84375 * realizeaz
16: 4.8125 * Day
17: 4.625 * Walk
18: 4.625 * ready
19: 4.59375 * Around
20: 4.4375 * PA
21: 4.3125 * Boston
22: 4.3125 * BS
23: 4.25 * miere
24: 4.21875 * coming
25: 4.125 * clădiri
26: 4.0625 * Do
27: 3.96875 * Pa
28: 3.90625 * PR
29: 3.875 * actiuni
30: 3.828125 * Walking
31: 3.828125 * legs
32: 3.796875 * ized
33: 3.75 * </s>
34: 3.6875 * path
35: 3.6875 * FC
36: 3.671875 * Coming
37: 3.625 * Outdoor
38: 3.46875 * ST
39: 3.453125 * RT
40: 3.40625 * Brown
41: 3.3125 * CC
42: 3.28125 * broader
43: 3.25 * Rover
44: 3.25 * distance
45: 3.203125 * decizie
46: 3.203125 * PD
47: 3.1875 * alert
48: 3.1875 * Chuck
49: 3.140625 * west
Total loss: 0.37556082010269165 = MSE Loss: 0.28588545322418213, 5.0 * Sparsity Loss: 0.017935071140527725
Epoch: 0 batch_num: 55
0: 7.96875 * guest
1: 7.84375 * mândr
2: 7.40625 * Licensed
3: 7.1875 * begging
4: 7.09375 * Walk
5: 6.84375 * Dog
6: 6.5 * Guest
7: 6.46875 * Weekend
8: 6.28125 * misiune
9: 5.90625 * -3
10: 5.65625 * weekend
11: 5.5625 * PR
12: 5.4375 * Path
13: 5.09375 * morning
14: 4.96875 * outdoors
15: 4.71875 * Day
16: 4.71875 * realizeaz
17: 4.625 * ready
18: 4.59375 * Walk
19: 4.4375 * Around
20: 4.375 * PA
21: 4.34375 * Boston
22: 4.3125 * BS
23: 4.21875 * miere
24: 4.1875 * coming
25: 4.09375 * clădiri
26: 3.984375 * Do
27: 3.921875 * Pa
28: 3.875 * Walking
29: 3.84375 * actiuni
30: 3.8125 * PR
31: 3.8125 * legs
32: 3.765625 * ized
33: 3.71875 * </s>
34: 3.6875 * FC
35: 3.640625 * path
36: 3.609375 * Coming
37: 3.546875 * Outdoor
38: 3.46875 * Brown
39: 3.46875 * RT
40: 3.421875 * ST
41: 3.34375 * CC
42: 3.3125 * west
43: 3.25 * distance
44: 3.234375 * broader
45: 3.21875 * Rover
46: 3.1875 * alert
47: 3.1875 * PD
48: 3.15625 * decizie
49: 3.109375 * Ready
Total loss: 0.3084356486797333 = MSE Loss: 0.22333800792694092, 5.0 * Sparsity Loss: 0.017019527032971382
Epoch: 0 batch_num: 56
0: 7.875 * guest
1: 7.8125 * mândr
2: 7.34375 * Licensed
3: 7.125 * Walk
4: 7.125 * begging
5: 6.75 * Dog
6: 6.40625 * Guest
7: 6.375 * Weekend
8: 6.28125 * misiune
9: 5.875 * -3
10: 5.59375 * weekend
11: 5.40625 * PR
12: 5.34375 * Path
13: 5.125 * morning
14: 4.9375 * outdoors
15: 4.71875 * realizeaz
16: 4.625 * Walk
17: 4.625 * ready
18: 4.625 * Day
19: 4.40625 * Boston
20: 4.28125 * Around
21: 4.28125 * BS
22: 4.25 * PA
23: 4.15625 * miere
24: 4.125 * coming
25: 4.0625 * clădiri
26: 3.921875 * Pa
27: 3.90625 * Do
28: 3.828125 * Walking
29: 3.8125 * actiuni
30: 3.8125 * legs
31: 3.75 * ized
32: 3.6875 * </s>
33: 3.671875 * PR
34: 3.65625 * FC
35: 3.578125 * path
36: 3.546875 * Coming
37: 3.484375 * Brown
38: 3.484375 * west
39: 3.484375 * RT
40: 3.453125 * Outdoor
41: 3.390625 * CC
42: 3.34375 * ST
43: 3.265625 * distance
44: 3.21875 * alert
45: 3.203125 * PD
46: 3.1875 * broader
47: 3.171875 * Rover
48: 3.109375 * decizie
49: 3.09375 * Ready
Total loss: 0.5052987933158875 = MSE Loss: 0.4244782328605652, 5.0 * Sparsity Loss: 0.016164109110832214
Epoch: 0 batch_num: 57
0: 7.8125 * mândr
1: 7.8125 * guest
2: 7.3125 * Licensed
3: 7.1875 * Walk
4: 7.09375 * begging
5: 6.65625 * Dog
6: 6.3125 * Weekend
7: 6.3125 * Guest
8: 6.28125 * misiune
9: 5.9375 * -3
10: 5.53125 * weekend
11: 5.25 * PR
12: 5.25 * Path
13: 5.125 * morning
14: 4.9375 * outdoors
15: 4.75 * realizeaz
16: 4.65625 * Walk
17: 4.59375 * ready
18: 4.53125 * Day
19: 4.46875 * Boston
20: 4.25 * BS
21: 4.1875 * Around
22: 4.09375 * miere
23: 4.09375 * coming
24: 4.09375 * PA
25: 4.0 * clădiri
26: 3.9375 * Pa
27: 3.890625 * Do
28: 3.828125 * Walking
29: 3.796875 * legs
30: 3.75 * actiuni
31: 3.6875 * ized
32: 3.65625 * </s>
33: 3.609375 * west
34: 3.609375 * FC
35: 3.546875 * PR
36: 3.515625 * RT
37: 3.5 * Brown
38: 3.5 * path
39: 3.46875 * Coming
40: 3.453125 * CC
41: 3.390625 * Outdoor
42: 3.3125 * distance
43: 3.28125 * ST
44: 3.25 * alert
45: 3.234375 * PD
46: 3.140625 * broader
47: 3.125 * Rover
48: 3.09375 * about
49: 3.0625 * Ready
Total loss: 0.3051202893257141 = MSE Loss: 0.22937722504138947, 5.0 * Sparsity Loss: 0.015148615464568138
Epoch: 0 batch_num: 58
0: 7.8125 * mândr
1: 7.75 * guest
2: 7.34375 * Licensed
3: 7.21875 * Walk
4: 7.09375 * begging
5: 6.53125 * Dog
6: 6.28125 * misiune
7: 6.25 * Weekend
8: 6.25 * Guest
9: 6.0 * -3
10: 5.5 * weekend
11: 5.15625 * Path
12: 5.09375 * PR
13: 5.09375 * morning
14: 4.9375 * outdoors
15: 4.78125 * realizeaz
16: 4.6875 * Walk
17: 4.53125 * Boston
18: 4.53125 * ready
19: 4.4375 * Day
20: 4.1875 * BS
21: 4.125 * Around
22: 4.0625 * miere
23: 4.03125 * coming
24: 3.96875 * Pa
25: 3.96875 * PA
26: 3.96875 * clădiri
27: 3.890625 * Do
28: 3.875 * Walking
29: 3.765625 * legs
30: 3.703125 * actiuni
31: 3.703125 * west
32: 3.640625 * ized
33: 3.625 * </s>
34: 3.5625 * FC
35: 3.515625 * CC
36: 3.5 * RT
37: 3.484375 * Brown
38: 3.421875 * path
39: 3.40625 * PR
40: 3.40625 * Coming
41: 3.359375 * Outdoor
42: 3.359375 * distance
43: 3.25 * PD
44: 3.234375 * alert
45: 3.21875 * ST
46: 3.109375 * broader
47: 3.09375 * about
48: 3.0625 * Rover
49: 3.015625 * Ready
Total loss: 0.32488149404525757 = MSE Loss: 0.24825915694236755, 5.0 * Sparsity Loss: 0.015324464067816734
Epoch: 0 batch_num: 59
0: 7.8125 * mândr
1: 7.71875 * guest
2: 7.375 * Licensed
3: 7.25 * Walk
4: 7.125 * begging
5: 6.4375 * Dog
6: 6.3125 * misiune
7: 6.25 * Weekend
8: 6.21875 * Guest
9: 6.03125 * -3
10: 5.5 * weekend
11: 5.09375 * morning
12: 5.09375 * Path
13: 4.96875 * outdoors
14: 4.90625 * PR
15: 4.84375 * realizeaz
16: 4.6875 * Walk
17: 4.53125 * Boston
18: 4.46875 * ready
19: 4.34375 * Day
20: 4.125 * Around
21: 4.125 * BS
22: 4.0 * miere
23: 4.0 * coming
24: 3.984375 * Pa
25: 3.953125 * Walking
26: 3.9375 * Do
27: 3.921875 * clădiri
28: 3.859375 * PA
29: 3.8125 * west
30: 3.703125 * legs
31: 3.65625 * actiuni
32: 3.609375 * </s>
33: 3.609375 * ized
34: 3.53125 * CC
35: 3.5 * Brown
36: 3.484375 * FC
37: 3.46875 * RT
38: 3.390625 * distance
39: 3.375 * Coming
40: 3.359375 * path
41: 3.359375 * Outdoor
42: 3.296875 * PR
43: 3.234375 * PD
44: 3.203125 * alert
45: 3.109375 * ST
46: 3.0625 * broader
47: 3.046875 * about
48: 3.015625 * Rover
49: 2.953125 * owner
Total loss: 0.3353598415851593 = MSE Loss: 0.2595592439174652, 5.0 * Sparsity Loss: 0.015160121023654938
Epoch: 0 batch_num: 60
0: 7.75 * mândr
1: 7.65625 * guest
2: 7.34375 * Licensed
3: 7.25 * Walk
4: 7.125 * begging
5: 6.34375 * Dog
6: 6.3125 * misiune
7: 6.25 * Weekend
8: 6.1875 * Guest
9: 6.0625 * -3
10: 5.46875 * weekend
11: 5.0625 * morning
12: 5.0625 * Path
13: 5.0 * outdoors
14: 4.84375 * realizeaz
15: 4.8125 * PR
16: 4.6875 * Walk
17: 4.5 * Boston
18: 4.4375 * ready
19: 4.28125 * Day
20: 4.15625 * Around
21: 4.0625 * BS
22: 4.03125 * Walking
23: 4.0 * coming
24: 4.0 * Pa
25: 3.984375 * Do
26: 3.96875 * miere
27: 3.890625 * clădiri
28: 3.875 * west
29: 3.734375 * PA
30: 3.640625 * actiuni
31: 3.640625 * legs
32: 3.578125 * </s>
33: 3.578125 * CC
34: 3.5625 * ized
35: 3.453125 * Brown
36: 3.4375 * RT
37: 3.40625 * FC
38: 3.40625 * distance
39: 3.375 * Outdoor
40: 3.359375 * Coming
41: 3.265625 * path
42: 3.21875 * PR
43: 3.21875 * PD
44: 3.15625 * alert
45: 3.046875 * broader
46: 3.0 * about
47: 3.0 * ST
48: 2.984375 * owner
49: 2.96875 * Rover
Total loss: 0.3224779963493347 = MSE Loss: 0.24810244143009186, 5.0 * Sparsity Loss: 0.014875110238790512
Epoch: 0 batch_num: 61
0: 7.75 * mândr
1: 7.65625 * guest
2: 7.3125 * Licensed
3: 7.25 * Walk
4: 7.15625 * begging
5: 6.28125 * Dog
6: 6.28125 * misiune
7: 6.21875 * Weekend
8: 6.15625 * Guest
9: 6.0625 * -3
10: 5.5 * weekend
11: 5.0625 * morning
12: 5.03125 * outdoors
13: 5.0 * Path
14: 4.84375 * realizeaz
15: 4.71875 * PR
16: 4.6875 * Walk
17: 4.46875 * Boston
18: 4.4375 * ready
19: 4.21875 * Day
20: 4.15625 * Around
21: 4.09375 * Walking
22: 4.0 * coming
23: 4.0 * BS
24: 3.984375 * Do
25: 3.9375 * miere
26: 3.9375 * Pa
27: 3.90625 * west
28: 3.875 * clădiri
29: 3.640625 * PA
30: 3.609375 * CC
31: 3.59375 * actiuni
32: 3.5625 * legs
33: 3.53125 * </s>
34: 3.46875 * ized
35: 3.4375 * RT
36: 3.421875 * Brown
37: 3.390625 * Outdoor
38: 3.390625 * distance
39: 3.375 * FC
40: 3.34375 * Coming
41: 3.203125 * PD
42: 3.1875 * path
43: 3.140625 * alert
44: 3.140625 * PR
45: 3.0 * broader
46: 2.96875 * owner
47: 2.953125 * owner
48: 2.9375 * Rover
49: 2.921875 * about
Total loss: 0.25386273860931396 = MSE Loss: 0.18226763606071472, 5.0 * Sparsity Loss: 0.014319021254777908
Epoch: 0 batch_num: 62
0: 7.71875 * mândr
1: 7.59375 * guest
2: 7.25 * Walk
3: 7.25 * Licensed
4: 7.15625 * begging
5: 6.3125 * misiune
6: 6.21875 * Weekend
7: 6.1875 * Dog
8: 6.125 * Guest
9: 6.0 * -3
10: 5.5 * weekend
11: 5.03125 * morning
12: 4.96875 * outdoors
13: 4.90625 * Path
14: 4.8125 * realizeaz
15: 4.71875 * Walk
16: 4.65625 * PR
17: 4.46875 * Boston
18: 4.4375 * ready
19: 4.15625 * Day
20: 4.125 * Walking
21: 4.125 * Around
22: 4.0 * coming
23: 3.9375 * Do
24: 3.9375 * BS
25: 3.921875 * miere
26: 3.890625 * Pa
27: 3.875 * west
28: 3.859375 * clădiri
29: 3.65625 * CC
30: 3.578125 * actiuni
31: 3.53125 * PA
32: 3.515625 * </s>
33: 3.484375 * legs
34: 3.4375 * RT
35: 3.375 * ized
36: 3.359375 * Brown
37: 3.359375 * FC
38: 3.359375 * Outdoor
39: 3.34375 * Coming
40: 3.328125 * distance
41: 3.203125 * PD
42: 3.140625 * alert
43: 3.078125 * PR
44: 3.015625 * path
45: 2.9375 * broader
46: 2.9375 * owner
47: 2.9375 * owner
48: 2.90625 * Rover
49: 2.84375 * about
Total loss: 0.3445850908756256 = MSE Loss: 0.2758342921733856, 5.0 * Sparsity Loss: 0.013750160112977028
Epoch: 0 batch_num: 63
0: 7.71875 * mândr
1: 7.5625 * guest
2: 7.25 * Walk
3: 7.21875 * Licensed
4: 7.1875 * begging
5: 6.3125 * misiune
6: 6.1875 * Weekend
7: 6.09375 * Dog
8: 6.09375 * Guest
9: 5.96875 * -3
10: 5.46875 * weekend
11: 4.96875 * morning
12: 4.90625 * outdoors
13: 4.8125 * Path
14: 4.78125 * realizeaz
15: 4.75 * Walk
16: 4.625 * PR
17: 4.53125 * Boston
18: 4.4375 * ready
19: 4.09375 * Walking
20: 4.09375 * Around
21: 4.09375 * Day
22: 4.0 * coming
23: 3.90625 * BS
24: 3.890625 * miere
25: 3.890625 * Do
26: 3.875 * Pa
27: 3.84375 * clădiri
28: 3.78125 * west
29: 3.65625 * CC
30: 3.578125 * actiuni
31: 3.546875 * </s>
32: 3.4375 * PA
33: 3.421875 * RT
34: 3.375 * legs
35: 3.328125 * FC
36: 3.3125 * Coming
37: 3.296875 * Outdoor
38: 3.28125 * ized
39: 3.25 * distance
40: 3.234375 * Brown
41: 3.1875 * PD
42: 3.125 * alert
43: 3.046875 * PR
44: 2.921875 * owner
45: 2.890625 * owner
46: 2.875 * broader
47: 2.859375 * Rover
48: 2.859375 * path
49: 2.859375 * about
Total loss: 0.34011155366897583 = MSE Loss: 0.27331289649009705, 5.0 * Sparsity Loss: 0.013359730131924152
Epoch: 0 batch_num: 64
0: 7.71875 * mândr
1: 7.53125 * guest
2: 7.25 * Walk
3: 7.1875 * begging
4: 7.15625 * Licensed
5: 6.34375 * misiune
6: 6.1875 * Weekend
7: 6.0625 * Guest
8: 5.96875 * Dog
9: 5.875 * -3
10: 5.46875 * weekend
11: 4.9375 * morning
12: 4.84375 * outdoors
13: 4.78125 * realizeaz
14: 4.75 * Walk
15: 4.71875 * Path
16: 4.59375 * PR
17: 4.5625 * Boston
18: 4.40625 * ready
19: 4.0625 * Walking
20: 4.0625 * Around
21: 4.0625 * Day
22: 4.0 * coming
23: 3.875 * Do
24: 3.875 * BS
25: 3.859375 * miere
26: 3.859375 * Pa
27: 3.8125 * clădiri
28: 3.71875 * west
29: 3.65625 * CC
30: 3.578125 * </s>
31: 3.578125 * actiuni
32: 3.40625 * RT
33: 3.359375 * PA
34: 3.328125 * FC
35: 3.296875 * Coming
36: 3.296875 * legs
37: 3.28125 * ized
38: 3.203125 * Outdoor
39: 3.15625 * Brown
40: 3.15625 * PD
41: 3.15625 * distance
42: 3.109375 * alert
43: 3.015625 * PR
44: 2.890625 * owner
45: 2.875 * owner
46: 2.84375 * about
47: 2.8125 * Rover
48: 2.796875 * broader
49: 2.75 * path
Total loss: 0.3947299122810364 = MSE Loss: 0.32995733618736267, 5.0 * Sparsity Loss: 0.012954514473676682
Epoch: 0 batch_num: 65
0: 7.65625 * mândr
1: 7.53125 * guest
2: 7.3125 * Walk
3: 7.1875 * begging
4: 7.0625 * Licensed
5: 6.34375 * misiune
6: 6.1875 * Weekend
7: 6.0625 * Guest
8: 5.84375 * Dog
9: 5.84375 * -3
10: 5.46875 * weekend
11: 5.0 * morning
12: 4.875 * Walk
13: 4.78125 * outdoors
14: 4.75 * realizeaz
15: 4.625 * Path
16: 4.59375 * Boston
17: 4.5625 * PR
18: 4.40625 * ready
19: 4.0625 * Around
20: 4.0 * coming
21: 4.0 * Day
22: 3.96875 * Walking
23: 3.890625 * Pa
24: 3.828125 * miere
25: 3.828125 * Do
26: 3.828125 * BS
27: 3.78125 * clădiri
28: 3.625 * CC
29: 3.625 * west
30: 3.5625 * actiuni
31: 3.546875 * </s>
32: 3.40625 * RT
33: 3.34375 * FC
34: 3.296875 * PA
35: 3.296875 * ized
36: 3.265625 * Coming
37: 3.21875 * legs
38: 3.15625 * Outdoor
39: 3.140625 * PD
40: 3.09375 * alert
41: 3.09375 * Brown
42: 3.078125 * distance
43: 2.984375 * PR
44: 2.859375 * owner
45: 2.859375 * owner
46: 2.8125 * about
47: 2.78125 * Rover
48: 2.734375 * broader
49: 2.6875 * Pitt
Total loss: 0.27665168046951294 = MSE Loss: 0.21620018780231476, 5.0 * Sparsity Loss: 0.012090298347175121
Epoch: 0 batch_num: 66
0: 7.625 * mândr
1: 7.5 * guest
2: 7.3125 * Walk
3: 7.1875 * begging
4: 6.96875 * Licensed
5: 6.375 * misiune
6: 6.21875 * Weekend
7: 6.0625 * Guest
8: 5.78125 * -3
9: 5.6875 * Dog
10: 5.46875 * weekend
11: 5.125 * morning
12: 4.90625 * Walk
13: 4.75 * realizeaz
14: 4.71875 * outdoors
15: 4.59375 * Path
16: 4.5625 * Boston
17: 4.5625 * PR
18: 4.375 * ready
19: 4.0625 * Around
20: 4.0 * coming
21: 3.984375 * Day
22: 3.953125 * Walking
23: 3.875 * Pa
24: 3.828125 * miere
25: 3.796875 * Do
26: 3.796875 * BS
27: 3.75 * clădiri
28: 3.578125 * CC
29: 3.578125 * west
30: 3.546875 * actiuni
31: 3.515625 * </s>
32: 3.40625 * RT
33: 3.328125 * FC
34: 3.265625 * Coming
35: 3.265625 * ized
36: 3.234375 * PA
37: 3.21875 * legs
38: 3.125 * Outdoor
39: 3.109375 * PD
40: 3.09375 * alert
41: 3.0625 * Brown
42: 3.03125 * distance
43: 2.953125 * PR
44: 2.84375 * owner
45: 2.828125 * owner
46: 2.765625 * Rover
47: 2.75 * about
48: 2.71875 * walks
49: 2.71875 * broader
Total loss: 0.3746403753757477 = MSE Loss: 0.3143327832221985, 5.0 * Sparsity Loss: 0.01206151768565178
Epoch: 0 batch_num: 67
0: 7.625 * mândr
1: 7.5 * guest
2: 7.3125 * Walk
3: 7.15625 * begging
4: 6.84375 * Licensed
5: 6.375 * misiune
6: 6.28125 * Weekend
7: 6.0625 * Guest
8: 5.6875 * -3
9: 5.59375 * Dog
10: 5.5625 * weekend
11: 5.3125 * morning
12: 4.96875 * Walk
13: 4.75 * realizeaz
14: 4.71875 * outdoors
15: 4.59375 * PR
16: 4.59375 * Path
17: 4.46875 * Boston
18: 4.375 * ready
19: 4.09375 * Around
20: 3.984375 * coming
21: 3.984375 * Day
22: 3.9375 * Walking
23: 3.875 * Pa
24: 3.796875 * miere
25: 3.796875 * Do
26: 3.78125 * BS
27: 3.75 * clădiri
28: 3.5625 * west
29: 3.53125 * CC
30: 3.5 * </s>
31: 3.484375 * actiuni
32: 3.390625 * RT
33: 3.328125 * FC
34: 3.25 * Coming
35: 3.25 * ized
36: 3.21875 * legs
37: 3.1875 * PA
38: 3.125 * Outdoor
39: 3.09375 * alert
40: 3.078125 * Brown
41: 3.03125 * PD
42: 3.0 * distance
43: 2.953125 * PR
44: 2.859375 * walks
45: 2.8125 * owner
46: 2.8125 * owner
47: 2.75 * Rover
48: 2.734375 * broader
49: 2.703125 * about
Total loss: 0.3119417428970337 = MSE Loss: 0.2518015503883362, 5.0 * Sparsity Loss: 0.012028036639094353
Epoch: 0 batch_num: 68
0: 7.625 * mândr
1: 7.53125 * guest
2: 7.34375 * Walk
3: 7.125 * begging
4: 6.8125 * Licensed
5: 6.40625 * Weekend
6: 6.40625 * misiune
7: 6.03125 * Guest
8: 5.65625 * weekend
9: 5.625 * -3
10: 5.46875 * Dog
11: 5.4375 * morning
12: 5.0625 * Walk
13: 4.78125 * realizeaz
14: 4.71875 * outdoors
15: 4.59375 * PR
16: 4.5625 * Path
17: 4.40625 * Boston
18: 4.34375 * ready
19: 4.125 * Around
20: 4.0 * Day
21: 3.953125 * coming
22: 3.921875 * Walking
23: 3.90625 * Pa
24: 3.796875 * miere
25: 3.78125 * Do
26: 3.78125 * BS
27: 3.75 * clădiri
28: 3.5625 * west
29: 3.5 * </s>
30: 3.4375 * CC
31: 3.40625 * actiuni
32: 3.34375 * RT
33: 3.3125 * FC
34: 3.28125 * ized
35: 3.21875 * Coming
36: 3.203125 * legs
37: 3.15625 * PA
38: 3.140625 * Brown
39: 3.140625 * Outdoor
40: 3.078125 * alert
41: 2.984375 * walks
42: 2.984375 * distance
43: 2.96875 * PR
44: 2.953125 * PD
45: 2.828125 * owner
46: 2.828125 * owner
47: 2.765625 * broader
48: 2.734375 * Rover
49: 2.640625 * about
Total loss: 0.24466009438037872 = MSE Loss: 0.18500559031963348, 5.0 * Sparsity Loss: 0.011930901557207108
Epoch: 0 batch_num: 69
0: 7.65625 * mândr
1: 7.53125 * guest
2: 7.34375 * Walk
3: 7.15625 * begging
4: 6.78125 * Licensed
5: 6.5 * Weekend
6: 6.40625 * misiune
7: 6.03125 * Guest
8: 5.78125 * weekend
9: 5.59375 * morning
10: 5.59375 * -3
11: 5.34375 * Dog
12: 5.125 * Walk
13: 4.78125 * realizeaz
14: 4.71875 * outdoors
15: 4.5625 * PR
16: 4.5 * Path
17: 4.3125 * Boston
18: 4.3125 * ready
19: 4.15625 * Around
20: 4.03125 * Day
21: 3.953125 * Pa
22: 3.890625 * coming
23: 3.859375 * Walking
24: 3.78125 * miere
25: 3.765625 * BS
26: 3.75 * Do
27: 3.75 * clădiri
28: 3.59375 * west
29: 3.53125 * </s>
30: 3.375 * CC
31: 3.328125 * actiuni
32: 3.296875 * RT
33: 3.25 * FC
34: 3.234375 * ized
35: 3.203125 * Brown
36: 3.1875 * legs
37: 3.15625 * Coming
38: 3.140625 * PA
39: 3.125 * Outdoor
40: 3.078125 * walks
41: 3.03125 * alert
42: 3.0 * PR
43: 2.984375 * distance
44: 2.875 * PD
45: 2.859375 * owner
46: 2.828125 * owner
47: 2.8125 * broader
48: 2.703125 * Rover
49: 2.609375 * Do
Total loss: 0.36314594745635986 = MSE Loss: 0.30522608757019043, 5.0 * Sparsity Loss: 0.011583973653614521
Epoch: 0 batch_num: 70
0: 7.65625 * mândr
1: 7.53125 * guest
2: 7.375 * Walk
3: 7.15625 * begging
4: 6.75 * Licensed
5: 6.59375 * Weekend
6: 6.40625 * misiune
7: 6.0 * Guest
8: 5.875 * weekend
9: 5.71875 * morning
10: 5.5 * -3
11: 5.25 * Dog
12: 5.25 * Walk
13: 4.75 * realizeaz
14: 4.71875 * outdoors
15: 4.5625 * PR
16: 4.4375 * Path
17: 4.25 * Boston
18: 4.25 * ready
19: 4.21875 * Around
20: 4.0625 * Day
21: 3.9375 * Pa
22: 3.828125 * coming
23: 3.78125 * BS
24: 3.765625 * miere
25: 3.75 * clădiri
26: 3.671875 * Walking
27: 3.671875 * Do
28: 3.65625 * west
29: 3.546875 * </s>
30: 3.3125 * CC
31: 3.28125 * actiuni
32: 3.234375 * walks
33: 3.234375 * ized
34: 3.21875 * Brown
35: 3.203125 * RT
36: 3.171875 * PA
37: 3.171875 * FC
38: 3.140625 * legs
39: 3.109375 * Coming
40: 3.109375 * Outdoor
41: 3.03125 * PR
42: 2.984375 * alert
43: 2.953125 * distance
44: 2.875 * owner
45: 2.8125 * broader
46: 2.8125 * owner
47: 2.8125 * PD
48: 2.671875 * Rover
49: 2.578125 * Do
Total loss: 0.34335649013519287 = MSE Loss: 0.2880004942417145, 5.0 * Sparsity Loss: 0.01107119768857956
Epoch: 0 batch_num: 71
0: 7.6875 * mândr
1: 7.5 * guest
2: 7.40625 * Walk
3: 7.15625 * begging
4: 6.75 * Licensed
5: 6.65625 * Weekend
6: 6.40625 * misiune
7: 5.96875 * Guest
8: 5.9375 * weekend
9: 5.75 * morning
10: 5.40625 * -3
11: 5.3125 * Walk
12: 5.1875 * Dog
13: 4.75 * realizeaz
14: 4.71875 * outdoors
15: 4.53125 * PR
16: 4.34375 * Path
17: 4.28125 * Around
18: 4.21875 * ready
19: 4.1875 * Boston
20: 4.03125 * Day
21: 3.9375 * Pa
22: 3.796875 * BS
23: 3.765625 * coming
24: 3.75 * clădiri
25: 3.734375 * miere
26: 3.703125 * west
27: 3.59375 * Do
28: 3.546875 * Walking
29: 3.546875 * </s>
30: 3.3125 * walks
31: 3.265625 * CC
32: 3.234375 * Brown
33: 3.234375 * actiuni
34: 3.234375 * ized
35: 3.21875 * PA
36: 3.140625 * RT
37: 3.078125 * FC
38: 3.0625 * Outdoor
39: 3.046875 * Coming
40: 3.046875 * legs
41: 3.03125 * PR
42: 2.953125 * alert
43: 2.9375 * distance
44: 2.84375 * owner
45: 2.828125 * broader
46: 2.796875 * owner
47: 2.765625 * PD
48: 2.625 * Rover
49: 2.53125 * Do
Total loss: 0.4463682174682617 = MSE Loss: 0.39278072118759155, 5.0 * Sparsity Loss: 0.010717500001192093
Epoch: 0 batch_num: 72
0: 7.71875 * mândr
1: 7.5 * guest
2: 7.375 * Walk
3: 7.15625 * begging
4: 6.75 * Licensed
5: 6.71875 * Weekend
6: 6.40625 * misiune
7: 6.0 * weekend
8: 5.96875 * Guest
9: 5.75 * morning
10: 5.375 * -3
11: 5.28125 * Walk
12: 5.15625 * Dog
13: 4.75 * realizeaz
14: 4.71875 * outdoors
15: 4.46875 * PR
16: 4.34375 * Around
17: 4.28125 * Path
18: 4.1875 * ready
19: 4.125 * Boston
20: 4.03125 * Day
21: 3.921875 * Pa
22: 3.796875 * BS
23: 3.796875 * west
24: 3.78125 * clădiri
25: 3.734375 * miere
26: 3.734375 * coming
27: 3.5625 * </s>
28: 3.515625 * Do
29: 3.46875 * Walking
30: 3.296875 * walks
31: 3.28125 * ized
32: 3.265625 * Brown
33: 3.25 * PA
34: 3.21875 * CC
35: 3.203125 * actiuni
36: 3.0625 * RT
37: 3.046875 * Outdoor
38: 3.03125 * PR
39: 3.015625 * Coming
40: 3.015625 * FC
41: 2.984375 * legs
42: 2.9375 * distance
43: 2.921875 * alert
44: 2.828125 * broader
45: 2.828125 * owner
46: 2.78125 * owner
47: 2.703125 * PD
48: 2.59375 * Rover
49: 2.578125 * interest
Total loss: 0.3833312690258026 = MSE Loss: 0.3314847946166992, 5.0 * Sparsity Loss: 0.01036929339170456
Epoch: 0 batch_num: 73
0: 7.71875 * mândr
1: 7.46875 * guest
2: 7.375 * Walk
3: 7.15625 * begging
4: 6.78125 * Licensed
5: 6.75 * Weekend
6: 6.40625 * misiune
7: 6.0 * weekend
8: 5.90625 * Guest
9: 5.65625 * morning
10: 5.375 * -3
11: 5.25 * Walk
12: 5.1875 * Dog
13: 4.75 * outdoors
14: 4.71875 * realizeaz
15: 4.4375 * PR
16: 4.375 * Around
17: 4.1875 * ready
18: 4.1875 * Path
19: 4.125 * Boston
20: 4.0 * Day
21: 3.890625 * Pa
22: 3.8125 * west
23: 3.796875 * BS
24: 3.78125 * clădiri
25: 3.734375 * miere
26: 3.6875 * coming
27: 3.546875 * </s>
28: 3.421875 * Do
29: 3.390625 * Walking
30: 3.3125 * walks
31: 3.265625 * ized
32: 3.25 * PA
33: 3.234375 * Brown
34: 3.21875 * actiuni
35: 3.203125 * CC
36: 3.03125 * RT
37: 3.015625 * PR
38: 3.015625 * Outdoor
39: 2.96875 * Coming
40: 2.921875 * FC
41: 2.90625 * distance
42: 2.890625 * alert
43: 2.890625 * legs
44: 2.8125 * broader
45: 2.78125 * owner
46: 2.75 * owner
47: 2.6875 * PD
48: 2.671875 * interest
49: 2.5625 * Rover
Total loss: 0.23709440231323242 = MSE Loss: 0.1853068321943283, 5.0 * Sparsity Loss: 0.010357515886425972
Epoch: 0 batch_num: 74
0: 7.75 * mândr
1: 7.40625 * guest
2: 7.375 * Walk
3: 7.15625 * begging
4: 6.78125 * Licensed
5: 6.71875 * Weekend
6: 6.4375 * misiune
7: 6.0 * weekend
8: 5.875 * Guest
9: 5.5625 * morning
10: 5.34375 * -3
11: 5.25 * Walk
12: 5.15625 * Dog
13: 4.71875 * outdoors
14: 4.6875 * realizeaz
15: 4.4375 * Around
16: 4.40625 * PR
17: 4.1875 * ready
18: 4.125 * Boston
19: 4.125 * Path
20: 3.96875 * Day
21: 3.828125 * Pa
22: 3.796875 * BS
23: 3.796875 * west
24: 3.765625 * clădiri
25: 3.734375 * miere
26: 3.65625 * coming
27: 3.5 * </s>
28: 3.359375 * walks
29: 3.34375 * Do
30: 3.265625 * Walking
31: 3.234375 * actiuni
32: 3.234375 * ized
33: 3.21875 * PA
34: 3.21875 * CC
35: 3.15625 * Brown
36: 3.03125 * RT
37: 3.0 * Outdoor
38: 2.984375 * PR
39: 2.953125 * Coming
40: 2.875 * FC
41: 2.859375 * alert
42: 2.859375 * distance
43: 2.796875 * broader
44: 2.796875 * legs
45: 2.765625 * interest
46: 2.703125 * owner
47: 2.703125 * owner
48: 2.640625 * PD
49: 2.53125 * Rover
Total loss: 0.26116934418678284 = MSE Loss: 0.21046707034111023, 5.0 * Sparsity Loss: 0.010140454396605492
Epoch: 0 batch_num: 75
0: 7.6875 * mândr
1: 7.375 * Walk
2: 7.375 * guest
3: 7.125 * begging
4: 6.78125 * Licensed
5: 6.6875 * Weekend
6: 6.40625 * misiune
7: 5.9375 * weekend
8: 5.84375 * Guest
9: 5.46875 * morning
10: 5.34375 * -3
11: 5.21875 * Walk
12: 5.125 * Dog
13: 4.71875 * realizeaz
14: 4.6875 * outdoors
15: 4.4375 * Around
16: 4.40625 * PR
17: 4.25 * ready
18: 4.125 * Boston
19: 4.0625 * Path
20: 3.9375 * Day
21: 3.78125 * BS
22: 3.765625 * clădiri
23: 3.75 * Pa
24: 3.71875 * miere
25: 3.71875 * west
26: 3.625 * coming
27: 3.4375 * </s>
28: 3.359375 * walks
29: 3.28125 * Do
30: 3.265625 * PA
31: 3.25 * ized
32: 3.21875 * Walking
33: 3.21875 * actiuni
34: 3.1875 * CC
35: 3.0625 * Brown
36: 3.015625 * RT
37: 2.96875 * Outdoor
38: 2.953125 * PR
39: 2.921875 * Coming
40: 2.875 * alert
41: 2.828125 * interest
42: 2.828125 * FC
43: 2.8125 * distance
44: 2.75 * broader
45: 2.703125 * legs
46: 2.671875 * owner
47: 2.65625 * owner
48: 2.609375 * PD
49: 2.5 * Rover
Total loss: 0.2783200442790985 = MSE Loss: 0.22832924127578735, 5.0 * Sparsity Loss: 0.009998161345720291
Epoch: 0 batch_num: 76
0: 7.625 * mândr
1: 7.375 * Walk
2: 7.34375 * guest
3: 7.09375 * begging
4: 6.8125 * Licensed
5: 6.65625 * Weekend
6: 6.4375 * misiune
7: 5.90625 * weekend
8: 5.84375 * Guest
9: 5.40625 * morning
10: 5.28125 * -3
11: 5.25 * Walk
12: 5.0 * Dog
13: 4.75 * realizeaz
14: 4.625 * outdoors
15: 4.40625 * Around
16: 4.34375 * PR
17: 4.28125 * ready
18: 4.09375 * Boston
19: 4.0 * Path
20: 3.90625 * Day
21: 3.78125 * BS
22: 3.75 * clădiri
23: 3.703125 * miere
24: 3.671875 * Pa
25: 3.671875 * west
26: 3.609375 * coming
27: 3.375 * walks
28: 3.375 * </s>
29: 3.296875 * ized
30: 3.28125 * PA
31: 3.21875 * Do
32: 3.171875 * actiuni
33: 3.15625 * Walking
34: 3.140625 * CC
35: 3.0 * Brown
36: 2.984375 * RT
37: 2.921875 * Outdoor
38: 2.90625 * Coming
39: 2.890625 * alert
40: 2.890625 * PR
41: 2.84375 * interest
42: 2.796875 * FC
43: 2.75 * distance
44: 2.734375 * broader
45: 2.65625 * legs
46: 2.59375 * owner
47: 2.578125 * owner
48: 2.53125 * PD
49: 2.5 * Rover
Total loss: 0.2113066017627716 = MSE Loss: 0.16252774000167847, 5.0 * Sparsity Loss: 0.009755771607160568
Epoch: 0 batch_num: 77
0: 7.59375 * mândr
1: 7.375 * Walk
2: 7.34375 * guest
3: 7.125 * begging
4: 6.84375 * Licensed
5: 6.65625 * Weekend
6: 6.4375 * misiune
7: 5.9375 * weekend
8: 5.84375 * Guest
9: 5.3125 * morning
10: 5.3125 * -3
11: 5.28125 * Walk
12: 5.0 * Dog
13: 4.78125 * realizeaz
14: 4.59375 * outdoors
15: 4.46875 * Around
16: 4.3125 * ready
17: 4.21875 * PR
18: 4.09375 * Boston
19: 3.953125 * Path
20: 3.875 * Day
21: 3.734375 * BS
22: 3.71875 * clădiri
23: 3.703125 * miere
24: 3.6875 * west
25: 3.65625 * Pa
26: 3.609375 * coming
27: 3.34375 * walks
28: 3.34375 * ized
29: 3.328125 * </s>
30: 3.234375 * PA
31: 3.21875 * Do
32: 3.125 * Walking
33: 3.109375 * actiuni
34: 3.09375 * CC
35: 2.96875 * RT
36: 2.953125 * Brown
37: 2.90625 * alert
38: 2.90625 * Coming
39: 2.890625 * Outdoor
40: 2.859375 * interest
41: 2.796875 * FC
42: 2.78125 * PR
43: 2.734375 * distance
44: 2.6875 * broader
45: 2.625 * legs
46: 2.5625 * owner
47: 2.53125 * owner
48: 2.5 * Rover
49: 2.484375 * PD
Total loss: 0.21092115342617035 = MSE Loss: 0.16395355761051178, 5.0 * Sparsity Loss: 0.009393519721925259
Epoch: 0 batch_num: 78
0: 7.625 * mândr
1: 7.34375 * Walk
2: 7.3125 * guest
3: 7.125 * begging
4: 6.90625 * Licensed
5: 6.6875 * Weekend
6: 6.4375 * misiune
7: 5.90625 * weekend
8: 5.84375 * Guest
9: 5.375 * -3
10: 5.21875 * morning
11: 5.125 * Walk
12: 4.96875 * Dog
13: 4.8125 * realizeaz
14: 4.5625 * outdoors
15: 4.5 * Around
16: 4.3125 * ready
17: 4.09375 * Boston
18: 4.09375 * PR
19: 3.953125 * Path
20: 3.84375 * Day
21: 3.6875 * miere
22: 3.671875 * BS
23: 3.671875 * clădiri
24: 3.640625 * Pa
25: 3.640625 * west
26: 3.625 * coming
27: 3.390625 * ized
28: 3.296875 * </s>
29: 3.25 * Walking
30: 3.21875 * Do
31: 3.203125 * walks
32: 3.1875 * PA
33: 3.09375 * CC
34: 3.046875 * actiuni
35: 2.96875 * Brown
36: 2.953125 * RT
37: 2.921875 * Coming
38: 2.90625 * interest
39: 2.890625 * alert
40: 2.859375 * FC
41: 2.859375 * Outdoor
42: 2.765625 * distance
43: 2.6875 * broader
44: 2.65625 * PR
45: 2.59375 * legs
46: 2.5 * Rover
47: 2.5 * owner
48: 2.46875 * PD
49: 2.453125 * owner
Total loss: 0.3498626947402954 = MSE Loss: 0.30362892150878906, 5.0 * Sparsity Loss: 0.00924675539135933
Epoch: 0 batch_num: 79
0: 7.65625 * mândr
1: 7.3125 * Walk
2: 7.28125 * guest
3: 7.125 * begging
4: 7.0 * Licensed
5: 6.71875 * Weekend
6: 6.4375 * misiune
7: 5.90625 * weekend
8: 5.8125 * Guest
9: 5.40625 * -3
10: 5.125 * morning
11: 5.09375 * Walk
12: 5.0625 * Dog
13: 4.84375 * realizeaz
14: 4.5625 * Around
15: 4.5625 * outdoors
16: 4.28125 * ready
17: 4.09375 * Boston
18: 4.0 * Path
19: 3.9375 * PR
20: 3.8125 * Day
21: 3.671875 * miere
22: 3.65625 * clădiri
23: 3.625 * coming
24: 3.625 * Pa
25: 3.625 * west
26: 3.578125 * BS
27: 3.421875 * ized
28: 3.34375 * Walking
29: 3.296875 * </s>
30: 3.203125 * Do
31: 3.15625 * walks
32: 3.125 * PA
33: 3.125 * CC
34: 3.0 * Brown
35: 3.0 * actiuni
36: 2.9375 * Coming
37: 2.9375 * interest
38: 2.9375 * FC
39: 2.921875 * RT
40: 2.890625 * Outdoor
41: 2.875 * alert
42: 2.8125 * distance
43: 2.671875 * broader
44: 2.5625 * legs
45: 2.515625 * PR
46: 2.484375 * Rover
47: 2.46875 * PD
48: 2.4375 * owner
49: 2.375 * about
Total loss: 0.2528252899646759 = MSE Loss: 0.2061716914176941, 5.0 * Sparsity Loss: 0.009330721572041512
Epoch: 0 batch_num: 80
0: 7.65625 * mândr
1: 7.34375 * Walk
2: 7.25 * guest
3: 7.09375 * begging
4: 7.0625 * Licensed
5: 6.75 * Weekend
6: 6.40625 * misiune
7: 5.9375 * weekend
8: 5.78125 * Guest
9: 5.4375 * -3
10: 5.09375 * Dog
11: 5.0625 * Walk
12: 5.0 * morning
13: 4.875 * realizeaz
14: 4.59375 * Around
15: 4.53125 * outdoors
16: 4.25 * ready
17: 4.125 * Boston
18: 4.0 * Path
19: 3.796875 * PR
20: 3.765625 * Day
21: 3.65625 * miere
22: 3.65625 * west
23: 3.625 * clădiri
24: 3.609375 * coming
25: 3.609375 * Pa
26: 3.5 * BS
27: 3.40625 * ized
28: 3.390625 * Walking
29: 3.296875 * </s>
30: 3.15625 * walks
31: 3.15625 * Do
32: 3.15625 * CC
33: 3.078125 * PA
34: 2.984375 * Brown
35: 2.984375 * FC
36: 2.96875 * actiuni
37: 2.9375 * Coming
38: 2.9375 * interest
39: 2.890625 * Outdoor
40: 2.875 * alert
41: 2.875 * RT
42: 2.828125 * distance
43: 2.640625 * broader
44: 2.53125 * legs
45: 2.484375 * Rover
46: 2.453125 * PD
47: 2.390625 * owner
48: 2.375 * PR
49: 2.34375 * about
Total loss: 0.23464316129684448 = MSE Loss: 0.18813103437423706, 5.0 * Sparsity Loss: 0.009302426129579544
Epoch: 0 batch_num: 81
0: 7.59375 * mândr
1: 7.28125 * Walk
2: 7.21875 * guest
3: 7.125 * begging
4: 7.09375 * Licensed
5: 6.8125 * Weekend
6: 6.375 * misiune
7: 6.0 * weekend
8: 5.75 * Guest
9: 5.4375 * -3
10: 5.03125 * Dog
11: 4.96875 * morning
12: 4.9375 * Walk
13: 4.8125 * realizeaz
14: 4.59375 * Around
15: 4.53125 * outdoors
16: 4.21875 * ready
17: 4.125 * Boston
18: 4.03125 * Path
19: 3.765625 * west
20: 3.734375 * Day
21: 3.71875 * PR
22: 3.65625 * miere
23: 3.625 * clădiri
24: 3.59375 * Pa
25: 3.578125 * coming
26: 3.5 * Walking
27: 3.46875 * BS
28: 3.40625 * ized
29: 3.34375 * </s>
30: 3.171875 * CC
31: 3.15625 * Do
32: 3.078125 * walks
33: 3.0625 * PA
34: 3.015625 * FC
35: 3.0 * Brown
36: 2.9375 * Coming
37: 2.9375 * interest
38: 2.921875 * actiuni
39: 2.875 * Outdoor
40: 2.859375 * alert
41: 2.828125 * RT
42: 2.828125 * distance
43: 2.609375 * broader
44: 2.484375 * legs
45: 2.46875 * Rover
46: 2.4375 * PD
47: 2.359375 * owner
48: 2.34375 * about
49: 2.328125 * ST
Total loss: 0.30575546622276306 = MSE Loss: 0.2607068419456482, 5.0 * Sparsity Loss: 0.009009724482893944
Epoch: 0 batch_num: 82
0: 7.53125 * mândr
1: 7.25 * Walk
2: 7.1875 * guest
3: 7.125 * begging
4: 7.09375 * Licensed
5: 6.90625 * Weekend
6: 6.375 * misiune
7: 6.0625 * weekend
8: 5.71875 * Guest
9: 5.46875 * -3
10: 4.96875 * morning
11: 4.90625 * Dog
12: 4.90625 * Walk
13: 4.75 * realizeaz
14: 4.59375 * Around
15: 4.5 * outdoors
16: 4.21875 * ready
17: 4.09375 * Boston
18: 4.0 * Path
19: 3.890625 * west
20: 3.6875 * PR
21: 3.6875 * Day
22: 3.625 * clădiri
23: 3.609375 * miere
24: 3.59375 * Pa
25: 3.578125 * Walking
26: 3.5625 * coming
27: 3.453125 * BS
28: 3.375 * </s>
29: 3.34375 * ized
30: 3.1875 * Do
31: 3.140625 * CC
32: 3.046875 * Brown
33: 3.03125 * walks
34: 3.015625 * PA
35: 3.0 * FC
36: 2.921875 * Coming
37: 2.90625 * interest
38: 2.875 * actiuni
39: 2.84375 * alert
40: 2.84375 * Outdoor
41: 2.796875 * distance
42: 2.765625 * RT
43: 2.59375 * broader
44: 2.453125 * Rover
45: 2.40625 * legs
46: 2.390625 * about
47: 2.375 * PD
48: 2.34375 * owner
49: 2.296875 * ST
Total loss: 0.21887299418449402 = MSE Loss: 0.17571242153644562, 5.0 * Sparsity Loss: 0.0086321160197258
Epoch: 0 batch_num: 83
0: 7.5 * mândr
1: 7.21875 * Walk
2: 7.125 * guest
3: 7.125 * begging
4: 7.0625 * Licensed
5: 6.96875 * Weekend
6: 6.34375 * misiune
7: 6.1875 * weekend
8: 5.6875 * Guest
9: 5.40625 * -3
10: 5.03125 * morning
11: 4.875 * Walk
12: 4.8125 * Dog
13: 4.6875 * realizeaz
14: 4.5625 * Around
15: 4.46875 * outdoors
16: 4.21875 * ready
17: 4.0625 * Boston
18: 3.96875 * Path
19: 3.9375 * west
20: 3.6875 * Day
21: 3.65625 * PR
22: 3.640625 * Walking
23: 3.625 * clădiri
24: 3.59375 * miere
25: 3.59375 * Pa
26: 3.53125 * coming
27: 3.421875 * BS
28: 3.40625 * </s>
29: 3.28125 * ized
30: 3.203125 * Do
31: 3.125 * CC
32: 3.046875 * Brown
33: 3.0 * PA
34: 3.0 * FC
35: 2.984375 * walks
36: 2.890625 * Coming
37: 2.875 * interest
38: 2.859375 * actiuni
39: 2.8125 * alert
40: 2.8125 * Outdoor
41: 2.734375 * RT
42: 2.71875 * distance
43: 2.546875 * broader
44: 2.453125 * Rover
45: 2.453125 * about
46: 2.359375 * legs
47: 2.34375 * PD
48: 2.328125 * owner
49: 2.28125 * ST
Total loss: 0.3494698703289032 = MSE Loss: 0.3061610758304596, 5.0 * Sparsity Loss: 0.00866176001727581
Epoch: 0 batch_num: 84
0: 7.4375 * mândr
1: 7.15625 * Walk
2: 7.09375 * guest
3: 7.09375 * begging
4: 7.03125 * Licensed
5: 7.0 * Weekend
6: 6.3125 * misiune
7: 6.21875 * weekend
8: 5.6875 * Guest
9: 5.3125 * -3
10: 5.03125 * morning
11: 4.78125 * Walk
12: 4.75 * Dog
13: 4.6875 * realizeaz
14: 4.53125 * Around
15: 4.40625 * outdoors
16: 4.1875 * ready
17: 4.0625 * Boston
18: 3.96875 * Path
19: 3.9375 * west
20: 3.71875 * Walking
21: 3.65625 * Day
22: 3.640625 * clădiri
23: 3.609375 * PR
24: 3.578125 * miere
25: 3.578125 * Pa
26: 3.5 * coming
27: 3.40625 * </s>
28: 3.390625 * BS
29: 3.265625 * ized
30: 3.203125 * Do
31: 3.109375 * CC
32: 3.015625 * Brown
33: 3.0 * PA
34: 2.953125 * FC
35: 2.875 * walks
36: 2.859375 * Coming
37: 2.859375 * actiuni
38: 2.859375 * interest
39: 2.78125 * alert
40: 2.75 * Outdoor
41: 2.703125 * RT
42: 2.671875 * distance
43: 2.515625 * broader
44: 2.5 * about
45: 2.453125 * Rover
46: 2.359375 * owner
47: 2.296875 * PD
48: 2.296875 * legs
49: 2.28125 * ST
Total loss: 0.2188260555267334 = MSE Loss: 0.17648735642433167, 5.0 * Sparsity Loss: 0.008467741310596466
Epoch: 0 batch_num: 85
0: 7.40625 * mândr
1: 7.09375 * Walk
2: 7.09375 * guest
3: 7.09375 * begging
4: 7.0 * Licensed
5: 6.96875 * Weekend
6: 6.28125 * misiune
7: 6.21875 * weekend
8: 5.6875 * Guest
9: 5.25 * -3
10: 5.03125 * morning
11: 4.75 * Dog
12: 4.59375 * realizeaz
13: 4.5625 * Walk
14: 4.4375 * Around
15: 4.34375 * outdoors
16: 4.1875 * ready
17: 4.0625 * Boston
18: 3.984375 * Path
19: 3.890625 * west
20: 3.859375 * Walking
21: 3.65625 * clădiri
22: 3.625 * Day
23: 3.5625 * PR
24: 3.546875 * miere
25: 3.53125 * Pa
26: 3.515625 * coming
27: 3.40625 * </s>
28: 3.34375 * BS
29: 3.25 * ized
30: 3.1875 * Do
31: 3.09375 * CC
32: 3.015625 * PA
33: 2.96875 * Brown
34: 2.90625 * FC
35: 2.890625 * interest
36: 2.859375 * Coming
37: 2.859375 * actiuni
38: 2.75 * alert
39: 2.6875 * Outdoor
40: 2.671875 * RT
41: 2.640625 * walks
42: 2.609375 * distance
43: 2.578125 * about
44: 2.46875 * broader
45: 2.453125 * Rover
46: 2.421875 * owner
47: 2.328125 * ST
48: 2.265625 * Summer
49: 2.265625 * legs
Total loss: 0.34180739521980286 = MSE Loss: 0.30068889260292053, 5.0 * Sparsity Loss: 0.0082236984744668
Epoch: 0 batch_num: 86
0: 7.34375 * mândr
1: 7.0625 * guest
2: 7.0625 * begging
3: 6.96875 * Walk
4: 6.9375 * Licensed
5: 6.90625 * Weekend
6: 6.25 * misiune
7: 6.1875 * weekend
8: 5.65625 * Guest
9: 5.1875 * -3
10: 5.0 * morning
11: 4.875 * Dog
12: 4.5 * realizeaz
13: 4.375 * Walk
14: 4.375 * Around
15: 4.28125 * outdoors
16: 4.1875 * ready
17: 4.0625 * Walking
18: 4.03125 * Boston
19: 4.03125 * Path
20: 3.90625 * west
21: 3.640625 * clădiri
22: 3.578125 * Day
23: 3.53125 * miere
24: 3.53125 * PR
25: 3.515625 * coming
26: 3.484375 * Pa
27: 3.40625 * </s>
28: 3.328125 * BS
29: 3.265625 * ized
30: 3.1875 * Do
31: 3.0625 * CC
32: 3.015625 * PA
33: 2.9375 * Brown
34: 2.90625 * interest
35: 2.875 * actiuni
36: 2.859375 * FC
37: 2.84375 * Coming
38: 2.71875 * alert
39: 2.640625 * about
40: 2.640625 * Outdoor
41: 2.625 * RT
42: 2.578125 * distance
43: 2.46875 * owner
44: 2.421875 * Rover
45: 2.421875 * broader
46: 2.390625 * walks
47: 2.28125 * ST
48: 2.265625 * Summer
49: 2.265625 * legs
Total loss: 0.2315862625837326 = MSE Loss: 0.19122369587421417, 5.0 * Sparsity Loss: 0.008072514086961746
Epoch: 0 batch_num: 87
0: 7.28125 * mândr
1: 7.0625 * begging
2: 7.03125 * guest
3: 6.90625 * Licensed
4: 6.875 * Walk
5: 6.8125 * Weekend
6: 6.21875 * misiune
7: 6.09375 * weekend
8: 5.65625 * Guest
9: 5.125 * -3
10: 4.9375 * morning
11: 4.90625 * Dog
12: 4.40625 * realizeaz
13: 4.3125 * Around
14: 4.21875 * Walking
15: 4.21875 * outdoors
16: 4.1875 * Walk
17: 4.15625 * ready
18: 4.09375 * Path
19: 4.03125 * Boston
20: 3.828125 * west
21: 3.625 * clădiri
22: 3.53125 * coming
23: 3.53125 * Day
24: 3.515625 * miere
25: 3.484375 * PR
26: 3.4375 * Pa
27: 3.40625 * </s>
28: 3.3125 * BS
29: 3.265625 * ized
30: 3.171875 * Do
31: 3.03125 * CC
32: 3.0 * PA
33: 2.921875 * interest
34: 2.90625 * Brown
35: 2.890625 * actiuni
36: 2.859375 * Coming
37: 2.796875 * FC
38: 2.703125 * alert
39: 2.703125 * about
40: 2.59375 * RT
41: 2.5625 * Outdoor
42: 2.515625 * owner
43: 2.484375 * distance
44: 2.40625 * Rover
45: 2.359375 * broader
46: 2.359375 * pets
47: 2.265625 * ST
48: 2.25 * legs
49: 2.203125 * Summer
Total loss: 0.22248782217502594 = MSE Loss: 0.18280817568302155, 5.0 * Sparsity Loss: 0.007935930043458939
Epoch: 0 batch_num: 88
0: 7.28125 * mândr
1: 7.0625 * begging
2: 7.03125 * guest
3: 6.875 * Licensed
4: 6.8125 * Walk
5: 6.65625 * Weekend
6: 6.21875 * misiune
7: 5.96875 * weekend
8: 5.65625 * Guest
9: 5.125 * -3
10: 4.90625 * Dog
11: 4.84375 * morning
12: 4.375 * realizeaz
13: 4.28125 * Walking
14: 4.21875 * Around
15: 4.1875 * ready
16: 4.125 * Path
17: 4.125 * outdoors
18: 4.09375 * Walk
19: 4.03125 * Boston
20: 3.796875 * west
21: 3.625 * clădiri
22: 3.53125 * coming
23: 3.5 * miere
24: 3.46875 * Day
25: 3.421875 * PR
26: 3.421875 * Pa
27: 3.421875 * </s>
28: 3.3125 * BS
29: 3.25 * ized
30: 3.171875 * Do
31: 3.0 * CC
32: 2.953125 * PA
33: 2.9375 * interest
34: 2.90625 * actiuni
35: 2.890625 * Brown
36: 2.828125 * Coming
37: 2.765625 * FC
38: 2.75 * about
39: 2.6875 * alert
40: 2.5625 * owner
41: 2.5625 * pets
42: 2.5625 * RT
43: 2.453125 * Outdoor
44: 2.40625 * distance
45: 2.359375 * Rover
46: 2.3125 * broader
47: 2.25 * ST
48: 2.203125 * legs
49: 2.15625 * Ready
Total loss: 0.22111797332763672 = MSE Loss: 0.18130938708782196, 5.0 * Sparsity Loss: 0.007961718365550041
Epoch: 0 batch_num: 89
0: 7.25 * mândr
1: 7.0625 * begging
2: 7.03125 * guest
3: 6.875 * Licensed
4: 6.78125 * Walk
5: 6.5625 * Weekend
6: 6.1875 * misiune
7: 5.84375 * weekend
8: 5.625 * Guest
9: 5.15625 * -3
10: 4.9375 * Dog
11: 4.75 * morning
12: 4.375 * realizeaz
13: 4.3125 * Walking
14: 4.1875 * Around
15: 4.1875 * ready
16: 4.125 * outdoors
17: 4.09375 * Path
18: 4.0625 * Walk
19: 4.03125 * Boston
20: 3.765625 * west
21: 3.609375 * clădiri
22: 3.5 * coming
23: 3.484375 * miere
24: 3.421875 * Pa
25: 3.421875 * </s>
26: 3.421875 * Day
27: 3.390625 * PR
28: 3.3125 * BS
29: 3.234375 * ized
30: 3.1875 * Do
31: 2.96875 * CC
32: 2.921875 * interest
33: 2.90625 * Brown
34: 2.90625 * PA
35: 2.890625 * actiuni
36: 2.796875 * Coming
37: 2.78125 * about
38: 2.71875 * pets
39: 2.71875 * FC
40: 2.640625 * alert
41: 2.578125 * owner
42: 2.515625 * RT
43: 2.4375 * Outdoor
44: 2.34375 * distance
45: 2.3125 * Rover
46: 2.296875 * broader
47: 2.21875 * ST
48: 2.1875 * legs
49: 2.15625 * Ready
Total loss: 0.23341427743434906 = MSE Loss: 0.1935829520225525, 5.0 * Sparsity Loss: 0.007966265082359314
Epoch: 0 batch_num: 90
0: 7.1875 * mândr
1: 7.03125 * begging
2: 7.0 * guest
3: 6.84375 * Licensed
4: 6.75 * Walk
5: 6.46875 * Weekend
6: 6.15625 * misiune
7: 5.71875 * weekend
8: 5.59375 * Guest
9: 5.15625 * -3
10: 4.90625 * Dog
11: 4.625 * morning
12: 4.40625 * realizeaz
13: 4.25 * Walking
14: 4.1875 * ready
15: 4.15625 * Walk
16: 4.15625 * Around
17: 4.0625 * Boston
18: 4.0625 * Path
19: 4.0625 * outdoors
20: 3.75 * west
21: 3.578125 * clădiri
22: 3.46875 * miere
23: 3.453125 * coming
24: 3.421875 * Pa
25: 3.390625 * Day
26: 3.375 * PR
27: 3.375 * </s>
28: 3.328125 * BS
29: 3.25 * ized
30: 3.1875 * Do
31: 2.921875 * CC
32: 2.90625 * interest
33: 2.890625 * PA
34: 2.875 * Brown
35: 2.875 * pets
36: 2.859375 * actiuni
37: 2.75 * Coming
38: 2.734375 * about
39: 2.6875 * FC
40: 2.609375 * alert
41: 2.5625 * owner
42: 2.46875 * RT
43: 2.34375 * Outdoor
44: 2.296875 * broader
45: 2.296875 * distance
46: 2.28125 * Rover
47: 2.1875 * ST
48: 2.140625 * Ready
49: 2.125 * legs
Total loss: 0.2118607759475708 = MSE Loss: 0.172102689743042, 5.0 * Sparsity Loss: 0.007951617240905762
Epoch: 0 batch_num: 91
0: 7.15625 * mândr
1: 7.0 * guest
2: 7.0 * begging
3: 6.84375 * Licensed
4: 6.8125 * Walk
5: 6.375 * Weekend
6: 6.15625 * misiune
7: 5.625 * weekend
8: 5.5625 * Guest
9: 5.15625 * -3
10: 4.90625 * Dog
11: 4.5 * morning
12: 4.46875 * realizeaz
13: 4.25 * Walk
14: 4.15625 * Walking
15: 4.15625 * Around
16: 4.15625 * ready
17: 4.0625 * Boston
18: 4.03125 * outdoors
19: 4.0 * Path
20: 3.671875 * west
21: 3.5625 * clădiri
22: 3.46875 * miere
23: 3.421875 * coming
24: 3.40625 * Pa
25: 3.359375 * PR
26: 3.359375 * Day
27: 3.328125 * </s>
28: 3.296875 * BS
29: 3.28125 * ized
30: 3.171875 * Do
31: 3.0625 * pets
32: 2.875 * PA
33: 2.875 * interest
34: 2.859375 * CC
35: 2.84375 * Brown
36: 2.8125 * actiuni
37: 2.703125 * Coming
38: 2.6875 * FC
39: 2.671875 * about
40: 2.578125 * alert
41: 2.5625 * owner
42: 2.421875 * RT
43: 2.3125 * broader
44: 2.28125 * Rover
45: 2.28125 * Outdoor
46: 2.25 * distance
47: 2.203125 * walks
48: 2.171875 * ST
49: 2.140625 * Ready
Total loss: 0.25111404061317444 = MSE Loss: 0.21274544298648834, 5.0 * Sparsity Loss: 0.007673717103898525
Epoch: 0 batch_num: 92
0: 7.09375 * mândr
1: 7.0 * guest
2: 6.90625 * begging
3: 6.84375 * Walk
4: 6.84375 * Licensed
5: 6.3125 * Weekend
6: 6.15625 * misiune
7: 5.53125 * weekend
8: 5.53125 * Guest
9: 5.15625 * -3
10: 4.875 * Dog
11: 4.46875 * realizeaz
12: 4.4375 * morning
13: 4.375 * Walk
14: 4.1875 * Around
15: 4.125 * ready
16: 4.0625 * Boston
17: 4.03125 * Walking
18: 4.0 * outdoors
19: 3.90625 * Path
20: 3.6875 * west
21: 3.515625 * clădiri
22: 3.453125 * miere
23: 3.40625 * Pa
24: 3.390625 * coming
25: 3.34375 * Day
26: 3.328125 * PR
27: 3.328125 * ized
28: 3.296875 * </s>
29: 3.296875 * BS
30: 3.25 * pets
31: 3.21875 * Do
32: 2.859375 * PA
33: 2.84375 * Brown
34: 2.84375 * interest
35: 2.8125 * CC
36: 2.765625 * actiuni
37: 2.671875 * Coming
38: 2.671875 * FC
39: 2.640625 * about
40: 2.5625 * alert
41: 2.546875 * owner
42: 2.390625 * RT
43: 2.328125 * broader
44: 2.296875 * walks
45: 2.28125 * Outdoor
46: 2.265625 * Rover
47: 2.234375 * distance
48: 2.171875 * ST
49: 2.109375 * Ready
Total loss: 0.29264020919799805 = MSE Loss: 0.2545214295387268, 5.0 * Sparsity Loss: 0.0076237572357058525
Epoch: 0 batch_num: 93
0: 7.03125 * mândr
1: 7.0 * guest
2: 6.9375 * Walk
3: 6.875 * begging
4: 6.875 * Licensed
5: 6.25 * Weekend
6: 6.15625 * misiune
7: 5.5 * Guest
8: 5.46875 * weekend
9: 5.1875 * -3
10: 4.875 * Dog
11: 4.5 * realizeaz
12: 4.46875 * Walk
13: 4.40625 * morning
14: 4.21875 * Around
15: 4.09375 * ready
16: 4.0625 * Boston
17: 3.984375 * outdoors
18: 3.875 * Walking
19: 3.875 * Path
20: 3.609375 * west
21: 3.5 * clădiri
22: 3.453125 * pets
23: 3.4375 * miere
24: 3.390625 * coming
25: 3.390625 * Pa
26: 3.328125 * PR
27: 3.328125 * ized
28: 3.3125 * Day
29: 3.296875 * </s>
30: 3.28125 * BS
31: 3.25 * Do
32: 2.84375 * Brown
33: 2.84375 * PA
34: 2.765625 * interest
35: 2.75 * CC
36: 2.703125 * actiuni
37: 2.65625 * Coming
38: 2.640625 * about
39: 2.625 * FC
40: 2.53125 * alert
41: 2.515625 * owner
42: 2.421875 * walks
43: 2.375 * RT
44: 2.328125 * broader
45: 2.265625 * Rover
46: 2.25 * Outdoor
47: 2.21875 * distance
48: 2.09375 * Ready
49: 2.09375 * Do
Total loss: 0.288322776556015 = MSE Loss: 0.2508513033390045, 5.0 * Sparsity Loss: 0.007494292687624693
Epoch: 0 batch_num: 94
0: 7.0 * Walk
1: 7.0 * mândr
2: 6.96875 * guest
3: 6.96875 * Licensed
4: 6.84375 * begging
5: 6.21875 * Weekend
6: 6.15625 * misiune
7: 5.46875 * Guest
8: 5.375 * weekend
9: 5.1875 * -3
10: 4.84375 * Dog
11: 4.625 * Walk
12: 4.5 * realizeaz
13: 4.34375 * morning
14: 4.25 * Around
15: 4.0625 * Boston
16: 4.0625 * ready
17: 3.9375 * outdoors
18: 3.828125 * Path
19: 3.65625 * Walking
20: 3.609375 * pets
21: 3.546875 * west
22: 3.46875 * clădiri
23: 3.421875 * miere
24: 3.375 * coming
25: 3.375 * Pa
26: 3.328125 * PR
27: 3.296875 * </s>
28: 3.28125 * Do
29: 3.28125 * ized
30: 3.28125 * Day
31: 3.265625 * BS
32: 2.859375 * PA
33: 2.78125 * Brown
34: 2.6875 * actiuni
35: 2.6875 * interest
36: 2.65625 * about
37: 2.65625 * CC
38: 2.640625 * Coming
39: 2.5625 * walks
40: 2.5625 * FC
41: 2.5 * alert
42: 2.46875 * owner
43: 2.328125 * RT
44: 2.3125 * broader
45: 2.234375 * Rover
46: 2.21875 * Outdoor
47: 2.203125 * distance
48: 2.09375 * Do
49: 2.0625 * Ready
Total loss: 0.19643685221672058 = MSE Loss: 0.15942922234535217, 5.0 * Sparsity Loss: 0.007401527836918831
Epoch: 0 batch_num: 95
0: 7.0625 * Walk
1: 7.03125 * Licensed
2: 6.9375 * mândr
3: 6.90625 * guest
4: 6.8125 * begging
5: 6.1875 * misiune
6: 6.15625 * Weekend
7: 5.40625 * Guest
8: 5.34375 * weekend
9: 5.21875 * -3
10: 4.8125 * Dog
11: 4.75 * Walk
12: 4.46875 * realizeaz
13: 4.28125 * Around
14: 4.28125 * morning
15: 4.09375 * Boston
16: 4.0 * ready
17: 3.90625 * outdoors
18: 3.765625 * Path
19: 3.734375 * pets
20: 3.484375 * Walking
21: 3.484375 * west
22: 3.421875 * miere
23: 3.421875 * clădiri
24: 3.375 * Pa
25: 3.34375 * coming
26: 3.28125 * PR
27: 3.28125 * Do
28: 3.28125 * </s>
29: 3.28125 * BS
30: 3.265625 * Day
31: 3.25 * ized
32: 2.859375 * PA
33: 2.703125 * Brown
34: 2.6875 * actiuni
35: 2.671875 * walks
36: 2.671875 * about
37: 2.609375 * Coming
38: 2.609375 * CC
39: 2.609375 * interest
40: 2.53125 * FC
41: 2.46875 * alert
42: 2.4375 * owner
43: 2.296875 * RT
44: 2.265625 * broader
45: 2.21875 * Rover
46: 2.203125 * distance
47: 2.1875 * Outdoor
48: 2.09375 * Do
49: 2.015625 * Ready
Total loss: 0.37035778164863586 = MSE Loss: 0.33421677350997925, 5.0 * Sparsity Loss: 0.007228204049170017
Epoch: 0 batch_num: 96
0: 7.15625 * Walk
1: 7.09375 * Licensed
2: 6.875 * mândr
3: 6.84375 * guest
4: 6.84375 * begging
5: 6.21875 * misiune
6: 6.09375 * Weekend
7: 5.375 * Guest
8: 5.25 * weekend
9: 5.1875 * -3
10: 5.0 * Walk
11: 4.75 * Dog
12: 4.4375 * realizeaz
13: 4.28125 * Around
14: 4.1875 * morning
15: 4.09375 * Boston
16: 3.96875 * ready
17: 3.890625 * pets
18: 3.890625 * outdoors
19: 3.671875 * Path
20: 3.421875 * west
21: 3.390625 * miere
22: 3.375 * clădiri
23: 3.34375 * Pa
24: 3.3125 * coming
25: 3.28125 * Walking
26: 3.265625 * Do
27: 3.265625 * BS
28: 3.25 * PR
29: 3.234375 * Day
30: 3.21875 * </s>
31: 3.203125 * ized
32: 2.890625 * walks
33: 2.859375 * PA
34: 2.671875 * actiuni
35: 2.640625 * about
36: 2.625 * Brown
37: 2.578125 * CC
38: 2.5625 * Coming
39: 2.5 * interest
40: 2.46875 * FC
41: 2.453125 * alert
42: 2.421875 * owner
43: 2.28125 * RT
44: 2.25 * broader
45: 2.21875 * Rover
46: 2.171875 * Outdoor
47: 2.15625 * distance
48: 2.078125 * Do
49: 1.9765625 * Ready
Total loss: 0.3435220718383789 = MSE Loss: 0.3073984384536743, 5.0 * Sparsity Loss: 0.007224726490676403
Epoch: 0 batch_num: 97
0: 7.25 * Walk
1: 7.125 * Licensed
2: 6.84375 * begging
3: 6.8125 * mândr
4: 6.8125 * guest
5: 6.21875 * misiune
6: 6.0 * Weekend
7: 5.34375 * Guest
8: 5.21875 * -3
9: 5.1875 * weekend
10: 5.15625 * Walk
11: 4.65625 * Dog
12: 4.34375 * realizeaz
13: 4.3125 * Around
14: 4.125 * Boston
15: 4.03125 * morning
16: 4.0 * pets
17: 3.921875 * ready
18: 3.875 * outdoors
19: 3.609375 * Path
20: 3.359375 * miere
21: 3.328125 * Pa
22: 3.328125 * west
23: 3.328125 * clădiri
24: 3.296875 * coming
25: 3.234375 * PR
26: 3.234375 * BS
27: 3.203125 * Do
28: 3.1875 * </s>
29: 3.1875 * Day
30: 3.125 * Walking
31: 3.109375 * ized
32: 3.015625 * walks
33: 2.828125 * PA
34: 2.671875 * actiuni
35: 2.59375 * about
36: 2.578125 * CC
37: 2.5625 * Coming
38: 2.515625 * Brown
39: 2.453125 * alert
40: 2.453125 * interest
41: 2.4375 * FC
42: 2.40625 * owner
43: 2.265625 * RT
44: 2.21875 * Rover
45: 2.203125 * broader
46: 2.15625 * Outdoor
47: 2.15625 * distance
48: 2.0625 * Do
49: 1.953125 * Ready
Total loss: 0.25622421503067017 = MSE Loss: 0.22155271470546722, 5.0 * Sparsity Loss: 0.00693430146202445
Epoch: 0 batch_num: 98
0: 7.28125 * Walk
1: 7.1875 * Licensed
2: 6.875 * begging
3: 6.78125 * mândr
4: 6.75 * guest
5: 6.21875 * misiune
6: 5.9375 * Weekend
7: 5.3125 * Guest
8: 5.25 * Walk
9: 5.1875 * -3
10: 5.125 * weekend
11: 4.5625 * Dog
12: 4.3125 * Around
13: 4.25 * realizeaz
14: 4.15625 * Boston
15: 4.125 * pets
16: 3.90625 * ready
17: 3.875 * morning
18: 3.84375 * outdoors
19: 3.53125 * Path
20: 3.328125 * miere
21: 3.296875 * clădiri
22: 3.28125 * Pa
23: 3.265625 * coming
24: 3.25 * PR
25: 3.234375 * west
26: 3.21875 * BS
27: 3.140625 * Do
28: 3.125 * </s>
29: 3.125 * Day
30: 3.109375 * walks
31: 3.03125 * ized
32: 2.984375 * Walking
33: 2.84375 * PA
34: 2.625 * actiuni
35: 2.578125 * CC
36: 2.546875 * Coming
37: 2.546875 * about
38: 2.453125 * Brown
39: 2.4375 * alert
40: 2.390625 * interest
41: 2.359375 * owner
42: 2.34375 * FC
43: 2.21875 * RT
44: 2.1875 * Rover
45: 2.171875 * broader
46: 2.15625 * Outdoor
47: 2.109375 * distance
48: 2.015625 * Do
49: 1.921875 * Ready
Total loss: 0.28049880266189575 = MSE Loss: 0.2456369400024414, 5.0 * Sparsity Loss: 0.006972374860197306
Epoch: 0 batch_num: 99
0: 7.3125 * Walk
1: 7.1875 * Licensed
2: 6.875 * begging
3: 6.75 * mândr
4: 6.71875 * guest
5: 6.21875 * misiune
6: 5.84375 * Weekend
7: 5.34375 * Walk
8: 5.3125 * Guest
9: 5.125 * -3
10: 5.03125 * weekend
11: 4.4375 * Dog
12: 4.3125 * Around
13: 4.21875 * pets
14: 4.21875 * realizeaz
15: 4.125 * Boston
16: 3.890625 * ready
17: 3.84375 * outdoors
18: 3.75 * morning
19: 3.53125 * Path
20: 3.3125 * miere
21: 3.28125 * PR
22: 3.25 * clădiri
23: 3.234375 * coming
24: 3.234375 * Pa
25: 3.21875 * walks
26: 3.21875 * west
27: 3.171875 * BS
28: 3.09375 * Do
29: 3.0625 * Day
30: 3.03125 * </s>
31: 3.0 * ized
32: 2.890625 * Walking
33: 2.859375 * PA
34: 2.625 * actiuni
35: 2.546875 * CC
36: 2.515625 * Coming
37: 2.46875 * about
38: 2.421875 * alert
39: 2.390625 * Brown
40: 2.34375 * interest
41: 2.3125 * owner
42: 2.265625 * FC
43: 2.1875 * RT
44: 2.171875 * Rover
45: 2.171875 * Outdoor
46: 2.125 * broader
47: 2.078125 * distance
48: 1.9609375 * Do
49: 1.8984375 * Ready
Total loss: 0.32011541724205017 = MSE Loss: 0.2845311760902405, 5.0 * Sparsity Loss: 0.007116848602890968
Epoch: 0 batch_num: 100
0: 7.3125 * Walk
1: 7.21875 * Licensed
2: 6.84375 * begging
3: 6.71875 * mândr
4: 6.65625 * guest
5: 6.21875 * misiune
6: 5.78125 * Weekend
7: 5.4375 * Walk
8: 5.28125 * Guest
9: 5.09375 * -3
10: 5.0 * weekend
11: 4.34375 * Around
12: 4.3125 * pets
13: 4.28125 * Dog
14: 4.1875 * realizeaz
15: 4.09375 * Boston
16: 3.890625 * ready
17: 3.84375 * outdoors
18: 3.65625 * morning
19: 3.53125 * Path
20: 3.3125 * walks
21: 3.28125 * miere
22: 3.25 * PR
23: 3.234375 * clădiri
24: 3.21875 * coming
25: 3.21875 * Pa
26: 3.125 * BS
27: 3.109375 * Do
28: 3.109375 * west
29: 3.0 * Day
30: 2.984375 * ized
31: 2.9375 * </s>
32: 2.859375 * PA
33: 2.828125 * Walking
34: 2.59375 * actiuni
35: 2.515625 * Coming
36: 2.515625 * CC
37: 2.40625 * about
38: 2.375 * alert
39: 2.328125 * Brown
40: 2.3125 * interest
41: 2.234375 * owner
42: 2.21875 * FC
43: 2.1875 * Outdoor
44: 2.171875 * RT
45: 2.15625 * Rover
46: 2.09375 * broader
47: 2.0625 * distance
48: 1.9453125 * Do
49: 1.890625 * Ready
Total loss: 0.23389416933059692 = MSE Loss: 0.19842629134655, 5.0 * Sparsity Loss: 0.007093575783073902
Epoch: 0 batch_num: 101
0: 7.28125 * Walk
1: 7.25 * Licensed
2: 6.875 * begging
3: 6.65625 * mândr
4: 6.59375 * guest
5: 6.1875 * misiune
6: 5.8125 * Weekend
7: 5.4375 * Walk
8: 5.25 * Guest
9: 5.0625 * -3
10: 5.03125 * weekend
11: 4.40625 * Around
12: 4.40625 * pets
13: 4.21875 * Dog
14: 4.09375 * realizeaz
15: 3.984375 * Boston
16: 3.890625 * ready
17: 3.875 * outdoors
18: 3.65625 * morning
19: 3.484375 * Path
20: 3.3125 * walks
21: 3.265625 * Pa
22: 3.25 * miere
23: 3.234375 * clădiri
24: 3.203125 * PR
25: 3.203125 * coming
26: 3.140625 * west
27: 3.09375 * Do
28: 3.09375 * BS
29: 3.0 * ized
30: 3.0 * Day
31: 2.859375 * Walking
32: 2.859375 * </s>
33: 2.84375 * PA
34: 2.578125 * actiuni
35: 2.5 * Coming
36: 2.484375 * CC
37: 2.375 * about
38: 2.34375 * alert
39: 2.296875 * Brown
40: 2.296875 * interest
41: 2.265625 * Outdoor
42: 2.1875 * owner
43: 2.15625 * Rover
44: 2.15625 * FC
45: 2.109375 * RT
46: 2.078125 * broader
47: 2.078125 * distance
48: 1.9140625 * Do
49: 1.875 * Ready
Total loss: 0.23291486501693726 = MSE Loss: 0.1975637972354889, 5.0 * Sparsity Loss: 0.007070213556289673
Epoch: 0 batch_num: 102
0: 7.25 * Walk
1: 7.25 * Licensed
2: 6.90625 * begging
3: 6.625 * mândr
4: 6.5625 * guest
5: 6.1875 * misiune
6: 5.78125 * Weekend
7: 5.40625 * Walk
8: 5.25 * Guest
9: 5.0625 * -3
10: 5.03125 * weekend
11: 4.40625 * Around
12: 4.40625 * pets
13: 4.1875 * Dog
14: 4.0625 * realizeaz
15: 3.921875 * Boston
16: 3.921875 * ready
17: 3.875 * outdoors
18: 3.71875 * morning
19: 3.4375 * Path
20: 3.3125 * Pa
21: 3.265625 * walks
22: 3.21875 * miere
23: 3.21875 * clădiri
24: 3.171875 * coming
25: 3.15625 * west
26: 3.125 * PR
27: 3.0625 * BS
28: 3.03125 * Do
29: 3.0 * Day
30: 2.984375 * ized
31: 2.9375 * Walking
32: 2.828125 * </s>
33: 2.796875 * PA
34: 2.546875 * actiuni
35: 2.46875 * Coming
36: 2.46875 * CC
37: 2.375 * about
38: 2.296875 * alert
39: 2.296875 * Brown
40: 2.25 * interest
41: 2.21875 * Outdoor
42: 2.140625 * Rover
43: 2.125 * FC
44: 2.109375 * owner
45: 2.09375 * distance
46: 2.0625 * broader
47: 2.0625 * RT
48: 1.875 * Do
49: 1.8671875 * Ready
Total loss: 0.29433387517929077 = MSE Loss: 0.25925153493881226, 5.0 * Sparsity Loss: 0.007016466930508614
Epoch: 0 batch_num: 103
0: 7.21875 * Walk
1: 7.21875 * Licensed
2: 6.96875 * begging
3: 6.625 * mândr
4: 6.53125 * guest
5: 6.1875 * misiune
6: 5.78125 * Weekend
7: 5.28125 * Walk
8: 5.1875 * Guest
9: 5.03125 * weekend
10: 5.03125 * -3
11: 4.46875 * pets
12: 4.4375 * Around
13: 4.1875 * Dog
14: 3.96875 * realizeaz
15: 3.9375 * ready
16: 3.90625 * outdoors
17: 3.875 * Boston
18: 3.8125 * morning
19: 3.390625 * Path
20: 3.359375 * Pa
21: 3.234375 * clădiri
22: 3.171875 * miere
23: 3.171875 * west
24: 3.15625 * walks
25: 3.15625 * coming
26: 3.0625 * BS
27: 3.03125 * PR
28: 3.015625 * Walking
29: 3.015625 * ized
30: 3.015625 * Day
31: 2.921875 * Do
32: 2.8125 * </s>
33: 2.71875 * PA
34: 2.53125 * actiuni
35: 2.453125 * Coming
36: 2.453125 * CC
37: 2.34375 * about
38: 2.296875 * Brown
39: 2.265625 * alert
40: 2.25 * Outdoor
41: 2.234375 * interest
42: 2.140625 * Rover
43: 2.109375 * distance
44: 2.09375 * FC
45: 2.078125 * broader
46: 2.015625 * owner
47: 2.0 * RT
48: 1.859375 * Ready
49: 1.828125 * Do
Total loss: 0.31530827283859253 = MSE Loss: 0.28085488080978394, 5.0 * Sparsity Loss: 0.006890677381306887
Epoch: 0 batch_num: 104
0: 7.25 * Walk
1: 7.1875 * Licensed
2: 7.03125 * begging
3: 6.59375 * mândr
4: 6.40625 * guest
5: 6.1875 * misiune
6: 5.71875 * Weekend
7: 5.28125 * Walk
8: 5.125 * Guest
9: 5.03125 * -3
10: 5.0 * weekend
11: 4.53125 * pets
12: 4.46875 * Around
13: 4.1875 * Dog
14: 3.921875 * morning
15: 3.921875 * outdoors
16: 3.90625 * ready
17: 3.890625 * realizeaz
18: 3.828125 * Boston
19: 3.4375 * Pa
20: 3.28125 * Path
21: 3.21875 * clădiri
22: 3.171875 * coming
23: 3.15625 * west
24: 3.140625 * miere
25: 3.125 * walks
26: 3.109375 * Walking
27: 3.046875 * ized
28: 3.03125 * BS
29: 3.0 * Day
30: 2.890625 * PR
31: 2.859375 * Do
32: 2.828125 * </s>
33: 2.640625 * PA
34: 2.515625 * actiuni
35: 2.4375 * Coming
36: 2.40625 * CC
37: 2.296875 * Brown
38: 2.28125 * about
39: 2.265625 * alert
40: 2.234375 * Outdoor
41: 2.1875 * interest
42: 2.140625 * Rover
43: 2.09375 * broader
44: 2.09375 * FC
45: 2.09375 * distance
46: 1.953125 * RT
47: 1.8984375 * owner
48: 1.8359375 * Ready
49: 1.8046875 * Do
Total loss: 0.21249020099639893 = MSE Loss: 0.1782740205526352, 5.0 * Sparsity Loss: 0.006843237206339836
Epoch: 0 batch_num: 105
0: 7.25 * Walk
1: 7.1875 * Licensed
2: 7.125 * begging
3: 6.5625 * mândr
4: 6.3125 * guest
5: 6.15625 * misiune
6: 5.6875 * Weekend
7: 5.25 * Walk
8: 5.03125 * Guest
9: 5.03125 * -3
10: 5.0 * weekend
11: 4.59375 * pets
12: 4.46875 * Around
13: 4.21875 * Dog
14: 3.984375 * morning
15: 3.921875 * outdoors
16: 3.875 * ready
17: 3.828125 * realizeaz
18: 3.796875 * Boston
19: 3.46875 * Pa
20: 3.203125 * Walking
21: 3.203125 * Path
22: 3.1875 * coming
23: 3.1875 * clădiri
24: 3.125 * west
25: 3.078125 * miere
26: 3.078125 * ized
27: 3.0625 * walks
28: 2.984375 * BS
29: 2.96875 * Day
30: 2.84375 * </s>
31: 2.796875 * Do
32: 2.71875 * PR
33: 2.5625 * PA
34: 2.484375 * actiuni
35: 2.453125 * Coming
36: 2.390625 * CC
37: 2.328125 * Brown
38: 2.28125 * about
39: 2.25 * alert
40: 2.203125 * Outdoor
41: 2.140625 * Rover
42: 2.125 * interest
43: 2.109375 * FC
44: 2.09375 * broader
45: 2.078125 * distance
46: 1.921875 * RT
47: 1.828125 * Ready
48: 1.796875 * owner
49: 1.78125 * Do
Total loss: 0.2148275226354599 = MSE Loss: 0.18044237792491913, 5.0 * Sparsity Loss: 0.0068770297802984715
Epoch: 0 batch_num: 106
0: 7.28125 * Walk
1: 7.25 * Licensed
2: 7.15625 * begging
3: 6.53125 * mândr
4: 6.21875 * guest
5: 6.15625 * misiune
6: 5.65625 * Weekend
7: 5.28125 * Walk
8: 5.0625 * -3
9: 4.96875 * Guest
10: 4.9375 * weekend
11: 4.625 * pets
12: 4.46875 * Around
13: 4.25 * Dog
14: 4.03125 * morning
15: 3.90625 * outdoors
16: 3.84375 * ready
17: 3.796875 * realizeaz
18: 3.78125 * Boston
19: 3.453125 * Pa
20: 3.265625 * Walking
21: 3.203125 * coming
22: 3.171875 * clădiri
23: 3.140625 * Path
24: 3.09375 * ized
25: 3.0625 * walks
26: 3.046875 * miere
27: 2.96875 * Day
28: 2.953125 * BS
29: 2.953125 * west
30: 2.8125 * </s>
31: 2.75 * Do
32: 2.625 * PR
33: 2.515625 * PA
34: 2.46875 * actiuni
35: 2.453125 * Coming
36: 2.34375 * Brown
37: 2.34375 * CC
38: 2.234375 * alert
39: 2.234375 * about
40: 2.1875 * Outdoor
41: 2.15625 * Rover
42: 2.125 * broader
43: 2.109375 * interest
44: 2.109375 * FC
45: 2.046875 * distance
46: 1.859375 * RT
47: 1.8125 * Ready
48: 1.765625 * Do
49: 1.734375 * -2018
Total loss: 0.2871619462966919 = MSE Loss: 0.2529033422470093, 5.0 * Sparsity Loss: 0.006851719226688147
Epoch: 0 batch_num: 107
0: 7.25 * Walk
1: 7.25 * Licensed
2: 7.1875 * begging
3: 6.53125 * mândr
4: 6.15625 * guest
5: 6.125 * misiune
6: 5.625 * Weekend
7: 5.21875 * Walk
8: 5.0625 * -3
9: 4.96875 * Guest
10: 4.90625 * weekend
11: 4.6875 * pets
12: 4.4375 * Around
13: 4.3125 * Dog
14: 4.125 * morning
15: 3.875 * outdoors
16: 3.8125 * ready
17: 3.78125 * realizeaz
18: 3.765625 * Boston
19: 3.40625 * Pa
20: 3.375 * Walking
21: 3.203125 * coming
22: 3.171875 * clădiri
23: 3.125 * Path
24: 3.0625 * ized
25: 3.015625 * walks
26: 3.0 * miere
27: 2.96875 * Day
28: 2.9375 * BS
29: 2.828125 * west
30: 2.78125 * </s>
31: 2.6875 * Do
32: 2.609375 * PR
33: 2.5 * PA
34: 2.453125 * Coming
35: 2.453125 * actiuni
36: 2.390625 * Brown
37: 2.28125 * CC
38: 2.203125 * alert
39: 2.171875 * Outdoor
40: 2.15625 * Rover
41: 2.15625 * about
42: 2.109375 * broader
43: 2.109375 * interest
44: 2.078125 * FC
45: 2.015625 * distance
46: 1.796875 * Ready
47: 1.796875 * RT
48: 1.75 * Do
49: 1.7421875 * -2018
Total loss: 0.20058897137641907 = MSE Loss: 0.1668042689561844, 5.0 * Sparsity Loss: 0.006756939925253391
Epoch: 0 batch_num: 108
0: 7.25 * Licensed
1: 7.21875 * Walk
2: 7.1875 * begging
3: 6.53125 * mândr
4: 6.125 * guest
5: 6.09375 * misiune
6: 5.5625 * Weekend
7: 5.1875 * Walk
8: 5.09375 * -3
9: 4.9375 * Guest
10: 4.84375 * weekend
11: 4.6875 * pets
12: 4.4375 * Dog
13: 4.375 * Around
14: 4.1875 * morning
15: 3.796875 * outdoors
16: 3.796875 * realizeaz
17: 3.78125 * ready
18: 3.75 * Boston
19: 3.421875 * Walking
20: 3.328125 * Pa
21: 3.203125 * coming
22: 3.203125 * clădiri
23: 3.125 * Path
24: 3.046875 * ized
25: 2.96875 * miere
26: 2.96875 * Day
27: 2.953125 * walks
28: 2.890625 * BS
29: 2.765625 * </s>
30: 2.71875 * west
31: 2.625 * Do
32: 2.609375 * PR
33: 2.5 * PA
34: 2.453125 * Coming
35: 2.4375 * actiuni
36: 2.40625 * Brown
37: 2.25 * CC
38: 2.171875 * interest
39: 2.140625 * Rover
40: 2.140625 * alert
41: 2.125 * about
42: 2.09375 * broader
43: 2.0625 * Outdoor
44: 2.046875 * FC
45: 1.96875 * distance
46: 1.7734375 * Ready
47: 1.7578125 * RT
48: 1.7265625 * Do
49: 1.7265625 * -2018
Total loss: 0.3286519944667816 = MSE Loss: 0.2944614887237549, 5.0 * Sparsity Loss: 0.006838100031018257
Epoch: 0 batch_num: 109
0: 7.3125 * Licensed
1: 7.1875 * Walk
2: 7.15625 * begging
3: 6.53125 * mândr
4: 6.125 * guest
5: 6.03125 * misiune
6: 5.5 * Weekend
7: 5.15625 * Walk
8: 5.15625 * -3
9: 4.9375 * Guest
10: 4.78125 * weekend
11: 4.625 * pets
12: 4.5625 * Dog
13: 4.28125 * Around
14: 4.15625 * morning
15: 3.84375 * realizeaz
16: 3.75 * ready
17: 3.75 * outdoors
18: 3.734375 * Boston
19: 3.46875 * Walking
20: 3.265625 * Pa
21: 3.1875 * coming
22: 3.1875 * clădiri
23: 3.0625 * Path
24: 3.03125 * ized
25: 2.953125 * Day
26: 2.9375 * miere
27: 2.890625 * walks
28: 2.84375 * BS
29: 2.78125 * </s>
30: 2.640625 * Do
31: 2.625 * west
32: 2.5625 * PR
33: 2.46875 * PA
34: 2.4375 * actiuni
35: 2.421875 * Coming
36: 2.421875 * Brown
37: 2.25 * CC
38: 2.21875 * interest
39: 2.140625 * about
40: 2.109375 * Rover
41: 2.109375 * alert
42: 2.046875 * broader
43: 2.015625 * FC
44: 1.9765625 * Outdoor
45: 1.9296875 * distance
46: 1.765625 * RT
47: 1.75 * Ready
48: 1.7265625 * Do
49: 1.71875 * -2018
Total loss: 0.2186250388622284 = MSE Loss: 0.18448469042778015, 5.0 * Sparsity Loss: 0.006828071549534798
Epoch: 0 batch_num: 110
0: 7.34375 * Licensed
1: 7.21875 * Walk
2: 7.15625 * begging
3: 6.53125 * mândr
4: 6.03125 * guest
5: 6.0 * misiune
6: 5.40625 * Weekend
7: 5.15625 * Walk
8: 5.15625 * -3
9: 4.875 * Guest
10: 4.65625 * Dog
11: 4.65625 * weekend
12: 4.5625 * pets
13: 4.21875 * Around
14: 4.0625 * morning
15: 3.953125 * realizeaz
16: 3.765625 * Boston
17: 3.75 * ready
18: 3.734375 * outdoors
19: 3.46875 * Walking
20: 3.25 * Pa
21: 3.15625 * clădiri
22: 3.125 * coming
23: 3.015625 * ized
24: 2.984375 * Path
25: 2.90625 * miere
26: 2.875 * Day
27: 2.859375 * walks
28: 2.8125 * BS
29: 2.765625 * </s>
30: 2.71875 * Do
31: 2.578125 * west
32: 2.515625 * PR
33: 2.453125 * actiuni
34: 2.4375 * PA
35: 2.375 * Brown
36: 2.359375 * Coming
37: 2.25 * CC
38: 2.21875 * interest
39: 2.140625 * about
40: 2.109375 * Rover
41: 2.0625 * alert
42: 2.015625 * broader
43: 1.9609375 * FC
44: 1.890625 * Outdoor
45: 1.875 * distance
46: 1.765625 * RT
47: 1.75 * Do
48: 1.7421875 * Ready
49: 1.71875 * -2018
Total loss: 0.28813275694847107 = MSE Loss: 0.2538679540157318, 5.0 * Sparsity Loss: 0.0068529630079865456
Epoch: 0 batch_num: 111
0: 7.3125 * Licensed
1: 7.1875 * Walk
2: 7.125 * begging
3: 6.53125 * mândr
4: 6.0 * guest
5: 5.96875 * misiune
6: 5.3125 * Weekend
7: 5.125 * Walk
8: 5.125 * -3
9: 4.84375 * Guest
10: 4.75 * Dog
11: 4.59375 * weekend
12: 4.53125 * pets
13: 4.15625 * Around
14: 4.03125 * realizeaz
15: 4.0 * morning
16: 3.78125 * Boston
17: 3.75 * ready
18: 3.703125 * outdoors
19: 3.515625 * Walking
20: 3.21875 * Pa
21: 3.171875 * clădiri
22: 3.0625 * coming
23: 2.96875 * ized
24: 2.875 * miere
25: 2.875 * Path
26: 2.828125 * Day
27: 2.796875 * BS
28: 2.75 * walks
29: 2.75 * Do
30: 2.75 * </s>
31: 2.53125 * west
32: 2.484375 * PR
33: 2.46875 * actiuni
34: 2.4375 * PA
35: 2.34375 * Brown
36: 2.296875 * Coming
37: 2.21875 * CC
38: 2.171875 * interest
39: 2.125 * about
40: 2.09375 * Rover
41: 2.046875 * alert
42: 1.96875 * broader
43: 1.875 * FC
44: 1.796875 * distance
45: 1.7890625 * Outdoor
46: 1.75 * Do
47: 1.75 * RT
48: 1.7421875 * Ready
49: 1.71875 * -2018
Total loss: 0.22513926029205322 = MSE Loss: 0.19128674268722534, 5.0 * Sparsity Loss: 0.006770503707230091
Epoch: 0 batch_num: 112
0: 7.28125 * Licensed
1: 7.1875 * Walk
2: 7.125 * begging
3: 6.5625 * mândr
4: 6.0 * guest
5: 5.9375 * misiune
6: 5.25 * Weekend
7: 5.09375 * Walk
8: 5.03125 * -3
9: 4.84375 * Dog
10: 4.8125 * Guest
11: 4.5625 * weekend
12: 4.5 * pets
13: 4.09375 * Around
14: 4.09375 * realizeaz
15: 3.984375 * morning
16: 3.765625 * ready
17: 3.75 * Boston
18: 3.671875 * outdoors
19: 3.5625 * Walking
20: 3.171875 * Pa
21: 3.171875 * clădiri
22: 3.0625 * coming
23: 2.953125 * ized
24: 2.84375 * miere
25: 2.796875 * Day
26: 2.78125 * Path
27: 2.78125 * BS
28: 2.75 * Do
29: 2.6875 * </s>
30: 2.65625 * walks
31: 2.53125 * west
32: 2.46875 * PR
33: 2.46875 * actiuni
34: 2.453125 * PA
35: 2.328125 * Brown
36: 2.28125 * Coming
37: 2.1875 * CC
38: 2.140625 * interest
39: 2.109375 * about
40: 2.0625 * Rover
41: 2.046875 * alert
42: 1.9375 * ST
43: 1.921875 * broader
44: 1.7890625 * FC
45: 1.75 * RT
46: 1.7421875 * Ready
47: 1.7421875 * Do
48: 1.734375 * -2018
49: 1.7265625 * distance
Total loss: 0.3464902937412262 = MSE Loss: 0.31211867928504944, 5.0 * Sparsity Loss: 0.0068743228912353516
Epoch: 0 batch_num: 113
0: 7.25 * Licensed
1: 7.125 * Walk
2: 7.125 * begging
3: 6.5625 * mândr
4: 6.0 * guest
5: 5.90625 * misiune
6: 5.25 * Weekend
7: 4.96875 * Walk
8: 4.96875 * -3
9: 4.9375 * Dog
10: 4.8125 * Guest
11: 4.59375 * weekend
12: 4.5 * pets
13: 4.125 * realizeaz
14: 4.0625 * Around
15: 3.984375 * morning
16: 3.75 * ready
17: 3.734375 * Boston
18: 3.71875 * Walking
19: 3.640625 * outdoors
20: 3.1875 * clădiri
21: 3.140625 * Pa
22: 3.09375 * coming
23: 2.921875 * ized
24: 2.8125 * miere
25: 2.8125 * Day
26: 2.75 * Do
27: 2.75 * BS
28: 2.734375 * Path
29: 2.65625 * </s>
30: 2.53125 * west
31: 2.5 * walks
32: 2.5 * PA
33: 2.453125 * actiuni
34: 2.421875 * PR
35: 2.28125 * Coming
36: 2.25 * Brown
37: 2.203125 * ST
38: 2.15625 * CC
39: 2.140625 * interest
40: 2.125 * about
41: 2.046875 * Rover
42: 2.03125 * alert
43: 1.8828125 * broader
44: 1.734375 * -2018
45: 1.71875 * Ready
46: 1.71875 * Do
47: 1.71875 * RT
48: 1.7109375 * FC
49: 1.6796875 * distance
Total loss: 0.2957429885864258 = MSE Loss: 0.2624734938144684, 5.0 * Sparsity Loss: 0.006653901655226946
Epoch: 0 batch_num: 114
0: 7.25 * Licensed
1: 7.125 * begging
2: 7.03125 * Walk
3: 6.5625 * mândr
4: 6.0 * guest
5: 5.90625 * misiune
6: 5.28125 * Weekend
7: 5.03125 * Dog
8: 4.875 * -3
9: 4.8125 * Walk
10: 4.8125 * Guest
11: 4.625 * weekend
12: 4.4375 * pets
13: 4.09375 * realizeaz
14: 4.03125 * Around
15: 3.984375 * morning
16: 3.890625 * Walking
17: 3.703125 * Boston
18: 3.703125 * ready
19: 3.609375 * outdoors
20: 3.203125 * clădiri
21: 3.125 * coming
22: 3.125 * Pa
23: 2.90625 * ized
24: 2.828125 * Day
25: 2.78125 * miere
26: 2.78125 * Do
27: 2.75 * BS
28: 2.703125 * Path
29: 2.640625 * </s>
30: 2.5625 * west
31: 2.515625 * PA
32: 2.421875 * actiuni
33: 2.40625 * ST
34: 2.390625 * PR
35: 2.3125 * walks
36: 2.3125 * Coming
37: 2.1875 * Brown
38: 2.15625 * about
39: 2.140625 * interest
40: 2.09375 * CC
41: 2.015625 * Rover
42: 2.0 * alert
43: 1.859375 * broader
44: 1.7265625 * -2018
45: 1.71875 * Do
46: 1.6875 * Ready
47: 1.6640625 * RT
48: 1.65625 * distance
49: 1.625 * corresponding
Total loss: 0.20923009514808655 = MSE Loss: 0.17543534934520721, 5.0 * Sparsity Loss: 0.006758950650691986
Epoch: 0 batch_num: 115
0: 7.25 * Licensed
1: 7.125 * begging
2: 6.9375 * Walk
3: 6.59375 * mândr
4: 6.0 * guest
5: 5.875 * misiune
6: 5.3125 * Weekend
7: 5.125 * Dog
8: 4.84375 * -3
9: 4.8125 * Guest
10: 4.6875 * weekend
11: 4.65625 * Walk
12: 4.4375 * pets
13: 4.09375 * Walking
14: 4.0 * Around
15: 3.984375 * morning
16: 3.96875 * realizeaz
17: 3.65625 * Boston
18: 3.65625 * ready
19: 3.59375 * outdoors
20: 3.203125 * clădiri
21: 3.15625 * coming
22: 3.109375 * Pa
23: 2.859375 * ized
24: 2.84375 * Day
25: 2.765625 * miere
26: 2.765625 * Do
27: 2.75 * BS
28: 2.65625 * Path
29: 2.640625 * </s>
30: 2.625 * ST
31: 2.609375 * west
32: 2.484375 * PA
33: 2.390625 * actiuni
34: 2.359375 * Coming
35: 2.328125 * PR
36: 2.1875 * Brown
37: 2.171875 * about
38: 2.15625 * interest
39: 2.125 * walks
40: 2.078125 * CC
41: 1.96875 * Rover
42: 1.9609375 * alert
43: 1.828125 * broader
44: 1.703125 * -2018
45: 1.6875 * Do
46: 1.6328125 * Ready
47: 1.6328125 * RT
48: 1.6328125 * distance
49: 1.6015625 * corresponding
Total loss: 0.23530176281929016 = MSE Loss: 0.2013736367225647, 5.0 * Sparsity Loss: 0.006785626523196697
Epoch: 0 batch_num: 116
0: 7.25 * Licensed
1: 7.125 * begging
2: 6.84375 * Walk
3: 6.59375 * mândr
4: 5.96875 * guest
5: 5.875 * misiune
6: 5.34375 * Weekend
7: 5.15625 * Dog
8: 4.84375 * -3
9: 4.8125 * Guest
10: 4.71875 * weekend
11: 4.53125 * Walk
12: 4.4375 * pets
13: 4.25 * Walking
14: 4.0625 * Around
15: 4.0 * morning
16: 3.859375 * realizeaz
17: 3.609375 * ready
18: 3.609375 * outdoors
19: 3.59375 * Boston
20: 3.21875 * coming
21: 3.203125 * clădiri
22: 3.125 * Pa
23: 2.875 * ST
24: 2.859375 * Day
25: 2.796875 * ized
26: 2.75 * Do
27: 2.734375 * miere
28: 2.703125 * BS
29: 2.671875 * west
30: 2.640625 * </s>
31: 2.609375 * Path
32: 2.4375 * Coming
33: 2.40625 * PA
34: 2.359375 * actiuni
35: 2.203125 * PR
36: 2.171875 * interest
37: 2.140625 * Brown
38: 2.140625 * about
39: 2.109375 * CC
40: 1.96875 * walks
41: 1.9375 * Rover
42: 1.9375 * alert
43: 1.8046875 * broader
44: 1.6796875 * -2018
45: 1.65625 * Do
46: 1.6171875 * RT
47: 1.6015625 * distance
48: 1.5859375 * Ready
49: 1.578125 * corresponding
Total loss: 0.1937795877456665 = MSE Loss: 0.1599489152431488, 5.0 * Sparsity Loss: 0.0067661358043551445
Epoch: 0 batch_num: 117
0: 7.21875 * Licensed
1: 7.09375 * begging
2: 6.78125 * Walk
3: 6.59375 * mândr
4: 5.9375 * guest
5: 5.84375 * misiune
6: 5.40625 * Weekend
7: 5.21875 * Dog
8: 4.8125 * -3
9: 4.78125 * weekend
10: 4.78125 * Guest
11: 4.40625 * Walking
12: 4.40625 * Walk
13: 4.40625 * pets
14: 4.09375 * Around
15: 4.0 * morning
16: 3.765625 * realizeaz
17: 3.625 * outdoors
18: 3.578125 * ready
19: 3.53125 * Boston
20: 3.25 * coming
21: 3.203125 * clădiri
22: 3.171875 * Pa
23: 3.0625 * ST
24: 2.875 * Day
25: 2.796875 * west
26: 2.734375 * Do
27: 2.734375 * ized
28: 2.71875 * miere
29: 2.671875 * BS
30: 2.640625 * </s>
31: 2.515625 * Path
32: 2.46875 * Coming
33: 2.328125 * actiuni
34: 2.3125 * PA
35: 2.234375 * Brown
36: 2.125 * CC
37: 2.125 * interest
38: 2.09375 * about
39: 2.0625 * PR
40: 1.9453125 * alert
41: 1.8984375 * Rover
42: 1.84375 * walks
43: 1.75 * broader
44: 1.65625 * -2018
45: 1.6328125 * Do
46: 1.6015625 * size
47: 1.5859375 * owner
48: 1.578125 * RT
49: 1.578125 * distance
Total loss: 0.30680859088897705 = MSE Loss: 0.2726151943206787, 5.0 * Sparsity Loss: 0.006838682107627392
Epoch: 0 batch_num: 118
0: 7.1875 * Licensed
1: 7.09375 * begging
2: 6.71875 * Walk
3: 6.625 * mândr
4: 5.90625 * guest
5: 5.84375 * misiune
6: 5.4375 * Weekend
7: 5.21875 * Dog
8: 4.875 * weekend
9: 4.78125 * Guest
10: 4.75 * -3
11: 4.5 * Walking
12: 4.34375 * pets
13: 4.3125 * Walk
14: 4.125 * Around
15: 4.0 * morning
16: 3.734375 * realizeaz
17: 3.625 * outdoors
18: 3.546875 * ready
19: 3.453125 * Boston
20: 3.25 * coming
21: 3.203125 * Pa
22: 3.203125 * ST
23: 3.1875 * clădiri
24: 2.890625 * west
25: 2.890625 * Day
26: 2.78125 * Do
27: 2.6875 * miere
28: 2.6875 * ized
29: 2.671875 * BS
30: 2.625 * </s>
31: 2.515625 * Path
32: 2.484375 * Coming
33: 2.3125 * actiuni
34: 2.265625 * Brown
35: 2.234375 * PA
36: 2.109375 * interest
37: 2.09375 * CC
38: 2.078125 * about
39: 1.96875 * PR
40: 1.9375 * alert
41: 1.8515625 * Rover
42: 1.71875 * broader
43: 1.7109375 * walks
44: 1.6484375 * -2018
45: 1.6328125 * owner
46: 1.6328125 * Do
47: 1.6015625 * size
48: 1.5703125 * distance
49: 1.5546875 * outdoor
Total loss: 0.2269434928894043 = MSE Loss: 0.19302573800086975, 5.0 * Sparsity Loss: 0.006783551536500454
Epoch: 0 batch_num: 119
0: 7.15625 * Licensed
1: 7.0625 * begging
2: 6.65625 * Walk
3: 6.65625 * mândr
4: 5.84375 * guest
5: 5.8125 * misiune
6: 5.4375 * Weekend
7: 5.15625 * Dog
8: 4.90625 * weekend
9: 4.75 * -3
10: 4.71875 * Guest
11: 4.59375 * Walking
12: 4.3125 * pets
13: 4.25 * Walk
14: 4.15625 * Around
15: 3.984375 * morning
16: 3.640625 * realizeaz
17: 3.609375 * outdoors
18: 3.546875 * ready
19: 3.421875 * Boston
20: 3.359375 * ST
21: 3.25 * Pa
22: 3.234375 * coming
23: 3.171875 * clădiri
24: 2.953125 * west
25: 2.890625 * Day
26: 2.84375 * Do
27: 2.671875 * miere
28: 2.65625 * BS
29: 2.65625 * ized
30: 2.578125 * </s>
31: 2.5 * Path
32: 2.46875 * Coming
33: 2.3125 * actiuni
34: 2.234375 * Brown
35: 2.15625 * PA
36: 2.109375 * CC
37: 2.0625 * about
38: 2.0625 * interest
39: 1.921875 * alert
40: 1.875 * PR
41: 1.8359375 * Rover
42: 1.7109375 * broader
43: 1.640625 * walks
44: 1.640625 * Do
45: 1.6328125 * outdoor
46: 1.6328125 * -2018
47: 1.6171875 * owner
48: 1.609375 * size
49: 1.5625 * distance
Total loss: 0.26083844900131226 = MSE Loss: 0.2278318554162979, 5.0 * Sparsity Loss: 0.006601315923035145
Epoch: 0 batch_num: 120
0: 7.09375 * Licensed
1: 7.0625 * begging
2: 6.65625 * Walk
3: 6.65625 * mândr
4: 5.8125 * misiune
5: 5.75 * guest
6: 5.4375 * Weekend
7: 5.0625 * Dog
8: 4.9375 * weekend
9: 4.78125 * -3
10: 4.65625 * Guest
11: 4.625 * Walking
12: 4.28125 * Walk
13: 4.25 * pets
14: 4.1875 * Around
15: 3.953125 * morning
16: 3.59375 * outdoors
17: 3.53125 * ready
18: 3.53125 * realizeaz
19: 3.515625 * ST
20: 3.390625 * Boston
21: 3.3125 * Pa
22: 3.203125 * coming
23: 3.140625 * clădiri
24: 2.96875 * west
25: 2.921875 * Do
26: 2.875 * Day
27: 2.640625 * miere
28: 2.625 * BS
29: 2.5625 * ized
30: 2.546875 * </s>
31: 2.515625 * Path
32: 2.421875 * Coming
33: 2.28125 * actiuni
34: 2.171875 * Brown
35: 2.140625 * CC
36: 2.09375 * about
37: 2.046875 * PA
38: 1.9921875 * interest
39: 1.90625 * alert
40: 1.8359375 * Rover
41: 1.765625 * PR
42: 1.7109375 * broader
43: 1.7109375 * outdoor
44: 1.6640625 * size
45: 1.65625 * Do
46: 1.609375 * walks
47: 1.6015625 * -2018
48: 1.578125 * owner
49: 1.5625 * RT
Total loss: 0.25135472416877747 = MSE Loss: 0.2191915363073349, 5.0 * Sparsity Loss: 0.006432636640965939
Epoch: 0 batch_num: 121
0: 7.0625 * begging
1: 7.03125 * Licensed
2: 6.6875 * Walk
3: 6.6875 * mândr
4: 5.8125 * misiune
5: 5.6875 * guest
6: 5.375 * Weekend
7: 4.96875 * Dog
8: 4.96875 * weekend
9: 4.84375 * -3
10: 4.625 * Walking
11: 4.59375 * Guest
12: 4.34375 * Walk
13: 4.21875 * Around
14: 4.21875 * pets
15: 3.90625 * morning
16: 3.671875 * ST
17: 3.546875 * outdoors
18: 3.515625 * ready
19: 3.484375 * realizeaz
20: 3.40625 * Boston
21: 3.359375 * Pa
22: 3.203125 * coming
23: 3.109375 * clădiri
24: 2.953125 * west
25: 2.921875 * Do
26: 2.84375 * Day
27: 2.625 * miere
28: 2.5625 * BS
29: 2.5 * Path
30: 2.5 * ized
31: 2.484375 * </s>
32: 2.40625 * Coming
33: 2.265625 * actiuni
34: 2.171875 * CC
35: 2.109375 * Brown
36: 2.046875 * about
37: 1.953125 * interest
38: 1.9140625 * PA
39: 1.890625 * alert
40: 1.8359375 * Rover
41: 1.8125 * outdoor
42: 1.703125 * size
43: 1.6796875 * broader
44: 1.6640625 * PR
45: 1.6484375 * walks
46: 1.6484375 * Do
47: 1.5703125 * -2018
48: 1.5625 * RT
49: 1.5546875 * distance
Total loss: 0.3922905921936035 = MSE Loss: 0.35962411761283875, 5.0 * Sparsity Loss: 0.006533298175781965
Epoch: 0 batch_num: 122
0: 7.03125 * begging
1: 6.96875 * Licensed
2: 6.75 * Walk
3: 6.71875 * mândr
4: 5.78125 * misiune
5: 5.625 * guest
6: 5.34375 * Weekend
7: 4.96875 * weekend
8: 4.875 * -3
9: 4.84375 * Dog
10: 4.53125 * Walking
11: 4.53125 * Guest
12: 4.5 * Walk
13: 4.21875 * Around
14: 4.1875 * pets
15: 3.84375 * morning
16: 3.78125 * ST
17: 3.5 * ready
18: 3.5 * realizeaz
19: 3.484375 * outdoors
20: 3.421875 * Pa
21: 3.390625 * Boston
22: 3.203125 * coming
23: 3.078125 * clădiri
24: 2.921875 * Do
25: 2.921875 * west
26: 2.828125 * Day
27: 2.59375 * miere
28: 2.515625 * BS
29: 2.5 * Path
30: 2.484375 * ized
31: 2.453125 * </s>
32: 2.390625 * Coming
33: 2.234375 * actiuni
34: 2.1875 * CC
35: 2.0625 * Brown
36: 2.03125 * about
37: 1.9453125 * interest
38: 1.921875 * outdoor
39: 1.8671875 * alert
40: 1.828125 * Rover
41: 1.8046875 * PA
42: 1.7578125 * walks
43: 1.6796875 * broader
44: 1.6796875 * size
45: 1.640625 * Do
46: 1.59375 * PR
47: 1.5703125 * FC
48: 1.5546875 * RT
49: 1.5546875 * distance
Total loss: 0.28150129318237305 = MSE Loss: 0.24787962436676025, 5.0 * Sparsity Loss: 0.006724337115883827
Epoch: 0 batch_num: 123
0: 7.0 * begging
1: 6.9375 * Licensed
2: 6.8125 * Walk
3: 6.71875 * mândr
4: 5.75 * misiune
5: 5.59375 * guest
6: 5.34375 * Weekend
7: 4.9375 * weekend
8: 4.90625 * -3
9: 4.6875 * Dog
10: 4.59375 * Walk
11: 4.46875 * Guest
12: 4.4375 * Walking
13: 4.25 * Around
14: 4.15625 * pets
15: 3.828125 * morning
16: 3.828125 * ST
17: 3.515625 * realizeaz
18: 3.5 * ready
19: 3.453125 * Pa
20: 3.421875 * outdoors
21: 3.375 * Boston
22: 3.203125 * coming
23: 3.0625 * clădiri
24: 2.953125 * west
25: 2.890625 * Do
26: 2.8125 * Day
27: 2.5625 * miere
28: 2.515625 * ized
29: 2.5 * Path
30: 2.5 * BS
31: 2.453125 * </s>
32: 2.359375 * Coming
33: 2.203125 * actiuni
34: 2.15625 * CC
35: 2.0625 * Brown
36: 2.03125 * about
37: 1.9921875 * outdoor
38: 1.9296875 * interest
39: 1.84375 * walks
40: 1.84375 * alert
41: 1.8203125 * Rover
42: 1.7421875 * PA
43: 1.6640625 * broader
44: 1.625 * Do
45: 1.6171875 * size
46: 1.59375 * FC
47: 1.5390625 * PR
48: 1.5390625 * distance
49: 1.5390625 * -2018
Total loss: 0.2534569501876831 = MSE Loss: 0.22010482847690582, 5.0 * Sparsity Loss: 0.006670420989394188
Epoch: 0 batch_num: 124
0: 6.96875 * begging
1: 6.90625 * Licensed
2: 6.78125 * Walk
3: 6.75 * mândr
4: 5.6875 * misiune
5: 5.5625 * guest
6: 5.375 * Weekend
7: 5.0 * weekend
8: 4.90625 * -3
9: 4.59375 * Dog
10: 4.5625 * Walk
11: 4.4375 * Walking
12: 4.4375 * Guest
13: 4.3125 * Around
14: 4.15625 * pets
15: 3.90625 * ST
16: 3.84375 * morning
17: 3.515625 * realizeaz
18: 3.484375 * Pa
19: 3.46875 * ready
20: 3.40625 * outdoors
21: 3.328125 * Boston
22: 3.203125 * coming
23: 3.078125 * clădiri
24: 3.015625 * west
25: 2.828125 * Do
26: 2.78125 * Day
27: 2.546875 * Path
28: 2.546875 * ized
29: 2.53125 * miere
30: 2.5 * BS
31: 2.46875 * </s>
32: 2.328125 * Coming
33: 2.140625 * Brown
34: 2.140625 * actiuni
35: 2.125 * CC
36: 2.0625 * outdoor
37: 2.046875 * about
38: 1.9140625 * interest
39: 1.8203125 * alert
40: 1.7890625 * Rover
41: 1.7734375 * walks
42: 1.6875 * PA
43: 1.6328125 * broader
44: 1.6015625 * PR
45: 1.59375 * Do
46: 1.5703125 * FC
47: 1.5625 * size
48: 1.5234375 * distance
49: 1.5078125 * corresponding
Total loss: 0.24421709775924683 = MSE Loss: 0.21101683378219604, 5.0 * Sparsity Loss: 0.006640052888542414
Epoch: 0 batch_num: 125
0: 6.90625 * begging
1: 6.90625 * Licensed
2: 6.78125 * mândr
3: 6.75 * Walk
4: 5.625 * misiune
5: 5.5625 * guest
6: 5.375 * Weekend
7: 4.96875 * weekend
8: 4.90625 * -3
9: 4.59375 * Walk
10: 4.53125 * Dog
11: 4.40625 * Walking
12: 4.40625 * Guest
13: 4.3125 * Around
14: 4.1875 * pets
15: 3.953125 * ST
16: 3.859375 * morning
17: 3.515625 * Pa
18: 3.5 * realizeaz
19: 3.4375 * ready
20: 3.375 * outdoors
21: 3.296875 * Boston
22: 3.15625 * coming
23: 3.09375 * west
24: 3.09375 * clădiri
25: 2.84375 * Do
26: 2.78125 * Day
27: 2.578125 * Path
28: 2.5625 * ized
29: 2.5 * miere
30: 2.484375 * </s>
31: 2.484375 * BS
32: 2.265625 * Coming
33: 2.203125 * Brown
34: 2.125 * actiuni
35: 2.109375 * CC
36: 2.109375 * outdoor
37: 2.09375 * about
38: 1.8515625 * interest
39: 1.7890625 * alert
40: 1.7578125 * Rover
41: 1.71875 * walks
42: 1.6796875 * PR
43: 1.6328125 * broader
44: 1.625 * PA
45: 1.5859375 * Do
46: 1.53125 * Transition
47: 1.5234375 * FC
48: 1.5078125 * corresponding
49: 1.5 * distance
Total loss: 0.3169894218444824 = MSE Loss: 0.28338390588760376, 5.0 * Sparsity Loss: 0.0067211054265499115
Epoch: 0 batch_num: 126
0: 6.90625 * begging
1: 6.90625 * Licensed
2: 6.78125 * mândr
3: 6.71875 * Walk
4: 5.59375 * misiune
5: 5.53125 * guest
6: 5.375 * Weekend
7: 4.96875 * weekend
8: 4.90625 * -3
9: 4.625 * Walk
10: 4.46875 * Dog
11: 4.40625 * Guest
12: 4.375 * Walking
13: 4.34375 * Around
14: 4.21875 * pets
15: 4.03125 * ST
16: 3.875 * morning
17: 3.578125 * Pa
18: 3.453125 * realizeaz
19: 3.40625 * ready
20: 3.328125 * outdoors
21: 3.28125 * Boston
22: 3.140625 * coming
23: 3.140625 * west
24: 3.09375 * clădiri
25: 2.90625 * Do
26: 2.765625 * Day
27: 2.640625 * Path
28: 2.53125 * ized
29: 2.484375 * </s>
30: 2.46875 * miere
31: 2.46875 * BS
32: 2.21875 * Coming
33: 2.21875 * Brown
34: 2.171875 * about
35: 2.171875 * outdoor
36: 2.078125 * actiuni
37: 2.078125 * CC
38: 1.7578125 * alert
39: 1.75 * PR
40: 1.7265625 * Rover
41: 1.71875 * interest
42: 1.7109375 * walks
43: 1.625 * broader
44: 1.578125 * Do
45: 1.5703125 * PA
46: 1.5625 * Transition
47: 1.5234375 * size
48: 1.5 * corresponding
49: 1.46875 * distance
Total loss: 0.31012529134750366 = MSE Loss: 0.27638185024261475, 5.0 * Sparsity Loss: 0.006748689338564873
Epoch: 0 batch_num: 127
0: 6.90625 * Licensed
1: 6.84375 * begging
2: 6.78125 * mândr
3: 6.71875 * Walk
4: 5.59375 * misiune
5: 5.53125 * guest
6: 5.40625 * Weekend
7: 5.03125 * weekend
8: 4.90625 * -3
9: 4.71875 * Walk
10: 4.40625 * Dog
11: 4.40625 * Guest
12: 4.34375 * Walking
13: 4.34375 * Around
14: 4.21875 * pets
15: 4.0625 * ST
16: 3.890625 * morning
17: 3.578125 * Pa
18: 3.515625 * realizeaz
19: 3.390625 * ready
20: 3.296875 * outdoors
21: 3.28125 * Boston
22: 3.109375 * coming
23: 3.09375 * clădiri
24: 3.0625 * west
25: 2.921875 * Do
26: 2.734375 * Day
27: 2.65625 * Path
28: 2.515625 * ized
29: 2.453125 * </s>
30: 2.453125 * BS
31: 2.4375 * miere
32: 2.21875 * Brown
33: 2.21875 * about
34: 2.21875 * outdoor
35: 2.1875 * Coming
36: 2.03125 * actiuni
37: 2.03125 * CC
38: 1.828125 * PR
39: 1.78125 * alert
40: 1.7265625 * walks
41: 1.7109375 * Rover
42: 1.59375 * broader
43: 1.5859375 * Transition
44: 1.5703125 * interest
45: 1.5546875 * Do
46: 1.546875 * size
47: 1.53125 * PA
48: 1.5 * corresponding
49: 1.484375 * ATION
Total loss: 0.3341450095176697 = MSE Loss: 0.30167096853256226, 5.0 * Sparsity Loss: 0.00649480614811182
Epoch: 0 batch_num: 128
0: 6.875 * Licensed
1: 6.84375 * begging
2: 6.75 * mândr
3: 6.625 * Walk
4: 5.5625 * misiune
5: 5.53125 * guest
6: 5.4375 * Weekend
7: 5.03125 * weekend
8: 4.9375 * -3
9: 4.59375 * Walk
10: 4.46875 * Walking
11: 4.40625 * Dog
12: 4.375 * Guest
13: 4.34375 * Around
14: 4.1875 * pets
15: 4.0625 * ST
16: 3.890625 * morning
17: 3.546875 * Pa
18: 3.546875 * realizeaz
19: 3.359375 * ready
20: 3.28125 * Boston
21: 3.265625 * outdoors
22: 3.109375 * clădiri
23: 3.078125 * coming
24: 2.953125 * west
25: 2.90625 * Do
26: 2.78125 * Path
27: 2.75 * Day
28: 2.46875 * ized
29: 2.4375 * </s>
30: 2.421875 * miere
31: 2.421875 * BS
32: 2.25 * outdoor
33: 2.234375 * about
34: 2.1875 * Brown
35: 2.15625 * Coming
36: 1.96875 * actiuni
37: 1.9609375 * CC
38: 1.8828125 * PR
39: 1.78125 * alert
40: 1.6875 * Rover
41: 1.6328125 * Transition
42: 1.6015625 * walks
43: 1.5703125 * broader
44: 1.5625 * ATION
45: 1.5390625 * size
46: 1.53125 * PA
47: 1.5078125 * Do
48: 1.5 * corresponding
49: 1.484375 * Small
Total loss: 0.22155846655368805 = MSE Loss: 0.1893063634634018, 5.0 * Sparsity Loss: 0.006450421176850796
Epoch: 0 batch_num: 129
0: 6.875 * Licensed
1: 6.8125 * begging
2: 6.71875 * mândr
3: 6.5625 * Walk
4: 5.5 * misiune
5: 5.5 * guest
6: 5.40625 * Weekend
7: 4.96875 * weekend
8: 4.90625 * -3
9: 4.5625 * Walking
10: 4.5 * Walk
11: 4.40625 * Around
12: 4.375 * Dog
13: 4.34375 * Guest
14: 4.125 * pets
15: 4.03125 * ST
16: 3.84375 * morning
17: 3.609375 * realizeaz
18: 3.484375 * Pa
19: 3.3125 * ready
20: 3.265625 * Boston
21: 3.265625 * outdoors
22: 3.09375 * clădiri
23: 3.03125 * coming
24: 2.9375 * Path
25: 2.875 * west
26: 2.859375 * Do
27: 2.71875 * Day
28: 2.453125 * ized
29: 2.4375 * </s>
30: 2.421875 * BS
31: 2.390625 * miere
32: 2.25 * outdoor
33: 2.1875 * about
34: 2.171875 * Brown
35: 2.125 * Coming
36: 1.9296875 * actiuni
37: 1.921875 * PR
38: 1.8671875 * CC
39: 1.75 * alert
40: 1.7109375 * Transition
41: 1.671875 * Rover
42: 1.671875 * ATION
43: 1.5546875 * broader
44: 1.546875 * transition
45: 1.5390625 * PA
46: 1.515625 * size
47: 1.5 * corresponding
48: 1.4921875 * Small
49: 1.484375 * walks
Total loss: 0.3241170346736908 = MSE Loss: 0.29169607162475586, 5.0 * Sparsity Loss: 0.006484192330390215
Epoch: 0 batch_num: 130
0: 6.84375 * Licensed
1: 6.78125 * begging
2: 6.6875 * mândr
3: 6.5625 * Walk
4: 5.5 * guest
5: 5.46875 * misiune
6: 5.40625 * Weekend
7: 4.9375 * weekend
8: 4.9375 * -3
9: 4.53125 * Walking
10: 4.53125 * Walk
11: 4.4375 * Around
12: 4.3125 * Dog
13: 4.3125 * Guest
14: 4.09375 * pets
15: 4.0625 * ST
16: 3.75 * morning
17: 3.703125 * realizeaz
18: 3.484375 * Pa
19: 3.28125 * ready
20: 3.265625 * outdoors
21: 3.25 * Boston
22: 3.09375 * clădiri
23: 2.984375 * coming
24: 2.921875 * Path
25: 2.8125 * Do
26: 2.765625 * west
27: 2.703125 * Day
28: 2.46875 * </s>
29: 2.40625 * BS
30: 2.40625 * ized
31: 2.359375 * miere
32: 2.25 * outdoor
33: 2.140625 * about
34: 2.109375 * Brown
35: 2.09375 * Coming
36: 1.9609375 * PR
37: 1.90625 * actiuni
38: 1.796875 * CC
39: 1.7890625 * Transition
40: 1.7578125 * ATION
41: 1.75 * alert
42: 1.65625 * Rover
43: 1.609375 * transition
44: 1.5546875 * broader
45: 1.53125 * PA
46: 1.5234375 * walks
47: 1.5078125 * Small
48: 1.4921875 * corresponding
49: 1.453125 * size
Total loss: 0.28632378578186035 = MSE Loss: 0.2539627254009247, 5.0 * Sparsity Loss: 0.006472211796790361
Epoch: 0 batch_num: 131
0: 6.84375 * Licensed
1: 6.75 * begging
2: 6.71875 * mândr
3: 6.5625 * Walk
4: 5.46875 * misiune
5: 5.46875 * guest
6: 5.40625 * Weekend
7: 4.9375 * -3
8: 4.875 * weekend
9: 4.53125 * Walk
10: 4.4375 * Walking
11: 4.4375 * Around
12: 4.28125 * Guest
13: 4.21875 * Dog
14: 4.125 * pets
15: 4.09375 * ST
16: 3.796875 * realizeaz
17: 3.625 * morning
18: 3.46875 * Pa
19: 3.265625 * outdoors
20: 3.21875 * Boston
21: 3.21875 * ready
22: 3.078125 * clădiri
23: 3.015625 * Path
24: 2.9375 * coming
25: 2.78125 * Do
26: 2.6875 * west
27: 2.6875 * Day
28: 2.484375 * </s>
29: 2.390625 * BS
30: 2.390625 * ized
31: 2.328125 * miere
32: 2.21875 * outdoor
33: 2.125 * about
34: 2.046875 * Coming
35: 2.03125 * Brown
36: 1.984375 * PR
37: 1.8984375 * actiuni
38: 1.8671875 * Transition
39: 1.78125 * ATION
40: 1.7421875 * alert
41: 1.7265625 * CC
42: 1.7109375 * transition
43: 1.625 * Rover
44: 1.5703125 * broader
45: 1.5546875 * PA
46: 1.546875 * Small
47: 1.5390625 * walks
48: 1.4921875 * corresponding
49: 1.4609375 * logy
Total loss: 0.2722177505493164 = MSE Loss: 0.23927637934684753, 5.0 * Sparsity Loss: 0.006588275544345379
Epoch: 0 batch_num: 132
0: 6.84375 * Licensed
1: 6.75 * begging
2: 6.6875 * mândr
3: 6.59375 * Walk
4: 5.46875 * misiune
5: 5.4375 * guest
6: 5.375 * Weekend
7: 4.96875 * -3
8: 4.8125 * weekend
9: 4.5625 * Walk
10: 4.40625 * Around
11: 4.3125 * Walking
12: 4.25 * Guest
13: 4.1875 * pets
14: 4.15625 * Dog
15: 4.15625 * ST
16: 3.84375 * realizeaz
17: 3.59375 * morning
18: 3.421875 * Pa
19: 3.265625 * outdoors
20: 3.171875 * Boston
21: 3.171875 * ready
22: 3.078125 * clădiri
23: 3.03125 * Path
24: 2.90625 * coming
25: 2.75 * Do
26: 2.671875 * Day
27: 2.609375 * west
28: 2.484375 * </s>
29: 2.390625 * BS
30: 2.34375 * ized
31: 2.3125 * miere
32: 2.171875 * outdoor
33: 2.09375 * about
34: 2.015625 * PR
35: 2.015625 * Coming
36: 2.015625 * Brown
37: 1.8984375 * Transition
38: 1.890625 * actiuni
39: 1.8671875 * ATION
40: 1.765625 * transition
41: 1.7109375 * alert
42: 1.6796875 * CC
43: 1.6015625 * Rover
44: 1.5859375 * walks
45: 1.5703125 * broader
46: 1.5703125 * PA
47: 1.4921875 * Small
48: 1.484375 * logy
49: 1.4765625 * corresponding
Total loss: 0.301339328289032 = MSE Loss: 0.26838386058807373, 5.0 * Sparsity Loss: 0.006591096520423889
Epoch: 0 batch_num: 133
0: 6.78125 * Licensed
1: 6.71875 * begging
2: 6.6875 * Walk
3: 6.625 * mândr
4: 5.4375 * misiune
5: 5.40625 * guest
6: 5.25 * Weekend
7: 4.96875 * -3
8: 4.71875 * Walk
9: 4.71875 * weekend
10: 4.34375 * Around
11: 4.25 * pets
12: 4.1875 * Guest
13: 4.1875 * ST
14: 4.15625 * Walking
15: 4.03125 * Dog
16: 3.921875 * realizeaz
17: 3.53125 * morning
18: 3.375 * Pa
19: 3.25 * outdoors
20: 3.15625 * ready
21: 3.125 * Boston
22: 3.0625 * clădiri
23: 3.0 * Path
24: 2.859375 * coming
25: 2.71875 * Do
26: 2.640625 * Day
27: 2.515625 * west
28: 2.46875 * </s>
29: 2.375 * BS
30: 2.328125 * ized
31: 2.28125 * miere
32: 2.140625 * outdoor
33: 2.046875 * about
34: 2.015625 * PR
35: 1.9921875 * Brown
36: 1.96875 * Coming
37: 1.9375 * ATION
38: 1.921875 * Transition
39: 1.8671875 * actiuni
40: 1.796875 * transition
41: 1.7109375 * walks
42: 1.6953125 * alert
43: 1.6171875 * CC
44: 1.59375 * broader
45: 1.59375 * PA
46: 1.578125 * Rover
47: 1.484375 * logy
48: 1.46875 * corresponding
49: 1.4375 * size
Total loss: 0.3789229691028595 = MSE Loss: 0.3464869558811188, 5.0 * Sparsity Loss: 0.0064872028306126595
Epoch: 0 batch_num: 134
0: 6.75 * Walk
1: 6.71875 * begging
2: 6.71875 * Licensed
3: 6.5625 * mândr
4: 5.4375 * misiune
5: 5.375 * guest
6: 5.1875 * Weekend
7: 4.96875 * -3
8: 4.8125 * Walk
9: 4.65625 * weekend
10: 4.3125 * Around
11: 4.3125 * pets
12: 4.21875 * ST
13: 4.15625 * Guest
14: 4.03125 * Dog
15: 4.03125 * Walking
16: 3.96875 * realizeaz
17: 3.515625 * morning
18: 3.34375 * Pa
19: 3.21875 * outdoors
20: 3.140625 * ready
21: 3.078125 * Boston
22: 3.046875 * clădiri
23: 2.921875 * Path
24: 2.828125 * coming
25: 2.671875 * Do
26: 2.609375 * Day
27: 2.5 * west
28: 2.453125 * </s>
29: 2.328125 * BS
30: 2.265625 * ized
31: 2.25 * miere
32: 2.109375 * outdoor
33: 2.03125 * PR
34: 2.0 * ATION
35: 1.9453125 * Brown
36: 1.9296875 * Coming
37: 1.9296875 * about
38: 1.90625 * Transition
39: 1.8515625 * actiuni
40: 1.8046875 * walks
41: 1.796875 * transition
42: 1.6796875 * alert
43: 1.609375 * CC
44: 1.59375 * PA
45: 1.5703125 * broader
46: 1.5546875 * Rover
47: 1.46875 * size
48: 1.4609375 * corresponding
49: 1.4609375 * logy
Total loss: 0.31866222620010376 = MSE Loss: 0.2863907516002655, 5.0 * Sparsity Loss: 0.006454291753470898
Epoch: 0 batch_num: 135
0: 6.75 * Walk
1: 6.6875 * begging
2: 6.65625 * Licensed
3: 6.5 * mândr
4: 5.40625 * misiune
5: 5.375 * guest
6: 5.15625 * Weekend
7: 4.96875 * -3
8: 4.8125 * Walk
9: 4.625 * weekend
10: 4.34375 * pets
11: 4.3125 * Around
12: 4.25 * ST
13: 4.15625 * Guest
14: 4.0 * Dog
15: 4.0 * realizeaz
16: 3.96875 * Walking
17: 3.5 * morning
18: 3.359375 * Pa
19: 3.234375 * outdoors
20: 3.109375 * ready
21: 3.046875 * Boston
22: 3.046875 * clădiri
23: 2.84375 * coming
24: 2.84375 * Path
25: 2.609375 * Do
26: 2.578125 * Day
27: 2.515625 * west
28: 2.421875 * </s>
29: 2.265625 * BS
30: 2.265625 * ized
31: 2.21875 * miere
32: 2.09375 * outdoor
33: 2.03125 * PR
34: 2.0 * ATION
35: 1.9296875 * Coming
36: 1.890625 * Brown
37: 1.8828125 * Transition
38: 1.828125 * walks
39: 1.828125 * actiuni
40: 1.7890625 * transition
41: 1.765625 * about
42: 1.6875 * alert
43: 1.6171875 * CC
44: 1.578125 * PA
45: 1.546875 * broader
46: 1.5234375 * Rover
47: 1.4921875 * size
48: 1.453125 * corresponding
49: 1.421875 * logy
Total loss: 0.22624194622039795 = MSE Loss: 0.19360770285129547, 5.0 * Sparsity Loss: 0.00652684923261404
Epoch: 0 batch_num: 136
0: 6.75 * Walk
1: 6.71875 * begging
2: 6.59375 * Licensed
3: 6.46875 * mândr
4: 5.375 * misiune
5: 5.375 * guest
6: 5.09375 * Weekend
7: 5.0 * -3
8: 4.78125 * Walk
9: 4.59375 * weekend
10: 4.3125 * Around
11: 4.3125 * pets
12: 4.21875 * ST
13: 4.125 * Guest
14: 4.03125 * Dog
15: 4.0 * realizeaz
16: 3.9375 * Walking
17: 3.46875 * morning
18: 3.40625 * Pa
19: 3.21875 * outdoors
20: 3.109375 * ready
21: 3.03125 * Boston
22: 3.03125 * clădiri
23: 2.859375 * coming
24: 2.78125 * Path
25: 2.59375 * Do
26: 2.5625 * Day
27: 2.484375 * west
28: 2.359375 * </s>
29: 2.234375 * ized
30: 2.21875 * miere
31: 2.21875 * BS
32: 2.078125 * outdoor
33: 2.03125 * PR
34: 1.9765625 * ATION
35: 1.9453125 * Coming
36: 1.84375 * walks
37: 1.84375 * Transition
38: 1.8359375 * Brown
39: 1.8203125 * actiuni
40: 1.7578125 * transition
41: 1.6953125 * alert
42: 1.6640625 * about
43: 1.59375 * CC
44: 1.578125 * PA
45: 1.5546875 * size
46: 1.53125 * broader
47: 1.4921875 * Rover
48: 1.453125 * corresponding
49: 1.40625 * logy
Total loss: 0.31379926204681396 = MSE Loss: 0.2808437645435333, 5.0 * Sparsity Loss: 0.006591100711375475
Epoch: 0 batch_num: 137
0: 6.6875 * Walk
1: 6.6875 * begging
2: 6.5625 * Licensed
3: 6.46875 * mândr
4: 5.375 * misiune
5: 5.375 * guest
6: 5.0625 * Weekend
7: 5.03125 * -3
8: 4.6875 * Walk
9: 4.53125 * weekend
10: 4.25 * Around
11: 4.21875 * pets
12: 4.21875 * ST
13: 4.1875 * Dog
14: 4.15625 * Guest
15: 3.984375 * Walking
16: 3.984375 * realizeaz
17: 3.4375 * morning
18: 3.421875 * Pa
19: 3.1875 * outdoors
20: 3.078125 * ready
21: 3.03125 * Boston
22: 3.0 * clădiri
23: 2.84375 * coming
24: 2.828125 * Path
25: 2.609375 * Do
26: 2.53125 * Day
27: 2.359375 * west
28: 2.3125 * </s>
29: 2.21875 * miere
30: 2.21875 * ized
31: 2.15625 * BS
32: 2.0625 * outdoor
33: 2.03125 * PR
34: 1.96875 * ATION
35: 1.9453125 * Coming
36: 1.8125 * actiuni
37: 1.8125 * Transition
38: 1.78125 * walks
39: 1.7734375 * Brown
40: 1.75 * transition
41: 1.6953125 * alert
42: 1.6328125 * about
43: 1.578125 * CC
44: 1.5703125 * PA
45: 1.5625 * size
46: 1.53125 * broader
47: 1.46875 * Rover
48: 1.4375 * corresponding
49: 1.4296875 * freedom
Total loss: 0.3426089286804199 = MSE Loss: 0.3097645044326782, 5.0 * Sparsity Loss: 0.006568886339664459
Epoch: 0 batch_num: 138
0: 6.6875 * Walk
1: 6.65625 * begging
2: 6.5625 * Licensed
3: 6.5 * mândr
4: 5.375 * misiune
5: 5.34375 * guest
6: 5.03125 * -3
7: 4.96875 * Weekend
8: 4.71875 * Walk
9: 4.46875 * weekend
10: 4.28125 * Dog
11: 4.25 * ST
12: 4.15625 * Around
13: 4.125 * Guest
14: 4.09375 * pets
15: 3.984375 * Walking
16: 3.875 * realizeaz
17: 3.390625 * Pa
18: 3.34375 * morning
19: 3.15625 * outdoors
20: 3.09375 * ready
21: 3.03125 * Boston
22: 2.96875 * clădiri
23: 2.84375 * Path
24: 2.796875 * coming
25: 2.640625 * Do
26: 2.453125 * Day
27: 2.28125 * west
28: 2.234375 * miere
29: 2.234375 * </s>
30: 2.15625 * ized
31: 2.09375 * BS
32: 2.0625 * outdoor
33: 2.03125 * PR
34: 1.984375 * ATION
35: 1.9296875 * Coming
36: 1.796875 * actiuni
37: 1.796875 * Transition
38: 1.7890625 * walks
39: 1.78125 * Brown
40: 1.75 * transition
41: 1.6953125 * about
42: 1.6875 * alert
43: 1.5625 * PA
44: 1.5625 * CC
45: 1.5625 * freedom
46: 1.5078125 * broader
47: 1.5 * size
48: 1.484375 * Rover
49: 1.4296875 * logy
Total loss: 0.25755423307418823 = MSE Loss: 0.22384080290794373, 5.0 * Sparsity Loss: 0.006742684170603752
Epoch: 0 batch_num: 139
0: 6.65625 * Walk
1: 6.625 * begging
2: 6.53125 * mândr
3: 6.53125 * Licensed
4: 5.375 * misiune
5: 5.3125 * guest
6: 5.0625 * -3
7: 4.9375 * Weekend
8: 4.71875 * Walk
9: 4.46875 * weekend
10: 4.3125 * Dog
11: 4.1875 * ST
12: 4.125 * Guest
13: 4.0625 * Around
14: 4.03125 * Walking
15: 4.03125 * pets
16: 3.765625 * realizeaz
17: 3.421875 * Pa
18: 3.34375 * morning
19: 3.140625 * outdoors
20: 3.109375 * ready
21: 2.984375 * Boston
22: 2.984375 * clădiri
23: 2.796875 * coming
24: 2.765625 * Path
25: 2.734375 * Do
26: 2.40625 * Day
27: 2.265625 * west
28: 2.234375 * miere
29: 2.15625 * </s>
30: 2.109375 * outdoor
31: 2.109375 * ized
32: 2.046875 * BS
33: 1.9921875 * PR
34: 1.953125 * ATION
35: 1.9140625 * Coming
36: 1.796875 * Brown
37: 1.7734375 * Transition
38: 1.765625 * actiuni
39: 1.7421875 * walks
40: 1.7421875 * transition
41: 1.703125 * about
42: 1.671875 * alert
43: 1.6484375 * freedom
44: 1.53125 * PA
45: 1.5 * Rover
46: 1.5 * broader
47: 1.484375 * CC
48: 1.4296875 * logy
49: 1.40625 * size
Total loss: 0.22529512643814087 = MSE Loss: 0.1913565695285797, 5.0 * Sparsity Loss: 0.006787710823118687
Epoch: 0 batch_num: 140
0: 6.65625 * Walk
1: 6.625 * mândr
2: 6.59375 * begging
3: 6.5 * Licensed
4: 5.40625 * misiune
5: 5.34375 * guest
6: 5.09375 * -3
7: 4.875 * Weekend
8: 4.71875 * Walk
9: 4.46875 * weekend
10: 4.375 * Dog
11: 4.15625 * ST
12: 4.125 * Walking
13: 4.125 * Guest
14: 4.03125 * Around
15: 3.953125 * pets
16: 3.65625 * realizeaz
17: 3.4375 * Pa
18: 3.375 * morning
19: 3.140625 * outdoors
20: 3.109375 * ready
21: 2.984375 * clădiri
22: 2.90625 * Boston
23: 2.8125 * coming
24: 2.78125 * Do
25: 2.671875 * Path
26: 2.34375 * Day
27: 2.234375 * miere
28: 2.234375 * west
29: 2.125 * outdoor
30: 2.09375 * </s>
31: 2.0625 * ized
32: 2.015625 * PR
33: 1.984375 * BS
34: 1.953125 * ATION
35: 1.921875 * Coming
36: 1.84375 * Brown
37: 1.734375 * Transition
38: 1.7265625 * transition
39: 1.7109375 * actiuni
40: 1.6953125 * freedom
41: 1.6796875 * walks
42: 1.65625 * alert
43: 1.65625 * about
44: 1.5078125 * Rover
45: 1.4765625 * broader
46: 1.453125 * PA
47: 1.4453125 * CC
48: 1.4296875 * edge
49: 1.3984375 * logy
Total loss: 0.2054712325334549 = MSE Loss: 0.17181164026260376, 5.0 * Sparsity Loss: 0.006731919012963772
Epoch: 0 batch_num: 141
0: 6.6875 * mândr
1: 6.59375 * begging
2: 6.53125 * Walk
3: 6.46875 * Licensed
4: 5.40625 * misiune
5: 5.375 * guest
6: 5.21875 * -3
7: 4.8125 * Weekend
8: 4.5625 * Walk
9: 4.4375 * Dog
10: 4.40625 * weekend
11: 4.375 * Walking
12: 4.1875 * ST
13: 4.125 * Guest
14: 4.03125 * Around
15: 3.921875 * pets
16: 3.484375 * realizeaz
17: 3.421875 * Pa
18: 3.359375 * morning
19: 3.140625 * ready
20: 3.140625 * outdoors
21: 2.984375 * clădiri
22: 2.859375 * coming
23: 2.828125 * Boston
24: 2.78125 * Do
25: 2.65625 * Path
26: 2.265625 * Day
27: 2.21875 * miere
28: 2.1875 * outdoor
29: 2.15625 * west
30: 2.046875 * PR
31: 2.03125 * </s>
32: 2.015625 * ized
33: 2.0 * ATION
34: 1.9375 * Coming
35: 1.875 * BS
36: 1.84375 * Brown
37: 1.7109375 * transition
38: 1.6953125 * Transition
39: 1.6875 * freedom
40: 1.6640625 * actiuni
41: 1.6328125 * alert
42: 1.5703125 * about
43: 1.515625 * Rover
44: 1.46875 * walks
45: 1.4453125 * broader
46: 1.4296875 * edge
47: 1.4296875 * CC
48: 1.375 * PA
49: 1.359375 * logy
Total loss: 0.2669162452220917 = MSE Loss: 0.23334772884845734, 5.0 * Sparsity Loss: 0.006713704206049442
Epoch: 0 batch_num: 142
0: 6.6875 * mândr
1: 6.59375 * begging
2: 6.46875 * Walk
3: 6.46875 * Licensed
4: 5.40625 * misiune
5: 5.375 * guest
6: 5.21875 * -3
7: 4.75 * Weekend
8: 4.53125 * Dog
9: 4.53125 * Walking
10: 4.5 * Walk
11: 4.3125 * weekend
12: 4.1875 * ST
13: 4.125 * Guest
14: 4.0 * Around
15: 3.875 * pets
16: 3.390625 * Pa
17: 3.25 * realizeaz
18: 3.234375 * morning
19: 3.171875 * ready
20: 3.109375 * outdoors
21: 2.96875 * clădiri
22: 2.84375 * coming
23: 2.8125 * Do
24: 2.78125 * Boston
25: 2.671875 * Path
26: 2.265625 * outdoor
27: 2.21875 * miere
28: 2.171875 * Day
29: 2.125 * west
30: 2.0625 * ATION
31: 2.0625 * PR
32: 1.9921875 * </s>
33: 1.984375 * ized
34: 1.921875 * Coming
35: 1.828125 * Brown
36: 1.8203125 * BS
37: 1.6953125 * transition
38: 1.6796875 * freedom
39: 1.65625 * Transition
40: 1.6328125 * actiuni
41: 1.6171875 * about
42: 1.6015625 * alert
43: 1.5 * Rover
44: 1.4296875 * edge
45: 1.421875 * broader
46: 1.4140625 * CC
47: 1.359375 * ike
48: 1.3515625 * walks
49: 1.3515625 * logy
Total loss: 0.3170361816883087 = MSE Loss: 0.2833663523197174, 5.0 * Sparsity Loss: 0.006733965594321489
Epoch: 0 batch_num: 143
0: 6.65625 * mândr
1: 6.5625 * begging
2: 6.46875 * Licensed
3: 6.4375 * Walk
4: 5.40625 * misiune
5: 5.3125 * guest
6: 5.25 * -3
7: 4.65625 * Weekend
8: 4.625 * Dog
9: 4.59375 * Walking
10: 4.5 * Walk
11: 4.28125 * weekend
12: 4.1875 * ST
13: 4.09375 * Guest
14: 3.96875 * Around
15: 3.84375 * pets
16: 3.390625 * Pa
17: 3.1875 * ready
18: 3.125 * morning
19: 3.078125 * outdoors
20: 3.078125 * realizeaz
21: 2.96875 * clădiri
22: 2.828125 * coming
23: 2.8125 * Do
24: 2.71875 * Boston
25: 2.640625 * Path
26: 2.328125 * outdoor
27: 2.1875 * miere
28: 2.171875 * west
29: 2.140625 * ATION
30: 2.0625 * PR
31: 2.0625 * Day
32: 1.9453125 * </s>
33: 1.9375 * ized
34: 1.8828125 * Coming
35: 1.7890625 * Brown
36: 1.75 * BS
37: 1.6796875 * freedom
38: 1.6640625 * transition
39: 1.640625 * about
40: 1.640625 * actiuni
41: 1.625 * Transition
42: 1.546875 * alert
43: 1.4921875 * Rover
44: 1.4609375 * edge
45: 1.421875 * CC
46: 1.3984375 * broader
47: 1.3828125 * ike
48: 1.3203125 * logy
49: 1.3125 * legs
Total loss: 0.23029637336730957 = MSE Loss: 0.19721509516239166, 5.0 * Sparsity Loss: 0.006616255268454552
Epoch: 0 batch_num: 144
0: 6.65625 * mândr
1: 6.5625 * begging
2: 6.46875 * Walk
3: 6.4375 * Licensed
4: 5.375 * misiune
5: 5.3125 * guest
6: 5.1875 * -3
7: 4.6875 * Dog
8: 4.65625 * Walking
9: 4.65625 * Weekend
10: 4.5625 * Walk
11: 4.28125 * weekend
12: 4.125 * ST
13: 4.0625 * Guest
14: 3.96875 * Around
15: 3.8125 * pets
16: 3.390625 * Pa
17: 3.21875 * ready
18: 3.109375 * morning
19: 3.09375 * outdoors
20: 2.953125 * clădiri
21: 2.9375 * realizeaz
22: 2.84375 * Do
23: 2.796875 * coming
24: 2.625 * Boston
25: 2.578125 * Path
26: 2.328125 * west
27: 2.296875 * outdoor
28: 2.171875 * miere
29: 2.140625 * ATION
30: 2.046875 * PR
31: 2.015625 * Day
32: 1.8828125 * </s>
33: 1.8828125 * ized
34: 1.84375 * Coming
35: 1.8046875 * Brown
36: 1.75 * BS
37: 1.6796875 * freedom
38: 1.6484375 * about
39: 1.6484375 * transition
40: 1.6328125 * actiuni
41: 1.6015625 * Transition
42: 1.5 * Rover
43: 1.5 * alert
44: 1.5 * edge
45: 1.40625 * ike
46: 1.3984375 * CC
47: 1.390625 * broader
48: 1.3515625 * legs
49: 1.34375 * spots
Total loss: 0.2734224796295166 = MSE Loss: 0.23949992656707764, 5.0 * Sparsity Loss: 0.006784508004784584
Epoch: 0 batch_num: 145
0: 6.59375 * mândr
1: 6.5 * Walk
2: 6.5 * begging
3: 6.4375 * Licensed
4: 5.40625 * misiune
5: 5.25 * guest
6: 5.0625 * -3
7: 4.78125 * Dog
8: 4.65625 * Walking
9: 4.625 * Walk
10: 4.625 * Weekend
11: 4.28125 * weekend
12: 4.0625 * ST
13: 4.03125 * Guest
14: 4.0 * Around
15: 3.765625 * pets
16: 3.375 * Pa
17: 3.25 * ready
18: 3.125 * morning
19: 3.078125 * outdoors
20: 2.9375 * clădiri
21: 2.828125 * Do
22: 2.78125 * realizeaz
23: 2.734375 * coming
24: 2.578125 * Boston
25: 2.546875 * Path
26: 2.40625 * west
27: 2.25 * outdoor
28: 2.15625 * ATION
29: 2.140625 * miere
30: 2.015625 * PR
31: 1.9765625 * Day
32: 1.8203125 * ized
33: 1.8125 * </s>
34: 1.8046875 * Brown
35: 1.796875 * Coming
36: 1.7265625 * BS
37: 1.7109375 * freedom
38: 1.6484375 * about
39: 1.6484375 * actiuni
40: 1.609375 * transition
41: 1.5859375 * Transition
42: 1.53125 * Rover
43: 1.5234375 * edge
44: 1.453125 * ike
45: 1.4453125 * alert
46: 1.3984375 * legs
47: 1.390625 * assistant
48: 1.3828125 * broader
49: 1.3515625 * CC
Total loss: 0.1967017650604248 = MSE Loss: 0.1628042310476303, 5.0 * Sparsity Loss: 0.006779508665204048
Epoch: 0 batch_num: 146
0: 6.5625 * Walk
1: 6.5625 * mândr
2: 6.40625 * begging
3: 6.40625 * Licensed
4: 5.4375 * misiune
5: 5.21875 * guest
6: 4.9375 * -3
7: 4.84375 * Dog
8: 4.71875 * Walk
9: 4.6875 * Walking
10: 4.625 * Weekend
11: 4.3125 * weekend
12: 4.0625 * ST
13: 4.03125 * Around
14: 4.03125 * Guest
15: 3.71875 * pets
16: 3.328125 * Pa
17: 3.296875 * ready
18: 3.171875 * morning
19: 3.046875 * outdoors
20: 2.921875 * clădiri
21: 2.75 * Do
22: 2.671875 * coming
23: 2.578125 * Boston
24: 2.5625 * realizeaz
25: 2.484375 * Path
26: 2.46875 * west
27: 2.296875 * outdoor
28: 2.140625 * ATION
29: 2.125 * miere
30: 1.984375 * PR
31: 1.9609375 * Day
32: 1.796875 * Brown
33: 1.78125 * ized
34: 1.75 * Coming
35: 1.75 * </s>
36: 1.734375 * freedom
37: 1.6875 * BS
38: 1.65625 * actiuni
39: 1.625 * about
40: 1.578125 * Transition
41: 1.5703125 * Rover
42: 1.5703125 * transition
43: 1.5390625 * edge
44: 1.4921875 * ike
45: 1.4296875 * legs
46: 1.40625 * assistant
47: 1.390625 * alert
48: 1.3671875 * broader
49: 1.359375 * walks
Total loss: 0.27449744939804077 = MSE Loss: 0.240530863404274, 5.0 * Sparsity Loss: 0.006793317850679159
Epoch: 1 batch_num: 0
0: 6.59375 * Walk
1: 6.5 * mândr
2: 6.40625 * Licensed
3: 6.34375 * begging
4: 5.4375 * misiune
5: 5.21875 * guest
6: 4.875 * -3
7: 4.8125 * Dog
8: 4.8125 * Walk
9: 4.625 * Walking
10: 4.625 * Weekend
11: 4.34375 * weekend
12: 4.0625 * Around
13: 4.03125 * ST
14: 4.0 * Guest
15: 3.703125 * pets
16: 3.328125 * ready
17: 3.328125 * Pa
18: 3.171875 * morning
19: 2.984375 * outdoors
20: 2.921875 * clădiri
21: 2.6875 * Do
22: 2.625 * coming
23: 2.609375 * Boston
24: 2.453125 * west
25: 2.453125 * realizeaz
26: 2.375 * Path
27: 2.359375 * outdoor
28: 2.109375 * miere
29: 2.0625 * ATION
30: 1.96875 * PR
31: 1.9609375 * Day
32: 1.796875 * ized
33: 1.7421875 * Brown
34: 1.71875 * Coming
35: 1.71875 * freedom
36: 1.703125 * </s>
37: 1.6484375 * actiuni
38: 1.625 * BS
39: 1.6015625 * Rover
40: 1.6015625 * about
41: 1.5703125 * edge
42: 1.5546875 * Transition
43: 1.53125 * transition
44: 1.5078125 * ike
45: 1.46875 * walks
46: 1.46875 * legs
47: 1.3984375 * assistant
48: 1.3828125 * spots
49: 1.359375 * alert
Total loss: 0.24522659182548523 = MSE Loss: 0.21262849867343903, 5.0 * Sparsity Loss: 0.006519618444144726
Running validation... 
 Generating 5 videos with prompt: a dog <>.
Video generated motoken/output/sorted_l1_1e_3/validation/epoch_1/0.mp4
Video generated motoken/output/sorted_l1_1e_3/validation/epoch_1/1.mp4
Video generated motoken/output/sorted_l1_1e_3/validation/epoch_1/2.mp4
Video generated motoken/output/sorted_l1_1e_3/validation/epoch_1/3.mp4
Video generated motoken/output/sorted_l1_1e_3/validation/epoch_1/4.mp4
validation probability:  0.6683679342269897
replacing best alphas
saving alphas from step:  1
saving best alphas from validation epoch 1, words =  ['Walk', 'mândr', 'Licensed', 'begging', 'misiune', 'guest', '-3', 'Dog', 'Walk', 'Walking', 'Weekend', 'weekend', 'Around', 'ST', 'Guest', 'pets', 'ready', 'Pa', 'morning', 'outdoors', 'clădiri', 'Do', 'coming', 'Boston', 'west', 'realizeaz', 'Path', 'outdoor', 'miere', 'ATION', 'PR', 'Day', 'ized', 'Brown', 'Coming', 'freedom', '</s>', 'actiuni', 'BS', 'Rover', 'about', 'edge', 'Transition', 'transition', 'ike', 'walks', 'legs', 'assistant', 'spots', 'alert']
Epoch: 1 batch_num: 1
0: 6.625 * Walk
1: 6.46875 * mândr
2: 6.40625 * Licensed
3: 6.3125 * begging
4: 5.4375 * misiune
5: 5.1875 * guest
6: 4.96875 * Walk
7: 4.84375 * -3
8: 4.6875 * Dog
9: 4.65625 * Weekend
10: 4.5625 * Walking
11: 4.4375 * weekend
12: 4.09375 * Around
13: 4.0625 * ST
14: 3.953125 * Guest
15: 3.75 * pets
16: 3.34375 * ready
17: 3.328125 * Pa
18: 3.28125 * morning
19: 2.953125 * outdoors
20: 2.890625 * clădiri
21: 2.65625 * Do
22: 2.640625 * Boston
23: 2.625 * coming
24: 2.453125 * west
25: 2.390625 * realizeaz
26: 2.375 * outdoor
27: 2.28125 * Path
28: 2.109375 * miere
29: 1.96875 * PR
30: 1.96875 * Day
31: 1.9609375 * ATION
32: 1.8125 * ized
33: 1.7109375 * Coming
34: 1.7109375 * freedom
35: 1.671875 * </s>
36: 1.65625 * Brown
37: 1.6328125 * Rover
38: 1.6015625 * actiuni
39: 1.578125 * walks
40: 1.578125 * about
41: 1.5625 * edge
42: 1.5546875 * BS
43: 1.515625 * Transition
44: 1.5078125 * ike
45: 1.4921875 * transition
46: 1.4921875 * legs
47: 1.453125 * spots
48: 1.359375 * stick
49: 1.34375 * DB
Total loss: 0.2333640605211258 = MSE Loss: 0.20001886785030365, 5.0 * Sparsity Loss: 0.006669037975370884
Epoch: 1 batch_num: 2
0: 6.625 * Walk
1: 6.5 * mândr
2: 6.40625 * Licensed
3: 6.28125 * begging
4: 5.4375 * misiune
5: 5.1875 * guest
6: 5.09375 * Walk
7: 4.84375 * -3
8: 4.75 * Weekend
9: 4.5625 * Dog
10: 4.5625 * Walking
11: 4.5625 * weekend
12: 4.125 * Around
13: 4.0625 * ST
14: 3.9375 * Guest
15: 3.78125 * pets
16: 3.359375 * morning
17: 3.34375 * ready
18: 3.296875 * Pa
19: 2.9375 * outdoors
20: 2.875 * clădiri
21: 2.671875 * Do
22: 2.640625 * Boston
23: 2.640625 * coming
24: 2.484375 * west
25: 2.390625 * outdoor
26: 2.359375 * realizeaz
27: 2.21875 * Path
28: 2.109375 * miere
29: 1.984375 * PR
30: 1.953125 * Day
31: 1.859375 * ATION
32: 1.75 * ized
33: 1.734375 * freedom
34: 1.7109375 * Coming
35: 1.6484375 * Rover
36: 1.640625 * </s>
37: 1.6328125 * walks
38: 1.6015625 * Brown
39: 1.59375 * about
40: 1.5703125 * actiuni
41: 1.5390625 * edge
42: 1.5 * BS
43: 1.4921875 * legs
44: 1.484375 * spots
45: 1.484375 * ike
46: 1.4765625 * Transition
47: 1.46875 * transition
48: 1.3828125 * DB
49: 1.3671875 * stick
Total loss: 0.23370163142681122 = MSE Loss: 0.20019201934337616, 5.0 * Sparsity Loss: 0.006701922509819269
Epoch: 1 batch_num: 3
0: 6.59375 * Walk
1: 6.5 * mândr
2: 6.40625 * Licensed
3: 6.28125 * begging
4: 5.46875 * misiune
5: 5.1875 * guest
6: 5.125 * Walk
7: 4.875 * -3
8: 4.75 * Weekend
9: 4.65625 * Walking
10: 4.65625 * weekend
11: 4.625 * Dog
12: 4.09375 * Around
13: 4.09375 * ST
14: 3.90625 * Guest
15: 3.703125 * pets
16: 3.4375 * morning
17: 3.328125 * ready
18: 3.28125 * Pa
19: 2.921875 * outdoors
20: 2.890625 * clădiri
21: 2.6875 * Do
22: 2.671875 * coming
23: 2.625 * Boston
24: 2.515625 * west
25: 2.390625 * outdoor
26: 2.34375 * realizeaz
27: 2.203125 * Path
28: 2.09375 * miere
29: 1.9765625 * PR
30: 1.9296875 * Day
31: 1.7734375 * ATION
32: 1.71875 * Coming
33: 1.7109375 * freedom
34: 1.703125 * ized
35: 1.6484375 * Rover
36: 1.6171875 * </s>
37: 1.59375 * about
38: 1.5625 * walks
39: 1.5546875 * actiuni
40: 1.515625 * edge
41: 1.5078125 * Brown
42: 1.4765625 * spots
43: 1.453125 * ike
44: 1.4453125 * BS
45: 1.4375 * transition
46: 1.4140625 * legs
47: 1.4140625 * breath
48: 1.40625 * Transition
49: 1.40625 * DB
Total loss: 0.28095096349716187 = MSE Loss: 0.24659444391727448, 5.0 * Sparsity Loss: 0.006871307268738747
Epoch: 1 batch_num: 4
0: 6.5 * Walk
1: 6.4375 * mândr
2: 6.4375 * Licensed
3: 6.3125 * begging
4: 5.4375 * misiune
5: 5.1875 * guest
6: 5.0625 * Walk
7: 4.875 * -3
8: 4.8125 * Walking
9: 4.75 * Weekend
10: 4.6875 * weekend
11: 4.65625 * Dog
12: 4.125 * Around
13: 4.0625 * ST
14: 3.890625 * Guest
15: 3.578125 * pets
16: 3.453125 * morning
17: 3.296875 * ready
18: 3.21875 * Pa
19: 2.921875 * outdoors
20: 2.90625 * clădiri
21: 2.703125 * coming
22: 2.65625 * Do
23: 2.59375 * Boston
24: 2.453125 * west
25: 2.390625 * outdoor
26: 2.3125 * realizeaz
27: 2.171875 * Path
28: 2.09375 * miere
29: 1.9609375 * PR
30: 1.921875 * Day
31: 1.734375 * ATION
32: 1.734375 * Coming
33: 1.6875 * ized
34: 1.6640625 * freedom
35: 1.6484375 * Rover
36: 1.5859375 * </s>
37: 1.5625 * about
38: 1.515625 * actiuni
39: 1.4921875 * edge
40: 1.46875 * spots
41: 1.4453125 * breath
42: 1.4375 * walks
43: 1.4140625 * Brown
44: 1.4140625 * BS
45: 1.4140625 * DB
46: 1.390625 * ike
47: 1.3671875 * IN
48: 1.359375 * transition
49: 1.328125 * legs
Total loss: 0.23582838475704193 = MSE Loss: 0.20134024322032928, 5.0 * Sparsity Loss: 0.006897627376019955
Epoch: 1 batch_num: 5
0: 6.46875 * Walk
1: 6.46875 * Licensed
2: 6.34375 * mândr
3: 6.34375 * begging
4: 5.40625 * misiune
5: 5.15625 * guest
6: 5.0 * Walk
7: 4.9375 * Walking
8: 4.875 * -3
9: 4.6875 * Weekend
10: 4.65625 * Dog
11: 4.65625 * weekend
12: 4.15625 * Around
13: 4.0625 * ST
14: 3.859375 * Guest
15: 3.5 * pets
16: 3.375 * morning
17: 3.28125 * ready
18: 3.1875 * Pa
19: 2.9375 * outdoors
20: 2.90625 * clădiri
21: 2.703125 * coming
22: 2.625 * Do
23: 2.59375 * Boston
24: 2.40625 * west
25: 2.375 * outdoor
26: 2.1875 * realizeaz
27: 2.140625 * Path
28: 2.078125 * miere
29: 1.9609375 * PR
30: 1.875 * Day
31: 1.7421875 * Coming
32: 1.71875 * ATION
33: 1.6796875 * ized
34: 1.65625 * Rover
35: 1.6171875 * freedom
36: 1.578125 * </s>
37: 1.5625 * about
38: 1.4765625 * actiuni
39: 1.4765625 * breath
40: 1.453125 * edge
41: 1.4375 * spots
42: 1.4375 * DB
43: 1.375 * BS
44: 1.34375 * walks
45: 1.34375 * IN
46: 1.3359375 * ike
47: 1.328125 * alert
48: 1.3203125 * Brown
49: 1.265625 * transition
Total loss: 0.2956508994102478 = MSE Loss: 0.2616316080093384, 5.0 * Sparsity Loss: 0.006803858559578657
Epoch: 1 batch_num: 6
0: 6.5625 * Licensed
1: 6.46875 * Walk
2: 6.34375 * begging
3: 6.25 * mândr
4: 5.375 * misiune
5: 5.15625 * guest
6: 4.96875 * Walking
7: 4.96875 * Walk
8: 4.8125 * -3
9: 4.6875 * Dog
10: 4.625 * Weekend
11: 4.59375 * weekend
12: 4.15625 * Around
13: 3.9375 * ST
14: 3.84375 * Guest
15: 3.453125 * pets
16: 3.328125 * morning
17: 3.1875 * ready
18: 3.1875 * Pa
19: 2.9375 * outdoors
20: 2.921875 * clădiri
21: 2.703125 * coming
22: 2.640625 * Do
23: 2.578125 * Boston
24: 2.375 * outdoor
25: 2.234375 * west
26: 2.140625 * realizeaz
27: 2.109375 * Path
28: 2.0625 * miere
29: 1.8828125 * PR
30: 1.8359375 * Day
31: 1.7421875 * Coming
32: 1.7109375 * ATION
33: 1.6875 * ized
34: 1.625 * Rover
35: 1.609375 * </s>
36: 1.59375 * about
37: 1.5859375 * freedom
38: 1.4921875 * breath
39: 1.484375 * actiuni
40: 1.4375 * DB
41: 1.359375 * edge
42: 1.3515625 * BS
43: 1.3359375 * ped
44: 1.328125 * alert
45: 1.328125 * IN
46: 1.3203125 * spots
47: 1.3125 * walks
48: 1.296875 * ike
49: 1.2421875 * Strip
Total loss: 0.20827125012874603 = MSE Loss: 0.17447149753570557, 5.0 * Sparsity Loss: 0.0067599499598145485
Epoch: 1 batch_num: 7
0: 6.65625 * Licensed
1: 6.53125 * Walk
2: 6.34375 * begging
3: 6.1875 * mândr
4: 5.34375 * misiune
5: 5.125 * guest
6: 5.03125 * Walk
7: 4.90625 * Walking
8: 4.8125 * -3
9: 4.625 * Dog
10: 4.59375 * Weekend
11: 4.53125 * weekend
12: 4.125 * Around
13: 3.84375 * ST
14: 3.8125 * Guest
15: 3.4375 * pets
16: 3.265625 * morning
17: 3.1875 * Pa
18: 3.140625 * ready
19: 2.9375 * outdoors
20: 2.921875 * clădiri
21: 2.6875 * coming
22: 2.65625 * Do
23: 2.578125 * Boston
24: 2.375 * outdoor
25: 2.140625 * realizeaz
26: 2.0625 * Path
27: 2.0625 * west
28: 2.03125 * miere
29: 1.84375 * Day
30: 1.7734375 * PR
31: 1.7265625 * Coming
32: 1.6796875 * ized
33: 1.6640625 * ATION
34: 1.6328125 * about
35: 1.6171875 * </s>
36: 1.5859375 * Rover
37: 1.5703125 * freedom
38: 1.484375 * actiuni
39: 1.484375 * breath
40: 1.4140625 * walks
41: 1.40625 * DB
42: 1.390625 * ped
43: 1.3359375 * BS
44: 1.328125 * edge
45: 1.3046875 * alert
46: 1.28125 * IN
47: 1.2578125 * ike
48: 1.25 * Strip
49: 1.203125 * spots
Total loss: 0.2468380331993103 = MSE Loss: 0.21291592717170715, 5.0 * Sparsity Loss: 0.00678442046046257
Epoch: 1 batch_num: 8
0: 6.71875 * Licensed
1: 6.53125 * Walk
2: 6.28125 * begging
3: 6.125 * mândr
4: 5.3125 * misiune
5: 5.125 * Walk
6: 5.0625 * guest
7: 4.90625 * Walking
8: 4.8125 * -3
9: 4.53125 * Dog
10: 4.5 * Weekend
11: 4.40625 * weekend
12: 4.125 * Around
13: 3.890625 * ST
14: 3.78125 * Guest
15: 3.453125 * pets
16: 3.1875 * Pa
17: 3.140625 * morning
18: 3.109375 * ready
19: 2.9375 * outdoors
20: 2.90625 * clădiri
21: 2.65625 * Do
22: 2.625 * coming
23: 2.609375 * Boston
24: 2.34375 * outdoor
25: 2.125 * realizeaz
26: 2.03125 * Path
27: 2.0 * miere
28: 1.859375 * Day
29: 1.8203125 * west
30: 1.6953125 * Coming
31: 1.6875 * ized
32: 1.6796875 * PR
33: 1.6484375 * about
34: 1.625 * ATION
35: 1.578125 * </s>
36: 1.5625 * freedom
37: 1.5546875 * Rover
38: 1.484375 * walks
39: 1.4765625 * actiuni
40: 1.4765625 * breath
41: 1.4609375 * ped
42: 1.3828125 * DB
43: 1.296875 * edge
44: 1.2734375 * alert
45: 1.2578125 * BS
46: 1.25 * Strip
47: 1.21875 * ike
48: 1.203125 * IN
49: 1.1640625 * spots
Total loss: 0.22825565934181213 = MSE Loss: 0.19503287971019745, 5.0 * Sparsity Loss: 0.006644554436206818
Epoch: 1 batch_num: 9
0: 6.78125 * Licensed
1: 6.53125 * Walk
2: 6.25 * begging
3: 6.125 * mândr
4: 5.25 * misiune
5: 5.1875 * Walk
6: 5.03125 * guest
7: 4.9375 * Walking
8: 4.8125 * -3
9: 4.65625 * Dog
10: 4.40625 * Weekend
11: 4.3125 * weekend
12: 4.125 * Around
13: 3.96875 * ST
14: 3.75 * Guest
15: 3.359375 * pets
16: 3.203125 * Pa
17: 3.09375 * ready
18: 3.046875 * morning
19: 2.953125 * outdoors
20: 2.90625 * clădiri
21: 2.65625 * Do
22: 2.609375 * Boston
23: 2.59375 * coming
24: 2.25 * outdoor
25: 2.140625 * realizeaz
26: 1.984375 * miere
27: 1.9765625 * Path
28: 1.890625 * Day
29: 1.6875 * west
30: 1.6796875 * Coming
31: 1.65625 * ATION
32: 1.65625 * about
33: 1.6328125 * PR
34: 1.625 * ized
35: 1.59375 * freedom
36: 1.546875 * </s>
37: 1.5234375 * Rover
38: 1.4765625 * walks
39: 1.4765625 * ped
40: 1.4765625 * breath
41: 1.40625 * actiuni
42: 1.375 * DB
43: 1.265625 * edge
44: 1.2421875 * alert
45: 1.2421875 * Strip
46: 1.203125 * ike
47: 1.1875 * IN
48: 1.1796875 * BS
49: 1.1484375 * Average
Total loss: 0.3208260238170624 = MSE Loss: 0.2875848114490509, 5.0 * Sparsity Loss: 0.006648240610957146
Epoch: 1 batch_num: 10
0: 6.8125 * Licensed
1: 6.53125 * Walk
2: 6.25 * begging
3: 6.125 * mândr
4: 5.25 * Walk
5: 5.21875 * misiune
6: 5.03125 * Walking
7: 4.96875 * guest
8: 4.84375 * -3
9: 4.78125 * Dog
10: 4.28125 * Weekend
11: 4.15625 * weekend
12: 4.125 * Around
13: 4.0 * ST
14: 3.71875 * Guest
15: 3.25 * pets
16: 3.203125 * Pa
17: 3.125 * ready
18: 2.9375 * outdoors
19: 2.921875 * morning
20: 2.890625 * clădiri
21: 2.703125 * Do
22: 2.578125 * Boston
23: 2.546875 * coming
24: 2.234375 * outdoor
25: 2.15625 * realizeaz
26: 1.953125 * miere
27: 1.9453125 * Path
28: 1.890625 * Day
29: 1.71875 * ATION
30: 1.671875 * about
31: 1.640625 * Coming
32: 1.6171875 * west
33: 1.609375 * freedom
34: 1.5546875 * PR
35: 1.5546875 * ized
36: 1.5 * </s>
37: 1.4921875 * Rover
38: 1.46875 * ped
39: 1.4453125 * walks
40: 1.4453125 * breath
41: 1.359375 * DB
42: 1.328125 * actiuni
43: 1.25 * edge
44: 1.21875 * Strip
45: 1.203125 * alert
46: 1.1953125 * ike
47: 1.171875 * IN
48: 1.15625 * spots
49: 1.15625 * lead
Total loss: 0.20113542675971985 = MSE Loss: 0.16716644167900085, 5.0 * Sparsity Loss: 0.00679379515349865
Epoch: 1 batch_num: 11
0: 6.84375 * Licensed
1: 6.5625 * Walk
2: 6.25 * begging
3: 6.09375 * mândr
4: 5.34375 * Walk
5: 5.1875 * misiune
6: 5.0625 * Dog
7: 5.03125 * Walking
8: 4.9375 * guest
9: 4.78125 * -3
10: 4.21875 * Weekend
11: 4.125 * Around
12: 4.09375 * weekend
13: 3.984375 * ST
14: 3.6875 * Guest
15: 3.203125 * Pa
16: 3.171875 * pets
17: 3.125 * ready
18: 2.9375 * morning
19: 2.921875 * outdoors
20: 2.90625 * clădiri
21: 2.75 * Do
22: 2.546875 * Boston
23: 2.5 * coming
24: 2.140625 * outdoor
25: 2.140625 * realizeaz
26: 1.9375 * Path
27: 1.90625 * Day
28: 1.8984375 * miere
29: 1.7734375 * ATION
30: 1.71875 * about
31: 1.6171875 * freedom
32: 1.6015625 * Coming
33: 1.5859375 * west
34: 1.484375 * Rover
35: 1.4765625 * </s>
36: 1.46875 * PR
37: 1.4609375 * walks
38: 1.4609375 * breath
39: 1.453125 * ped
40: 1.4453125 * ized
41: 1.3359375 * DB
42: 1.2734375 * actiuni
43: 1.234375 * lead
44: 1.21875 * ike
45: 1.21875 * Strip
46: 1.2109375 * edge
47: 1.203125 * IN
48: 1.140625 * mo
49: 1.1328125 * pet
Total loss: 0.23800386488437653 = MSE Loss: 0.20390130579471588, 5.0 * Sparsity Loss: 0.006820512469857931
Epoch: 1 batch_num: 12
0: 6.8125 * Licensed
1: 6.625 * Walk
2: 6.21875 * begging
3: 6.09375 * mândr
4: 5.5 * Walk
5: 5.21875 * Dog
6: 5.1875 * misiune
7: 4.90625 * Walking
8: 4.875 * guest
9: 4.6875 * -3
10: 4.1875 * Weekend
11: 4.09375 * Around
12: 4.03125 * weekend
13: 3.9375 * ST
14: 3.65625 * Guest
15: 3.15625 * Pa
16: 3.15625 * pets
17: 3.109375 * ready
18: 2.953125 * morning
19: 2.9375 * clădiri
20: 2.859375 * outdoors
21: 2.734375 * Do
22: 2.53125 * Boston
23: 2.484375 * coming
24: 2.15625 * realizeaz
25: 2.125 * outdoor
26: 1.9375 * Path
27: 1.890625 * Day
28: 1.859375 * miere
29: 1.8203125 * ATION
30: 1.7265625 * about
31: 1.578125 * freedom
32: 1.5625 * Coming
33: 1.5390625 * walks
34: 1.484375 * west
35: 1.4765625 * Rover
36: 1.4765625 * </s>
37: 1.4765625 * breath
38: 1.453125 * ped
39: 1.40625 * ements
40: 1.375 * PR
41: 1.34375 * ized
42: 1.3046875 * DB
43: 1.28125 * lead
44: 1.234375 * ike
45: 1.2109375 * actiuni
46: 1.203125 * spots
47: 1.203125 * Strip
48: 1.203125 * IN
49: 1.1953125 * mo
Total loss: 0.24101920425891876 = MSE Loss: 0.20693518221378326, 5.0 * Sparsity Loss: 0.0068168044090271
Epoch: 1 batch_num: 13
0: 6.71875 * Licensed
1: 6.6875 * Walk
2: 6.1875 * begging
3: 6.09375 * mândr
4: 5.59375 * Walk
5: 5.34375 * Dog
6: 5.15625 * misiune
7: 4.875 * Walking
8: 4.84375 * guest
9: 4.59375 * -3
10: 4.15625 * Weekend
11: 4.125 * Around
12: 3.984375 * weekend
13: 3.921875 * ST
14: 3.625 * Guest
15: 3.203125 * pets
16: 3.15625 * Pa
17: 3.09375 * ready
18: 3.03125 * morning
19: 2.96875 * clădiri
20: 2.796875 * outdoors
21: 2.6875 * Do
22: 2.484375 * Boston
23: 2.484375 * coming
24: 2.1875 * realizeaz
25: 2.15625 * outdoor
26: 1.953125 * Path
27: 1.953125 * ements
28: 1.8984375 * Day
29: 1.8203125 * miere
30: 1.8203125 * ATION
31: 1.6953125 * about
32: 1.59375 * walks
33: 1.5390625 * Coming
34: 1.5234375 * freedom
35: 1.5 * breath
36: 1.484375 * </s>
37: 1.453125 * Rover
38: 1.453125 * ped
39: 1.40625 * west
40: 1.296875 * ized
41: 1.2890625 * lead
42: 1.28125 * DB
43: 1.2578125 * ike
44: 1.25 * PR
45: 1.2421875 * mo
46: 1.2265625 * spots
47: 1.1796875 * actiuni
48: 1.171875 * Strip
49: 1.171875 * IN
Total loss: 0.412509024143219 = MSE Loss: 0.3783244490623474, 5.0 * Sparsity Loss: 0.0068369172513484955
Epoch: 1 batch_num: 14
0: 6.6875 * Walk
1: 6.65625 * Licensed
2: 6.1875 * begging
3: 6.09375 * mândr
4: 5.71875 * Walk
5: 5.34375 * Dog
6: 5.125 * misiune
7: 4.875 * Walking
8: 4.75 * guest
9: 4.5625 * -3
10: 4.15625 * Around
11: 4.125 * Weekend
12: 3.953125 * weekend
13: 3.90625 * ST
14: 3.59375 * Guest
15: 3.25 * pets
16: 3.171875 * Pa
17: 3.125 * morning
18: 3.078125 * ready
19: 2.984375 * clădiri
20: 2.765625 * outdoors
21: 2.640625 * Do
22: 2.5 * coming
23: 2.453125 * Boston
24: 2.390625 * ements
25: 2.21875 * realizeaz
26: 2.171875 * outdoor
27: 1.9140625 * Path
28: 1.890625 * Day
29: 1.78125 * miere
30: 1.78125 * ATION
31: 1.671875 * walks
32: 1.640625 * about
33: 1.5390625 * Coming
34: 1.5078125 * ped
35: 1.5 * </s>
36: 1.484375 * breath
37: 1.4609375 * freedom
38: 1.4296875 * Rover
39: 1.3359375 * ized
40: 1.3125 * west
41: 1.265625 * mo
42: 1.265625 * ike
43: 1.265625 * DB
44: 1.2421875 * lead
45: 1.2265625 * spots
46: 1.203125 * walked
47: 1.1875 * free
48: 1.1640625 * stick
49: 1.1640625 * maşin
Total loss: 0.2199687361717224 = MSE Loss: 0.1859140247106552, 5.0 * Sparsity Loss: 0.006810941733419895
Epoch: 1 batch_num: 15
0: 6.6875 * Walk
1: 6.625 * Licensed
2: 6.1875 * begging
3: 6.0625 * mândr
4: 5.75 * Walk
5: 5.28125 * Dog
6: 5.125 * misiune
7: 4.90625 * Walking
8: 4.6875 * guest
9: 4.5625 * -3
10: 4.25 * Around
11: 4.09375 * Weekend
12: 3.9375 * ST
13: 3.90625 * weekend
14: 3.546875 * Guest
15: 3.328125 * pets
16: 3.234375 * Pa
17: 3.1875 * morning
18: 3.046875 * ready
19: 2.96875 * clădiri
20: 2.765625 * ements
21: 2.71875 * outdoors
22: 2.59375 * Do
23: 2.546875 * coming
24: 2.421875 * Boston
25: 2.3125 * realizeaz
26: 2.1875 * outdoor
27: 1.90625 * Path
28: 1.8515625 * Day
29: 1.7734375 * miere
30: 1.7109375 * ATION
31: 1.6875 * walks
32: 1.546875 * Coming
33: 1.53125 * ped
34: 1.53125 * about
35: 1.5 * </s>
36: 1.453125 * breath
37: 1.3984375 * ized
38: 1.390625 * Rover
39: 1.3828125 * freedom
40: 1.296875 * DB
41: 1.2734375 * mo
42: 1.25 * ike
43: 1.2109375 * west
44: 1.203125 * walked
45: 1.1796875 * stick
46: 1.171875 * lead
47: 1.171875 * free
48: 1.1640625 * maşin
49: 1.15625 * spots
Total loss: 0.29400181770324707 = MSE Loss: 0.2603662610054016, 5.0 * Sparsity Loss: 0.00672710919752717
Epoch: 1 batch_num: 16
0: 6.625 * Walk
1: 6.5625 * Licensed
2: 6.21875 * begging
3: 6.0625 * mândr
4: 5.71875 * Walk
5: 5.1875 * Dog
6: 5.125 * misiune
7: 5.03125 * Walking
8: 4.625 * guest
9: 4.59375 * -3
10: 4.34375 * Around
11: 4.09375 * Weekend
12: 3.921875 * ST
13: 3.890625 * weekend
14: 3.515625 * Guest
15: 3.375 * pets
16: 3.28125 * morning
17: 3.28125 * Pa
18: 3.125 * ements
19: 3.0 * ready
20: 2.953125 * clădiri
21: 2.703125 * outdoors
22: 2.5625 * coming
23: 2.53125 * Do
24: 2.390625 * Boston
25: 2.328125 * realizeaz
26: 2.203125 * outdoor
27: 1.90625 * Path
28: 1.8359375 * Day
29: 1.75 * miere
30: 1.6640625 * walks
31: 1.6640625 * ATION
32: 1.5546875 * Coming
33: 1.546875 * ped
34: 1.515625 * </s>
35: 1.4375 * ized
36: 1.421875 * about
37: 1.4140625 * breath
38: 1.3515625 * Rover
39: 1.3359375 * freedom
40: 1.3203125 * mo
41: 1.3046875 * DB
42: 1.2265625 * ike
43: 1.21875 * New
44: 1.203125 * е
45: 1.1796875 * walked
46: 1.1796875 * started
47: 1.171875 * free
48: 1.171875 * maşin
49: 1.1484375 * west
Total loss: 0.2883246839046478 = MSE Loss: 0.2552495002746582, 5.0 * Sparsity Loss: 0.006615034770220518
Epoch: 1 batch_num: 17
0: 6.46875 * Licensed
1: 6.4375 * Walk
2: 6.125 * begging
3: 6.03125 * mândr
4: 5.625 * Walk
5: 5.21875 * Walking
6: 5.1875 * Dog
7: 5.09375 * misiune
8: 4.65625 * guest
9: 4.625 * -3
10: 4.4375 * Around
11: 4.1875 * Weekend
12: 3.9375 * weekend
13: 3.78125 * ST
14: 3.546875 * Guest
15: 3.375 * morning
16: 3.375 * pets
17: 3.34375 * ements
18: 3.328125 * Pa
19: 2.984375 * clădiri
20: 2.953125 * ready
21: 2.703125 * outdoors
22: 2.546875 * coming
23: 2.484375 * Do
24: 2.390625 * Boston
25: 2.375 * realizeaz
26: 2.234375 * outdoor
27: 1.953125 * Path
28: 1.8203125 * Day
29: 1.7734375 * miere
30: 1.59375 * walks
31: 1.546875 * ATION
32: 1.546875 * ped
33: 1.546875 * Coming
34: 1.5234375 * </s>
35: 1.4296875 * ized
36: 1.40625 * breath
37: 1.375 * mo
38: 1.3671875 * about
39: 1.3203125 * Rover
40: 1.3203125 * freedom
41: 1.265625 * New
42: 1.234375 * started
43: 1.21875 * е
44: 1.2109375 * DB
45: 1.203125 * maşin
46: 1.1796875 * west
47: 1.15625 * ike
48: 1.140625 * stick
49: 1.1171875 * free
Total loss: 0.448365718126297 = MSE Loss: 0.4154631495475769, 5.0 * Sparsity Loss: 0.0065805139020085335
Epoch: 1 batch_num: 18
0: 6.375 * Licensed
1: 6.34375 * Walk
2: 6.09375 * begging
3: 6.0 * mândr
4: 5.6875 * Walk
5: 5.25 * Walking
6: 5.1875 * Dog
7: 5.09375 * misiune
8: 4.625 * guest
9: 4.625 * -3
10: 4.4375 * Around
11: 4.25 * Weekend
12: 3.9375 * weekend
13: 3.65625 * ST
14: 3.546875 * ements
15: 3.53125 * Guest
16: 3.359375 * morning
17: 3.359375 * pets
18: 3.34375 * Pa
19: 3.015625 * clădiri
20: 2.921875 * ready
21: 2.671875 * outdoors
22: 2.5 * coming
23: 2.5 * realizeaz
24: 2.421875 * Boston
25: 2.390625 * Do
26: 2.328125 * outdoor
27: 1.9296875 * Path
28: 1.78125 * miere
29: 1.75 * Day
30: 1.640625 * walks
31: 1.515625 * ped
32: 1.5078125 * </s>
33: 1.4921875 * Coming
34: 1.46875 * ATION
35: 1.4375 * mo
36: 1.4140625 * ized
37: 1.3984375 * about
38: 1.3828125 * breath
39: 1.3125 * started
40: 1.296875 * Rover
41: 1.2734375 * freedom
42: 1.2578125 * е
43: 1.2265625 * maşin
44: 1.21875 * New
45: 1.1796875 * west
46: 1.125 * stick
47: 1.1171875 * leg
48: 1.1171875 * ike
49: 1.09375 * DB
Total loss: 0.26459652185440063 = MSE Loss: 0.2308540642261505, 5.0 * Sparsity Loss: 0.006748490501195192
Epoch: 1 batch_num: 19
0: 6.34375 * Licensed
1: 6.25 * Walk
2: 6.0625 * begging
3: 5.96875 * mândr
4: 5.8125 * Walk
5: 5.28125 * Walking
6: 5.1875 * Dog
7: 5.09375 * misiune
8: 4.625 * guest
9: 4.625 * -3
10: 4.46875 * Around
11: 4.28125 * Weekend
12: 3.984375 * weekend
13: 3.71875 * ements
14: 3.515625 * Guest
15: 3.484375 * ST
16: 3.390625 * pets
17: 3.375 * Pa
18: 3.359375 * morning
19: 3.046875 * clădiri
20: 2.875 * ready
21: 2.65625 * outdoors
22: 2.59375 * realizeaz
23: 2.484375 * coming
24: 2.4375 * Boston
25: 2.390625 * outdoor
26: 2.25 * Do
27: 1.8984375 * Path
28: 1.78125 * miere
29: 1.765625 * walks
30: 1.703125 * Day
31: 1.484375 * mo
32: 1.46875 * Coming
33: 1.4609375 * </s>
34: 1.4375 * ped
35: 1.3671875 * about
36: 1.359375 * ATION
37: 1.359375 * breath
38: 1.3515625 * started
39: 1.3515625 * ized
40: 1.296875 * е
41: 1.28125 * Rover
42: 1.25 * maşin
43: 1.2109375 * freedom
44: 1.171875 * stick
45: 1.1640625 * New
46: 1.1484375 * west
47: 1.109375 * leg
48: 1.09375 * ike
49: 1.09375 * Interest
Total loss: 0.19808052480220795 = MSE Loss: 0.16484524309635162, 5.0 * Sparsity Loss: 0.006647055968642235
Epoch: 1 batch_num: 20
0: 6.375 * Licensed
1: 6.15625 * Walk
2: 6.0625 * begging
3: 5.90625 * mândr
4: 5.875 * Walk
5: 5.28125 * Walking
6: 5.21875 * Dog
7: 5.09375 * misiune
8: 4.625 * guest
9: 4.625 * -3
10: 4.46875 * Around
11: 4.34375 * Weekend
12: 4.0625 * weekend
13: 3.875 * ements
14: 3.53125 * Guest
15: 3.375 * morning
16: 3.375 * Pa
17: 3.375 * pets
18: 3.375 * ST
19: 3.109375 * clădiri
20: 2.796875 * ready
21: 2.671875 * outdoors
22: 2.671875 * realizeaz
23: 2.421875 * Boston
24: 2.421875 * coming
25: 2.40625 * outdoor
26: 2.140625 * Do
27: 1.8984375 * Path
28: 1.8515625 * walks
29: 1.78125 * miere
30: 1.65625 * Day
31: 1.515625 * mo
32: 1.4296875 * Coming
33: 1.4140625 * </s>
34: 1.3828125 * about
35: 1.3828125 * started
36: 1.3515625 * е
37: 1.3359375 * breath
38: 1.328125 * ped
39: 1.2734375 * ATION
40: 1.2734375 * maşin
41: 1.265625 * Rover
42: 1.25 * ized
43: 1.2109375 * PR
44: 1.1953125 * stick
45: 1.171875 * walk
46: 1.1640625 * freedom
47: 1.15625 * Profile
48: 1.140625 * New
49: 1.1328125 * leg
Total loss: 0.20738719403743744 = MSE Loss: 0.17353008687496185, 5.0 * Sparsity Loss: 0.006771422456949949
Epoch: 1 batch_num: 21
0: 6.375 * Licensed
1: 6.0625 * begging
2: 6.03125 * Walk
3: 5.90625 * Walk
4: 5.875 * mândr
5: 5.3125 * Walking
6: 5.28125 * Dog
7: 5.0625 * misiune
8: 4.625 * guest
9: 4.5625 * -3
10: 4.46875 * Around
11: 4.40625 * Weekend
12: 4.09375 * weekend
13: 3.984375 * ements
14: 3.53125 * Guest
15: 3.40625 * Pa
16: 3.375 * morning
17: 3.34375 * pets
18: 3.296875 * ST
19: 3.15625 * clădiri
20: 2.75 * ready
21: 2.703125 * realizeaz
22: 2.671875 * outdoors
23: 2.421875 * Boston
24: 2.375 * coming
25: 2.375 * outdoor
26: 2.046875 * Do
27: 1.9296875 * Path
28: 1.8515625 * walks
29: 1.7734375 * miere
30: 1.640625 * Day
31: 1.546875 * mo
32: 1.421875 * started
33: 1.40625 * about
34: 1.3984375 * Coming
35: 1.3671875 * walk
36: 1.3671875 * </s>
37: 1.3671875 * е
38: 1.3203125 * breath
39: 1.3046875 * PR
40: 1.2734375 * Profile
41: 1.2734375 * maşin
42: 1.2578125 * ped
43: 1.2421875 * Rover
44: 1.2109375 * ATION
45: 1.2109375 * logy
46: 1.1875 * leg
47: 1.1796875 * stick
48: 1.171875 * Interest
49: 1.171875 * ized
Total loss: 0.27110207080841064 = MSE Loss: 0.23691099882125854, 5.0 * Sparsity Loss: 0.0068382155150175095
Epoch: 1 batch_num: 22
0: 6.375 * Licensed
1: 6.0625 * begging
2: 5.9375 * Walk
3: 5.875 * Walk
4: 5.8125 * mândr
5: 5.34375 * Walking
6: 5.3125 * Dog
7: 5.03125 * misiune
8: 4.65625 * guest
9: 4.53125 * -3
10: 4.4375 * Weekend
11: 4.40625 * Around
12: 4.09375 * weekend
13: 4.09375 * ements
14: 3.546875 * Guest
15: 3.375 * morning
16: 3.359375 * Pa
17: 3.296875 * pets
18: 3.21875 * ST
19: 3.21875 * clădiri
20: 2.734375 * realizeaz
21: 2.703125 * ready
22: 2.6875 * outdoors
23: 2.40625 * Boston
24: 2.359375 * outdoor
25: 2.328125 * coming
26: 1.96875 * Path
27: 1.9453125 * Do
28: 1.8515625 * walks
29: 1.78125 * miere
30: 1.609375 * Day
31: 1.59375 * mo
32: 1.5390625 * walk
33: 1.4921875 * started
34: 1.421875 * PR
35: 1.4140625 * about
36: 1.3984375 * logy
37: 1.359375 * Coming
38: 1.34375 * е
39: 1.328125 * Profile
40: 1.328125 * </s>
41: 1.28125 * breath
42: 1.2578125 * maşin
43: 1.2265625 * ped
44: 1.21875 * leg
45: 1.21875 * Interest
46: 1.2109375 * Rover
47: 1.1953125 * freedom
48: 1.1640625 * west
49: 1.1484375 * stick
Total loss: 0.2284899652004242 = MSE Loss: 0.1939353346824646, 5.0 * Sparsity Loss: 0.006910926662385464
Epoch: 1 batch_num: 23
0: 6.3125 * Licensed
1: 6.0625 * begging
2: 5.875 * Walk
3: 5.84375 * Walk
4: 5.84375 * mândr
5: 5.375 * Walking
6: 5.28125 * Dog
7: 5.0 * misiune
8: 4.65625 * guest
9: 4.53125 * -3
10: 4.46875 * Weekend
11: 4.3125 * Around
12: 4.15625 * ements
13: 4.09375 * weekend
14: 3.5625 * Guest
15: 3.375 * morning
16: 3.359375 * Pa
17: 3.28125 * pets
18: 3.25 * clădiri
19: 3.078125 * ST
20: 2.703125 * realizeaz
21: 2.671875 * outdoors
22: 2.65625 * ready
23: 2.390625 * Boston
24: 2.34375 * outdoor
25: 2.296875 * coming
26: 2.046875 * Path
27: 1.8671875 * Do
28: 1.8203125 * walks
29: 1.78125 * miere
30: 1.7109375 * walk
31: 1.625 * mo
32: 1.59375 * PR
33: 1.5546875 * Day
34: 1.546875 * started
35: 1.546875 * logy
36: 1.4453125 * about
37: 1.3515625 * Profile
38: 1.3359375 * Coming
39: 1.328125 * е
40: 1.28125 * </s>
41: 1.265625 * leg
42: 1.265625 * maşin
43: 1.25 * Interest
44: 1.25 * breath
45: 1.21875 * freedom
46: 1.1875 * Rover
47: 1.1875 * ped
48: 1.171875 * west
49: 1.125 * stretch
Total loss: 0.2142050415277481 = MSE Loss: 0.17855298519134521, 5.0 * Sparsity Loss: 0.0071304114535450935
Epoch: 1 batch_num: 24
0: 6.375 * Licensed
1: 6.0625 * begging
2: 5.875 * Walk
3: 5.8125 * mândr
4: 5.75 * Walk
5: 5.5 * Walking
6: 5.25 * Dog
7: 4.96875 * misiune
8: 4.6875 * guest
9: 4.5625 * -3
10: 4.5 * Weekend
11: 4.28125 * Around
12: 4.21875 * ements
13: 4.09375 * weekend
14: 3.609375 * Guest
15: 3.359375 * morning
16: 3.34375 * Pa
17: 3.28125 * pets
18: 3.265625 * clădiri
19: 2.984375 * ST
20: 2.65625 * outdoors
21: 2.625 * ready
22: 2.625 * realizeaz
23: 2.359375 * Boston
24: 2.296875 * coming
25: 2.296875 * outdoor
26: 2.171875 * Path
27: 1.8515625 * walk
28: 1.796875 * walks
29: 1.7890625 * miere
30: 1.7890625 * Do
31: 1.7421875 * PR
32: 1.6875 * logy
33: 1.65625 * mo
34: 1.5625 * started
35: 1.515625 * Day
36: 1.421875 * about
37: 1.34375 * Coming
38: 1.328125 * CC
39: 1.3203125 * Profile
40: 1.3203125 * е
41: 1.296875 * leg
42: 1.2890625 * maşin
43: 1.28125 * Interest
44: 1.2578125 * </s>
45: 1.2578125 * freedom
46: 1.2265625 * Big
47: 1.2109375 * breath
48: 1.1796875 * Rover
49: 1.1640625 * providing
Total loss: 0.22932565212249756 = MSE Loss: 0.19388553500175476, 5.0 * Sparsity Loss: 0.007088022772222757
Epoch: 1 batch_num: 25
0: 6.34375 * Licensed
1: 6.0625 * begging
2: 5.90625 * Walk
3: 5.84375 * mândr
4: 5.71875 * Walk
5: 5.5625 * Walking
6: 5.09375 * Dog
7: 4.9375 * misiune
8: 4.65625 * guest
9: 4.53125 * -3
10: 4.5 * Weekend
11: 4.3125 * ements
12: 4.21875 * Around
13: 4.0625 * weekend
14: 3.609375 * Guest
15: 3.34375 * morning
16: 3.328125 * Pa
17: 3.28125 * pets
18: 3.28125 * clădiri
19: 2.953125 * ST
20: 2.625 * outdoors
21: 2.59375 * ready
22: 2.5625 * realizeaz
23: 2.375 * Boston
24: 2.359375 * outdoor
25: 2.265625 * coming
26: 2.25 * Path
27: 1.953125 * walk
28: 1.8671875 * PR
29: 1.796875 * logy
30: 1.7890625 * walks
31: 1.7734375 * miere
32: 1.7578125 * Do
33: 1.6953125 * mo
34: 1.5859375 * started
35: 1.5546875 * CC
36: 1.46875 * Day
37: 1.4296875 * about
38: 1.34375 * Big
39: 1.328125 * leg
40: 1.3203125 * Coming
41: 1.3125 * Profile
42: 1.3125 * е
43: 1.2890625 * Interest
44: 1.28125 * maşin
45: 1.25 * summer
46: 1.2421875 * freedom
47: 1.2109375 * </s>
48: 1.1875 * Chuck
49: 1.1796875 * Rover
Total loss: 0.24109213054180145 = MSE Loss: 0.20554737746715546, 5.0 * Sparsity Loss: 0.007108951453119516
Epoch: 1 batch_num: 26
0: 6.28125 * Licensed
1: 6.0625 * begging
2: 6.0 * Walk
3: 5.8125 * mândr
4: 5.71875 * Walk
5: 5.53125 * Walking
6: 4.9375 * misiune
7: 4.90625 * Dog
8: 4.625 * guest
9: 4.5625 * -3
10: 4.5 * Weekend
11: 4.375 * ements
12: 4.1875 * Around
13: 4.0625 * weekend
14: 3.578125 * Guest
15: 3.390625 * Pa
16: 3.359375 * morning
17: 3.296875 * pets
18: 3.265625 * clădiri
19: 2.921875 * ST
20: 2.609375 * ready
21: 2.59375 * outdoors
22: 2.546875 * realizeaz
23: 2.453125 * outdoor
24: 2.375 * Boston
25: 2.296875 * Path
26: 2.234375 * coming
27: 2.03125 * walk
28: 1.90625 * PR
29: 1.8984375 * logy
30: 1.8046875 * walks
31: 1.7890625 * Do
32: 1.78125 * miere
33: 1.734375 * CC
34: 1.7109375 * mo
35: 1.59375 * started
36: 1.4140625 * Day
37: 1.40625 * Big
38: 1.390625 * about
39: 1.3515625 * leg
40: 1.3125 * е
41: 1.2890625 * maşin
42: 1.28125 * Interest
43: 1.2734375 * Chuck
44: 1.2734375 * Coming
45: 1.2734375 * Profile
46: 1.2421875 * summer
47: 1.1875 * </s>
48: 1.171875 * Rover
49: 1.171875 * do
Total loss: 0.23337474465370178 = MSE Loss: 0.1992095559835434, 5.0 * Sparsity Loss: 0.006833037827163935
Epoch: 1 batch_num: 27
0: 6.28125 * Licensed
1: 6.03125 * begging
2: 6.0 * Walk
3: 5.8125 * mândr
4: 5.6875 * Walk
5: 5.59375 * Walking
6: 4.9375 * misiune
7: 4.6875 * Dog
8: 4.59375 * -3
9: 4.5625 * guest
10: 4.46875 * Weekend
11: 4.40625 * ements
12: 4.21875 * Around
13: 4.0625 * weekend
14: 3.53125 * Guest
15: 3.453125 * Pa
16: 3.359375 * morning
17: 3.28125 * pets
18: 3.234375 * clădiri
19: 2.859375 * ST
20: 2.609375 * ready
21: 2.5625 * outdoors
22: 2.515625 * realizeaz
23: 2.5 * outdoor
24: 2.40625 * Path
25: 2.34375 * Boston
26: 2.203125 * coming
27: 2.140625 * walk
28: 1.9921875 * logy
29: 1.921875 * CC
30: 1.90625 * PR
31: 1.8125 * Do
32: 1.7890625 * miere
33: 1.7578125 * walks
34: 1.703125 * mo
35: 1.53125 * started
36: 1.453125 * Big
37: 1.359375 * Day
38: 1.3515625 * leg
39: 1.3359375 * Chuck
40: 1.328125 * about
41: 1.3125 * maşin
42: 1.2890625 * е
43: 1.28125 * summer
44: 1.25 * Profile
45: 1.25 * Interest
46: 1.234375 * Coming
47: 1.1875 * AS
48: 1.171875 * Rover
49: 1.171875 * do
Total loss: 0.19888246059417725 = MSE Loss: 0.16489723324775696, 5.0 * Sparsity Loss: 0.006797044537961483
Epoch: 1 batch_num: 28
0: 6.25 * Licensed
1: 6.03125 * begging
2: 5.96875 * Walk
3: 5.75 * mândr
4: 5.65625 * Walking
5: 5.625 * Walk
6: 4.9375 * misiune
7: 4.625 * -3
8: 4.5 * Dog
9: 4.5 * Weekend
10: 4.5 * guest
11: 4.4375 * ements
12: 4.25 * Around
13: 4.09375 * weekend
14: 3.515625 * Guest
15: 3.5 * Pa
16: 3.375 * morning
17: 3.265625 * pets
18: 3.203125 * clădiri
19: 2.796875 * ST
20: 2.625 * ready
21: 2.5625 * outdoors
22: 2.53125 * outdoor
23: 2.46875 * Path
24: 2.46875 * realizeaz
25: 2.28125 * Boston
26: 2.25 * walk
27: 2.203125 * coming
28: 2.09375 * CC
29: 2.09375 * logy
30: 1.921875 * PR
31: 1.84375 * Do
32: 1.8046875 * miere
33: 1.6875 * walks
34: 1.671875 * mo
35: 1.484375 * Big
36: 1.484375 * started
37: 1.4140625 * summer
38: 1.40625 * Chuck
39: 1.328125 * leg
40: 1.328125 * maşin
41: 1.3203125 * Day
42: 1.28125 * е
43: 1.2578125 * about
44: 1.2265625 * Interest
45: 1.2265625 * AS
46: 1.21875 * Coming
47: 1.21875 * Profile
48: 1.1953125 * standing
49: 1.171875 * stick
Total loss: 0.3540523946285248 = MSE Loss: 0.31965872645378113, 5.0 * Sparsity Loss: 0.006878732703626156
Epoch: 1 batch_num: 29
0: 6.25 * Licensed
1: 6.0 * begging
2: 5.90625 * Walk
3: 5.71875 * Walking
4: 5.71875 * mândr
5: 5.5625 * Walk
6: 4.9375 * misiune
7: 4.5625 * -3
8: 4.53125 * Weekend
9: 4.46875 * ements
10: 4.46875 * guest
11: 4.40625 * Dog
12: 4.34375 * Around
13: 4.125 * weekend
14: 3.53125 * Pa
15: 3.484375 * Guest
16: 3.375 * morning
17: 3.234375 * pets
18: 3.203125 * clădiri
19: 2.65625 * ST
20: 2.609375 * ready
21: 2.5625 * outdoors
22: 2.53125 * outdoor
23: 2.5 * Path
24: 2.421875 * realizeaz
25: 2.34375 * walk
26: 2.234375 * CC
27: 2.21875 * coming
28: 2.203125 * Boston
29: 2.171875 * logy
30: 1.9375 * PR
31: 1.8125 * miere
32: 1.8125 * Do
33: 1.6640625 * mo
34: 1.609375 * walks
35: 1.53125 * Big
36: 1.4921875 * summer
37: 1.4609375 * Chuck
38: 1.4375 * started
39: 1.3359375 * maşin
40: 1.3203125 * leg
41: 1.2890625 * Day
42: 1.2734375 * AS
43: 1.2734375 * е
44: 1.2578125 * standing
45: 1.2265625 * Coming
46: 1.2265625 * Profile
47: 1.2109375 * west
48: 1.1875 * stick
49: 1.1640625 * about
Total loss: 0.2341240644454956 = MSE Loss: 0.19906288385391235, 5.0 * Sparsity Loss: 0.0070122359320521355
Epoch: 1 batch_num: 30
0: 6.28125 * Licensed
1: 5.96875 * begging
2: 5.8125 * Walk
3: 5.78125 * Walking
4: 5.71875 * mândr
5: 5.5 * Walk
6: 4.90625 * misiune
7: 4.625 * Weekend
8: 4.5625 * ements
9: 4.5 * -3
10: 4.46875 * guest
11: 4.40625 * Dog
12: 4.40625 * Around
13: 4.25 * weekend
14: 3.53125 * Pa
15: 3.484375 * Guest
16: 3.4375 * morning
17: 3.203125 * pets
18: 3.203125 * clădiri
19: 2.609375 * outdoors
20: 2.578125 * ST
21: 2.5625 * ready
22: 2.5 * Path
23: 2.484375 * realizeaz
24: 2.46875 * outdoor
25: 2.390625 * CC
26: 2.359375 * walk
27: 2.25 * coming
28: 2.25 * logy
29: 2.109375 * Boston
30: 1.9765625 * PR
31: 1.8203125 * miere
32: 1.75 * Do
33: 1.65625 * mo
34: 1.625 * Big
35: 1.5078125 * Chuck
36: 1.484375 * walks
37: 1.46875 * summer
38: 1.375 * started
39: 1.3515625 * west
40: 1.328125 * maşin
41: 1.3125 * AS
42: 1.296875 * leg
43: 1.296875 * е
44: 1.296875 * Day
45: 1.28125 * standing
46: 1.2421875 * Profile
47: 1.21875 * Coming
48: 1.1953125 * PR
49: 1.171875 * animal
Total loss: 0.20748057961463928 = MSE Loss: 0.1728464663028717, 5.0 * Sparsity Loss: 0.006926823873072863
Epoch: 1 batch_num: 31
0: 6.3125 * Licensed
1: 5.9375 * begging
2: 5.8125 * Walking
3: 5.78125 * Walk
4: 5.75 * mândr
5: 5.4375 * Walk
6: 4.875 * misiune
7: 4.71875 * Weekend
8: 4.59375 * ements
9: 4.53125 * -3
10: 4.5 * guest
11: 4.4375 * Around
12: 4.34375 * Dog
13: 4.34375 * weekend
14: 3.546875 * Pa
15: 3.5 * Guest
16: 3.46875 * morning
17: 3.234375 * pets
18: 3.234375 * clădiri
19: 2.65625 * outdoors
20: 2.578125 * ST
21: 2.484375 * realizeaz
22: 2.46875 * ready
23: 2.46875 * CC
24: 2.4375 * Path
25: 2.40625 * walk
26: 2.390625 * outdoor
27: 2.328125 * logy
28: 2.28125 * coming
29: 2.0625 * Boston
30: 1.96875 * PR
31: 1.828125 * miere
32: 1.6953125 * Do
33: 1.6953125 * Big
34: 1.625 * mo
35: 1.5625 * Chuck
36: 1.421875 * walks
37: 1.3984375 * summer
38: 1.3359375 * AS
39: 1.328125 * west
40: 1.328125 * started
41: 1.328125 * е
42: 1.3203125 * maşin
43: 1.3046875 * standing
44: 1.296875 * Day
45: 1.2734375 * leg
46: 1.21875 * Coming
47: 1.203125 * PR
48: 1.203125 * Profile
49: 1.203125 * do
Total loss: 0.4083746373653412 = MSE Loss: 0.3737616240978241, 5.0 * Sparsity Loss: 0.006922603119164705
Epoch: 1 batch_num: 32
0: 6.28125 * Licensed
1: 5.96875 * begging
2: 5.84375 * mândr
3: 5.8125 * Walking
4: 5.8125 * Walk
5: 5.40625 * Walk
6: 4.84375 * misiune
7: 4.8125 * Weekend
8: 4.65625 * ements
9: 4.53125 * guest
10: 4.53125 * -3
11: 4.46875 * Around
12: 4.4375 * weekend
13: 4.34375 * Dog
14: 3.5625 * Pa
15: 3.5 * Guest
16: 3.484375 * morning
17: 3.28125 * pets
18: 3.25 * clădiri
19: 2.6875 * outdoors
20: 2.609375 * ST
21: 2.578125 * realizeaz
22: 2.546875 * CC
23: 2.4375 * walk
24: 2.40625 * ready
25: 2.390625 * logy
26: 2.3125 * outdoor
27: 2.28125 * coming
28: 2.25 * Path
29: 2.015625 * Boston
30: 1.9296875 * PR
31: 1.828125 * miere
32: 1.6953125 * Big
33: 1.6640625 * Do
34: 1.6171875 * Chuck
35: 1.578125 * mo
36: 1.3828125 * walks
37: 1.359375 * AS
38: 1.34375 * standing
39: 1.34375 * е
40: 1.328125 * started
41: 1.3203125 * maşin
42: 1.3046875 * summer
43: 1.296875 * Day
44: 1.2578125 * leg
45: 1.21875 * do
46: 1.2109375 * animal
47: 1.2109375 * west
48: 1.203125 * brown
49: 1.1953125 * PR
Total loss: 0.2550831437110901 = MSE Loss: 0.22081555426120758, 5.0 * Sparsity Loss: 0.006853519007563591
Epoch: 1 batch_num: 33
0: 6.25 * Licensed
1: 6.0 * begging
2: 5.90625 * mândr
3: 5.84375 * Walking
4: 5.8125 * Walk
5: 5.34375 * Walk
6: 4.875 * Weekend
7: 4.8125 * misiune
8: 4.6875 * ements
9: 4.59375 * -3
10: 4.53125 * Around
11: 4.53125 * guest
12: 4.5 * weekend
13: 4.25 * Dog
14: 3.546875 * Pa
15: 3.484375 * morning
16: 3.484375 * Guest
17: 3.34375 * pets
18: 3.234375 * clădiri
19: 2.734375 * outdoors
20: 2.65625 * realizeaz
21: 2.625 * ST
22: 2.578125 * CC
23: 2.5 * walk
24: 2.453125 * logy
25: 2.375 * ready
26: 2.25 * coming
27: 2.1875 * outdoor
28: 2.0625 * Path
29: 1.9609375 * Boston
30: 1.890625 * PR
31: 1.8125 * miere
32: 1.703125 * Big
33: 1.671875 * Do
34: 1.65625 * Chuck
35: 1.5390625 * mo
36: 1.3984375 * standing
37: 1.3671875 * started
38: 1.3671875 * е
39: 1.359375 * AS
40: 1.34375 * walks
41: 1.328125 * brown
42: 1.328125 * maşin
43: 1.2890625 * summer
44: 1.2890625 * Day
45: 1.28125 * dog
46: 1.25 * animal
47: 1.2421875 * leg
48: 1.21875 * do
49: 1.21875 * DB
Total loss: 0.2600994408130646 = MSE Loss: 0.22605255246162415, 5.0 * Sparsity Loss: 0.006809377111494541
Epoch: 1 batch_num: 34
0: 6.1875 * Licensed
1: 6.0 * begging
2: 5.9375 * mândr
3: 5.8125 * Walking
4: 5.8125 * Walk
5: 5.28125 * Walk
6: 4.875 * Weekend
7: 4.8125 * misiune
8: 4.71875 * ements
9: 4.59375 * -3
10: 4.53125 * weekend
11: 4.53125 * guest
12: 4.5 * Around
13: 4.21875 * Dog
14: 3.515625 * Guest
15: 3.5 * Pa
16: 3.46875 * morning
17: 3.34375 * pets
18: 3.265625 * clădiri
19: 2.734375 * outdoors
20: 2.734375 * realizeaz
21: 2.625 * CC
22: 2.53125 * walk
23: 2.53125 * ST
24: 2.46875 * logy
25: 2.390625 * ready
26: 2.203125 * coming
27: 2.140625 * outdoor
28: 1.9375 * Boston
29: 1.90625 * Path
30: 1.890625 * PR
31: 1.8046875 * miere
32: 1.71875 * Chuck
33: 1.6953125 * Do
34: 1.6328125 * Big
35: 1.484375 * standing
36: 1.4765625 * mo
37: 1.421875 * brown
38: 1.3984375 * started
39: 1.3515625 * AS
40: 1.3515625 * е
41: 1.3515625 * maşin
42: 1.3203125 * summer
43: 1.3125 * dog
44: 1.2890625 * walks
45: 1.2890625 * DB
46: 1.2890625 * Day
47: 1.28125 * animal
48: 1.2421875 * leg
49: 1.2109375 * PR
Total loss: 0.2648293972015381 = MSE Loss: 0.23160883784294128, 5.0 * Sparsity Loss: 0.006644114851951599
Epoch: 1 batch_num: 35
0: 6.09375 * Licensed
1: 6.03125 * mândr
2: 5.96875 * begging
3: 5.75 * Walking
4: 5.75 * Walk
5: 5.21875 * Walk
6: 4.875 * Weekend
7: 4.8125 * misiune
8: 4.78125 * ements
9: 4.59375 * weekend
10: 4.5625 * guest
11: 4.53125 * -3
12: 4.5 * Around
13: 4.25 * Dog
14: 3.53125 * Guest
15: 3.484375 * morning
16: 3.421875 * Pa
17: 3.328125 * pets
18: 3.25 * clădiri
19: 2.734375 * outdoors
20: 2.671875 * CC
21: 2.671875 * realizeaz
22: 2.5625 * walk
23: 2.46875 * logy
24: 2.4375 * ready
25: 2.421875 * ST
26: 2.15625 * coming
27: 2.109375 * outdoor
28: 1.9296875 * PR
29: 1.8984375 * Boston
30: 1.796875 * Path
31: 1.7890625 * miere
32: 1.7890625 * Chuck
33: 1.7421875 * Do
34: 1.578125 * Big
35: 1.5546875 * standing
36: 1.5234375 * brown
37: 1.4296875 * started
38: 1.421875 * mo
39: 1.390625 * summer
40: 1.3828125 * maşin
41: 1.375 * е
42: 1.3515625 * DB
43: 1.3359375 * AS
44: 1.3125 * dog
45: 1.3046875 * animal
46: 1.3046875 * DOT
47: 1.28125 * Day
48: 1.25 * PR
49: 1.2265625 * leg
Total loss: 0.26421836018562317 = MSE Loss: 0.23021714389324188, 5.0 * Sparsity Loss: 0.006800243631005287
Epoch: 1 batch_num: 36
0: 6.0625 * Licensed
1: 6.03125 * mândr
2: 5.9375 * begging
3: 5.78125 * Walking
4: 5.6875 * Walk
5: 5.15625 * Walk
6: 4.875 * Weekend
7: 4.875 * ements
8: 4.78125 * misiune
9: 4.625 * weekend
10: 4.5625 * guest
11: 4.46875 * Around
12: 4.4375 * -3
13: 4.25 * Dog
14: 3.546875 * Guest
15: 3.5 * morning
16: 3.34375 * Pa
17: 3.34375 * pets
18: 3.234375 * clădiri
19: 2.734375 * CC
20: 2.703125 * outdoors
21: 2.609375 * walk
22: 2.515625 * logy
23: 2.484375 * realizeaz
24: 2.453125 * ready
25: 2.328125 * ST
26: 2.140625 * coming
27: 2.140625 * outdoor
28: 1.953125 * PR
29: 1.8515625 * Boston
30: 1.8515625 * Chuck
31: 1.78125 * miere
32: 1.78125 * Path
33: 1.765625 * Do
34: 1.6171875 * standing
35: 1.59375 * brown
36: 1.5546875 * Big
37: 1.5390625 * summer
38: 1.421875 * started
39: 1.4140625 * DOT
40: 1.4140625 * maşin
41: 1.3984375 * DB
42: 1.3828125 * е
43: 1.3515625 * mo
44: 1.3359375 * interest
45: 1.328125 * dog
46: 1.328125 * ling
47: 1.328125 * AS
48: 1.3046875 * PR
49: 1.2890625 * animal
Total loss: 0.24626925587654114 = MSE Loss: 0.211360365152359, 5.0 * Sparsity Loss: 0.00698177982121706
Epoch: 1 batch_num: 37
0: 6.0 * Licensed
1: 5.96875 * mândr
2: 5.875 * begging
3: 5.8125 * Walking
4: 5.65625 * Walk
5: 5.125 * Walk
6: 4.90625 * ements
7: 4.875 * Weekend
8: 4.75 * misiune
9: 4.65625 * weekend
10: 4.59375 * guest
11: 4.53125 * Around
12: 4.34375 * -3
13: 4.28125 * Dog
14: 3.546875 * Guest
15: 3.484375 * morning
16: 3.375 * pets
17: 3.25 * Pa
18: 3.21875 * clădiri
19: 2.765625 * CC
20: 2.703125 * outdoors
21: 2.640625 * walk
22: 2.5625 * logy
23: 2.484375 * ready
24: 2.359375 * realizeaz
25: 2.28125 * ST
26: 2.171875 * coming
27: 2.125 * outdoor
28: 1.953125 * PR
29: 1.8984375 * Chuck
30: 1.84375 * Boston
31: 1.7734375 * miere
32: 1.7734375 * Path
33: 1.765625 * Do
34: 1.6484375 * brown
35: 1.625 * standing
36: 1.625 * summer
37: 1.5859375 * Big
38: 1.46875 * DOT
39: 1.4375 * ling
40: 1.4296875 * maşin
41: 1.4140625 * interest
42: 1.4140625 * started
43: 1.3828125 * е
44: 1.375 * DB
45: 1.328125 * dog
46: 1.3203125 * PR
47: 1.3125 * AS
48: 1.3046875 * mo
49: 1.28125 * animal
Total loss: 0.2145075649023056 = MSE Loss: 0.1808052957057953, 5.0 * Sparsity Loss: 0.006740453187376261
Epoch: 1 batch_num: 38
0: 5.96875 * Licensed
1: 5.90625 * mândr
2: 5.78125 * Walking
3: 5.78125 * begging
4: 5.65625 * Walk
5: 5.0625 * Walk
6: 4.96875 * ements
7: 4.875 * Weekend
8: 4.75 * misiune
9: 4.65625 * weekend
10: 4.625 * guest
11: 4.5625 * Around
12: 4.34375 * Dog
13: 4.25 * -3
14: 3.578125 * Guest
15: 3.5 * morning
16: 3.453125 * pets
17: 3.203125 * clădiri
18: 3.125 * Pa
19: 2.84375 * CC
20: 2.6875 * outdoors
21: 2.640625 * walk
22: 2.59375 * logy
23: 2.515625 * ready
24: 2.1875 * coming
25: 2.171875 * ST
26: 2.140625 * outdoor
27: 2.046875 * realizeaz
28: 2.0 * PR
29: 1.9296875 * Chuck
30: 1.8203125 * Boston
31: 1.7734375 * miere
32: 1.7578125 * Path
33: 1.7109375 * brown
34: 1.703125 * Do
35: 1.671875 * summer
36: 1.6328125 * standing
37: 1.5703125 * Big
38: 1.5390625 * DOT
39: 1.53125 * ling
40: 1.453125 * interest
41: 1.421875 * maşin
42: 1.40625 * started
43: 1.3984375 * PR
44: 1.3515625 * е
45: 1.34375 * CR
46: 1.3359375 * DB
47: 1.328125 * AS
48: 1.3125 * dog
49: 1.296875 * Day
Total loss: 0.2784629464149475 = MSE Loss: 0.24453870952129364, 5.0 * Sparsity Loss: 0.0067848507314920425
Epoch: 1 batch_num: 39
0: 5.9375 * Licensed
1: 5.8125 * mândr
2: 5.75 * Walking
3: 5.6875 * Walk
4: 5.6875 * begging
5: 5.0625 * Walk
6: 5.0 * ements
7: 4.875 * Weekend
8: 4.75 * misiune
9: 4.65625 * weekend
10: 4.59375 * guest
11: 4.5625 * Around
12: 4.4375 * Dog
13: 4.1875 * -3
14: 3.53125 * Guest
15: 3.4375 * morning
16: 3.40625 * pets
17: 3.171875 * clădiri
18: 3.03125 * Pa
19: 2.953125 * CC
20: 2.6875 * walk
21: 2.6875 * outdoors
22: 2.578125 * logy
23: 2.515625 * ready
24: 2.203125 * coming
25: 2.171875 * outdoor
26: 2.078125 * ST
27: 2.0 * PR
28: 1.96875 * Chuck
29: 1.828125 * Path
30: 1.8046875 * Boston
31: 1.765625 * miere
32: 1.7265625 * realizeaz
33: 1.7109375 * brown
34: 1.7109375 * summer
35: 1.6328125 * Do
36: 1.6171875 * standing
37: 1.6171875 * DOT
38: 1.6015625 * ling
39: 1.4921875 * Big
40: 1.4453125 * PR
41: 1.4453125 * interest
42: 1.421875 * maşin
43: 1.390625 * started
44: 1.375 * AS
45: 1.375 * CR
46: 1.34375 * Profile
47: 1.3359375 * tracking
48: 1.328125 * е
49: 1.3046875 * leg
Total loss: 0.20683693885803223 = MSE Loss: 0.17268507182598114, 5.0 * Sparsity Loss: 0.0068303728476166725
Epoch: 1 batch_num: 40
0: 5.9375 * Licensed
1: 5.75 * Walk
2: 5.71875 * mândr
3: 5.6875 * Walking
4: 5.59375 * begging
5: 5.125 * Walk
6: 5.03125 * ements
7: 4.84375 * Weekend
8: 4.75 * misiune
9: 4.625 * weekend
10: 4.5625 * Dog
11: 4.5625 * Around
12: 4.5625 * guest
13: 4.15625 * -3
14: 3.484375 * Guest
15: 3.359375 * morning
16: 3.296875 * pets
17: 3.140625 * clădiri
18: 3.046875 * CC
19: 2.953125 * Pa
20: 2.71875 * walk
21: 2.671875 * outdoors
22: 2.53125 * logy
23: 2.5 * ready
24: 2.203125 * outdoor
25: 2.15625 * coming
26: 1.9921875 * ST
27: 1.984375 * PR
28: 1.984375 * Chuck
29: 1.96875 * Path
30: 1.828125 * Boston
31: 1.7734375 * summer
32: 1.75 * miere
33: 1.6953125 * brown
34: 1.6796875 * ling
35: 1.671875 * DOT
36: 1.6484375 * standing
37: 1.6171875 * tracking
38: 1.5390625 * Do
39: 1.4609375 * PR
40: 1.4375 * interest
41: 1.4140625 * Profile
42: 1.3984375 * realizeaz
43: 1.390625 * Big
44: 1.390625 * AS
45: 1.3828125 * started
46: 1.3828125 * maşin
47: 1.359375 * CR
48: 1.3359375 * е
49: 1.328125 * leg
Total loss: 0.29289862513542175 = MSE Loss: 0.2592812180519104, 5.0 * Sparsity Loss: 0.006723480299115181
Epoch: 1 batch_num: 41
0: 5.9375 * Licensed
1: 5.84375 * Walk
2: 5.59375 * Walking
3: 5.5625 * mândr
4: 5.53125 * begging
5: 5.1875 * Walk
6: 5.03125 * ements
7: 4.78125 * Weekend
8: 4.75 * misiune
9: 4.625 * Dog
10: 4.59375 * Around
11: 4.5625 * weekend
12: 4.5 * guest
13: 4.125 * -3
14: 3.40625 * Guest
15: 3.1875 * morning
16: 3.171875 * pets
17: 3.109375 * CC
18: 3.09375 * clădiri
19: 2.875 * Pa
20: 2.703125 * walk
21: 2.65625 * outdoors
22: 2.515625 * logy
23: 2.5 * ready
24: 2.25 * outdoor
25: 2.109375 * coming
26: 2.0625 * Path
27: 2.0 * Chuck
28: 1.9453125 * PR
29: 1.9453125 * ST
30: 1.890625 * Boston
31: 1.859375 * tracking
32: 1.859375 * summer
33: 1.7421875 * miere
34: 1.7265625 * DOT
35: 1.6953125 * ling
36: 1.6796875 * brown
37: 1.625 * standing
38: 1.4765625 * Do
39: 1.4609375 * PR
40: 1.4609375 * Profile
41: 1.453125 * interest
42: 1.3828125 * AS
43: 1.3671875 * started
44: 1.3515625 * CR
45: 1.3359375 * maşin
46: 1.3203125 * е
47: 1.3046875 * leg
48: 1.265625 * animal
49: 1.265625 * Big
Total loss: 0.19930267333984375 = MSE Loss: 0.16553042829036713, 5.0 * Sparsity Loss: 0.006754448637366295
Epoch: 1 batch_num: 42
0: 5.96875 * Licensed
1: 5.84375 * Walk
2: 5.59375 * Walking
3: 5.46875 * begging
4: 5.40625 * mândr
5: 5.21875 * Walk
6: 5.03125 * ements
7: 4.78125 * misiune
8: 4.75 * Weekend
9: 4.625 * Dog
10: 4.625 * Around
11: 4.5625 * weekend
12: 4.46875 * guest
13: 4.125 * -3
14: 3.375 * Guest
15: 3.171875 * CC
16: 3.140625 * pets
17: 3.046875 * clădiri
18: 3.03125 * morning
19: 2.8125 * Pa
20: 2.734375 * walk
21: 2.625 * outdoors
22: 2.515625 * logy
23: 2.46875 * ready
24: 2.3125 * outdoor
25: 2.15625 * Path
26: 2.078125 * coming
27: 2.078125 * tracking
28: 2.015625 * Chuck
29: 1.9453125 * Boston
30: 1.9296875 * ST
31: 1.9140625 * PR
32: 1.90625 * summer
33: 1.7578125 * DOT
34: 1.734375 * miere
35: 1.671875 * ling
36: 1.65625 * brown
37: 1.625 * standing
38: 1.4765625 * Profile
39: 1.453125 * PR
40: 1.453125 * Do
41: 1.4375 * interest
42: 1.3671875 * AS
43: 1.3515625 * CR
44: 1.328125 * started
45: 1.3125 * PA
46: 1.3046875 * е
47: 1.296875 * maşin
48: 1.2734375 * leg
49: 1.25 * Pitt
Total loss: 0.3287193775177002 = MSE Loss: 0.29459601640701294, 5.0 * Sparsity Loss: 0.00682466896250844
Epoch: 1 batch_num: 43
0: 5.96875 * Licensed
1: 5.8125 * Walk
2: 5.625 * Walking
3: 5.40625 * begging
4: 5.28125 * mândr
5: 5.21875 * Walk
6: 5.0 * ements
7: 4.78125 * misiune
8: 4.75 * Weekend
9: 4.65625 * Around
10: 4.59375 * Dog
11: 4.5625 * weekend
12: 4.46875 * guest
13: 4.1875 * -3
14: 3.359375 * Guest
15: 3.21875 * CC
16: 3.1875 * pets
17: 3.0 * clădiri
18: 2.875 * morning
19: 2.8125 * walk
20: 2.8125 * Pa
21: 2.59375 * outdoors
22: 2.515625 * logy
23: 2.46875 * ready
24: 2.34375 * outdoor
25: 2.25 * tracking
26: 2.21875 * Path
27: 2.0625 * coming
28: 2.03125 * Chuck
29: 1.9921875 * Boston
30: 1.9609375 * ST
31: 1.9296875 * summer
32: 1.859375 * PR
33: 1.796875 * DOT
34: 1.71875 * miere
35: 1.671875 * ling
36: 1.65625 * standing
37: 1.625 * brown
38: 1.5 * Profile
39: 1.4375 * PR
40: 1.4296875 * Do
41: 1.3984375 * interest
42: 1.375 * CR
43: 1.359375 * PA
44: 1.359375 * AS
45: 1.296875 * е
46: 1.265625 * started
47: 1.265625 * Din
48: 1.265625 * maşin
49: 1.25 * Rover
Total loss: 0.3345867395401001 = MSE Loss: 0.30067116022109985, 5.0 * Sparsity Loss: 0.006783115211874247
Epoch: 1 batch_num: 44
0: 5.96875 * Licensed
1: 5.78125 * Walking
2: 5.6875 * Walk
3: 5.34375 * begging
4: 5.1875 * mândr
5: 5.15625 * Walk
6: 5.0 * ements
7: 4.75 * misiune
8: 4.6875 * Weekend
9: 4.65625 * Around
10: 4.53125 * Dog
11: 4.53125 * weekend
12: 4.40625 * guest
13: 4.1875 * -3
14: 3.359375 * Guest
15: 3.21875 * CC
16: 3.1875 * pets
17: 2.984375 * clădiri
18: 2.9375 * walk
19: 2.78125 * Pa
20: 2.703125 * morning
21: 2.578125 * outdoors
22: 2.5 * logy
23: 2.484375 * ready
24: 2.390625 * tracking
25: 2.375 * outdoor
26: 2.25 * Path
27: 2.03125 * Boston
28: 2.03125 * Chuck
29: 2.0 * coming
30: 1.9765625 * ST
31: 1.96875 * summer
32: 1.8515625 * PR
33: 1.828125 * DOT
34: 1.703125 * miere
35: 1.6796875 * ling
36: 1.6484375 * standing
37: 1.578125 * brown
38: 1.53125 * Profile
39: 1.4296875 * PR
40: 1.390625 * interest
41: 1.3828125 * PA
42: 1.3828125 * CR
43: 1.375 * Do
44: 1.3515625 * AS
45: 1.2890625 * Pitt
46: 1.265625 * Din
47: 1.2578125 * Rover
48: 1.234375 * е
49: 1.2265625 * started
Total loss: 0.2866537868976593 = MSE Loss: 0.252779483795166, 5.0 * Sparsity Loss: 0.006774858105927706
Epoch: 1 batch_num: 45
0: 5.96875 * Licensed
1: 5.84375 * Walking
2: 5.65625 * Walk
3: 5.25 * begging
4: 5.15625 * Walk
5: 5.09375 * ements
6: 5.0625 * mândr
7: 4.71875 * misiune
8: 4.6875 * Around
9: 4.59375 * Weekend
10: 4.46875 * Dog
11: 4.4375 * weekend
12: 4.375 * guest
13: 4.15625 * -3
14: 3.328125 * Guest
15: 3.21875 * CC
16: 3.203125 * pets
17: 2.984375 * clădiri
18: 2.890625 * walk
19: 2.765625 * Pa
20: 2.5625 * outdoors
21: 2.53125 * logy
22: 2.515625 * ready
23: 2.5 * morning
24: 2.5 * tracking
25: 2.390625 * outdoor
26: 2.21875 * Path
27: 2.078125 * Boston
28: 2.046875 * Chuck
29: 2.015625 * summer
30: 1.9921875 * ST
31: 1.9609375 * coming
32: 1.828125 * PR
33: 1.828125 * DOT
34: 1.6953125 * miere
35: 1.6796875 * ling
36: 1.625 * standing
37: 1.5859375 * brown
38: 1.5625 * Profile
39: 1.4140625 * CR
40: 1.40625 * PR
41: 1.3984375 * PA
42: 1.3984375 * interest
43: 1.34375 * Pitt
44: 1.3359375 * AS
45: 1.28125 * Rover
46: 1.2734375 * Do
47: 1.2734375 * West
48: 1.2421875 * Din
49: 1.2265625 * medium
Total loss: 0.21125774085521698 = MSE Loss: 0.17776396870613098, 5.0 * Sparsity Loss: 0.00669875368475914
Epoch: 1 batch_num: 46
0: 6.03125 * Licensed
1: 5.84375 * Walking
2: 5.65625 * Walk
3: 5.21875 * begging
4: 5.15625 * ements
5: 5.125 * Walk
6: 4.9375 * mândr
7: 4.71875 * Around
8: 4.6875 * misiune
9: 4.5 * Weekend
10: 4.4375 * Dog
11: 4.375 * guest
12: 4.34375 * weekend
13: 4.09375 * -3
14: 3.3125 * Guest
15: 3.234375 * CC
16: 3.171875 * pets
17: 3.0 * clădiri
18: 2.875 * walk
19: 2.734375 * Pa
20: 2.609375 * tracking
21: 2.578125 * logy
22: 2.578125 * outdoors
23: 2.53125 * ready
24: 2.375 * outdoor
25: 2.296875 * morning
26: 2.171875 * Path
27: 2.109375 * Boston
28: 2.0625 * Chuck
29: 2.046875 * summer
30: 2.015625 * ST
31: 1.9140625 * coming
32: 1.8515625 * DOT
33: 1.796875 * PR
34: 1.6796875 * ling
35: 1.6484375 * miere
36: 1.6328125 * standing
37: 1.59375 * brown
38: 1.5390625 * Profile
39: 1.4453125 * interest
40: 1.4453125 * CR
41: 1.3984375 * PR
42: 1.3984375 * PA
43: 1.359375 * Pitt
44: 1.3203125 * West
45: 1.3203125 * AS
46: 1.3046875 * Rover
47: 1.234375 * medium
48: 1.203125 * wait
49: 1.1953125 * Din
Total loss: 0.32478219270706177 = MSE Loss: 0.2915852665901184, 5.0 * Sparsity Loss: 0.006639386061578989
Epoch: 1 batch_num: 47
0: 6.125 * Licensed
1: 5.875 * Walk
2: 5.6875 * Walking
3: 5.21875 * ements
4: 5.1875 * Walk
5: 5.1875 * begging
6: 4.875 * mândr
7: 4.65625 * Around
8: 4.65625 * misiune
9: 4.40625 * Dog
10: 4.375 * Weekend
11: 4.34375 * guest
12: 4.21875 * weekend
13: 4.125 * -3
14: 3.296875 * Guest
15: 3.234375 * CC
16: 3.109375 * pets
17: 3.03125 * clădiri
18: 2.78125 * walk
19: 2.734375 * Pa
20: 2.671875 * tracking
21: 2.609375 * logy
22: 2.5625 * ready
23: 2.546875 * outdoors
24: 2.4375 * outdoor
25: 2.171875 * Boston
26: 2.15625 * summer
27: 2.125 * Path
28: 2.0625 * Chuck
29: 2.03125 * ST
30: 2.015625 * morning
31: 1.859375 * coming
32: 1.859375 * DOT
33: 1.78125 * PR
34: 1.734375 * ling
35: 1.65625 * standing
36: 1.609375 * miere
37: 1.53125 * brown
38: 1.5078125 * interest
39: 1.484375 * Profile
40: 1.4609375 * West
41: 1.4609375 * CR
42: 1.3984375 * PR
43: 1.390625 * PA
44: 1.359375 * Pitt
45: 1.328125 * Rover
46: 1.2890625 * FC
47: 1.2890625 * AS
48: 1.25 * wait
49: 1.1953125 * dog
Total loss: 0.19363616406917572 = MSE Loss: 0.1599033921957016, 5.0 * Sparsity Loss: 0.0067465538159012794
Epoch: 1 batch_num: 48
0: 6.1875 * Licensed
1: 6.0625 * Walk
2: 5.53125 * Walking
3: 5.25 * ements
4: 5.21875 * Walk
5: 5.1875 * begging
6: 4.78125 * mândr
7: 4.65625 * misiune
8: 4.625 * Around
9: 4.3125 * guest
10: 4.28125 * Dog
11: 4.28125 * Weekend
12: 4.15625 * -3
13: 4.09375 * weekend
14: 3.296875 * CC
15: 3.265625 * Guest
16: 3.09375 * pets
17: 3.046875 * clădiri
18: 2.765625 * Pa
19: 2.71875 * walk
20: 2.703125 * tracking
21: 2.609375 * ready
22: 2.609375 * logy
23: 2.546875 * outdoor
24: 2.5 * outdoors
25: 2.1875 * summer
26: 2.171875 * Boston
27: 2.078125 * Path
28: 2.03125 * Chuck
29: 1.9609375 * ST
30: 1.890625 * morning
31: 1.8828125 * DOT
32: 1.828125 * coming
33: 1.7578125 * PR
34: 1.734375 * ling
35: 1.6796875 * standing
36: 1.5703125 * interest
37: 1.5546875 * miere
38: 1.5390625 * brown
39: 1.46875 * CR
40: 1.4609375 * day
41: 1.453125 * West
42: 1.4375 * PR
43: 1.4375 * realizeaz
44: 1.40625 * Profile
45: 1.390625 * FC
46: 1.3828125 * PA
47: 1.3515625 * Rover
48: 1.34375 * Pitt
49: 1.3125 * wait
Total loss: 0.20605237782001495 = MSE Loss: 0.17229247093200684, 5.0 * Sparsity Loss: 0.0067519815638661385
Epoch: 1 batch_num: 49
0: 6.25 * Licensed
1: 6.21875 * Walk
2: 5.46875 * Walking
3: 5.3125 * ements
4: 5.25 * Walk
5: 5.1875 * begging
6: 4.6875 * mândr
7: 4.65625 * Around
8: 4.65625 * misiune
9: 4.28125 * guest
10: 4.25 * Dog
11: 4.21875 * Weekend
12: 4.21875 * -3
13: 4.03125 * weekend
14: 3.328125 * CC
15: 3.234375 * Guest
16: 3.09375 * clădiri
17: 3.0625 * pets
18: 2.828125 * Pa
19: 2.78125 * tracking
20: 2.671875 * walk
21: 2.625 * ready
22: 2.625 * outdoor
23: 2.578125 * logy
24: 2.453125 * outdoors
25: 2.171875 * Boston
26: 2.15625 * summer
27: 2.03125 * Chuck
28: 1.96875 * Path
29: 1.953125 * ST
30: 1.9453125 * realizeaz
31: 1.8984375 * DOT
32: 1.7890625 * coming
33: 1.78125 * day
34: 1.7578125 * morning
35: 1.734375 * standing
36: 1.7265625 * PR
37: 1.71875 * ling
38: 1.625 * interest
39: 1.53125 * brown
40: 1.5234375 * Day
41: 1.5078125 * miere
42: 1.484375 * FC
43: 1.4609375 * CR
44: 1.4375 * PR
45: 1.3671875 * wait
46: 1.359375 * Rover
47: 1.359375 * PA
48: 1.359375 * West
49: 1.3203125 * Profile
Total loss: 0.1948259472846985 = MSE Loss: 0.16153055429458618, 5.0 * Sparsity Loss: 0.006659079808741808
Epoch: 1 batch_num: 50
0: 6.3125 * Licensed
1: 6.25 * Walk
2: 5.46875 * Walking
3: 5.40625 * ements
4: 5.25 * begging
5: 5.21875 * Walk
6: 4.71875 * Around
7: 4.625 * misiune
8: 4.59375 * mândr
9: 4.25 * -3
10: 4.21875 * guest
11: 4.15625 * Weekend
12: 4.125 * Dog
13: 3.984375 * weekend
14: 3.3125 * CC
15: 3.203125 * Guest
16: 3.125 * pets
17: 3.109375 * clădiri
18: 2.84375 * Pa
19: 2.828125 * tracking
20: 2.671875 * outdoor
21: 2.640625 * walk
22: 2.625 * ready
23: 2.59375 * logy
24: 2.421875 * outdoors
25: 2.390625 * realizeaz
26: 2.171875 * Boston
27: 2.078125 * summer
28: 2.03125 * Chuck
29: 2.015625 * day
30: 1.921875 * ST
31: 1.9140625 * Path
32: 1.890625 * DOT
33: 1.7890625 * coming
34: 1.7265625 * morning
35: 1.71875 * Day
36: 1.6953125 * standing
37: 1.6953125 * ling
38: 1.6796875 * interest
39: 1.671875 * PR
40: 1.5390625 * FC
41: 1.515625 * brown
42: 1.4609375 * CR
43: 1.453125 * miere
44: 1.4375 * Transition
45: 1.40625 * PR
46: 1.3671875 * Rover
47: 1.359375 * wait
48: 1.3125 * PA
49: 1.3046875 * AS
Total loss: 0.2098974585533142 = MSE Loss: 0.17610789835453033, 5.0 * Sparsity Loss: 0.00675791222602129
Epoch: 1 batch_num: 51
0: 6.34375 * Licensed
1: 6.1875 * Walk
2: 5.53125 * Walking
3: 5.46875 * ements
4: 5.28125 * begging
5: 5.15625 * Walk
6: 4.78125 * Around
7: 4.625 * misiune
8: 4.5 * mândr
9: 4.25 * -3
10: 4.1875 * guest
11: 4.09375 * Dog
12: 4.09375 * Weekend
13: 3.9375 * weekend
14: 3.296875 * CC
15: 3.171875 * Guest
16: 3.15625 * pets
17: 3.125 * clădiri
18: 2.890625 * tracking
19: 2.8125 * Pa
20: 2.75 * realizeaz
21: 2.6875 * outdoor
22: 2.65625 * walk
23: 2.59375 * logy
24: 2.5625 * ready
25: 2.390625 * outdoors
26: 2.203125 * day
27: 2.171875 * Boston
28: 2.078125 * summer
29: 2.0625 * Chuck
30: 1.9296875 * Path
31: 1.8984375 * Day
32: 1.8671875 * DOT
33: 1.8203125 * ST
34: 1.796875 * coming
35: 1.7265625 * interest
36: 1.7109375 * morning
37: 1.6875 * ling
38: 1.65625 * PR
39: 1.6328125 * standing
40: 1.6171875 * FC
41: 1.5625 * Transition
42: 1.5 * brown
43: 1.453125 * CR
44: 1.3984375 * miere
45: 1.3671875 * Small
46: 1.3671875 * PR
47: 1.359375 * Rover
48: 1.3359375 * wait
49: 1.296875 * PA
Total loss: 0.29857975244522095 = MSE Loss: 0.2642867863178253, 5.0 * Sparsity Loss: 0.0068585919216275215
Epoch: 1 batch_num: 52
0: 6.375 * Licensed
1: 6.1875 * Walk
2: 5.59375 * Walking
3: 5.5 * ements
4: 5.28125 * begging
5: 5.09375 * Walk
6: 4.84375 * Around
7: 4.59375 * misiune
8: 4.375 * mândr
9: 4.1875 * guest
10: 4.1875 * -3
11: 4.125 * Dog
12: 4.0625 * Weekend
13: 3.9375 * weekend
14: 3.265625 * CC
15: 3.15625 * pets
16: 3.15625 * Guest
17: 3.140625 * clădiri
18: 3.078125 * realizeaz
19: 2.9375 * tracking
20: 2.765625 * Pa
21: 2.671875 * walk
22: 2.640625 * outdoor
23: 2.609375 * logy
24: 2.484375 * ready
25: 2.375 * outdoors
26: 2.28125 * day
27: 2.15625 * Boston
28: 2.0625 * Chuck
29: 2.015625 * summer
30: 1.9453125 * Day
31: 1.9296875 * Path
32: 1.859375 * DOT
33: 1.796875 * coming
34: 1.765625 * interest
35: 1.7109375 * FC
36: 1.6953125 * morning
37: 1.6953125 * ST
38: 1.671875 * PR
39: 1.6640625 * ling
40: 1.640625 * standing
41: 1.640625 * Transition
42: 1.515625 * Small
43: 1.453125 * CR
44: 1.4375 * brown
45: 1.3515625 * miere
46: 1.34375 * PR
47: 1.3359375 * Rover
48: 1.3203125 * PA
49: 1.3046875 * wait
Total loss: 0.46175163984298706 = MSE Loss: 0.42751920223236084, 5.0 * Sparsity Loss: 0.006846487522125244
Epoch: 1 batch_num: 53
0: 6.375 * Licensed
1: 6.15625 * Walk
2: 5.65625 * Walking
3: 5.5 * ements
4: 5.25 * begging
5: 5.0625 * Walk
6: 4.9375 * Around
7: 4.5625 * misiune
8: 4.3125 * mândr
9: 4.125 * Dog
10: 4.125 * guest
11: 4.125 * -3
12: 4.0625 * Weekend
13: 3.9375 * weekend
14: 3.34375 * realizeaz
15: 3.21875 * CC
16: 3.171875 * pets
17: 3.125 * clădiri
18: 3.09375 * Guest
19: 3.0 * tracking
20: 2.765625 * Pa
21: 2.65625 * walk
22: 2.59375 * outdoor
23: 2.578125 * logy
24: 2.421875 * ready
25: 2.375 * outdoors
26: 2.359375 * day
27: 2.15625 * Boston
28: 2.03125 * Chuck
29: 1.9921875 * summer
30: 1.9921875 * Day
31: 1.9453125 * Path
32: 1.8359375 * DOT
33: 1.7890625 * coming
34: 1.765625 * FC
35: 1.734375 * interest
36: 1.7109375 * Transition
37: 1.703125 * morning
38: 1.6796875 * PR
39: 1.6328125 * ling
40: 1.625 * standing
41: 1.6171875 * Small
42: 1.5625 * ST
43: 1.4296875 * CR
44: 1.390625 * brown
45: 1.328125 * Rover
46: 1.3203125 * miere
47: 1.3046875 * PR
48: 1.3046875 * lead
49: 1.296875 * PA
Total loss: 0.3448082506656647 = MSE Loss: 0.3095266819000244, 5.0 * Sparsity Loss: 0.0070563131012022495
Epoch: 1 batch_num: 54
0: 6.375 * Licensed
1: 6.125 * Walk
2: 5.6875 * Walking
3: 5.5 * ements
4: 5.21875 * begging
5: 5.0625 * Walk
6: 4.96875 * Around
7: 4.5625 * misiune
8: 4.25 * mândr
9: 4.0625 * guest
10: 4.0625 * -3
11: 4.03125 * Weekend
12: 4.0 * Dog
13: 3.96875 * weekend
14: 3.546875 * realizeaz
15: 3.203125 * CC
16: 3.171875 * pets
17: 3.109375 * clădiri
18: 3.0625 * tracking
19: 3.03125 * Guest
20: 2.765625 * Pa
21: 2.640625 * walk
22: 2.546875 * logy
23: 2.515625 * outdoor
24: 2.40625 * ready
25: 2.40625 * day
26: 2.375 * outdoors
27: 2.15625 * Boston
28: 2.046875 * Day
29: 2.0 * Chuck
30: 1.9453125 * Path
31: 1.890625 * summer
32: 1.8203125 * DOT
33: 1.8125 * FC
34: 1.7734375 * coming
35: 1.75 * Transition
36: 1.7265625 * morning
37: 1.6796875 * interest
38: 1.671875 * ling
39: 1.65625 * Small
40: 1.640625 * PR
41: 1.609375 * standing
42: 1.453125 * ST
43: 1.4140625 * CR
44: 1.390625 * lead
45: 1.3203125 * brown
46: 1.3046875 * Rover
47: 1.3046875 * miere
48: 1.296875 * PA
49: 1.2734375 * AS
Total loss: 0.2529524564743042 = MSE Loss: 0.2175479680299759, 5.0 * Sparsity Loss: 0.007080897688865662
Epoch: 1 batch_num: 55
0: 6.375 * Licensed
1: 6.0625 * Walk
2: 5.75 * Walking
3: 5.53125 * ements
4: 5.21875 * begging
5: 5.03125 * Walk
6: 4.9375 * Around
7: 4.5625 * misiune
8: 4.25 * mândr
9: 4.0625 * Weekend
10: 4.0 * weekend
11: 3.984375 * Dog
12: 3.984375 * guest
13: 3.984375 * -3
14: 3.71875 * realizeaz
15: 3.25 * CC
16: 3.125 * tracking
17: 3.09375 * pets
18: 3.09375 * clădiri
19: 2.96875 * Guest
20: 2.71875 * Pa
21: 2.671875 * walk
22: 2.515625 * logy
23: 2.4375 * outdoor
24: 2.4375 * day
25: 2.40625 * ready
26: 2.390625 * outdoors
27: 2.15625 * Boston
28: 2.109375 * Day
29: 2.015625 * Chuck
30: 1.9375 * Path
31: 1.9375 * summer
32: 1.84375 * FC
33: 1.796875 * DOT
34: 1.7421875 * morning
35: 1.71875 * coming
36: 1.71875 * Transition
37: 1.671875 * PR
38: 1.6640625 * ling
39: 1.6640625 * interest
40: 1.6328125 * standing
41: 1.6171875 * Small
42: 1.4296875 * lead
43: 1.3671875 * CR
44: 1.34375 * PA
45: 1.296875 * Rover
46: 1.296875 * ST
47: 1.28125 * miere
48: 1.2734375 * Do
49: 1.265625 * licensed
Total loss: 0.3042253851890564 = MSE Loss: 0.2687206566333771, 5.0 * Sparsity Loss: 0.007100948132574558
Epoch: 1 batch_num: 56
0: 6.375 * Licensed
1: 5.96875 * Walk
2: 5.875 * Walking
3: 5.625 * ements
4: 5.21875 * begging
5: 4.96875 * Walk
6: 4.90625 * Around
7: 4.59375 * misiune
8: 4.21875 * mândr
9: 4.03125 * weekend
10: 4.03125 * Weekend
11: 4.0 * Dog
12: 3.921875 * guest
13: 3.921875 * -3
14: 3.90625 * realizeaz
15: 3.265625 * CC
16: 3.171875 * tracking
17: 3.078125 * clădiri
18: 2.953125 * pets
19: 2.953125 * Guest
20: 2.71875 * walk
21: 2.6875 * Pa
22: 2.5 * logy
23: 2.46875 * day
24: 2.40625 * ready
25: 2.40625 * outdoors
26: 2.328125 * outdoor
27: 2.140625 * Day
28: 2.109375 * Boston
29: 2.0625 * Chuck
30: 1.9609375 * summer
31: 1.859375 * Path
32: 1.84375 * FC
33: 1.8046875 * morning
34: 1.7734375 * DOT
35: 1.6875 * coming
36: 1.671875 * PR
37: 1.6328125 * Transition
38: 1.625 * ling
39: 1.6171875 * interest
40: 1.609375 * standing
41: 1.5859375 * Small
42: 1.4140625 * lead
43: 1.3671875 * PA
44: 1.3671875 * CR
45: 1.3515625 * Fox
46: 1.3125 * ST
47: 1.3046875 * licensed
48: 1.296875 * Rover
49: 1.296875 * Do
Total loss: 0.32676634192466736 = MSE Loss: 0.29181596636772156, 5.0 * Sparsity Loss: 0.006990073248744011
Epoch: 1 batch_num: 57
0: 6.34375 * Licensed
1: 6.0 * Walking
2: 5.84375 * Walk
3: 5.6875 * ements
4: 5.1875 * begging
5: 4.90625 * Walk
6: 4.875 * Around
7: 4.59375 * misiune
8: 4.15625 * mândr
9: 4.0625 * Dog
10: 4.03125 * Weekend
11: 4.03125 * realizeaz
12: 4.0 * weekend
13: 3.890625 * guest
14: 3.828125 * -3
15: 3.296875 * CC
16: 3.21875 * tracking
17: 3.0625 * clădiri
18: 2.9375 * Guest
19: 2.8125 * pets
20: 2.75 * walk
21: 2.671875 * Pa
22: 2.5 * logy
23: 2.5 * day
24: 2.453125 * outdoors
25: 2.375 * ready
26: 2.203125 * outdoor
27: 2.15625 * Day
28: 2.09375 * Chuck
29: 2.078125 * Boston
30: 1.9453125 * summer
31: 1.8671875 * morning
32: 1.8359375 * FC
33: 1.75 * DOT
34: 1.734375 * Path
35: 1.640625 * PR
36: 1.6328125 * coming
37: 1.6015625 * ling
38: 1.59375 * Small
39: 1.578125 * standing
40: 1.5078125 * interest
41: 1.46875 * Transition
42: 1.4140625 * Fox
43: 1.40625 * PA
44: 1.375 * West
45: 1.375 * ST
46: 1.3515625 * lead
47: 1.3515625 * CR
48: 1.3203125 * licensed
49: 1.296875 * Rover
Total loss: 0.34296128153800964 = MSE Loss: 0.3075166940689087, 5.0 * Sparsity Loss: 0.007088919170200825
Epoch: 1 batch_num: 58
0: 6.3125 * Licensed
1: 6.0 * Walking
2: 5.8125 * Walk
3: 5.78125 * ements
4: 5.1875 * begging
5: 4.875 * Walk
6: 4.8125 * Around
7: 4.59375 * misiune
8: 4.25 * realizeaz
9: 4.09375 * Dog
10: 4.09375 * mândr
11: 4.0 * Weekend
12: 3.953125 * weekend
13: 3.84375 * guest
14: 3.765625 * -3
15: 3.328125 * CC
16: 3.25 * tracking
17: 3.0625 * clădiri
18: 2.890625 * Guest
19: 2.734375 * walk
20: 2.71875 * pets
21: 2.65625 * Pa
22: 2.515625 * day
23: 2.5 * logy
24: 2.453125 * outdoors
25: 2.375 * ready
26: 2.1875 * Day
27: 2.140625 * outdoor
28: 2.109375 * Chuck
29: 2.046875 * Boston
30: 1.9375 * morning
31: 1.890625 * summer
32: 1.8046875 * FC
33: 1.734375 * DOT
34: 1.640625 * Path
35: 1.5859375 * standing
36: 1.5859375 * coming
37: 1.578125 * ling
38: 1.5625 * Small
39: 1.5625 * PR
40: 1.484375 * West
41: 1.4375 * PA
42: 1.3984375 * Fox
43: 1.390625 * interest
44: 1.3828125 * ST
45: 1.34375 * Do
46: 1.3359375 * licensed
47: 1.3125 * Transition
48: 1.3046875 * small
49: 1.3046875 * CR
Total loss: 0.2316739857196808 = MSE Loss: 0.1966620683670044, 5.0 * Sparsity Loss: 0.0070023853331804276
Epoch: 1 batch_num: 59
0: 6.3125 * Licensed
1: 5.96875 * Walking
2: 5.84375 * Walk
3: 5.78125 * ements
4: 5.1875 * begging
5: 4.875 * Walk
6: 4.6875 * Around
7: 4.625 * misiune
8: 4.46875 * realizeaz
9: 4.15625 * Dog
10: 4.03125 * mândr
11: 3.96875 * Weekend
12: 3.90625 * weekend
13: 3.796875 * guest
14: 3.71875 * -3
15: 3.34375 * CC
16: 3.28125 * tracking
17: 3.0625 * clădiri
18: 2.84375 * Guest
19: 2.75 * walk
20: 2.703125 * Pa
21: 2.625 * pets
22: 2.59375 * day
23: 2.484375 * logy
24: 2.421875 * outdoors
25: 2.390625 * ready
26: 2.25 * Day
27: 2.15625 * outdoor
28: 2.125 * Chuck
29: 2.015625 * Boston
30: 1.9140625 * morning
31: 1.875 * summer
32: 1.734375 * FC
33: 1.734375 * DOT
34: 1.59375 * West
35: 1.5859375 * standing
36: 1.546875 * coming
37: 1.53125 * ling
38: 1.5 * Path
39: 1.484375 * PR
40: 1.453125 * Small
41: 1.453125 * PA
42: 1.3984375 * Do
43: 1.3828125 * ST
44: 1.3671875 * Fox
45: 1.3515625 * licensed
46: 1.3125 * grupuri
47: 1.296875 * small
48: 1.2890625 * interest
49: 1.28125 * Rover
Total loss: 0.2474779337644577 = MSE Loss: 0.21192161738872528, 5.0 * Sparsity Loss: 0.007111262530088425
Epoch: 1 batch_num: 60
0: 6.28125 * Licensed
1: 5.96875 * Walking
2: 5.84375 * Walk
3: 5.78125 * ements
4: 5.1875 * begging
5: 4.90625 * Walk
6: 4.625 * misiune
7: 4.5625 * realizeaz
8: 4.53125 * Around
9: 4.21875 * Dog
10: 3.953125 * Weekend
11: 3.953125 * mândr
12: 3.875 * weekend
13: 3.796875 * guest
14: 3.65625 * -3
15: 3.328125 * tracking
16: 3.328125 * CC
17: 3.09375 * clădiri
18: 2.8125 * Guest
19: 2.734375 * walk
20: 2.734375 * Pa
21: 2.578125 * pets
22: 2.5625 * day
23: 2.484375 * logy
24: 2.390625 * outdoors
25: 2.359375 * ready
26: 2.1875 * Day
27: 2.15625 * outdoor
28: 2.140625 * Chuck
29: 1.984375 * Boston
30: 1.8984375 * morning
31: 1.8125 * summer
32: 1.7421875 * DOT
33: 1.6875 * FC
34: 1.6015625 * West
35: 1.546875 * coming
36: 1.5390625 * standing
37: 1.4765625 * ling
38: 1.453125 * PA
39: 1.421875 * Do
40: 1.3984375 * PR
41: 1.3984375 * ST
42: 1.3828125 * Path
43: 1.3671875 * licensed
44: 1.359375 * Small
45: 1.3515625 * grupuri
46: 1.34375 * Fox
47: 1.3359375 * 4%
48: 1.28125 * small
49: 1.2734375 * Rover
Total loss: 0.37557291984558105 = MSE Loss: 0.3397863805294037, 5.0 * Sparsity Loss: 0.007157308980822563
Epoch: 1 batch_num: 61
0: 6.25 * Licensed
1: 5.90625 * Walking
2: 5.875 * Walk
3: 5.8125 * ements
4: 5.21875 * begging
5: 4.9375 * Walk
6: 4.625 * misiune
7: 4.46875 * realizeaz
8: 4.40625 * Around
9: 4.375 * Dog
10: 3.90625 * Weekend
11: 3.90625 * mândr
12: 3.796875 * weekend
13: 3.75 * guest
14: 3.640625 * -3
15: 3.34375 * tracking
16: 3.265625 * CC
17: 3.078125 * clădiri
18: 2.765625 * Guest
19: 2.75 * Pa
20: 2.65625 * walk
21: 2.59375 * day
22: 2.515625 * logy
23: 2.5 * pets
24: 2.34375 * ready
25: 2.34375 * outdoors
26: 2.203125 * Day
27: 2.1875 * Chuck
28: 2.1875 * outdoor
29: 1.96875 * Boston
30: 1.8203125 * morning
31: 1.78125 * summer
32: 1.7578125 * DOT
33: 1.6484375 * West
34: 1.640625 * FC
35: 1.546875 * coming
36: 1.53125 * standing
37: 1.4609375 * ling
38: 1.4296875 * ST
39: 1.4140625 * PA
40: 1.3828125 * licensed
41: 1.375 * Do
42: 1.34375 * grupuri
43: 1.3203125 * 4%
44: 1.3125 * PR
45: 1.3125 * Fox
46: 1.2734375 * Rover
47: 1.2421875 * Small
48: 1.2421875 * Path
49: 1.234375 * small
Total loss: 0.2453581690788269 = MSE Loss: 0.21040117740631104, 5.0 * Sparsity Loss: 0.006991398986428976
Epoch: 1 batch_num: 62
0: 6.25 * Licensed
1: 5.9375 * Walk
2: 5.8125 * ements
3: 5.78125 * Walking
4: 5.21875 * begging
5: 5.0 * Walk
6: 4.59375 * misiune
7: 4.5 * Dog
8: 4.40625 * realizeaz
9: 4.34375 * Around
10: 3.859375 * Weekend
11: 3.84375 * mândr
12: 3.734375 * weekend
13: 3.6875 * guest
14: 3.65625 * -3
15: 3.359375 * tracking
16: 3.234375 * CC
17: 3.0625 * clădiri
18: 2.78125 * Pa
19: 2.703125 * Guest
20: 2.65625 * day
21: 2.546875 * walk
22: 2.546875 * logy
23: 2.46875 * pets
24: 2.375 * ready
25: 2.296875 * outdoors
26: 2.25 * Day
27: 2.21875 * outdoor
28: 2.1875 * Chuck
29: 1.953125 * Boston
30: 1.765625 * DOT
31: 1.703125 * summer
32: 1.6875 * morning
33: 1.6796875 * West
34: 1.609375 * FC
35: 1.5859375 * standing
36: 1.5546875 * coming
37: 1.4765625 * ling
38: 1.46875 * ST
39: 1.3984375 * licensed
40: 1.3671875 * PA
41: 1.3515625 * Do
42: 1.3359375 * grupuri
43: 1.3203125 * 4%
44: 1.28125 * Fox
45: 1.2734375 * Rover
46: 1.2578125 * Free
47: 1.25 * PR
48: 1.234375 * CR
49: 1.2109375 * BS
Total loss: 0.348280131816864 = MSE Loss: 0.31377193331718445, 5.0 * Sparsity Loss: 0.0069016399793326855
Epoch: 1 batch_num: 63
0: 6.1875 * Licensed
1: 5.875 * Walking
2: 5.875 * Walk
3: 5.84375 * ements
4: 5.1875 * begging
5: 5.0 * Walk
6: 4.625 * Dog
7: 4.59375 * misiune
8: 4.3125 * Around
9: 4.15625 * realizeaz
10: 3.796875 * mândr
11: 3.765625 * Weekend
12: 3.65625 * weekend
13: 3.640625 * guest
14: 3.625 * -3
15: 3.375 * tracking
16: 3.1875 * CC
17: 3.046875 * clădiri
18: 2.734375 * Pa
19: 2.671875 * day
20: 2.640625 * Guest
21: 2.609375 * logy
22: 2.515625 * walk
23: 2.46875 * pets
24: 2.34375 * ready
25: 2.28125 * Day
26: 2.265625 * outdoors
27: 2.234375 * Chuck
28: 2.234375 * outdoor
29: 1.96875 * Boston
30: 1.7578125 * DOT
31: 1.703125 * summer
32: 1.6484375 * West
33: 1.59375 * FC
34: 1.5859375 * coming
35: 1.5703125 * morning
36: 1.53125 * ST
37: 1.515625 * standing
38: 1.453125 * ling
39: 1.375 * Free
40: 1.3671875 * licensed
41: 1.3125 * grupuri
42: 1.296875 * transition
43: 1.296875 * 4%
44: 1.2890625 * Rover
45: 1.2890625 * PA
46: 1.28125 * Fox
47: 1.265625 * Do
48: 1.265625 * CR
49: 1.203125 * PR
Total loss: 0.2218533307313919 = MSE Loss: 0.18777422606945038, 5.0 * Sparsity Loss: 0.006815820001065731
Epoch: 1 batch_num: 64
0: 6.0625 * ements
1: 6.0625 * Licensed
2: 5.90625 * Walking
3: 5.75 * Walk
4: 5.125 * begging
5: 4.96875 * Walk
6: 4.8125 * Dog
7: 4.53125 * misiune
8: 4.3125 * Around
9: 3.640625 * mândr
10: 3.609375 * guest
11: 3.609375 * -3
12: 3.578125 * realizeaz
13: 3.546875 * Weekend
14: 3.484375 * weekend
15: 3.390625 * tracking
16: 3.1875 * CC
17: 3.03125 * clădiri
18: 2.75 * logy
19: 2.6875 * day
20: 2.65625 * Pa
21: 2.609375 * Guest
22: 2.5 * walk
23: 2.46875 * pets
24: 2.359375 * Day
25: 2.34375 * ready
26: 2.3125 * Chuck
27: 2.265625 * outdoor
28: 2.203125 * outdoors
29: 2.0625 * Boston
30: 1.7734375 * summer
31: 1.71875 * West
32: 1.7109375 * DOT
33: 1.6171875 * FC
34: 1.609375 * coming
35: 1.53125 * ST
36: 1.4921875 * morning
37: 1.46875 * transition
38: 1.4453125 * owner
39: 1.4375 * ling
40: 1.40625 * CR
41: 1.3984375 * Fox
42: 1.390625 * standing
43: 1.390625 * Free
44: 1.3671875 * Rover
45: 1.34375 * West
46: 1.3125 * licensed
47: 1.3046875 * IN
48: 1.2890625 * actiuni
49: 1.2890625 * strip
Total loss: 0.23301610350608826 = MSE Loss: 0.19841501116752625, 5.0 * Sparsity Loss: 0.006920217536389828
Epoch: 1 batch_num: 65
0: 6.1875 * ements
1: 6.0 * Walking
2: 5.96875 * Licensed
3: 5.5625 * Walk
4: 5.0 * Dog
5: 5.0 * begging
6: 4.875 * Walk
7: 4.5 * misiune
8: 4.34375 * Around
9: 3.59375 * guest
10: 3.5625 * -3
11: 3.421875 * mândr
12: 3.40625 * tracking
13: 3.359375 * Weekend
14: 3.3125 * weekend
15: 3.203125 * CC
16: 3.03125 * realizeaz
17: 3.015625 * clădiri
18: 2.828125 * logy
19: 2.65625 * day
20: 2.578125 * Pa
21: 2.578125 * Guest
22: 2.546875 * walk
23: 2.421875 * pets
24: 2.375 * Chuck
25: 2.375 * Day
26: 2.359375 * ready
27: 2.203125 * outdoor
28: 2.171875 * outdoors
29: 2.140625 * Boston
30: 1.8671875 * summer
31: 1.796875 * West
32: 1.71875 * owner
33: 1.6484375 * FC
34: 1.640625 * transition
35: 1.640625 * DOT
36: 1.59375 * coming
37: 1.5625 * ST
38: 1.5234375 * Fox
39: 1.5078125 * IN
40: 1.5 * CR
41: 1.4609375 * West
42: 1.453125 * Rover
43: 1.4296875 * actiuni
44: 1.40625 * ling
45: 1.390625 * strip
46: 1.390625 * west
47: 1.3828125 * morning
48: 1.359375 * Free
49: 1.3125 * PR
Total loss: 0.2360067218542099 = MSE Loss: 0.20097754895687103, 5.0 * Sparsity Loss: 0.007005834951996803
Epoch: 1 batch_num: 66
0: 6.28125 * ements
1: 6.0 * Walking
2: 5.875 * Licensed
3: 5.4375 * Walk
4: 5.125 * Dog
5: 4.8125 * Walk
6: 4.8125 * begging
7: 4.5 * misiune
8: 4.40625 * Around
9: 3.59375 * -3
10: 3.5625 * guest
11: 3.390625 * tracking
12: 3.21875 * mândr
13: 3.203125 * CC
14: 3.1875 * Weekend
15: 3.171875 * weekend
16: 2.984375 * clădiri
17: 2.875 * logy
18: 2.65625 * day
19: 2.609375 * realizeaz
20: 2.5625 * Guest
21: 2.546875 * walk
22: 2.484375 * Pa
23: 2.421875 * Chuck
24: 2.390625 * ready
25: 2.375 * pets
26: 2.375 * Day
27: 2.1875 * Boston
28: 2.171875 * outdoors
29: 2.09375 * outdoor
30: 2.0 * owner
31: 2.0 * summer
32: 1.8671875 * West
33: 1.828125 * transition
34: 1.6875 * FC
35: 1.65625 * Fox
36: 1.6484375 * IN
37: 1.578125 * DOT
38: 1.5625 * CR
39: 1.546875 * West
40: 1.5390625 * ST
41: 1.53125 * actiuni
42: 1.515625 * Rover
43: 1.515625 * west
44: 1.5078125 * coming
45: 1.46875 * path
46: 1.453125 * strip
47: 1.421875 * ling
48: 1.40625 * Free
49: 1.359375 * dogs
Total loss: 0.28808310627937317 = MSE Loss: 0.25217893719673157, 5.0 * Sparsity Loss: 0.007180836051702499
Epoch: 1 batch_num: 67
0: 6.34375 * ements
1: 5.84375 * Licensed
2: 5.8125 * Walking
3: 5.5625 * Walk
4: 5.25 * Dog
5: 4.75 * Walk
6: 4.53125 * begging
7: 4.5 * Around
8: 4.4375 * misiune
9: 3.546875 * guest
10: 3.53125 * -3
11: 3.390625 * tracking
12: 3.203125 * CC
13: 3.078125 * weekend
14: 3.0625 * Weekend
15: 2.96875 * clădiri
16: 2.921875 * mândr
17: 2.890625 * logy
18: 2.65625 * day
19: 2.5625 * Guest
20: 2.453125 * ready
21: 2.453125 * Chuck
22: 2.4375 * Pa
23: 2.390625 * walk
24: 2.34375 * Day
25: 2.265625 * pets
26: 2.1875 * Boston
27: 2.171875 * realizeaz
28: 2.15625 * outdoors
29: 2.140625 * owner
30: 2.03125 * transition
31: 2.0 * summer
32: 1.9921875 * outdoor
33: 1.90625 * West
34: 1.828125 * Fox
35: 1.8203125 * IN
36: 1.78125 * path
37: 1.7421875 * FC
38: 1.640625 * CR
39: 1.609375 * actiuni
40: 1.59375 * Rover
41: 1.5859375 * west
42: 1.546875 * West
43: 1.515625 * dogs
44: 1.515625 * ST
45: 1.484375 * strip
46: 1.4609375 * DOT
47: 1.4375 * Free
48: 1.4296875 * coming
49: 1.4140625 * PR
Total loss: 0.1898411512374878 = MSE Loss: 0.15295284986495972, 5.0 * Sparsity Loss: 0.007377659901976585
Epoch: 1 batch_num: 68
0: 6.40625 * ements
1: 5.90625 * Licensed
2: 5.8125 * Walk
3: 5.4375 * Walking
4: 5.15625 * Dog
5: 4.78125 * Walk
6: 4.625 * Around
7: 4.3125 * misiune
8: 4.15625 * begging
9: 3.578125 * guest
10: 3.4375 * -3
11: 3.421875 * tracking
12: 3.203125 * CC
13: 2.96875 * weekend
14: 2.96875 * Weekend
15: 2.953125 * clădiri
16: 2.921875 * logy
17: 2.640625 * day
18: 2.5625 * Guest
19: 2.53125 * mândr
20: 2.453125 * Chuck
21: 2.4375 * ready
22: 2.390625 * Pa
23: 2.328125 * Day
24: 2.265625 * transition
25: 2.1875 * Boston
26: 2.171875 * owner
27: 2.109375 * pets
28: 2.09375 * walk
29: 2.078125 * outdoors
30: 2.0625 * path
31: 2.03125 * summer
32: 1.9765625 * IN
33: 1.9140625 * outdoor
34: 1.90625 * West
35: 1.8984375 * Fox
36: 1.7734375 * FC
37: 1.6796875 * Rover
38: 1.6640625 * CR
39: 1.65625 * realizeaz
40: 1.640625 * actiuni
41: 1.625 * west
42: 1.5859375 * IN
43: 1.5546875 * strip
44: 1.546875 * ST
45: 1.5390625 * West
46: 1.53125 * PR
47: 1.4765625 * legs
48: 1.4609375 * dogs
49: 1.4375 * owner
Total loss: 0.21787646412849426 = MSE Loss: 0.18025751411914825, 5.0 * Sparsity Loss: 0.007523789536207914
Epoch: 1 batch_num: 69
0: 6.5 * ements
1: 5.96875 * Licensed
2: 5.84375 * Walk
3: 5.25 * Walking
4: 5.0625 * Dog
5: 4.75 * Walk
6: 4.75 * Around
7: 4.21875 * misiune
8: 3.875 * begging
9: 3.59375 * guest
10: 3.453125 * tracking
11: 3.40625 * -3
12: 3.140625 * CC
13: 2.953125 * logy
14: 2.9375 * clădiri
15: 2.921875 * weekend
16: 2.90625 * Weekend
17: 2.65625 * day
18: 2.5625 * Guest
19: 2.484375 * transition
20: 2.46875 * Chuck
21: 2.421875 * ready
22: 2.359375 * Pa
23: 2.328125 * Day
24: 2.296875 * mândr
25: 2.1875 * Boston
26: 2.15625 * owner
27: 2.140625 * path
28: 2.09375 * IN
29: 2.015625 * outdoors
30: 1.9609375 * walk
31: 1.9609375 * summer
32: 1.9296875 * West
33: 1.9296875 * pets
34: 1.921875 * Fox
35: 1.859375 * outdoor
36: 1.7578125 * FC
37: 1.75 * Rover
38: 1.6953125 * IN
39: 1.6796875 * CR
40: 1.671875 * actiuni
41: 1.6640625 * west
42: 1.6328125 * strip
43: 1.609375 * ST
44: 1.6015625 * PR
45: 1.5546875 * West
46: 1.5234375 * ON
47: 1.5078125 * Leader
48: 1.4921875 * In
49: 1.4765625 * owner
Total loss: 0.2417479306459427 = MSE Loss: 0.2040945589542389, 5.0 * Sparsity Loss: 0.007530673872679472
Epoch: 1 batch_num: 70
0: 6.5625 * ements
1: 5.9375 * Licensed
2: 5.8125 * Walk
3: 5.1875 * Dog
4: 5.1875 * Walking
5: 4.8125 * Around
6: 4.6875 * Walk
7: 4.15625 * misiune
8: 3.71875 * begging
9: 3.5625 * guest
10: 3.40625 * tracking
11: 3.390625 * -3
12: 3.140625 * CC
13: 2.984375 * logy
14: 2.9375 * clădiri
15: 2.90625 * weekend
16: 2.859375 * Weekend
17: 2.59375 * transition
18: 2.59375 * day
19: 2.53125 * Guest
20: 2.484375 * Chuck
21: 2.4375 * ready
22: 2.359375 * Pa
23: 2.3125 * path
24: 2.28125 * Day
25: 2.203125 * owner
26: 2.15625 * Boston
27: 2.140625 * mândr
28: 2.078125 * IN
29: 2.0625 * Fox
30: 2.015625 * outdoors
31: 1.921875 * West
32: 1.890625 * walk
33: 1.8125 * Rover
34: 1.8125 * outdoor
35: 1.796875 * pets
36: 1.7890625 * FC
37: 1.75 * IN
38: 1.734375 * summer
39: 1.734375 * CR
40: 1.7265625 * strip
41: 1.7109375 * actiuni
42: 1.7109375 * west
43: 1.6484375 * Pet
44: 1.640625 * PR
45: 1.59375 * Leader
46: 1.5859375 * West
47: 1.5859375 * ST
48: 1.578125 * ON
49: 1.5703125 * DB
Total loss: 0.2700265645980835 = MSE Loss: 0.23333847522735596, 5.0 * Sparsity Loss: 0.007337620947510004
Epoch: 1 batch_num: 71
0: 6.59375 * ements
1: 5.90625 * Walk
2: 5.8125 * Licensed
3: 5.40625 * Dog
4: 5.0625 * Walking
5: 4.8125 * Around
6: 4.65625 * Walk
7: 4.1875 * misiune
8: 3.65625 * begging
9: 3.484375 * guest
10: 3.421875 * -3
11: 3.328125 * tracking
12: 3.234375 * CC
13: 3.0 * logy
14: 2.9375 * clădiri
15: 2.859375 * weekend
16: 2.75 * Weekend
17: 2.65625 * transition
18: 2.609375 * day
19: 2.515625 * Chuck
20: 2.484375 * ready
21: 2.46875 * path
22: 2.453125 * Guest
23: 2.375 * Pa
24: 2.3125 * owner
25: 2.265625 * Fox
26: 2.265625 * Day
27: 2.1875 * Boston
28: 2.0625 * outdoors
29: 2.03125 * mândr
30: 2.015625 * West
31: 1.984375 * IN
32: 1.890625 * FC
33: 1.8671875 * Rover
34: 1.859375 * Pet
35: 1.84375 * west
36: 1.828125 * strip
37: 1.828125 * Wind
38: 1.8046875 * IN
39: 1.796875 * CR
40: 1.7890625 * outdoor
41: 1.78125 * walk
42: 1.765625 * actiuni
43: 1.7109375 * PR
44: 1.703125 * dogs
45: 1.6875 * DB
46: 1.6875 * Leader
47: 1.6796875 * pets
48: 1.671875 * ST
49: 1.6484375 * West
Total loss: 0.2419854700565338 = MSE Loss: 0.20478297770023346, 5.0 * Sparsity Loss: 0.007440497167408466
Epoch: 1 batch_num: 72
0: 6.59375 * ements
1: 5.90625 * Walk
2: 5.65625 * Dog
3: 5.65625 * Licensed
4: 4.96875 * Walking
5: 4.8125 * Around
6: 4.5625 * Walk
7: 4.1875 * misiune
8: 3.546875 * begging
9: 3.421875 * guest
10: 3.421875 * -3
11: 3.296875 * CC
12: 3.265625 * tracking
13: 3.0 * logy
14: 2.921875 * clădiri
15: 2.8125 * weekend
16: 2.6875 * transition
17: 2.671875 * day
18: 2.65625 * Weekend
19: 2.578125 * path
20: 2.546875 * Chuck
21: 2.53125 * ready
22: 2.453125 * Fox
23: 2.4375 * owner
24: 2.390625 * Pa
25: 2.375 * Guest
26: 2.28125 * Day
27: 2.234375 * Boston
28: 2.15625 * West
29: 2.09375 * Wind
30: 2.09375 * outdoors
31: 2.03125 * Pet
32: 2.0 * west
33: 1.96875 * FC
34: 1.9609375 * mândr
35: 1.953125 * strip
36: 1.921875 * Rover
37: 1.890625 * CR
38: 1.8828125 * dogs
39: 1.8671875 * IN
40: 1.828125 * actiuni
41: 1.8125 * IN
42: 1.8046875 * DB
43: 1.7890625 * wind
44: 1.78125 * outdoor
45: 1.765625 * Leader
46: 1.7421875 * walk
47: 1.7421875 * West
48: 1.7265625 * PR
49: 1.6875 * ST
Total loss: 0.2908347249031067 = MSE Loss: 0.2527369260787964, 5.0 * Sparsity Loss: 0.007619560696184635
Epoch: 1 batch_num: 73
0: 6.5625 * ements
1: 5.9375 * Walk
2: 5.8125 * Dog
3: 5.5 * Licensed
4: 4.84375 * Walking
5: 4.71875 * Around
6: 4.46875 * Walk
7: 4.1875 * misiune
8: 3.46875 * begging
9: 3.390625 * -3
10: 3.359375 * guest
11: 3.34375 * CC
12: 3.203125 * tracking
13: 3.015625 * logy
14: 2.890625 * clădiri
15: 2.765625 * weekend
16: 2.734375 * day
17: 2.703125 * transition
18: 2.640625 * path
19: 2.59375 * Fox
20: 2.5625 * Chuck
21: 2.5625 * Weekend
22: 2.546875 * owner
23: 2.515625 * ready
24: 2.421875 * Pa
25: 2.328125 * Wind
26: 2.296875 * Boston
27: 2.296875 * West
28: 2.296875 * Guest
29: 2.296875 * Day
30: 2.140625 * Pet
31: 2.125 * west
32: 2.109375 * outdoors
33: 2.046875 * strip
34: 2.015625 * FC
35: 1.984375 * CR
36: 1.96875 * dogs
37: 1.9609375 * Rover
38: 1.9609375 * wind
39: 1.9375 * mândr
40: 1.90625 * actiuni
41: 1.859375 * IN
42: 1.8515625 * DB
43: 1.8203125 * West
44: 1.8125 * Leader
45: 1.796875 * outdoor
46: 1.734375 * PR
47: 1.7109375 * IN
48: 1.6875 * ON
49: 1.671875 * walk
Total loss: 0.3919113278388977 = MSE Loss: 0.35279223322868347, 5.0 * Sparsity Loss: 0.007823820225894451
Epoch: 1 batch_num: 74
0: 6.4375 * ements
1: 5.78125 * Dog
2: 5.78125 * Walk
3: 5.53125 * Licensed
4: 4.96875 * Walking
5: 4.71875 * Around
6: 4.40625 * Walk
7: 4.09375 * misiune
8: 3.390625 * guest
9: 3.375 * CC
10: 3.28125 * begging
11: 3.265625 * -3
12: 3.25 * tracking
13: 3.0 * logy
14: 2.84375 * weekend
15: 2.828125 * clădiri
16: 2.765625 * day
17: 2.671875 * transition
18: 2.671875 * Fox
19: 2.65625 * Weekend
20: 2.578125 * Chuck
21: 2.5625 * owner
22: 2.515625 * path
23: 2.484375 * Pa
24: 2.453125 * ready
25: 2.421875 * Wind
26: 2.34375 * Day
27: 2.328125 * Guest
28: 2.296875 * Boston
29: 2.171875 * West
30: 2.15625 * Pet
31: 2.140625 * strip
32: 2.09375 * outdoors
33: 2.0625 * wind
34: 2.03125 * west
35: 2.03125 * FC
36: 1.984375 * DB
37: 1.984375 * CR
38: 1.9609375 * Rover
39: 1.921875 * actiuni
40: 1.921875 * mândr
41: 1.9140625 * dogs
42: 1.8359375 * IN
43: 1.8125 * Leader
44: 1.8046875 * PR
45: 1.765625 * walk
46: 1.7578125 * West
47: 1.7265625 * outdoor
48: 1.7265625 * ON
49: 1.71875 * ON
Total loss: 0.30760613083839417 = MSE Loss: 0.26682227849960327, 5.0 * Sparsity Loss: 0.008156771771609783
Epoch: 1 batch_num: 75
0: 6.28125 * ements
1: 5.6875 * Licensed
2: 5.65625 * Dog
3: 5.53125 * Walk
4: 5.15625 * Walking
5: 4.75 * Around
6: 4.3125 * Walk
7: 3.9375 * misiune
8: 3.421875 * guest
9: 3.375 * tracking
10: 3.34375 * CC
11: 3.15625 * -3
12: 3.03125 * begging
13: 2.96875 * logy
14: 2.953125 * weekend
15: 2.84375 * day
16: 2.796875 * Weekend
17: 2.734375 * clădiri
18: 2.671875 * Fox
19: 2.640625 * transition
20: 2.625 * Chuck
21: 2.53125 * Pa
22: 2.5 * Wind
23: 2.484375 * owner
24: 2.40625 * Day
25: 2.375 * Guest
26: 2.359375 * ready
27: 2.296875 * Boston
28: 2.28125 * strip
29: 2.25 * path
30: 2.15625 * wind
31: 2.125 * DB
32: 2.125 * outdoors
33: 2.09375 * West
34: 2.03125 * Pet
35: 2.03125 * FC
36: 1.984375 * west
37: 1.953125 * Rover
38: 1.9296875 * actiuni
39: 1.9140625 * CR
40: 1.859375 * walk
41: 1.84375 * dogs
42: 1.796875 * small
43: 1.7890625 * Leader
44: 1.7890625 * ON
45: 1.765625 * mândr
46: 1.765625 * West
47: 1.7578125 * PR
48: 1.7421875 * IN
49: 1.734375 * ON
Total loss: 0.26171016693115234 = MSE Loss: 0.22042277455329895, 5.0 * Sparsity Loss: 0.008257480338215828
Epoch: 1 batch_num: 76
0: 6.21875 * ements
1: 5.78125 * Licensed
2: 5.59375 * Dog
3: 5.375 * Walking
4: 5.34375 * Walk
5: 4.71875 * Around
6: 4.25 * Walk
7: 3.8125 * misiune
8: 3.46875 * guest
9: 3.453125 * tracking
10: 3.34375 * CC
11: 3.0625 * -3
12: 3.015625 * weekend
13: 2.953125 * logy
14: 2.890625 * Weekend
15: 2.828125 * day
16: 2.8125 * begging
17: 2.671875 * Chuck
18: 2.65625 * clădiri
19: 2.609375 * Fox
20: 2.578125 * transition
21: 2.546875 * Wind
22: 2.53125 * Pa
23: 2.4375 * Guest
24: 2.390625 * owner
25: 2.390625 * Day
26: 2.375 * strip
27: 2.328125 * Boston
28: 2.234375 * wind
29: 2.203125 * ready
30: 2.203125 * DB
31: 2.15625 * outdoors
32: 2.0625 * FC
33: 2.046875 * West
34: 2.0 * path
35: 1.96875 * west
36: 1.9609375 * Rover
37: 1.9453125 * actiuni
38: 1.921875 * walk
39: 1.921875 * Pet
40: 1.84375 * CR
41: 1.8359375 * small
42: 1.8359375 * West
43: 1.8046875 * dogs
44: 1.8046875 * ON
45: 1.78125 * PR
46: 1.7734375 * Leader
47: 1.7421875 * ON
48: 1.71875 * local
49: 1.6484375 * IN
Total loss: 0.24170620739459991 = MSE Loss: 0.20025232434272766, 5.0 * Sparsity Loss: 0.00829077698290348
Epoch: 1 batch_num: 77
0: 6.21875 * ements
1: 5.84375 * Licensed
2: 5.53125 * Walking
3: 5.46875 * Dog
4: 5.1875 * Walk
5: 4.6875 * Around
6: 4.1875 * Walk
7: 3.71875 * misiune
8: 3.515625 * guest
9: 3.484375 * tracking
10: 3.34375 * CC
11: 3.09375 * weekend
12: 3.0 * -3
13: 2.953125 * Weekend
14: 2.9375 * logy
15: 2.78125 * day
16: 2.71875 * Chuck
17: 2.609375 * clădiri
18: 2.59375 * begging
19: 2.578125 * Fox
20: 2.578125 * Wind
21: 2.5 * Guest
22: 2.484375 * transition
23: 2.46875 * Pa
24: 2.4375 * strip
25: 2.34375 * Boston
26: 2.328125 * Day
27: 2.296875 * wind
28: 2.28125 * owner
29: 2.265625 * DB
30: 2.1875 * outdoors
31: 2.09375 * FC
32: 2.078125 * ready
33: 2.015625 * walk
34: 1.984375 * Rover
35: 1.9765625 * actiuni
36: 1.921875 * West
37: 1.90625 * small
38: 1.90625 * west
39: 1.8515625 * Pet
40: 1.84375 * West
41: 1.84375 * ON
42: 1.828125 * PR
43: 1.796875 * local
44: 1.796875 * CR
45: 1.765625 * path
46: 1.765625 * Leader
47: 1.7578125 * ATION
48: 1.7421875 * ON
49: 1.71875 * dogs
Total loss: 0.27939480543136597 = MSE Loss: 0.2385387271642685, 5.0 * Sparsity Loss: 0.00817121658474207
Epoch: 1 batch_num: 78
0: 6.21875 * ements
1: 5.875 * Licensed
2: 5.5625 * Walking
3: 5.375 * Dog
4: 5.125 * Walk
5: 4.625 * Around
6: 4.15625 * Walk
7: 3.625 * misiune
8: 3.546875 * guest
9: 3.484375 * tracking
10: 3.390625 * CC
11: 3.140625 * weekend
12: 2.96875 * Weekend
13: 2.96875 * -3
14: 2.921875 * logy
15: 2.75 * day
16: 2.734375 * Chuck
17: 2.625 * Wind
18: 2.578125 * Fox
19: 2.5625 * Guest
20: 2.5625 * clădiri
21: 2.46875 * strip
22: 2.40625 * Pa
23: 2.390625 * begging
24: 2.375 * transition
25: 2.34375 * Boston
26: 2.328125 * wind
27: 2.296875 * Day
28: 2.265625 * DB
29: 2.21875 * outdoors
30: 2.203125 * owner
31: 2.15625 * FC
32: 2.046875 * walk
33: 2.015625 * Rover
34: 2.0 * ready
35: 2.0 * actiuni
36: 1.890625 * west
37: 1.875 * ATION
38: 1.8671875 * PR
39: 1.8515625 * small
40: 1.84375 * local
41: 1.84375 * ON
42: 1.8359375 * Pet
43: 1.8359375 * West
44: 1.8359375 * West
45: 1.796875 * Leader
46: 1.75 * CR
47: 1.7421875 * Leaving
48: 1.734375 * weekends
49: 1.6875 * ON
Total loss: 0.24958378076553345 = MSE Loss: 0.20881704986095428, 5.0 * Sparsity Loss: 0.008153345435857773
Epoch: 1 batch_num: 79
0: 6.1875 * ements
1: 5.9375 * Licensed
2: 5.59375 * Walking
3: 5.15625 * Dog
4: 5.09375 * Walk
5: 4.65625 * Around
6: 4.15625 * Walk
7: 3.5625 * guest
8: 3.546875 * misiune
9: 3.46875 * tracking
10: 3.375 * CC
11: 3.234375 * weekend
12: 3.046875 * Weekend
13: 2.984375 * -3
14: 2.9375 * logy
15: 2.734375 * Chuck
16: 2.6875 * day
17: 2.625 * Wind
18: 2.59375 * Guest
19: 2.515625 * Fox
20: 2.515625 * clădiri
21: 2.484375 * strip
22: 2.375 * Pa
23: 2.34375 * Boston
24: 2.34375 * transition
25: 2.328125 * wind
26: 2.296875 * DB
27: 2.234375 * outdoors
28: 2.234375 * Day
29: 2.21875 * begging
30: 2.140625 * FC
31: 2.109375 * owner
32: 2.046875 * walk
33: 2.03125 * Rover
34: 1.96875 * ATION
35: 1.9609375 * actiuni
36: 1.9375 * ready
37: 1.9296875 * weekends
38: 1.875 * west
39: 1.84375 * PR
40: 1.8359375 * ncing
41: 1.8359375 * Leader
42: 1.828125 * local
43: 1.8046875 * Pet
44: 1.8046875 * Leaving
45: 1.8046875 * West
46: 1.7734375 * small
47: 1.7734375 * ON
48: 1.7578125 * (8
49: 1.734375 * West
Total loss: 0.3958931565284729 = MSE Loss: 0.35606786608695984, 5.0 * Sparsity Loss: 0.007965058088302612
Epoch: 1 batch_num: 80
0: 6.1875 * ements
1: 6.03125 * Licensed
2: 5.59375 * Walking
3: 5.03125 * Dog
4: 5.03125 * Walk
5: 4.59375 * Around
6: 4.15625 * Walk
7: 3.578125 * guest
8: 3.46875 * misiune
9: 3.4375 * tracking
10: 3.359375 * CC
11: 3.296875 * weekend
12: 3.09375 * Weekend
13: 3.046875 * -3
14: 2.921875 * logy
15: 2.75 * Chuck
16: 2.671875 * day
17: 2.625 * Guest
18: 2.5625 * Wind
19: 2.5 * clădiri
20: 2.484375 * strip
21: 2.4375 * Fox
22: 2.390625 * Boston
23: 2.375 * transition
24: 2.34375 * Pa
25: 2.328125 * DB
26: 2.28125 * wind
27: 2.203125 * outdoors
28: 2.1875 * Day
29: 2.09375 * FC
30: 2.078125 * weekends
31: 2.046875 * begging
32: 2.03125 * walk
33: 2.03125 * Rover
34: 2.03125 * ATION
35: 2.015625 * ncing
36: 1.9921875 * owner
37: 1.953125 * ready
38: 1.921875 * actiuni
39: 1.8984375 * west
40: 1.890625 * Leader
41: 1.875 * local
42: 1.8359375 * Leaving
43: 1.828125 * (8
44: 1.828125 * West
45: 1.828125 * In
46: 1.8046875 * Pet
47: 1.78125 * PR
48: 1.765625 * small
49: 1.7578125 * afternoon
Total loss: 0.22126728296279907 = MSE Loss: 0.1814429759979248, 5.0 * Sparsity Loss: 0.007964861579239368
Epoch: 1 batch_num: 81
0: 6.1875 * ements
1: 6.125 * Licensed
2: 5.625 * Walking
3: 4.96875 * Walk
4: 4.9375 * Dog
5: 4.46875 * Around
6: 4.15625 * Walk
7: 3.59375 * guest
8: 3.453125 * tracking
9: 3.421875 * misiune
10: 3.359375 * weekend
11: 3.359375 * CC
12: 3.125 * Weekend
13: 3.046875 * -3
14: 2.890625 * logy
15: 2.765625 * Chuck
16: 2.65625 * day
17: 2.640625 * Guest
18: 2.5 * strip
19: 2.5 * Wind
20: 2.46875 * clădiri
21: 2.421875 * Boston
22: 2.40625 * transition
23: 2.375 * Fox
24: 2.34375 * Pa
25: 2.34375 * DB
26: 2.25 * wind
27: 2.234375 * weekends
28: 2.171875 * ncing
29: 2.15625 * outdoors
30: 2.15625 * Day
31: 2.046875 * ATION
32: 2.046875 * FC
33: 2.03125 * walk
34: 2.03125 * Rover
35: 1.9765625 * local
36: 1.96875 * ready
37: 1.9296875 * Leader
38: 1.921875 * begging
39: 1.9140625 * west
40: 1.8984375 * owner
41: 1.8984375 * actiuni
42: 1.875 * (8
43: 1.875 * West
44: 1.8515625 * small
45: 1.828125 * afternoon
46: 1.828125 * Leaving
47: 1.7734375 * Pet
48: 1.7734375 * In
49: 1.7734375 * ON
Total loss: 0.23511111736297607 = MSE Loss: 0.19525246322155, 5.0 * Sparsity Loss: 0.007971730083227158
Epoch: 1 batch_num: 82
0: 6.1875 * Licensed
1: 6.125 * ements
2: 5.84375 * Walking
3: 4.8125 * Dog
4: 4.78125 * Walk
5: 4.4375 * Around
6: 4.15625 * Walk
7: 3.59375 * guest
8: 3.5 * tracking
9: 3.4375 * weekend
10: 3.34375 * misiune
11: 3.328125 * CC
12: 3.1875 * Weekend
13: 2.984375 * -3
14: 2.828125 * logy
15: 2.78125 * Chuck
16: 2.65625 * Guest
17: 2.65625 * day
18: 2.546875 * strip
19: 2.484375 * transition
20: 2.4375 * Boston
21: 2.4375 * Wind
22: 2.4375 * clădiri
23: 2.40625 * weekends
24: 2.390625 * DB
25: 2.375 * ncing
26: 2.359375 * Pa
27: 2.25 * Fox
28: 2.21875 * wind
29: 2.140625 * Day
30: 2.125 * outdoors
31: 2.078125 * ATION
32: 2.0625 * walk
33: 2.046875 * local
34: 2.03125 * Rover
35: 1.9609375 * FC
36: 1.953125 * Leader
37: 1.9375 * ready
38: 1.921875 * small
39: 1.921875 * (8
40: 1.9140625 * afternoon
41: 1.8671875 * West
42: 1.8515625 * actiuni
43: 1.84375 * ON
44: 1.8359375 * west
45: 1.828125 * Leaving
46: 1.7890625 * begging
47: 1.7890625 * PT
48: 1.78125 * owner
49: 1.78125 * FC
Total loss: 0.3045750558376312 = MSE Loss: 0.26585403084754944, 5.0 * Sparsity Loss: 0.007744205184280872
Epoch: 1 batch_num: 83
0: 6.28125 * Licensed
1: 6.09375 * Walking
2: 6.09375 * ements
3: 4.71875 * Dog
4: 4.5625 * Walk
5: 4.40625 * Around
6: 4.0625 * Walk
7: 3.640625 * guest
8: 3.578125 * tracking
9: 3.546875 * weekend
10: 3.3125 * CC
11: 3.296875 * misiune
12: 3.265625 * Weekend
13: 2.875 * -3
14: 2.828125 * logy
15: 2.8125 * Chuck
16: 2.6875 * Guest
17: 2.625 * day
18: 2.578125 * ncing
19: 2.578125 * weekends
20: 2.5625 * strip
21: 2.5 * transition
22: 2.421875 * Boston
23: 2.40625 * DB
24: 2.40625 * clădiri
25: 2.390625 * Wind
26: 2.375 * Pa
27: 2.21875 * wind
28: 2.203125 * Fox
29: 2.140625 * walk
30: 2.125 * outdoors
31: 2.078125 * ATION
32: 2.078125 * Day
33: 2.0625 * local
34: 2.03125 * Rover
35: 1.953125 * afternoon
36: 1.953125 * (8
37: 1.953125 * Leader
38: 1.9296875 * FC
39: 1.875 * small
40: 1.8671875 * Leaving
41: 1.8671875 * ON
42: 1.84375 * PT
43: 1.8359375 * ready
44: 1.8359375 * West
45: 1.8203125 * FC
46: 1.8125 * actiuni
47: 1.8046875 * walk
48: 1.75 * west
49: 1.7265625 * begging
Total loss: 0.25611555576324463 = MSE Loss: 0.21853013336658478, 5.0 * Sparsity Loss: 0.007517081219702959
Epoch: 1 batch_num: 84
0: 6.46875 * Licensed
1: 6.1875 * Walking
2: 5.96875 * ements
3: 4.5625 * Walk
4: 4.46875 * Around
5: 4.40625 * Dog
6: 4.15625 * Walk
7: 3.765625 * weekend
8: 3.640625 * tracking
9: 3.609375 * guest
10: 3.484375 * Weekend
11: 3.234375 * CC
12: 3.21875 * misiune
13: 2.84375 * logy
14: 2.828125 * weekends
15: 2.75 * Chuck
16: 2.75 * -3
17: 2.65625 * Guest
18: 2.640625 * ncing
19: 2.59375 * day
20: 2.578125 * strip
21: 2.515625 * DB
22: 2.5 * transition
23: 2.484375 * Pa
24: 2.375 * clădiri
25: 2.359375 * Boston
26: 2.1875 * Wind
27: 2.109375 * ATION
28: 2.109375 * Day
29: 2.09375 * (8
30: 2.09375 * wind
31: 2.078125 * outdoors
32: 2.0625 * afternoon
33: 2.046875 * walk
34: 2.046875 * local
35: 1.9765625 * Rover
36: 1.9765625 * Fox
37: 1.9453125 * small
38: 1.9375 * Leader
39: 1.921875 * ON
40: 1.8828125 * Leaving
41: 1.859375 * walk
42: 1.8515625 * FC
43: 1.828125 * FC
44: 1.828125 * PT
45: 1.7265625 * Strip
46: 1.7109375 * actiuni
47: 1.703125 * licensed
48: 1.6953125 * ready
49: 1.65625 * begging
Total loss: 0.2619923949241638 = MSE Loss: 0.22360503673553467, 5.0 * Sparsity Loss: 0.007677469868212938
Epoch: 1 batch_num: 85
0: 6.625 * Licensed
1: 6.09375 * Walking
2: 5.78125 * ements
3: 4.6875 * Walk
4: 4.53125 * Around
5: 4.28125 * Walk
6: 4.0625 * Dog
7: 3.96875 * weekend
8: 3.703125 * Weekend
9: 3.65625 * tracking
10: 3.5625 * guest
11: 3.140625 * misiune
12: 3.125 * CC
13: 3.078125 * weekends
14: 2.875 * logy
15: 2.65625 * Chuck
16: 2.65625 * ncing
17: 2.65625 * DB
18: 2.640625 * Pa
19: 2.640625 * -3
20: 2.625 * day
21: 2.609375 * strip
22: 2.609375 * Guest
23: 2.53125 * transition
24: 2.390625 * clădiri
25: 2.296875 * Boston
26: 2.265625 * (8
27: 2.203125 * afternoon
28: 2.1875 * Day
29: 2.171875 * ATION
30: 2.078125 * small
31: 2.046875 * local
32: 2.015625 * outdoors
33: 1.9765625 * Wind
34: 1.9609375 * ON
35: 1.953125 * wind
36: 1.921875 * Rover
37: 1.90625 * Leader
38: 1.8828125 * walk
39: 1.8671875 * FC
40: 1.859375 * Leaving
41: 1.8125 * licensed
42: 1.796875 * PT
43: 1.7734375 * Strip
44: 1.7578125 * walk
45: 1.734375 * Fox
46: 1.703125 * FC
47: 1.6640625 * duty
48: 1.6484375 * intention
49: 1.640625 * RT
Total loss: 0.24112068116664886 = MSE Loss: 0.203080952167511, 5.0 * Sparsity Loss: 0.007607945241034031
Epoch: 1 batch_num: 86
0: 6.75 * Licensed
1: 5.9375 * Walking
2: 5.59375 * ements
3: 4.84375 * Walk
4: 4.53125 * Around
5: 4.40625 * Walk
6: 4.15625 * weekend
7: 3.875 * Weekend
8: 3.796875 * Dog
9: 3.65625 * tracking
10: 3.5625 * guest
11: 3.265625 * weekends
12: 3.046875 * misiune
13: 3.03125 * CC
14: 2.90625 * logy
15: 2.765625 * Pa
16: 2.75 * DB
17: 2.65625 * ncing
18: 2.625 * strip
19: 2.625 * day
20: 2.578125 * Guest
21: 2.5625 * Chuck
22: 2.5625 * -3
23: 2.546875 * transition
24: 2.421875 * (8
25: 2.390625 * clădiri
26: 2.328125 * afternoon
27: 2.28125 * Boston
28: 2.25 * ATION
29: 2.203125 * Day
30: 2.140625 * small
31: 2.015625 * local
32: 2.015625 * ON
33: 1.9609375 * outdoors
34: 1.875 * Rover
35: 1.875 * licensed
36: 1.875 * FC
37: 1.8671875 * Leader
38: 1.8359375 * wind
39: 1.828125 * Leaving
40: 1.8203125 * Strip
41: 1.8125 * Wind
42: 1.7421875 * PT
43: 1.703125 * walk
44: 1.6953125 * Small
45: 1.6875 * duty
46: 1.671875 * intention
47: 1.65625 * RT
48: 1.609375 * walk
49: 1.59375 * friend
Total loss: 0.20934930443763733 = MSE Loss: 0.17139725387096405, 5.0 * Sparsity Loss: 0.007590410299599171
Epoch: 1 batch_num: 87
0: 6.84375 * Licensed
1: 5.8125 * Walking
2: 5.40625 * ements
3: 4.96875 * Walk
4: 4.53125 * Walk
5: 4.5 * Around
6: 4.28125 * weekend
7: 3.984375 * Weekend
8: 3.65625 * tracking
9: 3.53125 * guest
10: 3.484375 * Dog
11: 3.4375 * weekends
12: 3.0 * CC
13: 2.96875 * misiune
14: 2.875 * Pa
15: 2.875 * logy
16: 2.828125 * DB
17: 2.703125 * ncing
18: 2.625 * strip
19: 2.625 * day
20: 2.5625 * (8
21: 2.546875 * Guest
22: 2.53125 * transition
23: 2.453125 * Chuck
24: 2.453125 * -3
25: 2.421875 * afternoon
26: 2.390625 * clădiri
27: 2.265625 * Boston
28: 2.25 * ATION
29: 2.21875 * small
30: 2.21875 * Day
31: 2.0625 * ON
32: 1.9453125 * local
33: 1.9296875 * licensed
34: 1.890625 * FC
35: 1.8828125 * outdoors
36: 1.8359375 * Rover
37: 1.828125 * Small
38: 1.828125 * Strip
39: 1.8125 * Leader
40: 1.7890625 * Leaving
41: 1.7109375 * wind
42: 1.7109375 * duty
43: 1.6953125 * intention
44: 1.6953125 * PT
45: 1.6640625 * supplied
46: 1.6484375 * Profile
47: 1.6484375 * RT
48: 1.640625 * Wind
49: 1.640625 * AT
Total loss: 0.34641072154045105 = MSE Loss: 0.30816689133644104, 5.0 * Sparsity Loss: 0.007648764178156853
Epoch: 1 batch_num: 88
0: 6.875 * Licensed
1: 5.65625 * Walking
2: 5.28125 * ements
3: 5.125 * Walk
4: 4.59375 * Walk
5: 4.5 * Around
6: 4.34375 * weekend
7: 4.0625 * Weekend
8: 3.640625 * tracking
9: 3.546875 * weekends
10: 3.515625 * guest
11: 3.34375 * Dog
12: 2.953125 * CC
13: 2.9375 * Pa
14: 2.875 * misiune
15: 2.875 * DB
16: 2.859375 * logy
17: 2.703125 * ncing
18: 2.65625 * (8
19: 2.640625 * strip
20: 2.609375 * day
21: 2.53125 * transition
22: 2.515625 * afternoon
23: 2.515625 * Guest
24: 2.40625 * clădiri
25: 2.375 * Chuck
26: 2.359375 * -3
27: 2.296875 * ATION
28: 2.234375 * Boston
29: 2.234375 * Day
30: 2.21875 * small
31: 2.09375 * ON
32: 1.96875 * licensed
33: 1.90625 * Small
34: 1.90625 * FC
35: 1.8828125 * Profile
36: 1.859375 * Strip
37: 1.859375 * local
38: 1.8125 * outdoors
39: 1.7890625 * Rover
40: 1.75 * Leader
41: 1.7421875 * supplied
42: 1.7109375 * Leaving
43: 1.7109375 * duty
44: 1.6953125 * intention
45: 1.6875 * AT
46: 1.6640625 * wind
47: 1.6484375 * RT
48: 1.640625 * friend
49: 1.609375 * Summer
Total loss: 0.19850318133831024 = MSE Loss: 0.16022612154483795, 5.0 * Sparsity Loss: 0.007655411027371883
Epoch: 1 batch_num: 89
0: 6.875 * Licensed
1: 5.71875 * Walking
2: 5.21875 * ements
3: 5.09375 * Walk
4: 4.625 * Walk
5: 4.53125 * Around
6: 4.46875 * weekend
7: 4.1875 * Weekend
8: 3.671875 * weekends
9: 3.640625 * tracking
10: 3.515625 * guest
11: 3.21875 * Dog
12: 3.0 * Pa
13: 2.9375 * DB
14: 2.875 * CC
15: 2.875 * logy
16: 2.78125 * misiune
17: 2.734375 * ncing
18: 2.65625 * (8
19: 2.640625 * strip
20: 2.578125 * afternoon
21: 2.546875 * day
22: 2.515625 * transition
23: 2.515625 * Guest
24: 2.40625 * clădiri
25: 2.3125 * ATION
26: 2.3125 * -3
27: 2.296875 * Chuck
28: 2.1875 * small
29: 2.171875 * Day
30: 2.140625 * Boston
31: 2.09375 * ON
32: 2.0625 * Profile
33: 1.9921875 * licensed
34: 1.9453125 * Small
35: 1.8984375 * FC
36: 1.859375 * Strip
37: 1.8203125 * supplied
38: 1.78125 * Summer
39: 1.7578125 * outdoors
40: 1.75 * Rover
41: 1.7109375 * local
42: 1.6875 * duty
43: 1.6796875 * Leader
44: 1.671875 * Leaving
45: 1.6484375 * intention
46: 1.640625 * wind
47: 1.6171875 * RT
48: 1.6015625 * AT
49: 1.5859375 * friend
Total loss: 0.24230173230171204 = MSE Loss: 0.20478947460651398, 5.0 * Sparsity Loss: 0.007502453401684761
Epoch: 1 batch_num: 90
0: 6.90625 * Licensed
1: 5.75 * Walking
2: 5.1875 * ements
3: 5.0625 * Walk
4: 4.625 * Walk
5: 4.59375 * Around
6: 4.59375 * weekend
7: 4.3125 * Weekend
8: 3.8125 * weekends
9: 3.65625 * tracking
10: 3.484375 * guest
11: 3.171875 * Dog
12: 3.03125 * Pa
13: 3.0 * DB
14: 2.90625 * logy
15: 2.78125 * CC
16: 2.71875 * ncing
17: 2.703125 * misiune
18: 2.640625 * afternoon
19: 2.640625 * strip
20: 2.625 * (8
21: 2.5 * Guest
22: 2.484375 * transition
23: 2.484375 * day
24: 2.40625 * clădiri
25: 2.328125 * ATION
26: 2.28125 * -3
27: 2.234375 * Profile
28: 2.21875 * Chuck
29: 2.15625 * Day
30: 2.078125 * small
31: 2.0625 * ON
32: 2.046875 * Boston
33: 1.9921875 * licensed
34: 1.9453125 * Summer
35: 1.921875 * Small
36: 1.890625 * FC
37: 1.8828125 * supplied
38: 1.8671875 * Strip
39: 1.7578125 * outdoors
40: 1.7109375 * Rover
41: 1.6640625 * duty
42: 1.6484375 * Leaving
43: 1.6484375 * wind
44: 1.6328125 * Leader
45: 1.59375 * RT
46: 1.5859375 * ST
47: 1.5859375 * intention
48: 1.5234375 * local
49: 1.515625 * friend
Total loss: 0.34745049476623535 = MSE Loss: 0.3105390965938568, 5.0 * Sparsity Loss: 0.007382281590253115
Epoch: 1 batch_num: 91
0: 6.96875 * Licensed
1: 5.75 * Walking
2: 5.15625 * ements
3: 5.03125 * Walk
4: 4.6875 * weekend
5: 4.65625 * Walk
6: 4.65625 * Around
7: 4.40625 * Weekend
8: 3.9375 * weekends
9: 3.65625 * tracking
10: 3.46875 * guest
11: 3.234375 * Dog
12: 3.046875 * Pa
13: 3.046875 * DB
14: 2.953125 * logy
15: 2.703125 * afternoon
16: 2.6875 * CC
17: 2.6875 * ncing
18: 2.671875 * strip
19: 2.625 * misiune
20: 2.609375 * (8
21: 2.5 * transition
22: 2.5 * Guest
23: 2.484375 * day
24: 2.40625 * clădiri
25: 2.390625 * Profile
26: 2.359375 * ATION
27: 2.3125 * -3
28: 2.1875 * Chuck
29: 2.140625 * Day
30: 2.0625 * Summer
31: 2.046875 * ON
32: 2.03125 * licensed
33: 1.984375 * Boston
34: 1.984375 * small
35: 1.9609375 * supplied
36: 1.890625 * Small
37: 1.8828125 * Strip
38: 1.8828125 * FC
39: 1.765625 * outdoors
40: 1.6796875 * ST
41: 1.671875 * Rover
42: 1.6484375 * Leaving
43: 1.6484375 * duty
44: 1.6328125 * wind
45: 1.6015625 * Leader
46: 1.578125 * RT
47: 1.515625 * intention
48: 1.4609375 * friend
49: 1.4296875 * DOT
Total loss: 0.2261389195919037 = MSE Loss: 0.18945066630840302, 5.0 * Sparsity Loss: 0.00733764935284853
Epoch: 1 batch_num: 92
0: 7.03125 * Licensed
1: 5.84375 * Walking
2: 5.09375 * ements
3: 4.96875 * Walk
4: 4.71875 * weekend
5: 4.65625 * Around
6: 4.625 * Walk
7: 4.46875 * Weekend
8: 4.03125 * weekends
9: 3.640625 * tracking
10: 3.421875 * guest
11: 3.234375 * Dog
12: 3.0625 * DB
13: 3.046875 * Pa
14: 2.984375 * logy
15: 2.75 * afternoon
16: 2.6875 * strip
17: 2.640625 * CC
18: 2.625 * (8
19: 2.625 * ncing
20: 2.5625 * misiune
21: 2.546875 * Profile
22: 2.53125 * day
23: 2.515625 * transition
24: 2.484375 * Guest
25: 2.40625 * ATION
26: 2.40625 * clădiri
27: 2.34375 * -3
28: 2.171875 * Day
29: 2.140625 * Chuck
30: 2.125 * Summer
31: 2.078125 * licensed
32: 2.046875 * ON
33: 2.015625 * supplied
34: 1.9375 * Boston
35: 1.9375 * small
36: 1.90625 * Strip
37: 1.8828125 * Small
38: 1.875 * FC
39: 1.75 * ST
40: 1.7421875 * outdoors
41: 1.671875 * Leaving
42: 1.640625 * duty
43: 1.6328125 * Rover
44: 1.625 * wind
45: 1.59375 * Leader
46: 1.5390625 * Owner
47: 1.53125 * RT
48: 1.484375 * DOT
49: 1.453125 * и
Total loss: 0.21200630068778992 = MSE Loss: 0.17554697394371033, 5.0 * Sparsity Loss: 0.007291863672435284
Epoch: 1 batch_num: 93
0: 7.09375 * Licensed
1: 5.875 * Walking
2: 5.03125 * Walk
3: 5.03125 * ements
4: 4.75 * weekend
5: 4.65625 * Around
6: 4.625 * Walk
7: 4.5625 * Weekend
8: 4.09375 * weekends
9: 3.640625 * tracking
10: 3.421875 * guest
11: 3.265625 * Dog
12: 3.0625 * DB
13: 3.046875 * Pa
14: 2.984375 * logy
15: 2.796875 * afternoon
16: 2.6875 * strip
17: 2.65625 * Profile
18: 2.625 * CC
19: 2.609375 * (8
20: 2.59375 * ncing
21: 2.578125 * day
22: 2.515625 * transition
23: 2.5 * misiune
24: 2.484375 * Guest
25: 2.390625 * clădiri
26: 2.375 * ATION
27: 2.34375 * -3
28: 2.234375 * Summer
29: 2.203125 * Day
30: 2.109375 * Chuck
31: 2.09375 * licensed
32: 2.0625 * supplied
33: 2.03125 * ON
34: 1.9375 * small
35: 1.90625 * Strip
36: 1.8984375 * Small
37: 1.875 * Boston
38: 1.8515625 * FC
39: 1.8046875 * ST
40: 1.7109375 * Leaving
41: 1.6796875 * outdoors
42: 1.6328125 * duty
43: 1.6171875 * Owner
44: 1.609375 * wind
45: 1.59375 * Rover
46: 1.5625 * Leader
47: 1.5546875 * pets
48: 1.5234375 * DOT
49: 1.5078125 * RT
Total loss: 0.22044524550437927 = MSE Loss: 0.18497666716575623, 5.0 * Sparsity Loss: 0.007093715947121382
Epoch: 1 batch_num: 94
0: 7.15625 * Licensed
1: 5.84375 * Walking
2: 5.09375 * Walk
3: 4.9375 * ements
4: 4.75 * weekend
5: 4.65625 * Around
6: 4.625 * Weekend
7: 4.59375 * Walk
8: 4.15625 * weekends
9: 3.640625 * tracking
10: 3.390625 * guest
11: 3.265625 * Dog
12: 3.015625 * Pa
13: 3.015625 * DB
14: 2.9375 * logy
15: 2.828125 * afternoon
16: 2.765625 * Profile
17: 2.65625 * CC
18: 2.65625 * strip
19: 2.65625 * day
20: 2.578125 * (8
21: 2.5625 * ncing
22: 2.515625 * transition
23: 2.46875 * Guest
24: 2.4375 * misiune
25: 2.40625 * clădiri
26: 2.328125 * ATION
27: 2.28125 * Summer
28: 2.28125 * -3
29: 2.234375 * Day
30: 2.109375 * supplied
31: 2.09375 * licensed
32: 2.0625 * Chuck
33: 2.03125 * ON
34: 1.984375 * small
35: 1.9140625 * Small
36: 1.8984375 * Strip
37: 1.8515625 * ST
38: 1.84375 * FC
39: 1.8203125 * Boston
40: 1.734375 * Leaving
41: 1.7109375 * Owner
42: 1.6328125 * duty
43: 1.5625 * Rover
44: 1.5625 * wind
45: 1.5546875 * outdoors
46: 1.5546875 * DOT
47: 1.53125 * profile
48: 1.53125 * Leader
49: 1.515625 * pets
Total loss: 0.2593227028846741 = MSE Loss: 0.22451893985271454, 5.0 * Sparsity Loss: 0.006960752420127392
Epoch: 1 batch_num: 95
0: 7.1875 * Licensed
1: 5.65625 * Walking
2: 5.28125 * Walk
3: 4.84375 * ements
4: 4.75 * weekend
5: 4.6875 * Weekend
6: 4.65625 * Walk
7: 4.59375 * Around
8: 4.1875 * weekends
9: 3.625 * tracking
10: 3.40625 * guest
11: 3.265625 * Dog
12: 3.0 * Pa
13: 2.96875 * DB
14: 2.921875 * logy
15: 2.84375 * Profile
16: 2.84375 * afternoon
17: 2.71875 * day
18: 2.703125 * CC
19: 2.640625 * strip
20: 2.578125 * (8
21: 2.515625 * ncing
22: 2.5 * transition
23: 2.453125 * Guest
24: 2.40625 * clădiri
25: 2.375 * misiune
26: 2.328125 * Summer
27: 2.265625 * ATION
28: 2.265625 * Day
29: 2.25 * -3
30: 2.171875 * supplied
31: 2.09375 * licensed
32: 2.046875 * small
33: 2.03125 * ON
34: 2.015625 * Chuck
35: 1.9453125 * Small
36: 1.90625 * ST
37: 1.890625 * Strip
38: 1.8359375 * FC
39: 1.7734375 * Boston
40: 1.7734375 * Owner
41: 1.703125 * Leaving
42: 1.625 * duty
43: 1.5625 * DOT
44: 1.546875 * profile
45: 1.5390625 * Rover
46: 1.5390625 * pets
47: 1.5390625 * wind
48: 1.515625 * Leader
49: 1.46875 * outdoors
Total loss: 0.22479161620140076 = MSE Loss: 0.18967129290103912, 5.0 * Sparsity Loss: 0.007024064660072327
Epoch: 1 batch_num: 96
0: 7.25 * Licensed
1: 5.53125 * Walking
2: 5.34375 * Walk
3: 4.8125 * weekend
4: 4.78125 * Weekend
5: 4.78125 * ements
6: 4.6875 * Walk
7: 4.53125 * Around
8: 4.25 * weekends
9: 3.640625 * tracking
10: 3.40625 * guest
11: 3.25 * Dog
12: 2.953125 * Pa
13: 2.953125 * DB
14: 2.90625 * logy
15: 2.859375 * Profile
16: 2.859375 * afternoon
17: 2.765625 * day
18: 2.6875 * CC
19: 2.609375 * strip
20: 2.578125 * (8
21: 2.453125 * transition
22: 2.453125 * ncing
23: 2.4375 * Guest
24: 2.421875 * clădiri
25: 2.359375 * Summer
26: 2.328125 * misiune
27: 2.296875 * Day
28: 2.25 * -3
29: 2.21875 * ATION
30: 2.1875 * supplied
31: 2.125 * licensed
32: 2.03125 * small
33: 2.0 * ST
34: 1.9765625 * ON
35: 1.9453125 * Chuck
36: 1.921875 * Small
37: 1.8828125 * Strip
38: 1.8203125 * Owner
39: 1.8046875 * FC
40: 1.71875 * Boston
41: 1.6328125 * Leaving
42: 1.6015625 * duty
43: 1.5859375 * pets
44: 1.5703125 * DOT
45: 1.5390625 * profile
46: 1.5078125 * breath
47: 1.5 * Rover
48: 1.5 * wind
49: 1.5 * Leader
Total loss: 0.27270013093948364 = MSE Loss: 0.23818841576576233, 5.0 * Sparsity Loss: 0.006902340333908796
Epoch: 1 batch_num: 97
0: 7.3125 * Licensed
1: 5.625 * Walking
2: 5.25 * Walk
3: 4.875 * weekend
4: 4.875 * Weekend
5: 4.75 * ements
6: 4.625 * Walk
7: 4.53125 * Around
8: 4.3125 * weekends
9: 3.640625 * tracking
10: 3.40625 * guest
11: 3.25 * Dog
12: 2.984375 * DB
13: 2.890625 * Profile
14: 2.890625 * Pa
15: 2.875 * logy
16: 2.84375 * afternoon
17: 2.71875 * day
18: 2.640625 * CC
19: 2.578125 * strip
20: 2.5625 * (8
21: 2.4375 * Guest
22: 2.421875 * ncing
23: 2.421875 * Summer
24: 2.40625 * transition
25: 2.40625 * clădiri
26: 2.28125 * misiune
27: 2.25 * -3
28: 2.21875 * supplied
29: 2.21875 * Day
30: 2.125 * ATION
31: 2.125 * licensed
32: 2.125 * ST
33: 1.9765625 * small
34: 1.921875 * ON
35: 1.9140625 * Owner
36: 1.8984375 * Chuck
37: 1.8515625 * Strip
38: 1.84375 * Small
39: 1.7578125 * FC
40: 1.640625 * Boston
41: 1.6328125 * pets
42: 1.6015625 * Leaving
43: 1.578125 * DOT
44: 1.578125 * breath
45: 1.578125 * duty
46: 1.5390625 * profile
47: 1.515625 * Leader
48: 1.4921875 * local
49: 1.4765625 * Rover
Total loss: 0.23500144481658936 = MSE Loss: 0.2005506306886673, 5.0 * Sparsity Loss: 0.006890163756906986
Epoch: 1 batch_num: 98
0: 7.3125 * Licensed
1: 5.6875 * Walking
2: 5.1875 * Walk
3: 4.9375 * Weekend
4: 4.90625 * weekend
5: 4.71875 * ements
6: 4.59375 * Walk
7: 4.53125 * Around
8: 4.375 * weekends
9: 3.640625 * tracking
10: 3.359375 * guest
11: 3.21875 * Dog
12: 3.0 * DB
13: 2.953125 * Profile
14: 2.84375 * Pa
15: 2.84375 * logy
16: 2.828125 * afternoon
17: 2.625 * day
18: 2.578125 * CC
19: 2.578125 * strip
20: 2.5625 * (8
21: 2.40625 * ncing
22: 2.390625 * Guest
23: 2.390625 * clădiri
24: 2.375 * Summer
25: 2.3125 * transition
26: 2.265625 * -3
27: 2.234375 * misiune
28: 2.234375 * supplied
29: 2.15625 * Day
30: 2.109375 * ST
31: 2.09375 * licensed
32: 2.0625 * Owner
33: 2.03125 * ATION
34: 1.9765625 * small
35: 1.875 * ON
36: 1.859375 * Small
37: 1.84375 * Chuck
38: 1.8203125 * Strip
39: 1.6953125 * pets
40: 1.6953125 * FC
41: 1.640625 * breath
42: 1.59375 * Boston
43: 1.5859375 * DOT
44: 1.5625 * Leaving
45: 1.5546875 * profile
46: 1.5546875 * duty
47: 1.546875 * Leader
48: 1.53125 * local
49: 1.453125 * Rover
Total loss: 0.21185016632080078 = MSE Loss: 0.1780519038438797, 5.0 * Sparsity Loss: 0.006759653799235821
Epoch: 1 batch_num: 99
0: 7.375 * Licensed
1: 5.8125 * Walking
2: 5.0625 * Walk
3: 4.96875 * weekend
4: 4.96875 * Weekend
5: 4.6875 * ements
6: 4.5625 * Walk
7: 4.5625 * Around
8: 4.40625 * weekends
9: 3.625 * tracking
10: 3.34375 * guest
11: 3.203125 * Dog
12: 3.03125 * DB
13: 3.015625 * Profile
14: 2.8125 * afternoon
15: 2.8125 * logy
16: 2.78125 * Pa
17: 2.5625 * strip
18: 2.5625 * day
19: 2.546875 * (8
20: 2.5 * CC
21: 2.390625 * ncing
22: 2.375 * Guest
23: 2.375 * clădiri
24: 2.328125 * Summer
25: 2.265625 * transition
26: 2.265625 * -3
27: 2.25 * supplied
28: 2.203125 * Owner
29: 2.203125 * misiune
30: 2.125 * Day
31: 2.09375 * licensed
32: 2.09375 * ST
33: 2.0 * small
34: 1.953125 * ATION
35: 1.8984375 * Small
36: 1.859375 * ON
37: 1.8046875 * Chuck
38: 1.7734375 * Strip
39: 1.765625 * pets
40: 1.6875 * breath
41: 1.625 * FC
42: 1.59375 * local
43: 1.5859375 * DOT
44: 1.578125 * Boston
45: 1.578125 * Leader
46: 1.5703125 * profile
47: 1.546875 * Lead
48: 1.515625 * duty
49: 1.4765625 * Leaving
Total loss: 0.26785072684288025 = MSE Loss: 0.23348498344421387, 5.0 * Sparsity Loss: 0.006873147562146187
Epoch: 1 batch_num: 100
0: 7.34375 * Licensed
1: 6.03125 * Walking
2: 4.96875 * Walk
3: 4.9375 * weekend
4: 4.9375 * Weekend
5: 4.65625 * ements
6: 4.53125 * Walk
7: 4.53125 * Around
8: 4.40625 * weekends
9: 3.65625 * tracking
10: 3.359375 * guest
11: 3.265625 * Dog
12: 3.078125 * Profile
13: 3.0 * DB
14: 2.796875 * afternoon
15: 2.765625 * logy
16: 2.65625 * Pa
17: 2.546875 * day
18: 2.53125 * strip
19: 2.515625 * (8
20: 2.46875 * CC
21: 2.4375 * ncing
22: 2.390625 * clădiri
23: 2.375 * Guest
24: 2.359375 * Owner
25: 2.28125 * -3
26: 2.25 * transition
27: 2.234375 * supplied
28: 2.234375 * Summer
29: 2.1875 * misiune
30: 2.109375 * ST
31: 2.09375 * Day
32: 2.015625 * licensed
33: 1.9921875 * small
34: 1.921875 * ON
35: 1.90625 * Small
36: 1.8359375 * ATION
37: 1.828125 * pets
38: 1.78125 * Chuck
39: 1.78125 * breath
40: 1.7265625 * Strip
41: 1.6953125 * local
42: 1.640625 * DOT
43: 1.6015625 * profile
44: 1.6015625 * Leader
45: 1.5859375 * Lead
46: 1.5625 * Boston
47: 1.5625 * FC
48: 1.4765625 * duty
49: 1.4375 * Rover
Total loss: 0.2256711721420288 = MSE Loss: 0.19144034385681152, 5.0 * Sparsity Loss: 0.006846166215837002
Epoch: 1 batch_num: 101
0: 7.34375 * Licensed
1: 6.1875 * Walking
2: 4.9375 * Walk
3: 4.9375 * weekend
4: 4.90625 * Weekend
5: 4.59375 * ements
6: 4.5 * Walk
7: 4.40625 * Around
8: 4.40625 * weekends
9: 3.671875 * tracking
10: 3.390625 * Dog
11: 3.375 * guest
12: 3.140625 * Profile
13: 2.953125 * DB
14: 2.8125 * afternoon
15: 2.734375 * logy
16: 2.578125 * day
17: 2.5625 * Pa
18: 2.515625 * (8
19: 2.5 * strip
20: 2.46875 * ncing
21: 2.453125 * Owner
22: 2.453125 * CC
23: 2.421875 * clădiri
24: 2.40625 * Guest
25: 2.28125 * transition
26: 2.28125 * -3
27: 2.234375 * supplied
28: 2.1875 * misiune
29: 2.1875 * Summer
30: 2.109375 * ST
31: 2.09375 * Day
32: 2.03125 * ON
33: 1.984375 * licensed
34: 1.9453125 * small
35: 1.859375 * pets
36: 1.84375 * Small
37: 1.84375 * breath
38: 1.78125 * local
39: 1.7578125 * Chuck
40: 1.7265625 * ATION
41: 1.7109375 * Strip
42: 1.6796875 * DOT
43: 1.640625 * profile
44: 1.6171875 * Leader
45: 1.609375 * Lead
46: 1.5390625 * Boston
47: 1.53125 * FC
48: 1.4921875 * IN
49: 1.46875 * walk
Total loss: 0.26431238651275635 = MSE Loss: 0.22945132851600647, 5.0 * Sparsity Loss: 0.0069722142070531845
Epoch: 1 batch_num: 102
0: 7.3125 * Licensed
1: 6.375 * Walking
2: 4.9375 * Walk
3: 4.90625 * weekend
4: 4.875 * Weekend
5: 4.625 * ements
6: 4.5 * Walk
7: 4.375 * weekends
8: 4.3125 * Around
9: 3.671875 * tracking
10: 3.53125 * Dog
11: 3.390625 * guest
12: 3.15625 * Profile
13: 2.890625 * DB
14: 2.8125 * afternoon
15: 2.6875 * logy
16: 2.578125 * day
17: 2.5 * strip
18: 2.46875 * Pa
19: 2.46875 * (8
20: 2.46875 * ncing
21: 2.453125 * Owner
22: 2.453125 * clădiri
23: 2.4375 * CC
24: 2.40625 * Guest
25: 2.3125 * transition
26: 2.25 * -3
27: 2.21875 * supplied
28: 2.140625 * misiune
29: 2.140625 * Summer
30: 2.109375 * ST
31: 2.0625 * Day
32: 2.046875 * ON
33: 1.953125 * licensed
34: 1.9296875 * pets
35: 1.8828125 * breath
36: 1.7734375 * small
37: 1.765625 * local
38: 1.7265625 * DOT
39: 1.7109375 * Chuck
40: 1.703125 * Strip
41: 1.6875 * Small
42: 1.6796875 * IN
43: 1.6640625 * ATION
44: 1.6328125 * Leader
45: 1.625 * profile
46: 1.609375 * Lead
47: 1.546875 * walk
48: 1.5234375 * walked
49: 1.5 * Boston
Total loss: 0.2383265495300293 = MSE Loss: 0.2025309056043625, 5.0 * Sparsity Loss: 0.007159126922488213
Epoch: 1 batch_num: 103
0: 7.3125 * Licensed
1: 6.5625 * Walking
2: 4.9375 * Walk
3: 4.875 * weekend
4: 4.875 * Weekend
5: 4.625 * ements
6: 4.46875 * Walk
7: 4.375 * weekends
8: 4.34375 * Around
9: 3.671875 * tracking
10: 3.5625 * Dog
11: 3.40625 * guest
12: 3.15625 * Profile
13: 2.875 * DB
14: 2.796875 * afternoon
15: 2.703125 * logy
16: 2.5625 * day
17: 2.484375 * Owner
18: 2.46875 * strip
19: 2.453125 * clădiri
20: 2.4375 * ncing
21: 2.421875 * Guest
22: 2.40625 * Pa
23: 2.40625 * (8
24: 2.40625 * CC
25: 2.359375 * transition
26: 2.21875 * supplied
27: 2.15625 * -3
28: 2.109375 * ST
29: 2.09375 * misiune
30: 2.09375 * Summer
31: 2.046875 * Day
32: 1.9609375 * pets
33: 1.9375 * licensed
34: 1.9296875 * ON
35: 1.90625 * breath
36: 1.75 * DOT
37: 1.71875 * IN
38: 1.7109375 * walked
39: 1.6640625 * Strip
40: 1.6484375 * Chuck
41: 1.640625 * Leader
42: 1.6328125 * small
43: 1.625 * walk
44: 1.625 * local
45: 1.6015625 * ATION
46: 1.59375 * Lead
47: 1.578125 * Small
48: 1.578125 * profile
49: 1.484375 * walk
Total loss: 0.3769226372241974 = MSE Loss: 0.3415728211402893, 5.0 * Sparsity Loss: 0.007069962099194527
Epoch: 1 batch_num: 104
0: 7.25 * Licensed
1: 6.6875 * Walking
2: 5.0 * Walk
3: 4.875 * weekend
4: 4.84375 * Weekend
5: 4.625 * ements
6: 4.53125 * Walk
7: 4.375 * Around
8: 4.375 * weekends
9: 3.6875 * tracking
10: 3.484375 * Dog
11: 3.390625 * guest
12: 3.15625 * Profile
13: 2.921875 * DB
14: 2.765625 * afternoon
15: 2.71875 * logy
16: 2.578125 * day
17: 2.53125 * Owner
18: 2.4375 * strip
19: 2.4375 * clădiri
20: 2.421875 * ncing
21: 2.40625 * Guest
22: 2.390625 * transition
23: 2.390625 * CC
24: 2.375 * Pa
25: 2.328125 * (8
26: 2.203125 * supplied
27: 2.109375 * ST
28: 2.0625 * Day
29: 2.046875 * Summer
30: 2.046875 * -3
31: 2.03125 * misiune
32: 2.03125 * pets
33: 1.921875 * breath
34: 1.8984375 * licensed
35: 1.859375 * walked
36: 1.8046875 * ON
37: 1.75 * DOT
38: 1.6640625 * walk
39: 1.65625 * IN
40: 1.65625 * Leader
41: 1.625 * Lead
42: 1.6171875 * Strip
43: 1.6015625 * Chuck
44: 1.5859375 * small
45: 1.5390625 * Small
46: 1.5390625 * profile
47: 1.53125 * ATION
48: 1.53125 * local
49: 1.5078125 * at
Total loss: 0.21558865904808044 = MSE Loss: 0.18037651479244232, 5.0 * Sparsity Loss: 0.007042427081614733
Epoch: 1 batch_num: 105
0: 7.1875 * Licensed
1: 6.78125 * Walking
2: 5.03125 * Walk
3: 4.875 * weekend
4: 4.8125 * Weekend
5: 4.625 * ements
6: 4.5625 * Walk
7: 4.4375 * Around
8: 4.375 * weekends
9: 3.71875 * tracking
10: 3.390625 * Dog
11: 3.359375 * guest
12: 3.140625 * Profile
13: 2.953125 * DB
14: 2.734375 * afternoon
15: 2.71875 * logy
16: 2.578125 * Owner
17: 2.5625 * day
18: 2.453125 * strip
19: 2.40625 * clădiri
20: 2.390625 * ncing
21: 2.375 * CC
22: 2.375 * Guest
23: 2.359375 * transition
24: 2.34375 * Pa
25: 2.3125 * (8
26: 2.1875 * supplied
27: 2.109375 * ST
28: 2.09375 * Day
29: 2.046875 * pets
30: 2.0 * misiune
31: 2.0 * -3
32: 1.9921875 * walked
33: 1.96875 * breath
34: 1.9609375 * Summer
35: 1.859375 * licensed
36: 1.75 * DOT
37: 1.7421875 * walk
38: 1.7109375 * ON
39: 1.6796875 * Leader
40: 1.65625 * Lead
41: 1.6484375 * IN
42: 1.6015625 * Strip
43: 1.5625 * small
44: 1.5546875 * Chuck
45: 1.546875 * at
46: 1.53125 * Small
47: 1.5234375 * FC
48: 1.484375 * walk
49: 1.484375 * local
Total loss: 0.2616129517555237 = MSE Loss: 0.22677487134933472, 5.0 * Sparsity Loss: 0.00696761766448617
Epoch: 1 batch_num: 106
0: 7.125 * Licensed
1: 6.78125 * Walking
2: 5.09375 * Walk
3: 4.875 * weekend
4: 4.8125 * Weekend
5: 4.625 * Walk
6: 4.59375 * ements
7: 4.46875 * Around
8: 4.375 * weekends
9: 3.75 * tracking
10: 3.328125 * guest
11: 3.203125 * Dog
12: 3.109375 * Profile
13: 2.96875 * DB
14: 2.703125 * afternoon
15: 2.703125 * logy
16: 2.65625 * Owner
17: 2.53125 * day
18: 2.484375 * strip
19: 2.390625 * clădiri
20: 2.34375 * CC
21: 2.34375 * ncing
22: 2.328125 * Pa
23: 2.328125 * transition
24: 2.328125 * Guest
25: 2.3125 * (8
26: 2.171875 * supplied
27: 2.140625 * ST
28: 2.09375 * Day
29: 2.0625 * walked
30: 2.015625 * pets
31: 2.015625 * breath
32: 1.9765625 * misiune
33: 1.953125 * -3
34: 1.8828125 * Summer
35: 1.8203125 * licensed
36: 1.7578125 * walk
37: 1.7421875 * DOT
38: 1.703125 * Leader
39: 1.6796875 * IN
40: 1.671875 * ON
41: 1.6640625 * Lead
42: 1.65625 * FC
43: 1.609375 * Strip
44: 1.5625 * small
45: 1.5546875 * Small
46: 1.5390625 * at
47: 1.515625 * Chuck
48: 1.5 * local
49: 1.484375 * walk
Total loss: 0.30431655049324036 = MSE Loss: 0.27018454670906067, 5.0 * Sparsity Loss: 0.006826402619481087
Epoch: 1 batch_num: 107
0: 7.09375 * Licensed
1: 6.78125 * Walking
2: 5.21875 * Walk
3: 4.90625 * weekend
4: 4.8125 * Weekend
5: 4.6875 * Walk
6: 4.59375 * ements
7: 4.53125 * Around
8: 4.40625 * weekends
9: 3.78125 * tracking
10: 3.296875 * guest
11: 3.109375 * Profile
12: 3.0 * Dog
13: 2.953125 * DB
14: 2.71875 * Owner
15: 2.6875 * logy
16: 2.65625 * afternoon
17: 2.5 * day
18: 2.46875 * strip
19: 2.375 * clădiri
20: 2.34375 * CC
21: 2.328125 * Pa
22: 2.328125 * (8
23: 2.3125 * transition
24: 2.296875 * ncing
25: 2.28125 * Guest
26: 2.171875 * ST
27: 2.140625 * walked
28: 2.140625 * supplied
29: 2.09375 * Day
30: 2.03125 * breath
31: 1.96875 * misiune
32: 1.9140625 * pets
33: 1.90625 * -3
34: 1.84375 * Summer
35: 1.7890625 * FC
36: 1.78125 * licensed
37: 1.75 * walk
38: 1.734375 * Leader
39: 1.71875 * DOT
40: 1.703125 * IN
41: 1.6640625 * Lead
42: 1.640625 * ON
43: 1.5859375 * Strip
44: 1.546875 * Pet
45: 1.546875 * Small
46: 1.5234375 * small
47: 1.5 * at
48: 1.4921875 * local
49: 1.484375 * Chuck
Total loss: 0.33190885186195374 = MSE Loss: 0.29803401231765747, 5.0 * Sparsity Loss: 0.0067749666050076485
Epoch: 1 batch_num: 108
0: 7.03125 * Licensed
1: 6.84375 * Walking
2: 5.25 * Walk
3: 4.9375 * weekend
4: 4.84375 * Weekend
5: 4.71875 * Walk
6: 4.625 * ements
7: 4.59375 * Around
8: 4.40625 * weekends
9: 3.828125 * tracking
10: 3.265625 * guest
11: 3.09375 * Profile
12: 2.953125 * DB
13: 2.84375 * Dog
14: 2.78125 * Owner
15: 2.703125 * logy
16: 2.59375 * afternoon
17: 2.484375 * day
18: 2.453125 * strip
19: 2.375 * clădiri
20: 2.328125 * (8
21: 2.328125 * CC
22: 2.3125 * Pa
23: 2.265625 * transition
24: 2.25 * ncing
25: 2.25 * Guest
26: 2.21875 * walked
27: 2.203125 * ST
28: 2.09375 * supplied
29: 2.0625 * Day
30: 2.046875 * breath
31: 1.9375 * misiune
32: 1.8515625 * Summer
33: 1.8515625 * FC
34: 1.8125 * pets
35: 1.7734375 * walk
36: 1.765625 * -3
37: 1.7421875 * licensed
38: 1.71875 * Leader
39: 1.6953125 * DOT
40: 1.640625 * Pet
41: 1.6171875 * IN
42: 1.6171875 * Lead
43: 1.5859375 * ON
44: 1.5625 * Strip
45: 1.5234375 * stretch
46: 1.5234375 * TH
47: 1.484375 * Small
48: 1.484375 * Chuck
49: 1.4765625 * local
Total loss: 0.3611791133880615 = MSE Loss: 0.3271440267562866, 5.0 * Sparsity Loss: 0.006807016674429178
Epoch: 1 batch_num: 109
0: 7.0 * Licensed
1: 6.9375 * Walking
2: 5.25 * Walk
3: 4.9375 * weekend
4: 4.84375 * Weekend
5: 4.75 * Walk
6: 4.65625 * ements
7: 4.625 * Around
8: 4.40625 * weekends
9: 3.90625 * tracking
10: 3.25 * guest
11: 3.046875 * Profile
12: 2.9375 * DB
13: 2.859375 * Owner
14: 2.78125 * Dog
15: 2.6875 * logy
16: 2.53125 * afternoon
17: 2.46875 * strip
18: 2.421875 * day
19: 2.375 * clădiri
20: 2.328125 * Pa
21: 2.328125 * CC
22: 2.3125 * (8
23: 2.296875 * walked
24: 2.265625 * ncing
25: 2.25 * ST
26: 2.203125 * Guest
27: 2.171875 * transition
28: 2.078125 * supplied
29: 2.078125 * breath
30: 2.0 * Day
31: 1.9453125 * FC
32: 1.8984375 * misiune
33: 1.8203125 * Summer
34: 1.8046875 * walk
35: 1.78125 * pets
36: 1.703125 * licensed
37: 1.6953125 * Pet
38: 1.6875 * Leader
39: 1.6796875 * DOT
40: 1.671875 * stretch
41: 1.6328125 * IN
42: 1.609375 * -3
43: 1.5703125 * Strip
44: 1.546875 * Lead
45: 1.546875 * ON
46: 1.515625 * TH
47: 1.5 * Chuck
48: 1.4921875 * local
49: 1.4609375 * animal
Total loss: 0.387650728225708 = MSE Loss: 0.35386165976524353, 5.0 * Sparsity Loss: 0.006757816299796104
Epoch: 1 batch_num: 110
0: 6.96875 * Licensed
1: 6.90625 * Walking
2: 5.34375 * Walk
3: 4.96875 * weekend
4: 4.84375 * Weekend
5: 4.78125 * Walk
6: 4.71875 * ements
7: 4.65625 * Around
8: 4.40625 * weekends
9: 3.953125 * tracking
10: 3.25 * guest
11: 3.0 * Profile
12: 2.953125 * DB
13: 2.90625 * Owner
14: 2.71875 * Dog
15: 2.671875 * logy
16: 2.484375 * afternoon
17: 2.46875 * strip
18: 2.375 * clădiri
19: 2.359375 * day
20: 2.34375 * Pa
21: 2.328125 * walked
22: 2.3125 * CC
23: 2.296875 * (8
24: 2.28125 * ncing
25: 2.203125 * ST
26: 2.1875 * Guest
27: 2.109375 * transition
28: 2.09375 * breath
29: 2.0625 * supplied
30: 2.046875 * FC
31: 1.9296875 * Day
32: 1.859375 * misiune
33: 1.8125 * Summer
34: 1.8046875 * stretch
35: 1.765625 * pets
36: 1.734375 * walk
37: 1.6875 * Pet
38: 1.671875 * licensed
39: 1.6484375 * DOT
40: 1.640625 * Leader
41: 1.625 * IN
42: 1.5625 * Strip
43: 1.5390625 * animal
44: 1.515625 * Chuck
45: 1.484375 * ON
46: 1.4765625 * TH
47: 1.4765625 * -3
48: 1.4765625 * valeur
49: 1.46875 * Bark
Total loss: 0.4011978507041931 = MSE Loss: 0.36715152859687805, 5.0 * Sparsity Loss: 0.006809266284108162
Epoch: 1 batch_num: 111
0: 6.9375 * Licensed
1: 6.78125 * Walking
2: 5.5625 * Walk
3: 4.9375 * weekend
4: 4.875 * Walk
5: 4.8125 * Weekend
6: 4.71875 * ements
7: 4.65625 * Around
8: 4.34375 * weekends
9: 3.953125 * tracking
10: 3.265625 * guest
11: 2.96875 * Profile
12: 2.953125 * DB
13: 2.9375 * Owner
14: 2.703125 * Dog
15: 2.671875 * logy
16: 2.484375 * afternoon
17: 2.453125 * strip
18: 2.390625 * Pa
19: 2.390625 * clădiri
20: 2.3125 * day
21: 2.296875 * ncing
22: 2.28125 * walked
23: 2.28125 * (8
24: 2.25 * CC
25: 2.1875 * FC
26: 2.15625 * Guest
27: 2.09375 * transition
28: 2.09375 * breath
29: 2.0625 * ST
30: 2.046875 * supplied
31: 1.8515625 * stretch
32: 1.8359375 * Day
33: 1.8046875 * misiune
34: 1.7421875 * Summer
35: 1.7421875 * pets
36: 1.65625 * Pet
37: 1.625 * licensed
38: 1.625 * DOT
39: 1.6171875 * IN
40: 1.609375 * Leader
41: 1.59375 * animal
42: 1.53125 * Strip
43: 1.5234375 * Chuck
44: 1.515625 * valeur
45: 1.5078125 * actiuni
46: 1.5 * Average
47: 1.4921875 * walk
48: 1.4921875 * Bark
49: 1.4609375 * Animal
Total loss: 0.2532951831817627 = MSE Loss: 0.2194475680589676, 5.0 * Sparsity Loss: 0.006769525818526745
Epoch: 1 batch_num: 112
0: 6.90625 * Licensed
1: 6.71875 * Walking
2: 5.75 * Walk
3: 4.9375 * Walk
4: 4.875 * weekend
5: 4.78125 * Weekend
6: 4.71875 * ements
7: 4.6875 * Around
8: 4.28125 * weekends
9: 3.96875 * tracking
10: 3.28125 * guest
11: 2.9375 * Owner
12: 2.921875 * DB
13: 2.890625 * Profile
14: 2.78125 * Dog
15: 2.625 * logy
16: 2.484375 * afternoon
17: 2.453125 * Pa
18: 2.421875 * strip
19: 2.40625 * clădiri
20: 2.3125 * FC
21: 2.3125 * day
22: 2.296875 * ncing
23: 2.28125 * (8
24: 2.265625 * walked
25: 2.203125 * CC
26: 2.171875 * Guest
27: 2.109375 * transition
28: 2.09375 * breath
29: 2.0 * supplied
30: 2.0 * ST
31: 1.859375 * stretch
32: 1.78125 * pets
33: 1.7578125 * misiune
34: 1.7421875 * Day
35: 1.6171875 * animal
36: 1.609375 * Summer
37: 1.6015625 * IN
38: 1.5859375 * Pet
39: 1.5859375 * DOT
40: 1.578125 * licensed
41: 1.578125 * Leader
42: 1.5703125 * Average
43: 1.5546875 * BS
44: 1.546875 * valeur
45: 1.5234375 * Chuck
46: 1.5234375 * size
47: 1.515625 * actiuni
48: 1.5078125 * 3
49: 1.5 * Bark
Total loss: 0.22466298937797546 = MSE Loss: 0.1911877691745758, 5.0 * Sparsity Loss: 0.0066950442269444466
Epoch: 1 batch_num: 113
0: 6.875 * Licensed
1: 6.75 * Walking
2: 5.875 * Walk
3: 5.0 * Walk
4: 4.875 * weekend
5: 4.75 * Around
6: 4.75 * Weekend
7: 4.75 * ements
8: 4.21875 * weekends
9: 4.03125 * tracking
10: 3.296875 * guest
11: 2.953125 * Owner
12: 2.890625 * DB
13: 2.828125 * Dog
14: 2.8125 * Profile
15: 2.640625 * logy
16: 2.53125 * Pa
17: 2.515625 * afternoon
18: 2.40625 * strip
19: 2.40625 * clădiri
20: 2.390625 * FC
21: 2.328125 * day
22: 2.296875 * (8
23: 2.28125 * ncing
24: 2.265625 * walked
25: 2.15625 * CC
26: 2.15625 * Guest
27: 2.125 * transition
28: 2.09375 * breath
29: 1.96875 * supplied
30: 1.9453125 * ST
31: 1.890625 * stretch
32: 1.7890625 * pets
33: 1.703125 * misiune
34: 1.671875 * Day
35: 1.6640625 * animal
36: 1.6640625 * BS
37: 1.625 * 3
38: 1.6171875 * Average
39: 1.609375 * size
40: 1.578125 * Leader
41: 1.5703125 * Pet
42: 1.5703125 * valeur
43: 1.5390625 * DOT
44: 1.5234375 * Animal
45: 1.5234375 * actiuni
46: 1.515625 * licensed
47: 1.5 * dogs
48: 1.5 * Chuck
49: 1.5 * Bark
Total loss: 0.20763568580150604 = MSE Loss: 0.17331844568252563, 5.0 * Sparsity Loss: 0.006863447837531567
Epoch: 1 batch_num: 114
0: 6.8125 * Licensed
1: 6.78125 * Walking
2: 5.96875 * Walk
3: 5.0 * Walk
4: 4.875 * weekend
5: 4.84375 * Around
6: 4.75 * Weekend
7: 4.75 * ements
8: 4.21875 * weekends
9: 4.0625 * tracking
10: 3.28125 * guest
11: 2.96875 * Owner
12: 2.875 * DB
13: 2.71875 * Profile
14: 2.671875 * logy
15: 2.59375 * Pa
16: 2.515625 * afternoon
17: 2.46875 * Dog
18: 2.453125 * FC
19: 2.40625 * clădiri
20: 2.359375 * strip
21: 2.3125 * (8
22: 2.296875 * day
23: 2.265625 * walked
24: 2.25 * ncing
25: 2.15625 * transition
26: 2.140625 * Guest
27: 2.09375 * CC
28: 2.09375 * breath
29: 1.953125 * supplied
30: 1.953125 * ST
31: 1.9140625 * dogs
32: 1.9140625 * stretch
33: 1.78125 * animal
34: 1.78125 * 3
35: 1.75 * BS
36: 1.734375 * size
37: 1.6875 * pets
38: 1.671875 * Average
39: 1.6328125 * Animal
40: 1.625 * misiune
41: 1.609375 * Pet
42: 1.59375 * Leader
43: 1.5859375 * valeur
44: 1.5625 * Day
45: 1.53125 * Bark
46: 1.5234375 * actiuni
47: 1.515625 * DOT
48: 1.484375 * west
49: 1.4765625 * interest
Total loss: 0.21618032455444336 = MSE Loss: 0.1816752701997757, 5.0 * Sparsity Loss: 0.006901009939610958
Epoch: 1 batch_num: 115
0: 6.8125 * Walking
1: 6.75 * Licensed
2: 6.0625 * Walk
3: 5.0625 * Walk
4: 4.90625 * Around
5: 4.875 * weekend
6: 4.78125 * Weekend
7: 4.75 * ements
8: 4.1875 * weekends
9: 4.09375 * tracking
10: 3.296875 * guest
11: 2.96875 * Owner
12: 2.875 * DB
13: 2.6875 * Profile
14: 2.671875 * logy
15: 2.625 * Pa
16: 2.5 * afternoon
17: 2.5 * FC
18: 2.421875 * clădiri
19: 2.375 * (8
20: 2.296875 * strip
21: 2.28125 * walked
22: 2.25 * dogs
23: 2.25 * day
24: 2.21875 * ncing
25: 2.171875 * transition
26: 2.125 * Dog
27: 2.125 * Guest
28: 2.078125 * breath
29: 2.046875 * CC
30: 1.9609375 * ST
31: 1.9453125 * supplied
32: 1.921875 * stretch
33: 1.90625 * 3
34: 1.84375 * animal
35: 1.828125 * BS
36: 1.7890625 * size
37: 1.6953125 * Average
38: 1.6875 * Animal
39: 1.6484375 * Pet
40: 1.6015625 * pets
41: 1.578125 * valeur
42: 1.578125 * Leader
43: 1.5703125 * misiune
44: 1.5625 * Bark
45: 1.515625 * west
46: 1.5078125 * actiuni
47: 1.5078125 * DOT
48: 1.484375 * interest
49: 1.484375 * Day
Total loss: 0.25016525387763977 = MSE Loss: 0.21586988866329193, 5.0 * Sparsity Loss: 0.0068590715527534485
Epoch: 1 batch_num: 116
0: 6.9375 * Walking
1: 6.71875 * Licensed
2: 6.0625 * Walk
3: 5.03125 * Walk
4: 4.9375 * Around
5: 4.90625 * weekend
6: 4.78125 * Weekend
7: 4.71875 * ements
8: 4.21875 * weekends
9: 4.125 * tracking
10: 3.328125 * guest
11: 2.9375 * Owner
12: 2.828125 * DB
13: 2.640625 * Pa
14: 2.640625 * logy
15: 2.625 * Profile
16: 2.484375 * dogs
17: 2.484375 * FC
18: 2.46875 * afternoon
19: 2.40625 * clădiri
20: 2.359375 * (8
21: 2.34375 * walked
22: 2.234375 * strip
23: 2.21875 * ncing
24: 2.171875 * transition
25: 2.15625 * day
26: 2.140625 * Guest
27: 2.09375 * breath
28: 2.0625 * CC
29: 2.03125 * 3
30: 2.015625 * ST
31: 1.9453125 * stretch
32: 1.9296875 * Dog
33: 1.9296875 * supplied
34: 1.875 * animal
35: 1.859375 * BS
36: 1.8125 * size
37: 1.71875 * Average
38: 1.703125 * Animal
39: 1.6171875 * Pet
40: 1.578125 * Bark
41: 1.578125 * valeur
42: 1.5546875 * pets
43: 1.53125 * Leader
44: 1.515625 * misiune
45: 1.4921875 * DOT
46: 1.484375 * interest
47: 1.4609375 * Rover
48: 1.4609375 * actiuni
49: 1.453125 * west
Total loss: 0.45707517862319946 = MSE Loss: 0.42299574613571167, 5.0 * Sparsity Loss: 0.006815885193645954
Epoch: 1 batch_num: 117
0: 7.09375 * Walking
1: 6.6875 * Licensed
2: 6.0 * Walk
3: 5.0 * Walk
4: 4.96875 * weekend
5: 4.9375 * Around
6: 4.8125 * Weekend
7: 4.6875 * ements
8: 4.25 * weekends
9: 4.1875 * tracking
10: 3.328125 * guest
11: 2.9375 * Owner
12: 2.796875 * DB
13: 2.671875 * dogs
14: 2.640625 * Pa
15: 2.578125 * logy
16: 2.546875 * Profile
17: 2.46875 * FC
18: 2.4375 * afternoon
19: 2.421875 * walked
20: 2.390625 * clădiri
21: 2.328125 * (8
22: 2.21875 * transition
23: 2.203125 * ncing
24: 2.171875 * strip
25: 2.171875 * 3
26: 2.140625 * Guest
27: 2.078125 * ST
28: 2.078125 * breath
29: 2.0625 * CC
30: 2.0625 * day
31: 1.96875 * stretch
32: 1.9296875 * supplied
33: 1.921875 * animal
34: 1.859375 * size
35: 1.84375 * BS
36: 1.75 * Dog
37: 1.734375 * Animal
38: 1.7265625 * Average
39: 1.6015625 * dog
40: 1.59375 * Pet
41: 1.578125 * Bark
42: 1.578125 * valeur
43: 1.515625 * pets
44: 1.484375 * misiune
45: 1.4765625 * interest
46: 1.4765625 * Leader
47: 1.4609375 * Rover
48: 1.4609375 * DOT
49: 1.421875 * curve
Total loss: 0.2750229239463806 = MSE Loss: 0.2406102567911148, 5.0 * Sparsity Loss: 0.006882533896714449
Epoch: 1 batch_num: 118
0: 7.25 * Walking
1: 6.46875 * Licensed
2: 5.90625 * Walk
3: 5.0 * Walk
4: 4.96875 * Around
5: 4.9375 * weekend
6: 4.75 * Weekend
7: 4.6875 * ements
8: 4.21875 * weekends
9: 4.15625 * tracking
10: 3.296875 * guest
11: 2.9375 * Owner
12: 2.890625 * dogs
13: 2.625 * DB
14: 2.578125 * Pa
15: 2.53125 * walked
16: 2.53125 * logy
17: 2.40625 * FC
18: 2.390625 * afternoon
19: 2.375 * Profile
20: 2.359375 * 3
21: 2.359375 * clădiri
22: 2.296875 * transition
23: 2.25 * ST
24: 2.21875 * ncing
25: 2.15625 * CC
26: 2.125 * strip
27: 2.109375 * (8
28: 2.109375 * breath
29: 2.09375 * Guest
30: 2.046875 * animal
31: 2.015625 * day
32: 1.953125 * size
33: 1.921875 * stretch
34: 1.8984375 * dog
35: 1.8515625 * Animal
36: 1.796875 * supplied
37: 1.75 * BS
38: 1.703125 * Pet
39: 1.6875 * Average
40: 1.6796875 * valeur
41: 1.640625 * Dog
42: 1.609375 * Bark
43: 1.5078125 * Rover
44: 1.5078125 * side
45: 1.5 * interest
46: 1.4609375 * misiune
47: 1.4609375 * DOT
48: 1.453125 * pets
49: 1.4453125 * curve
Total loss: 0.2907433807849884 = MSE Loss: 0.2558317482471466, 5.0 * Sparsity Loss: 0.006982328370213509
Epoch: 1 batch_num: 119
0: 7.4375 * Walking
1: 6.28125 * Licensed
2: 5.84375 * Walk
3: 4.96875 * Walk
4: 4.96875 * Around
5: 4.875 * weekend
6: 4.6875 * Weekend
7: 4.65625 * ements
8: 4.1875 * weekends
9: 4.15625 * tracking
10: 3.265625 * guest
11: 3.03125 * dogs
12: 2.9375 * Owner
13: 2.640625 * walked
14: 2.5 * Pa
15: 2.484375 * logy
16: 2.46875 * 3
17: 2.46875 * ST
18: 2.453125 * DB
19: 2.390625 * FC
20: 2.34375 * afternoon
21: 2.34375 * clădiri
22: 2.328125 * transition
23: 2.25 * ncing
24: 2.21875 * Profile
25: 2.203125 * CC
26: 2.15625 * animal
27: 2.125 * dog
28: 2.125 * breath
29: 2.09375 * strip
30: 2.03125 * Guest
31: 2.03125 * size
32: 2.0 * day
33: 1.953125 * Animal
34: 1.9375 * (8
35: 1.9296875 * stretch
36: 1.796875 * Pet
37: 1.7578125 * valeur
38: 1.6875 * side
39: 1.6640625 * supplied
40: 1.65625 * BS
41: 1.65625 * Average
42: 1.6171875 * Bark
43: 1.5859375 * interest
44: 1.5625 * IN
45: 1.5625 * Fox
46: 1.5546875 * Dog
47: 1.546875 * Rover
48: 1.5 * size
49: 1.4609375 * curve
Total loss: 0.2543811500072479 = MSE Loss: 0.2185598909854889, 5.0 * Sparsity Loss: 0.007164250127971172
Epoch: 1 batch_num: 120
0: 7.625 * Walking
1: 6.0625 * Licensed
2: 5.6875 * Walk
3: 5.0625 * Around
4: 4.9375 * Walk
5: 4.84375 * weekend
6: 4.6875 * ements
7: 4.625 * Weekend
8: 4.15625 * tracking
9: 4.15625 * weekends
10: 3.265625 * guest
11: 3.078125 * dogs
12: 2.9375 * Owner
13: 2.75 * walked
14: 2.625 * ST
15: 2.546875 * 3
16: 2.484375 * logy
17: 2.390625 * Pa
18: 2.375 * DB
19: 2.375 * FC
20: 2.328125 * afternoon
21: 2.3125 * dog
22: 2.3125 * transition
23: 2.296875 * ncing
24: 2.296875 * clădiri
25: 2.234375 * animal
26: 2.203125 * CC
27: 2.15625 * breath
28: 2.078125 * Profile
29: 2.078125 * strip
30: 2.03125 * Animal
31: 2.015625 * Guest
32: 2.0 * size
33: 1.9453125 * day
34: 1.9140625 * Pet
35: 1.90625 * stretch
36: 1.859375 * side
37: 1.8515625 * valeur
38: 1.84375 * (8
39: 1.7265625 * Fox
40: 1.6953125 * IN
41: 1.6484375 * Bark
42: 1.59375 * Average
43: 1.5859375 * Rover
44: 1.5859375 * BS
45: 1.578125 * interest
46: 1.578125 * size
47: 1.546875 * supplied
48: 1.515625 * Path
49: 1.5 * Dog
Total loss: 0.2731347978115082 = MSE Loss: 0.23703037202358246, 5.0 * Sparsity Loss: 0.007220887113362551
Epoch: 1 batch_num: 121
0: 7.8125 * Walking
1: 5.84375 * Licensed
2: 5.65625 * Walk
3: 5.15625 * Around
4: 4.96875 * Walk
5: 4.78125 * weekend
6: 4.75 * ements
7: 4.53125 * Weekend
8: 4.15625 * tracking
9: 4.125 * weekends
10: 3.28125 * guest
11: 3.25 * dogs
12: 2.9375 * Owner
13: 2.828125 * walked
14: 2.671875 * ST
15: 2.546875 * dog
16: 2.546875 * 3
17: 2.53125 * logy
18: 2.421875 * FC
19: 2.34375 * Pa
20: 2.328125 * ncing
21: 2.3125 * transition
22: 2.3125 * DB
23: 2.28125 * animal
24: 2.25 * afternoon
25: 2.234375 * clădiri
26: 2.21875 * CC
27: 2.171875 * breath
28: 2.09375 * Animal
29: 2.03125 * Pet
30: 2.03125 * side
31: 2.03125 * strip
32: 2.0 * Guest
33: 1.9921875 * size
34: 1.953125 * valeur
35: 1.9453125 * Profile
36: 1.8984375 * day
37: 1.8671875 * IN
38: 1.8671875 * Fox
39: 1.84375 * stretch
40: 1.7890625 * (8
41: 1.6875 * Bark
42: 1.6328125 * Rover
43: 1.6328125 * size
44: 1.6015625 * Path
45: 1.5625 * walk
46: 1.5546875 * Average
47: 1.546875 * BS
48: 1.546875 * interest
49: 1.515625 * curve
Total loss: 0.29938778281211853 = MSE Loss: 0.26338985562324524, 5.0 * Sparsity Loss: 0.007199586369097233
Epoch: 1 batch_num: 122
0: 7.96875 * Walking
1: 5.6875 * Walk
2: 5.625 * Licensed
3: 5.21875 * Around
4: 4.96875 * Walk
5: 4.71875 * weekend
6: 4.6875 * ements
7: 4.4375 * Weekend
8: 4.1875 * tracking
9: 4.09375 * weekends
10: 3.5 * dogs
11: 3.296875 * guest
12: 2.90625 * Owner
13: 2.890625 * walked
14: 2.84375 * dog
15: 2.65625 * ST
16: 2.546875 * 3
17: 2.53125 * logy
18: 2.453125 * FC
19: 2.421875 * ncing
20: 2.34375 * Pa
21: 2.328125 * animal
22: 2.265625 * transition
23: 2.25 * DB
24: 2.234375 * CC
25: 2.21875 * afternoon
26: 2.171875 * Pet
27: 2.171875 * side
28: 2.171875 * breath
29: 2.140625 * clădiri
30: 2.125 * Animal
31: 2.03125 * size
32: 2.015625 * IN
33: 2.015625 * valeur
34: 1.96875 * strip
35: 1.96875 * Fox
36: 1.9609375 * Guest
37: 1.859375 * day
38: 1.78125 * Profile
39: 1.7734375 * (8
40: 1.7421875 * stretch
41: 1.7421875 * size
42: 1.7265625 * Bark
43: 1.6640625 * Rover
44: 1.640625 * Path
45: 1.609375 * walk
46: 1.609375 * On
47: 1.5390625 * Average
48: 1.53125 * BS
49: 1.515625 * curve
Total loss: 0.5402688980102539 = MSE Loss: 0.5044136047363281, 5.0 * Sparsity Loss: 0.007171058561652899
Epoch: 1 batch_num: 123
0: 8.125 * Walking
1: 5.71875 * Walk
2: 5.40625 * Licensed
3: 5.28125 * Around
4: 5.03125 * Walk
5: 4.6875 * ements
6: 4.625 * weekend
7: 4.3125 * Weekend
8: 4.21875 * tracking
9: 4.0 * weekends
10: 3.78125 * dogs
11: 3.28125 * guest
12: 3.125 * dog
13: 2.9375 * walked
14: 2.875 * Owner
15: 2.5625 * 3
16: 2.546875 * logy
17: 2.515625 * FC
18: 2.484375 * ncing
19: 2.46875 * ST
20: 2.359375 * animal
21: 2.34375 * Pa
22: 2.3125 * Pet
23: 2.3125 * side
24: 2.25 * transition
25: 2.21875 * CC
26: 2.21875 * DB
27: 2.203125 * afternoon
28: 2.171875 * Animal
29: 2.15625 * breath
30: 2.078125 * IN
31: 2.078125 * size
32: 2.046875 * valeur
33: 2.046875 * clădiri
34: 2.015625 * Fox
35: 1.90625 * strip
36: 1.8984375 * Guest
37: 1.8359375 * size
38: 1.8203125 * day
39: 1.7890625 * (8
40: 1.7734375 * Bark
41: 1.703125 * On
42: 1.6875 * Rover
43: 1.6796875 * Profile
44: 1.671875 * Path
45: 1.6015625 * walk
46: 1.6015625 * stretch
47: 1.6015625 * west
48: 1.578125 * PT
49: 1.5390625 * BS
Total loss: 0.2476588636636734 = MSE Loss: 0.21190188825130463, 5.0 * Sparsity Loss: 0.0071513960137963295
Epoch: 1 batch_num: 124
0: 8.25 * Walking
1: 5.8125 * Walk
2: 5.28125 * Around
3: 5.1875 * Licensed
4: 5.125 * Walk
5: 4.65625 * ements
6: 4.5625 * weekend
7: 4.25 * Weekend
8: 4.21875 * tracking
9: 4.03125 * dogs
10: 3.9375 * weekends
11: 3.390625 * dog
12: 3.265625 * guest
13: 2.984375 * walked
14: 2.84375 * Owner
15: 2.578125 * 3
16: 2.546875 * FC
17: 2.53125 * ncing
18: 2.515625 * logy
19: 2.453125 * Pet
20: 2.453125 * side
21: 2.4375 * animal
22: 2.328125 * ST
23: 2.3125 * Pa
24: 2.234375 * transition
25: 2.21875 * Animal
26: 2.203125 * CC
27: 2.1875 * afternoon
28: 2.15625 * DB
29: 2.125 * IN
30: 2.125 * size
31: 2.109375 * breath
32: 2.078125 * valeur
33: 2.0625 * Fox
34: 1.9765625 * clădiri
35: 1.953125 * size
36: 1.8515625 * Guest
37: 1.84375 * strip
38: 1.8125 * Bark
39: 1.796875 * (8
40: 1.78125 * west
41: 1.765625 * On
42: 1.7578125 * Path
43: 1.7265625 * day
44: 1.703125 * Rover
45: 1.6875 * PT
46: 1.6171875 * walk
47: 1.546875 * Profile
48: 1.5234375 * BS
49: 1.515625 * curve
Total loss: 0.2950899600982666 = MSE Loss: 0.25975146889686584, 5.0 * Sparsity Loss: 0.007067695260047913
Epoch: 1 batch_num: 125
0: 8.25 * Walking
1: 5.8125 * Walk
2: 5.25 * Around
3: 5.15625 * Walk
4: 5.03125 * Licensed
5: 4.6875 * ements
6: 4.4375 * weekend
7: 4.25 * tracking
8: 4.1875 * dogs
9: 4.09375 * Weekend
10: 3.828125 * weekends
11: 3.5625 * dog
12: 3.21875 * guest
13: 2.984375 * walked
14: 2.828125 * Owner
15: 2.640625 * side
16: 2.625 * 3
17: 2.625 * FC
18: 2.59375 * ncing
19: 2.578125 * Pet
20: 2.484375 * animal
21: 2.46875 * logy
22: 2.265625 * Animal
23: 2.265625 * Pa
24: 2.234375 * transition
25: 2.234375 * ST
26: 2.203125 * afternoon
27: 2.203125 * size
28: 2.1875 * CC
29: 2.171875 * IN
30: 2.125 * valeur
31: 2.09375 * DB
32: 2.09375 * breath
33: 2.0625 * Fox
34: 2.046875 * size
35: 1.953125 * west
36: 1.9453125 * clădiri
37: 1.84375 * Path
38: 1.8203125 * strip
39: 1.8046875 * Guest
40: 1.78125 * Bark
41: 1.765625 * PT
42: 1.7421875 * On
43: 1.734375 * Rover
44: 1.7265625 * (8
45: 1.7265625 * day
46: 1.5859375 * walk
47: 1.5078125 * BS
48: 1.5078125 * curve
49: 1.4921875 * Average
Total loss: 0.23814184963703156 = MSE Loss: 0.20319537818431854, 5.0 * Sparsity Loss: 0.006989293731749058
Epoch: 1 batch_num: 126
0: 8.25 * Walking
1: 5.84375 * Walk
2: 5.1875 * Around
3: 5.15625 * Walk
4: 4.875 * Licensed
5: 4.6875 * ements
6: 4.375 * weekend
7: 4.3125 * dogs
8: 4.21875 * tracking
9: 4.0 * Weekend
10: 3.734375 * weekends
11: 3.671875 * dog
12: 3.1875 * guest
13: 2.984375 * walked
14: 2.8125 * Owner
15: 2.765625 * side
16: 2.703125 * FC
17: 2.671875 * Pet
18: 2.65625 * ncing
19: 2.65625 * 3
20: 2.53125 * animal
21: 2.40625 * logy
22: 2.3125 * Animal
23: 2.28125 * size
24: 2.25 * IN
25: 2.234375 * Pa
26: 2.203125 * transition
27: 2.203125 * CC
28: 2.203125 * ST
29: 2.1875 * afternoon
30: 2.171875 * valeur
31: 2.109375 * west
32: 2.078125 * Fox
33: 2.078125 * breath
34: 2.0625 * size
35: 2.03125 * DB
36: 1.9375 * clădiri
37: 1.875 * Path
38: 1.8046875 * PT
39: 1.78125 * strip
40: 1.7734375 * Rover
41: 1.7578125 * Guest
42: 1.75 * Bark
43: 1.6796875 * On
44: 1.671875 * day
45: 1.6171875 * (8
46: 1.5546875 * walk
47: 1.515625 * curve
48: 1.4765625 * Average
49: 1.4765625 * lation
Total loss: 0.17744599282741547 = MSE Loss: 0.14275608956813812, 5.0 * Sparsity Loss: 0.006937980651855469
Epoch: 1 batch_num: 127
0: 8.3125 * Walking
1: 5.78125 * Walk
2: 5.15625 * Walk
3: 5.15625 * Around
4: 4.75 * Licensed
5: 4.65625 * ements
6: 4.4375 * dogs
7: 4.375 * weekend
8: 4.1875 * tracking
9: 3.984375 * Weekend
10: 3.765625 * dog
11: 3.703125 * weekends
12: 3.1875 * guest
13: 3.0625 * walked
14: 2.90625 * side
15: 2.78125 * Owner
16: 2.75 * FC
17: 2.703125 * Pet
18: 2.6875 * ncing
19: 2.640625 * 3
20: 2.546875 * animal
21: 2.34375 * Animal
22: 2.34375 * logy
23: 2.34375 * size
24: 2.296875 * IN
25: 2.234375 * CC
26: 2.203125 * Pa
27: 2.203125 * ST
28: 2.203125 * valeur
29: 2.1875 * west
30: 2.125 * transition
31: 2.125 * size
32: 2.109375 * afternoon
33: 2.109375 * breath
34: 2.0625 * Fox
35: 1.984375 * DB
36: 1.953125 * clădiri
37: 1.8984375 * Path
38: 1.8359375 * PT
39: 1.7890625 * Rover
40: 1.734375 * Bark
41: 1.734375 * strip
42: 1.7265625 * Guest
43: 1.6796875 * walk
44: 1.640625 * On
45: 1.53125 * day
46: 1.5234375 * curve
47: 1.515625 * (8
48: 1.5 * Side
49: 1.484375 * lation
Total loss: 0.2417612075805664 = MSE Loss: 0.20771388709545135, 5.0 * Sparsity Loss: 0.006809464655816555
Epoch: 1 batch_num: 128
0: 8.375 * Walking
1: 5.75 * Walk
2: 5.125 * Walk
3: 5.09375 * Around
4: 4.71875 * Licensed
5: 4.625 * dogs
6: 4.625 * ements
7: 4.40625 * weekend
8: 4.15625 * tracking
9: 3.96875 * Weekend
10: 3.90625 * dog
11: 3.6875 * weekends
12: 3.203125 * guest
13: 3.109375 * walked
14: 2.984375 * side
15: 2.78125 * FC
16: 2.765625 * Pet
17: 2.75 * Owner
18: 2.75 * ncing
19: 2.640625 * 3
20: 2.546875 * animal
21: 2.390625 * size
22: 2.375 * Animal
23: 2.34375 * IN
24: 2.3125 * logy
25: 2.296875 * CC
26: 2.296875 * ST
27: 2.21875 * west
28: 2.21875 * valeur
29: 2.1875 * Pa
30: 2.140625 * breath
31: 2.109375 * size
32: 2.03125 * afternoon
33: 2.03125 * Fox
34: 2.015625 * transition
35: 1.9609375 * clădiri
36: 1.9375 * DB
37: 1.921875 * Path
38: 1.828125 * PT
39: 1.8046875 * Rover
40: 1.75 * walk
41: 1.71875 * Bark
42: 1.7109375 * Guest
43: 1.6796875 * strip
44: 1.5625 * Side
45: 1.5390625 * On
46: 1.5234375 * erstellt
47: 1.5234375 * curve
48: 1.4765625 * begging
49: 1.4765625 * lation
Total loss: 0.1832784116268158 = MSE Loss: 0.14939720928668976, 5.0 * Sparsity Loss: 0.0067762392573058605
Epoch: 1 batch_num: 129
0: 8.4375 * Walking
1: 5.6875 * Walk
2: 5.09375 * Walk
3: 5.09375 * Around
4: 4.6875 * ements
5: 4.65625 * dogs
6: 4.65625 * Licensed
7: 4.40625 * weekend
8: 4.125 * tracking
9: 3.984375 * dog
10: 3.9375 * Weekend
11: 3.625 * weekends
12: 3.1875 * guest
13: 3.125 * walked
14: 3.046875 * side
15: 2.765625 * FC
16: 2.75 * Pet
17: 2.75 * ncing
18: 2.703125 * Owner
19: 2.671875 * 3
20: 2.53125 * animal
21: 2.4375 * size
22: 2.421875 * IN
23: 2.40625 * ST
24: 2.359375 * Animal
25: 2.328125 * logy
26: 2.3125 * CC
27: 2.25 * valeur
28: 2.203125 * west
29: 2.171875 * Pa
30: 2.171875 * breath
31: 2.140625 * size
32: 2.046875 * Fox
33: 2.015625 * transition
34: 1.96875 * clădiri
35: 1.953125 * afternoon
36: 1.9140625 * Path
37: 1.875 * DB
38: 1.828125 * walk
39: 1.828125 * Rover
40: 1.8125 * PT
41: 1.671875 * Bark
42: 1.671875 * Guest
43: 1.65625 * strip
44: 1.625 * Side
45: 1.5546875 * erstellt
46: 1.546875 * curve
47: 1.5 * Profile
48: 1.484375 * On
49: 1.453125 * Scout
Total loss: 0.2364429384469986 = MSE Loss: 0.20265048742294312, 5.0 * Sparsity Loss: 0.006758490577340126
Epoch: 1 batch_num: 130
0: 8.375 * Walking
1: 5.75 * Walk
2: 5.09375 * Walk
3: 5.03125 * Around
4: 4.78125 * dogs
5: 4.71875 * ements
6: 4.59375 * Licensed
7: 4.34375 * weekend
8: 4.09375 * dog
9: 4.09375 * tracking
10: 3.875 * Weekend
11: 3.5625 * weekends
12: 3.15625 * guest
13: 3.09375 * walked
14: 3.03125 * side
15: 2.765625 * 3
16: 2.734375 * Pet
17: 2.734375 * FC
18: 2.703125 * ncing
19: 2.671875 * Owner
20: 2.515625 * ST
21: 2.5 * animal
22: 2.46875 * IN
23: 2.453125 * size
24: 2.375 * CC
25: 2.34375 * Animal
26: 2.28125 * logy
27: 2.265625 * valeur
28: 2.21875 * west
29: 2.1875 * breath
30: 2.15625 * Pa
31: 2.109375 * size
32: 2.0625 * Fox
33: 1.96875 * clădiri
34: 1.9453125 * transition
35: 1.9296875 * Path
36: 1.8984375 * afternoon
37: 1.8515625 * Rover
38: 1.8046875 * DB
39: 1.8046875 * PT
40: 1.7578125 * walk
41: 1.640625 * Side
42: 1.6328125 * Bark
43: 1.625 * Guest
44: 1.6015625 * strip
45: 1.5625 * erstellt
46: 1.5546875 * curve
47: 1.5234375 * Profile
48: 1.4765625 * Scout
49: 1.4296875 * lation
Total loss: 0.3972077965736389 = MSE Loss: 0.3637067377567291, 5.0 * Sparsity Loss: 0.006700210738927126
Epoch: 1 batch_num: 131
0: 8.1875 * Walking
1: 5.875 * Walk
2: 5.125 * Walk
3: 4.96875 * Around
4: 4.84375 * dogs
5: 4.78125 * ements
6: 4.5625 * Licensed
7: 4.28125 * weekend
8: 4.15625 * dog
9: 4.0625 * tracking
10: 3.8125 * Weekend
11: 3.46875 * weekends
12: 3.125 * guest
13: 3.03125 * walked
14: 3.0 * side
15: 2.84375 * 3
16: 2.71875 * Pet
17: 2.71875 * FC
18: 2.65625 * ncing
19: 2.59375 * ST
20: 2.578125 * Owner
21: 2.546875 * IN
22: 2.5 * size
23: 2.46875 * animal
24: 2.375 * CC
25: 2.34375 * Animal
26: 2.296875 * west
27: 2.265625 * logy
28: 2.265625 * valeur
29: 2.203125 * breath
30: 2.171875 * size
31: 2.09375 * Pa
32: 2.046875 * Fox
33: 1.9453125 * clădiri
34: 1.9375 * transition
35: 1.8984375 * Path
36: 1.875 * Rover
37: 1.859375 * afternoon
38: 1.78125 * PT
39: 1.75 * DB
40: 1.6484375 * Side
41: 1.6015625 * walk
42: 1.6015625 * Bark
43: 1.59375 * Profile
44: 1.5859375 * Guest
45: 1.5859375 * ST
46: 1.578125 * strip
47: 1.5703125 * erstellt
48: 1.5625 * curve
49: 1.546875 * mândr
Total loss: 0.2282305806875229 = MSE Loss: 0.19343869388103485, 5.0 * Sparsity Loss: 0.006958376616239548
Epoch: 1 batch_num: 132
0: 8.0625 * Walking
1: 5.96875 * Walk
2: 5.125 * Walk
3: 4.9375 * dogs
4: 4.9375 * Around
5: 4.84375 * ements
6: 4.53125 * Licensed
7: 4.3125 * weekend
8: 4.25 * dog
9: 4.0 * tracking
10: 3.8125 * Weekend
11: 3.4375 * weekends
12: 3.078125 * guest
13: 3.0 * walked
14: 2.9375 * side
15: 2.875 * 3
16: 2.796875 * Pet
17: 2.703125 * FC
18: 2.671875 * ncing
19: 2.65625 * ST
20: 2.5625 * IN
21: 2.546875 * size
22: 2.53125 * Owner
23: 2.46875 * animal
24: 2.40625 * CC
25: 2.34375 * Animal
26: 2.34375 * west
27: 2.265625 * logy
28: 2.25 * valeur
29: 2.203125 * breath
30: 2.1875 * size
31: 2.078125 * Pa
32: 2.03125 * Fox
33: 1.921875 * transition
34: 1.9140625 * clădiri
35: 1.890625 * Rover
36: 1.8359375 * ST
37: 1.8125 * Path
38: 1.7734375 * afternoon
39: 1.765625 * PT
40: 1.7421875 * DB
41: 1.703125 * mândr
42: 1.6171875 * Profile
43: 1.609375 * Side
44: 1.578125 * erstellt
45: 1.5703125 * Bark
46: 1.5546875 * curve
47: 1.5390625 * strip
48: 1.53125 * Guest
49: 1.5078125 * West
Total loss: 0.20667967200279236 = MSE Loss: 0.17284239828586578, 5.0 * Sparsity Loss: 0.006767454091459513
Epoch: 1 batch_num: 133
0: 7.96875 * Walking
1: 6.09375 * Walk
2: 5.15625 * Walk
3: 5.0 * dogs
4: 4.90625 * Around
5: 4.84375 * ements
6: 4.5 * Licensed
7: 4.34375 * weekend
8: 4.3125 * dog
9: 3.953125 * tracking
10: 3.828125 * Weekend
11: 3.4375 * weekends
12: 3.015625 * guest
13: 2.984375 * walked
14: 2.90625 * Pet
15: 2.890625 * side
16: 2.875 * 3
17: 2.734375 * ncing
18: 2.703125 * ST
19: 2.65625 * FC
20: 2.640625 * IN
21: 2.546875 * size
22: 2.484375 * Owner
23: 2.453125 * animal
24: 2.4375 * CC
25: 2.375 * west
26: 2.359375 * Animal
27: 2.25 * valeur
28: 2.21875 * logy
29: 2.203125 * breath
30: 2.1875 * size
31: 2.046875 * ST
32: 2.03125 * Pa
33: 1.96875 * Fox
34: 1.90625 * Rover
35: 1.8984375 * transition
36: 1.8828125 * clădiri
37: 1.7890625 * mândr
38: 1.7578125 * PT
39: 1.7265625 * DB
40: 1.703125 * Path
41: 1.6796875 * afternoon
42: 1.609375 * Profile
43: 1.59375 * erstellt
44: 1.5703125 * Side
45: 1.546875 * West
46: 1.5390625 * Bark
47: 1.53125 * curve
48: 1.4921875 * Scout
49: 1.4765625 * Guest
Total loss: 0.25530657172203064 = MSE Loss: 0.22121688723564148, 5.0 * Sparsity Loss: 0.006817936897277832
Epoch: 1 batch_num: 134
0: 7.90625 * Walking
1: 6.125 * Walk
2: 5.1875 * Walk
3: 5.125 * dogs
4: 4.84375 * Around
5: 4.8125 * ements
6: 4.4375 * dog
7: 4.4375 * Licensed
8: 4.375 * weekend
9: 3.890625 * tracking
10: 3.859375 * Weekend
11: 3.4375 * weekends
12: 3.015625 * walked
13: 3.015625 * Pet
14: 2.96875 * guest
15: 2.859375 * side
16: 2.78125 * 3
17: 2.75 * ncing
18: 2.703125 * ST
19: 2.625 * IN
20: 2.609375 * FC
21: 2.484375 * animal
22: 2.484375 * size
23: 2.46875 * Owner
24: 2.421875 * CC
25: 2.421875 * west
26: 2.40625 * Animal
27: 2.21875 * valeur
28: 2.203125 * logy
29: 2.203125 * breath
30: 2.1875 * ST
31: 2.140625 * size
32: 2.015625 * Pa
33: 1.890625 * Rover
34: 1.890625 * mândr
35: 1.875 * transition
36: 1.8671875 * clădiri
37: 1.828125 * Fox
38: 1.75 * PT
39: 1.7265625 * DB
40: 1.625 * afternoon
41: 1.625 * Path
42: 1.625 * West
43: 1.5859375 * erstellt
44: 1.578125 * Profile
45: 1.5546875 * Bark
46: 1.515625 * lead
47: 1.4921875 * Scout
48: 1.4921875 * Side
49: 1.4765625 * curve
Total loss: 0.1840101182460785 = MSE Loss: 0.14947238564491272, 5.0 * Sparsity Loss: 0.006907548289746046
Epoch: 1 batch_num: 135
0: 7.8125 * Walking
1: 6.21875 * Walk
2: 5.28125 * dogs
3: 5.21875 * Walk
4: 4.8125 * ements
5: 4.75 * Around
6: 4.53125 * dog
7: 4.4375 * Licensed
8: 4.40625 * weekend
9: 3.875 * Weekend
10: 3.828125 * tracking
11: 3.453125 * weekends
12: 3.109375 * Pet
13: 3.0 * walked
14: 2.953125 * guest
15: 2.8125 * side
16: 2.75 * 3
17: 2.703125 * ncing
18: 2.6875 * ST
19: 2.609375 * FC
20: 2.53125 * IN
21: 2.484375 * animal
22: 2.421875 * Animal
23: 2.40625 * Owner
24: 2.40625 * west
25: 2.40625 * size
26: 2.375 * CC
27: 2.25 * ST
28: 2.203125 * valeur
29: 2.203125 * breath
30: 2.15625 * logy
31: 2.15625 * size
32: 2.078125 * mândr
33: 1.9609375 * Pa
34: 1.875 * Rover
35: 1.859375 * transition
36: 1.84375 * clădiri
37: 1.7421875 * PT
38: 1.6875 * West
39: 1.6875 * Fox
40: 1.6796875 * DB
41: 1.625 * realizeaz
42: 1.6015625 * Path
43: 1.59375 * afternoon
44: 1.5859375 * erstellt
45: 1.5703125 * lead
46: 1.5625 * Bark
47: 1.4921875 * Scout
48: 1.46875 * Profile
49: 1.4375 * curve
Total loss: 0.19861911237239838 = MSE Loss: 0.16477888822555542, 5.0 * Sparsity Loss: 0.006768044549971819
Epoch: 1 batch_num: 136
0: 7.71875 * Walking
1: 6.34375 * Walk
2: 5.375 * dogs
3: 5.28125 * Walk
4: 4.84375 * ements
5: 4.65625 * Around
6: 4.5625 * dog
7: 4.40625 * Licensed
8: 4.375 * weekend
9: 3.875 * Weekend
10: 3.765625 * tracking
11: 3.4375 * weekends
12: 3.125 * Pet
13: 2.953125 * walked
14: 2.953125 * guest
15: 2.78125 * side
16: 2.6875 * 3
17: 2.65625 * ncing
18: 2.65625 * ST
19: 2.578125 * FC
20: 2.46875 * animal
21: 2.46875 * IN
22: 2.40625 * Animal
23: 2.390625 * west
24: 2.34375 * CC
25: 2.328125 * Owner
26: 2.328125 * ST
27: 2.328125 * size
28: 2.203125 * breath
29: 2.1875 * mândr
30: 2.171875 * size
31: 2.15625 * logy
32: 2.15625 * valeur
33: 1.90625 * Pa
34: 1.859375 * Rover
35: 1.859375 * transition
36: 1.8125 * clădiri
37: 1.7734375 * West
38: 1.7265625 * PT
39: 1.6875 * realizeaz
40: 1.6328125 * DB
41: 1.609375 * lead
42: 1.578125 * Fox
43: 1.578125 * erstellt
44: 1.5703125 * afternoon
45: 1.5625 * Path
46: 1.5546875 * Bark
47: 1.4921875 * Scout
48: 1.40625 * small
49: 1.40625 * curve
Total loss: 0.5055010914802551 = MSE Loss: 0.47272229194641113, 5.0 * Sparsity Loss: 0.0065557584166526794
Epoch: 1 batch_num: 137
0: 7.65625 * Walking
1: 6.46875 * Walk
2: 5.34375 * Walk
3: 5.34375 * dogs
4: 4.84375 * ements
5: 4.59375 * Around
6: 4.53125 * dog
7: 4.40625 * Licensed
8: 4.375 * weekend
9: 3.875 * Weekend
10: 3.75 * tracking
11: 3.4375 * weekends
12: 3.09375 * Pet
13: 2.9375 * walked
14: 2.921875 * guest
15: 2.734375 * side
16: 2.65625 * 3
17: 2.609375 * ST
18: 2.59375 * ncing
19: 2.59375 * FC
20: 2.40625 * animal
21: 2.375 * Animal
22: 2.359375 * ST
23: 2.34375 * IN
24: 2.296875 * mândr
25: 2.28125 * west
26: 2.25 * Owner
27: 2.234375 * CC
28: 2.21875 * size
29: 2.21875 * size
30: 2.1875 * breath
31: 2.15625 * logy
32: 2.109375 * valeur
33: 1.984375 * transition
34: 1.90625 * Pa
35: 1.8359375 * Rover
36: 1.8046875 * realizeaz
37: 1.7734375 * clădiri
38: 1.7265625 * West
39: 1.7109375 * PT
40: 1.65625 * lead
41: 1.6484375 * DB
42: 1.578125 * afternoon
43: 1.546875 * small
44: 1.546875 * Bark
45: 1.546875 * erstellt
46: 1.515625 * Fox
47: 1.484375 * Scout
48: 1.46875 * strip
49: 1.4609375 * </s>
Total loss: 0.26731547713279724 = MSE Loss: 0.23353610932826996, 5.0 * Sparsity Loss: 0.0067558735609054565
Epoch: 1 batch_num: 138
0: 7.6875 * Walking
1: 6.5625 * Walk
2: 5.4375 * Walk
3: 5.25 * dogs
4: 4.78125 * ements
5: 4.5625 * Around
6: 4.46875 * weekend
7: 4.4375 * dog
8: 4.40625 * Licensed
9: 3.96875 * Weekend
10: 3.71875 * tracking
11: 3.53125 * weekends
12: 3.015625 * Pet
13: 2.984375 * walked
14: 2.921875 * guest
15: 2.671875 * side
16: 2.65625 * 3
17: 2.59375 * ST
18: 2.546875 * ncing
19: 2.515625 * FC
20: 2.5 * ST
21: 2.46875 * mândr
22: 2.3125 * animal
23: 2.3125 * size
24: 2.296875 * Animal
25: 2.25 * IN
26: 2.203125 * realizeaz
27: 2.171875 * breath
28: 2.15625 * Owner
29: 2.140625 * logy
30: 2.078125 * transition
31: 2.078125 * CC
32: 2.078125 * valeur
33: 2.0625 * west
34: 2.0625 * size
35: 1.8984375 * Pa
36: 1.8203125 * small
37: 1.78125 * Rover
38: 1.71875 * clădiri
39: 1.703125 * </s>
40: 1.703125 * lead
41: 1.6875 * PT
42: 1.65625 * DB
43: 1.5859375 * afternoon
44: 1.5625 * Bark
45: 1.5234375 * erstellt
46: 1.515625 * West
47: 1.4765625 * strip
48: 1.46875 * Scout
49: 1.453125 * Fox
Total loss: 0.21972103416919708 = MSE Loss: 0.18567287921905518, 5.0 * Sparsity Loss: 0.006809629965573549
Epoch: 1 batch_num: 139
0: 7.875 * Walking
1: 6.53125 * Walk
2: 5.46875 * Walk
3: 5.0 * dogs
4: 4.71875 * ements
5: 4.59375 * Around
6: 4.5625 * weekend
7: 4.4375 * Licensed
8: 4.28125 * dog
9: 4.03125 * Weekend
10: 3.703125 * tracking
11: 3.625 * weekends
12: 3.078125 * walked
13: 2.953125 * guest
14: 2.90625 * Pet
15: 2.640625 * side
16: 2.5625 * mândr
17: 2.5625 * 3
18: 2.5625 * realizeaz
19: 2.53125 * ncing
20: 2.5 * ST
21: 2.484375 * ST
22: 2.46875 * FC
23: 2.34375 * size
24: 2.203125 * IN
25: 2.1875 * Animal
26: 2.171875 * animal
27: 2.15625 * transition
28: 2.140625 * logy
29: 2.140625 * breath
30: 2.125 * small
31: 2.046875 * Owner
32: 2.046875 * valeur
33: 1.921875 * CC
34: 1.90625 * size
35: 1.890625 * Pa
36: 1.890625 * west
37: 1.8828125 * </s>
38: 1.765625 * lead
39: 1.7109375 * Rover
40: 1.7109375 * PT
41: 1.6796875 * DB
42: 1.65625 * clădiri
43: 1.5859375 * afternoon
44: 1.5703125 * morning
45: 1.546875 * Bark
46: 1.484375 * erstellt
47: 1.4765625 * begging
48: 1.4296875 * Scout
49: 1.421875 * strip
Total loss: 0.2539265751838684 = MSE Loss: 0.21877911686897278, 5.0 * Sparsity Loss: 0.007029490079730749
Epoch: 1 batch_num: 140
0: 7.9375 * Walking
1: 6.65625 * Walk
2: 5.5 * Walk
3: 4.78125 * dogs
4: 4.625 * Around
5: 4.625 * weekend
6: 4.625 * ements
7: 4.4375 * Licensed
8: 4.15625 * dog
9: 4.0625 * Weekend
10: 3.734375 * tracking
11: 3.6875 * weekends
12: 3.109375 * walked
13: 2.953125 * guest
14: 2.890625 * realizeaz
15: 2.796875 * Pet
16: 2.65625 * mândr
17: 2.578125 * side
18: 2.578125 * 3
19: 2.5625 * ST
20: 2.53125 * ncing
21: 2.40625 * ST
22: 2.40625 * FC
23: 2.390625 * size
24: 2.28125 * small
25: 2.265625 * transition
26: 2.1875 * IN
27: 2.15625 * logy
28: 2.09375 * Animal
29: 2.09375 * breath
30: 2.03125 * animal
31: 2.03125 * </s>
32: 2.0 * valeur
33: 1.953125 * Owner
34: 1.8515625 * Pa
35: 1.8046875 * CC
36: 1.8046875 * size
37: 1.7734375 * lead
38: 1.734375 * west
39: 1.6953125 * PT
40: 1.65625 * Rover
41: 1.65625 * DB
42: 1.6328125 * morning
43: 1.59375 * afternoon
44: 1.5625 * clădiri
45: 1.5390625 * Bark
46: 1.484375 * On
47: 1.4765625 * begging
48: 1.453125 * erstellt
49: 1.4140625 * Madison
Total loss: 0.2994636595249176 = MSE Loss: 0.26456812024116516, 5.0 * Sparsity Loss: 0.006979105528444052
Epoch: 1 batch_num: 141
0: 7.96875 * Walking
1: 6.8125 * Walk
2: 5.5625 * Walk
3: 4.6875 * weekend
4: 4.625 * dogs
5: 4.625 * Around
6: 4.5625 * ements
7: 4.40625 * Licensed
8: 4.09375 * dog
9: 4.09375 * Weekend
10: 3.765625 * tracking
11: 3.765625 * weekends
12: 3.15625 * realizeaz
13: 3.09375 * walked
14: 2.96875 * guest
15: 2.78125 * mândr
16: 2.6875 * Pet
17: 2.625 * ST
18: 2.578125 * 3
19: 2.515625 * side
20: 2.484375 * ncing
21: 2.40625 * size
22: 2.390625 * small
23: 2.375 * FC
24: 2.328125 * transition
25: 2.296875 * ST
26: 2.171875 * </s>
27: 2.15625 * IN
28: 2.15625 * logy
29: 2.0625 * breath
30: 2.0 * Animal
31: 1.9609375 * valeur
32: 1.90625 * animal
33: 1.875 * Owner
34: 1.828125 * Pa
35: 1.734375 * lead
36: 1.7265625 * morning
37: 1.7265625 * CC
38: 1.6875 * PT
39: 1.6875 * size
40: 1.671875 * DB
41: 1.6015625 * Rover
42: 1.5859375 * afternoon
43: 1.5859375 * west
44: 1.5234375 * Bark
45: 1.5234375 * On
46: 1.484375 * clădiri
47: 1.4375 * Madison
48: 1.4375 * begging
49: 1.4296875 * erstellt
Total loss: 0.2851482927799225 = MSE Loss: 0.2504436671733856, 5.0 * Sparsity Loss: 0.006940927356481552
Epoch: 1 batch_num: 142
0: 7.9375 * Walking
1: 7.0 * Walk
2: 5.59375 * Walk
3: 4.78125 * weekend
4: 4.59375 * Around
5: 4.5 * dogs
6: 4.46875 * ements
7: 4.40625 * Licensed
8: 4.15625 * Weekend
9: 4.0625 * dog
10: 3.84375 * weekends
11: 3.765625 * tracking
12: 3.34375 * realizeaz
13: 3.03125 * walked
14: 2.9375 * guest
15: 2.90625 * mândr
16: 2.71875 * ST
17: 2.609375 * Pet
18: 2.5625 * 3
19: 2.484375 * side
20: 2.46875 * small
21: 2.4375 * ncing
22: 2.421875 * size
23: 2.40625 * transition
24: 2.34375 * FC
25: 2.265625 * </s>
26: 2.21875 * ST
27: 2.125 * logy
28: 2.078125 * IN
29: 2.0625 * breath
30: 1.921875 * Animal
31: 1.90625 * valeur
32: 1.828125 * morning
33: 1.8203125 * Pa
34: 1.8125 * animal
35: 1.7890625 * Owner
36: 1.6640625 * CC
37: 1.6640625 * DB
38: 1.6640625 * PT
39: 1.6171875 * lead
40: 1.6015625 * size
41: 1.5390625 * Rover
42: 1.5390625 * afternoon
43: 1.5234375 * Transition
44: 1.4765625 * Bark
45: 1.4609375 * On
46: 1.4375 * erstellt
47: 1.4296875 * Madison
48: 1.4296875 * Territory
49: 1.40625 * owner
Total loss: 0.22802329063415527 = MSE Loss: 0.19309894740581512, 5.0 * Sparsity Loss: 0.00698486901819706
Epoch: 1 batch_num: 143
0: 7.9375 * Walking
1: 7.125 * Walk
2: 5.65625 * Walk
3: 4.84375 * weekend
4: 4.53125 * dogs
5: 4.53125 * Around
6: 4.40625 * Licensed
7: 4.375 * ements
8: 4.21875 * Weekend
9: 4.09375 * dog
10: 3.90625 * weekends
11: 3.734375 * tracking
12: 3.453125 * realizeaz
13: 3.015625 * mândr
14: 2.96875 * walked
15: 2.90625 * guest
16: 2.734375 * ST
17: 2.59375 * 3
18: 2.578125 * Pet
19: 2.5 * small
20: 2.484375 * side
21: 2.453125 * transition
22: 2.453125 * size
23: 2.40625 * ncing
24: 2.328125 * FC
25: 2.3125 * </s>
26: 2.15625 * ST
27: 2.078125 * logy
28: 2.015625 * IN
29: 2.015625 * breath
30: 1.953125 * morning
31: 1.8828125 * Animal
32: 1.8671875 * valeur
33: 1.84375 * Pa
34: 1.8046875 * animal
35: 1.71875 * Owner
36: 1.640625 * Transition
37: 1.6328125 * DB
38: 1.625 * PT
39: 1.6171875 * CC
40: 1.546875 * size
41: 1.5078125 * lead
42: 1.5 * assistant
43: 1.4921875 * middle
44: 1.484375 * ation
45: 1.484375 * afternoon
46: 1.4765625 * Rover
47: 1.46875 * Boston
48: 1.46875 * Bark
49: 1.46875 * erstellt
Total loss: 0.2953934669494629 = MSE Loss: 0.26110732555389404, 5.0 * Sparsity Loss: 0.006857229396700859
Epoch: 1 batch_num: 144
0: 7.96875 * Walking
1: 7.125 * Walk
2: 5.65625 * Walk
3: 4.90625 * weekend
4: 4.5625 * dogs
5: 4.46875 * Around
6: 4.40625 * Licensed
7: 4.28125 * Weekend
8: 4.28125 * ements
9: 4.15625 * dog
10: 3.96875 * weekends
11: 3.71875 * tracking
12: 3.515625 * realizeaz
13: 3.109375 * mândr
14: 2.9375 * walked
15: 2.890625 * guest
16: 2.734375 * ST
17: 2.65625 * Pet
18: 2.546875 * 3
19: 2.53125 * small
20: 2.484375 * side
21: 2.4375 * transition
22: 2.40625 * size
23: 2.375 * ncing
24: 2.3125 * </s>
25: 2.28125 * FC
26: 2.125 * ST
27: 2.03125 * morning
28: 2.015625 * logy
29: 1.9921875 * breath
30: 1.9375 * IN
31: 1.8671875 * Animal
32: 1.8359375 * valeur
33: 1.828125 * Pa
34: 1.8046875 * animal
35: 1.6953125 * Transition
36: 1.6640625 * Owner
37: 1.6328125 * middle
38: 1.6171875 * CC
39: 1.5859375 * DB
40: 1.578125 * ation
41: 1.5703125 * PT
42: 1.5625 * assistant
43: 1.515625 * erstellt
44: 1.5078125 * Boston
45: 1.4765625 * size
46: 1.46875 * Territory
47: 1.46875 * lead
48: 1.4453125 * owner
49: 1.4375 * Bark
Total loss: 0.19896478950977325 = MSE Loss: 0.16442684829235077, 5.0 * Sparsity Loss: 0.006907589267939329
Epoch: 1 batch_num: 145
0: 7.9375 * Walking
1: 7.1875 * Walk
2: 5.6875 * Walk
3: 4.96875 * weekend
4: 4.5625 * dogs
5: 4.4375 * Around
6: 4.40625 * Licensed
7: 4.34375 * Weekend
8: 4.21875 * ements
9: 4.125 * dog
10: 4.03125 * weekends
11: 3.71875 * tracking
12: 3.5625 * realizeaz
13: 3.1875 * mândr
14: 2.90625 * walked
15: 2.875 * guest
16: 2.75 * ST
17: 2.671875 * Pet
18: 2.53125 * 3
19: 2.484375 * side
20: 2.421875 * small
21: 2.421875 * transition
22: 2.375 * size
23: 2.34375 * </s>
24: 2.34375 * ncing
25: 2.203125 * FC
26: 2.09375 * morning
27: 2.078125 * ST
28: 1.9609375 * logy
29: 1.9296875 * breath
30: 1.8671875 * IN
31: 1.8515625 * Animal
32: 1.8125 * animal
33: 1.8125 * Pa
34: 1.8046875 * valeur
35: 1.765625 * Transition
36: 1.7578125 * middle
37: 1.6875 * ation
38: 1.6484375 * Owner
39: 1.640625 * CC
40: 1.5859375 * Brown
41: 1.5703125 * assistant
42: 1.546875 * Boston
43: 1.5390625 * erstellt
44: 1.53125 * DB
45: 1.5 * PT
46: 1.4921875 * Territory
47: 1.453125 * friend
48: 1.453125 * lead
49: 1.453125 * size
Total loss: 0.21383243799209595 = MSE Loss: 0.1793007105588913, 5.0 * Sparsity Loss: 0.00690634548664093
Epoch: 1 batch_num: 146
0: 7.90625 * Walking
1: 7.28125 * Walk
2: 5.75 * Walk
3: 5.03125 * weekend
4: 4.53125 * dogs
5: 4.4375 * Around
6: 4.4375 * Licensed
7: 4.40625 * Weekend
8: 4.15625 * dog
9: 4.125 * ements
10: 4.0625 * weekends
11: 3.703125 * tracking
12: 3.65625 * realizeaz
13: 3.21875 * mândr
14: 2.859375 * walked
15: 2.828125 * guest
16: 2.765625 * ST
17: 2.59375 * Pet
18: 2.578125 * 3
19: 2.421875 * side
20: 2.421875 * size
21: 2.40625 * transition
22: 2.375 * small
23: 2.375 * </s>
24: 2.3125 * ncing
25: 2.15625 * morning
26: 2.125 * FC
27: 2.09375 * ST
28: 1.8671875 * breath
29: 1.8515625 * middle
30: 1.84375 * Transition
31: 1.84375 * logy
32: 1.8359375 * Animal
33: 1.8125 * animal
34: 1.8125 * IN
35: 1.7890625 * Pa
36: 1.7734375 * valeur
37: 1.765625 * Brown
38: 1.75 * ation
39: 1.6640625 * CC
40: 1.6328125 * Owner
41: 1.59375 * Boston
42: 1.5234375 * erstellt
43: 1.5078125 * Territory
44: 1.5 * friend
45: 1.4921875 * assistant
46: 1.484375 * lead
47: 1.4765625 * DB
48: 1.4765625 * size
49: 1.4296875 * Madison
Total loss: 0.23480293154716492 = MSE Loss: 0.2006615549325943, 5.0 * Sparsity Loss: 0.006828273646533489
Epoch: 2 batch_num: 0
0: 7.8125 * Walking
1: 7.4375 * Walk
2: 5.875 * Walk
3: 5.03125 * weekend
4: 4.5 * dogs
5: 4.46875 * Licensed
6: 4.4375 * Around
7: 4.40625 * Weekend
8: 4.15625 * dog
9: 4.09375 * weekends
10: 4.0625 * ements
11: 3.828125 * realizeaz
12: 3.6875 * tracking
13: 3.171875 * mândr
14: 2.796875 * ST
15: 2.78125 * guest
16: 2.765625 * walked
17: 2.59375 * 3
18: 2.546875 * Pet
19: 2.453125 * size
20: 2.4375 * </s>
21: 2.40625 * transition
22: 2.390625 * small
23: 2.34375 * side
24: 2.296875 * ncing
25: 2.109375 * morning
26: 2.078125 * FC
27: 2.0625 * ST
28: 1.9453125 * Brown
29: 1.9375 * middle
30: 1.9296875 * Transition
31: 1.8359375 * Animal
32: 1.828125 * Pa
33: 1.796875 * animal
34: 1.7890625 * IN
35: 1.7890625 * logy
36: 1.7890625 * breath
37: 1.7578125 * ation
38: 1.734375 * valeur
39: 1.6796875 * Boston
40: 1.6640625 * CC
41: 1.6328125 * Owner
42: 1.53125 * friend
43: 1.515625 * lead
44: 1.5078125 * size
45: 1.4921875 * Territory
46: 1.4921875 * erstellt
47: 1.453125 * Madison
48: 1.453125 * DB
49: 1.4453125 * assistant
Total loss: 0.28231069445610046 = MSE Loss: 0.24746476113796234, 5.0 * Sparsity Loss: 0.006969188805669546
Running validation... 
 Generating 5 videos with prompt: a dog <>.
Video generated motoken/output/sorted_l1_1e_3/validation/epoch_2/0.mp4
Video generated motoken/output/sorted_l1_1e_3/validation/epoch_2/1.mp4
Video generated motoken/output/sorted_l1_1e_3/validation/epoch_2/2.mp4
Video generated motoken/output/sorted_l1_1e_3/validation/epoch_2/3.mp4
Video generated motoken/output/sorted_l1_1e_3/validation/epoch_2/4.mp4
validation probability:  0.7577032089233399
replacing best alphas
saving alphas from step:  2
saving best alphas from validation epoch 2, words =  ['Walking', 'Walk', 'Walk', 'weekend', 'dogs', 'Licensed', 'Around', 'Weekend', 'dog', 'weekends', 'ements', 'realizeaz', 'tracking', 'mândr', 'ST', 'guest', 'walked', '3', 'Pet', 'size', '</s>', 'transition', 'small', 'side', 'ncing', 'morning', 'FC', 'ST', 'Brown', 'middle', 'Transition', 'Animal', 'Pa', 'animal', 'IN', 'logy', 'breath', 'ation', 'valeur', 'Boston', 'CC', 'Owner', 'friend', 'lead', 'size', 'Territory', 'erstellt', 'Madison', 'DB', 'assistant']
Epoch: 2 batch_num: 1
0: 7.9375 * Walk
1: 7.75 * Walking
2: 6.09375 * Walk
3: 4.78125 * dogs
4: 4.53125 * weekend
5: 4.46875 * dog
6: 4.46875 * Around
7: 4.40625 * ements
8: 4.3125 * Licensed
9: 3.796875 * Weekend
10: 3.703125 * weekends
11: 3.6875 * realizeaz
12: 3.640625 * tracking
13: 3.125 * mândr
14: 2.890625 * Pet
15: 2.796875 * ST
16: 2.734375 * guest
17: 2.703125 * walked
18: 2.609375 * ncing
19: 2.5625 * 3
20: 2.34375 * small
21: 2.34375 * side
22: 2.296875 * size
23: 2.203125 * </s>
24: 2.203125 * middle
25: 2.171875 * ST
26: 2.15625 * transition
27: 2.046875 * FC
28: 2.015625 * Brown
29: 1.984375 * logy
30: 1.9296875 * valeur
31: 1.8984375 * ation
32: 1.890625 * IN
33: 1.8828125 * Animal
34: 1.859375 * breath
35: 1.8515625 * CC
36: 1.8203125 * Boston
37: 1.8125 * animal
38: 1.8125 * morning
39: 1.7265625 * PR
40: 1.671875 * Owner
41: 1.65625 * walk
42: 1.6484375 * Pa
43: 1.6484375 * size
44: 1.6328125 * Transition
45: 1.609375 * friend
46: 1.6015625 * Rover
47: 1.515625 * Bark
48: 1.5 * owner
49: 1.3828125 * ating
Total loss: 0.20368357002735138 = MSE Loss: 0.1665908396244049, 5.0 * Sparsity Loss: 0.0074185458943247795
Epoch: 2 batch_num: 2
0: 8.25 * Walk
1: 7.6875 * Walking
2: 6.25 * Walk
3: 5.03125 * dogs
4: 4.8125 * ements
5: 4.71875 * dog
6: 4.5 * Around
7: 4.125 * Licensed
8: 4.03125 * weekend
9: 3.5625 * tracking
10: 3.34375 * realizeaz
11: 3.3125 * weekends
12: 3.296875 * Pet
13: 3.1875 * Weekend
14: 3.0625 * mândr
15: 2.921875 * ncing
16: 2.734375 * ST
17: 2.703125 * guest
18: 2.671875 * walked
19: 2.46875 * 3
20: 2.46875 * middle
21: 2.375 * side
22: 2.34375 * small
23: 2.25 * ST
24: 2.1875 * logy
25: 2.140625 * FC
26: 2.140625 * valeur
27: 2.109375 * size
28: 2.09375 * Brown
29: 2.015625 * IN
30: 2.0 * Boston
31: 1.984375 * walk
32: 1.984375 * ation
33: 1.9765625 * CC
34: 1.96875 * breath
35: 1.953125 * Animal
36: 1.9453125 * PR
37: 1.9375 * transition
38: 1.921875 * </s>
39: 1.8671875 * animal
40: 1.859375 * Rover
41: 1.765625 * size
42: 1.7109375 * Owner
43: 1.65625 * friend
44: 1.6328125 * owner
45: 1.625 * Bark
46: 1.5859375 * morning
47: 1.5 * PR
48: 1.4921875 * Pa
49: 1.4921875 * West
Total loss: 0.23345302045345306 = MSE Loss: 0.1913498193025589, 5.0 * Sparsity Loss: 0.008420640602707863
Epoch: 2 batch_num: 3
0: 8.5 * Walk
1: 7.78125 * Walking
2: 6.3125 * Walk
3: 5.21875 * dogs
4: 5.15625 * ements
5: 4.9375 * dog
6: 4.53125 * Around
7: 3.9375 * Licensed
8: 3.640625 * Pet
9: 3.609375 * weekend
10: 3.46875 * tracking
11: 3.171875 * ncing
12: 3.046875 * realizeaz
13: 2.96875 * mândr
14: 2.953125 * weekends
15: 2.75 * ST
16: 2.6875 * walked
17: 2.671875 * guest
18: 2.65625 * Weekend
19: 2.65625 * middle
20: 2.4375 * side
21: 2.375 * 3
22: 2.375 * logy
23: 2.34375 * small
24: 2.328125 * ST
25: 2.328125 * valeur
26: 2.21875 * walk
27: 2.203125 * FC
28: 2.171875 * Boston
29: 2.15625 * Brown
30: 2.125 * PR
31: 2.125 * IN
32: 2.09375 * Rover
33: 2.09375 * CC
34: 2.09375 * breath
35: 2.03125 * Animal
36: 2.03125 * ation
37: 1.9921875 * size
38: 1.8984375 * animal
39: 1.8984375 * PR
40: 1.859375 * size
41: 1.84375 * owner
42: 1.765625 * owner
43: 1.734375 * ist
44: 1.7265625 * Owner
45: 1.7265625 * transition
46: 1.71875 * ling
47: 1.7109375 * </s>
48: 1.6953125 * Bark
49: 1.6875 * friend
Total loss: 0.37885549664497375 = MSE Loss: 0.33418217301368713, 5.0 * Sparsity Loss: 0.00893466267734766
Epoch: 2 batch_num: 4
0: 8.5 * Walk
1: 7.96875 * Walking
2: 6.28125 * Walk
3: 5.4375 * ements
4: 5.375 * dogs
5: 5.0625 * dog
6: 4.59375 * Around
7: 3.875 * Pet
8: 3.765625 * Licensed
9: 3.40625 * tracking
10: 3.375 * ncing
11: 3.25 * weekend
12: 2.953125 * mândr
13: 2.828125 * ST
14: 2.796875 * middle
15: 2.75 * walked
16: 2.71875 * realizeaz
17: 2.671875 * guest
18: 2.65625 * weekends
19: 2.5625 * side
20: 2.5625 * logy
21: 2.5 * valeur
22: 2.40625 * small
23: 2.40625 * ST
24: 2.3125 * walk
25: 2.3125 * 3
26: 2.296875 * Rover
27: 2.28125 * Boston
28: 2.265625 * FC
29: 2.25 * PR
30: 2.234375 * breath
31: 2.21875 * PR
32: 2.21875 * Weekend
33: 2.21875 * Brown
34: 2.1875 * owner
35: 2.171875 * IN
36: 2.140625 * CC
37: 2.078125 * Animal
38: 2.078125 * ation
39: 2.03125 * pet
40: 2.0 * ist
41: 1.984375 * Run
42: 1.9453125 * size
43: 1.9375 * animal
44: 1.9375 * size
45: 1.9296875 * ling
46: 1.890625 * owner
47: 1.8203125 * West
48: 1.734375 * pets
49: 1.7265625 * Owner
Total loss: 0.24201025068759918 = MSE Loss: 0.19594332575798035, 5.0 * Sparsity Loss: 0.009213384240865707
Epoch: 2 batch_num: 5
0: 8.375 * Walk
1: 8.3125 * Walking
2: 6.21875 * Walk
3: 5.625 * ements
4: 5.375 * dogs
5: 5.125 * dog
6: 4.65625 * Around
7: 4.09375 * Pet
8: 3.59375 * ncing
9: 3.546875 * Licensed
10: 3.375 * tracking
11: 3.0 * weekend
12: 2.953125 * mândr
13: 2.921875 * middle
14: 2.875 * walked
15: 2.84375 * ST
16: 2.703125 * side
17: 2.671875 * logy
18: 2.65625 * valeur
19: 2.640625 * guest
20: 2.546875 * PR
21: 2.46875 * ST
22: 2.453125 * Rover
23: 2.453125 * owner
24: 2.4375 * weekends
25: 2.390625 * breath
26: 2.34375 * Boston
27: 2.328125 * pet
28: 2.328125 * small
29: 2.3125 * walk
30: 2.3125 * 3
31: 2.3125 * FC
32: 2.296875 * realizeaz
33: 2.28125 * PR
34: 2.234375 * ist
35: 2.234375 * Run
36: 2.203125 * Brown
37: 2.1875 * CC
38: 2.140625 * Animal
39: 2.140625 * IN
40: 2.125 * ation
41: 2.0625 * ling
42: 1.984375 * size
43: 1.9765625 * owner
44: 1.9765625 * animal
45: 1.96875 * pets
46: 1.9375 * West
47: 1.890625 * forward
48: 1.8671875 * west
49: 1.859375 * Weekend
Total loss: 0.26873302459716797 = MSE Loss: 0.22209908068180084, 5.0 * Sparsity Loss: 0.00932678859680891
Epoch: 2 batch_num: 6
0: 8.5 * Walking
1: 8.25 * Walk
2: 6.1875 * Walk
3: 5.75 * ements
4: 5.375 * dogs
5: 5.09375 * dog
6: 4.65625 * Around
7: 4.25 * Pet
8: 3.78125 * ncing
9: 3.328125 * tracking
10: 3.328125 * Licensed
11: 3.0 * walked
12: 2.984375 * mândr
13: 2.984375 * middle
14: 2.859375 * ST
15: 2.828125 * PR
16: 2.78125 * valeur
17: 2.765625 * side
18: 2.75 * logy
19: 2.734375 * weekend
20: 2.671875 * owner
21: 2.578125 * Rover
22: 2.5625 * pet
23: 2.5625 * guest
24: 2.515625 * ST
25: 2.5 * breath
26: 2.46875 * Run
27: 2.4375 * ist
28: 2.390625 * Boston
29: 2.359375 * FC
30: 2.34375 * 3
31: 2.296875 * PR
32: 2.265625 * walk
33: 2.21875 * weekends
34: 2.1875 * small
35: 2.1875 * Brown
36: 2.1875 * CC
37: 2.171875 * pets
38: 2.15625 * Animal
39: 2.15625 * ling
40: 2.140625 * IN
41: 2.078125 * ation
42: 2.046875 * owner
43: 2.03125 * freedom
44: 2.015625 * forward
45: 2.015625 * west
46: 2.015625 * West
47: 2.015625 * size
48: 1.9765625 * animal
49: 1.8828125 * West
Total loss: 0.35076960921287537 = MSE Loss: 0.30418241024017334, 5.0 * Sparsity Loss: 0.00931744184345007
Epoch: 2 batch_num: 7
0: 8.5625 * Walking
1: 8.375 * Walk
2: 6.1875 * Walk
3: 5.84375 * ements
4: 5.28125 * dogs
5: 5.0625 * dog
6: 4.625 * Around
7: 4.40625 * Pet
8: 3.9375 * ncing
9: 3.234375 * tracking
10: 3.125 * Licensed
11: 3.03125 * middle
12: 3.015625 * walked
13: 3.015625 * mândr
14: 3.0 * PR
15: 2.859375 * valeur
16: 2.84375 * owner
17: 2.84375 * ST
18: 2.828125 * logy
19: 2.78125 * pet
20: 2.765625 * side
21: 2.6875 * Rover
22: 2.671875 * Run
23: 2.609375 * ist
24: 2.59375 * breath
25: 2.546875 * ST
26: 2.515625 * weekend
27: 2.4375 * Boston
28: 2.4375 * guest
29: 2.4375 * FC
30: 2.40625 * 3
31: 2.34375 * pets
32: 2.328125 * walk
33: 2.25 * PR
34: 2.25 * freedom
35: 2.234375 * Brown
36: 2.203125 * ling
37: 2.1875 * CC
38: 2.140625 * IN
39: 2.125 * Animal
40: 2.125 * west
41: 2.09375 * owner
42: 2.078125 * forward
43: 2.0625 * small
44: 2.0625 * West
45: 2.015625 * weekends
46: 2.0 * size
47: 1.9921875 * ation
48: 1.984375 * interest
49: 1.953125 * animal
Total loss: 0.3544618785381317 = MSE Loss: 0.30800995230674744, 5.0 * Sparsity Loss: 0.009290384128689766
Epoch: 2 batch_num: 8
0: 8.6875 * Walking
1: 8.25 * Walk
2: 6.125 * Walk
3: 5.96875 * ements
4: 5.21875 * dogs
5: 5.0 * dog
6: 4.625 * Around
7: 4.53125 * Pet
8: 4.09375 * ncing
9: 3.15625 * tracking
10: 3.140625 * PR
11: 3.09375 * walked
12: 3.078125 * middle
13: 3.046875 * mândr
14: 2.96875 * owner
15: 2.953125 * pet
16: 2.953125 * valeur
17: 2.921875 * Licensed
18: 2.90625 * logy
19: 2.8125 * ST
20: 2.796875 * Rover
21: 2.796875 * Run
22: 2.75 * ist
23: 2.734375 * side
24: 2.671875 * breath
25: 2.515625 * ST
26: 2.5 * pets
27: 2.5 * freedom
28: 2.5 * FC
29: 2.46875 * Boston
30: 2.390625 * 3
31: 2.3125 * walk
32: 2.296875 * weekend
33: 2.28125 * Brown
34: 2.28125 * guest
35: 2.21875 * west
36: 2.203125 * PR
37: 2.203125 * ling
38: 2.203125 * IN
39: 2.15625 * CC
40: 2.140625 * forward
41: 2.125 * Animal
42: 2.109375 * interest
43: 2.09375 * owner
44: 2.09375 * West
45: 2.015625 * small
46: 2.0 * running
47: 1.9765625 * West
48: 1.9765625 * sted
49: 1.96875 * grupuri
Total loss: 0.21211205422878265 = MSE Loss: 0.16656222939491272, 5.0 * Sparsity Loss: 0.009109965525567532
Epoch: 2 batch_num: 9
0: 8.75 * Walking
1: 8.375 * Walk
2: 6.1875 * Walk
3: 6.0625 * ements
4: 5.25 * dogs
5: 5.0 * dog
6: 4.6875 * Pet
7: 4.625 * Around
8: 4.1875 * ncing
9: 3.296875 * PR
10: 3.140625 * pet
11: 3.140625 * middle
12: 3.125 * walked
13: 3.109375 * owner
14: 3.0625 * logy
15: 3.03125 * tracking
16: 3.03125 * valeur
17: 3.015625 * mândr
18: 2.921875 * Run
19: 2.90625 * Rover
20: 2.90625 * ist
21: 2.765625 * Licensed
22: 2.6875 * freedom
23: 2.6875 * breath
24: 2.640625 * ST
25: 2.625 * side
26: 2.578125 * FC
27: 2.5 * Boston
28: 2.5 * pets
29: 2.4375 * ST
30: 2.375 * walk
31: 2.328125 * Brown
32: 2.3125 * west
33: 2.296875 * interest
34: 2.296875 * 3
35: 2.265625 * IN
36: 2.203125 * forward
37: 2.203125 * ling
38: 2.15625 * PR
39: 2.125 * Animal
40: 2.109375 * owner
41: 2.109375 * running
42: 2.109375 * West
43: 2.109375 * guest
44: 2.09375 * weekend
45: 2.09375 * CC
46: 2.09375 * grupuri
47: 2.03125 * sted
48: 1.9921875 * CR
49: 1.9609375 * small
Total loss: 0.2565326690673828 = MSE Loss: 0.21115827560424805, 5.0 * Sparsity Loss: 0.009074877947568893
Epoch: 2 batch_num: 10
0: 8.5625 * Walking
1: 8.4375 * Walk
2: 6.21875 * Walk
3: 6.09375 * ements
4: 5.3125 * dogs
5: 5.03125 * dog
6: 4.875 * Pet
7: 4.625 * Around
8: 4.25 * ncing
9: 3.4375 * PR
10: 3.34375 * pet
11: 3.3125 * logy
12: 3.234375 * owner
13: 3.203125 * middle
14: 3.109375 * ist
15: 3.0625 * walked
16: 3.046875 * Run
17: 3.03125 * valeur
18: 2.953125 * Rover
19: 2.953125 * tracking
20: 2.90625 * mândr
21: 2.75 * freedom
22: 2.65625 * breath
23: 2.625 * Licensed
24: 2.5625 * side
25: 2.546875 * FC
26: 2.5 * ST
27: 2.46875 * Boston
28: 2.453125 * interest
29: 2.40625 * Brown
30: 2.375 * walk
31: 2.375 * ST
32: 2.34375 * west
33: 2.328125 * pets
34: 2.328125 * IN
35: 2.28125 * running
36: 2.28125 * forward
37: 2.265625 * ling
38: 2.234375 * grupuri
39: 2.21875 * 3
40: 2.140625 * walks
41: 2.140625 * owner
42: 2.125 * sted
43: 2.109375 * PR
44: 2.09375 * Animal
45: 2.09375 * CC
46: 2.078125 * West
47: 2.078125 * CR
48: 2.046875 * guest
49: 1.9921875 * run
Total loss: 0.3627741038799286 = MSE Loss: 0.31775352358818054, 5.0 * Sparsity Loss: 0.009004115127027035
Epoch: 2 batch_num: 11
0: 8.5625 * Walking
1: 8.25 * Walk
2: 6.15625 * Walk
3: 6.125 * ements
4: 5.40625 * dogs
5: 5.09375 * dog
6: 4.96875 * Pet
7: 4.65625 * Around
8: 4.28125 * ncing
9: 3.578125 * PR
10: 3.5625 * logy
11: 3.484375 * pet
12: 3.375 * owner
13: 3.296875 * ist
14: 3.234375 * middle
15: 3.09375 * Run
16: 3.0625 * walked
17: 3.03125 * valeur
18: 3.0 * Rover
19: 2.90625 * tracking
20: 2.828125 * mândr
21: 2.71875 * freedom
22: 2.671875 * breath
23: 2.625 * side
24: 2.59375 * interest
25: 2.5 * ST
26: 2.484375 * Brown
27: 2.46875 * FC
28: 2.4375 * Boston
29: 2.4375 * Licensed
30: 2.40625 * west
31: 2.40625 * ST
32: 2.390625 * running
33: 2.390625 * IN
34: 2.359375 * ling
35: 2.34375 * forward
36: 2.328125 * grupuri
37: 2.296875 * walk
38: 2.265625 * pets
39: 2.1875 * walks
40: 2.1875 * sted
41: 2.171875 * owner
42: 2.171875 * 3
43: 2.15625 * CR
44: 2.109375 * CC
45: 2.09375 * PR
46: 2.09375 * West
47: 2.078125 * path
48: 2.078125 * run
49: 2.0625 * Animal
Total loss: 0.2000674605369568 = MSE Loss: 0.1562008112668991, 5.0 * Sparsity Loss: 0.008773330599069595
Epoch: 2 batch_num: 12
0: 8.6875 * Walking
1: 8.0625 * Walk
2: 6.1875 * ements
3: 6.0625 * Walk
4: 5.53125 * dogs
5: 5.1875 * dog
6: 5.03125 * Pet
7: 4.75 * Around
8: 4.3125 * ncing
9: 3.78125 * logy
10: 3.6875 * PR
11: 3.640625 * pet
12: 3.5 * owner
13: 3.453125 * ist
14: 3.328125 * middle
15: 3.109375 * walked
16: 3.078125 * Run
17: 3.046875 * Rover
18: 3.046875 * valeur
19: 2.875 * tracking
20: 2.765625 * side
21: 2.734375 * interest
22: 2.71875 * mândr
23: 2.71875 * breath
24: 2.640625 * freedom
25: 2.625 * Brown
26: 2.46875 * west
27: 2.453125 * ST
28: 2.4375 * forward
29: 2.4375 * FC
30: 2.421875 * ling
31: 2.421875 * IN
32: 2.40625 * ST
33: 2.40625 * grupuri
34: 2.390625 * running
35: 2.375 * Boston
36: 2.25 * PD
37: 2.25 * sted
38: 2.234375 * Licensed
39: 2.234375 * CR
40: 2.21875 * owner
41: 2.203125 * pets
42: 2.140625 * path
43: 2.125 * walk
44: 2.125 * West
45: 2.109375 * walks
46: 2.109375 * istic
47: 2.109375 * 3
48: 2.09375 * CC
49: 2.078125 * West
Total loss: 0.19770628213882446 = MSE Loss: 0.1544930338859558, 5.0 * Sparsity Loss: 0.00864265114068985
Epoch: 2 batch_num: 13
0: 8.75 * Walking
1: 7.8125 * Walk
2: 6.21875 * ements
3: 5.96875 * Walk
4: 5.59375 * dogs
5: 5.21875 * dog
6: 5.03125 * Pet
7: 4.84375 * Around
8: 4.40625 * ncing
9: 3.9375 * logy
10: 3.8125 * PR
11: 3.75 * pet
12: 3.609375 * owner
13: 3.59375 * ist
14: 3.359375 * middle
15: 3.140625 * walked
16: 3.09375 * Rover
17: 3.078125 * Run
18: 3.0625 * valeur
19: 2.890625 * tracking
20: 2.859375 * side
21: 2.828125 * interest
22: 2.765625 * breath
23: 2.65625 * Brown
24: 2.640625 * mândr
25: 2.625 * freedom
26: 2.515625 * ST
27: 2.484375 * west
28: 2.46875 * forward
29: 2.46875 * grupuri
30: 2.453125 * IN
31: 2.453125 * ST
32: 2.421875 * ling
33: 2.390625 * running
34: 2.375 * FC
35: 2.359375 * PD
36: 2.296875 * Boston
37: 2.296875 * sted
38: 2.28125 * CR
39: 2.234375 * owner
40: 2.203125 * istic
41: 2.203125 * pets
42: 2.1875 * realizeaz
43: 2.171875 * supplied
44: 2.125 * Ross
45: 2.125 * 2012
46: 2.125 * size
47: 2.109375 * path
48: 2.109375 * CC
49: 2.09375 * West
Total loss: 0.37064823508262634 = MSE Loss: 0.3277733027935028, 5.0 * Sparsity Loss: 0.008574987761676311
Epoch: 2 batch_num: 14
0: 8.75 * Walking
1: 7.4375 * Walk
2: 6.21875 * ements
3: 5.75 * Walk
4: 5.53125 * dogs
5: 5.15625 * dog
6: 4.9375 * Pet
7: 4.9375 * Around
8: 4.40625 * ncing
9: 4.15625 * logy
10: 3.875 * PR
11: 3.859375 * pet
12: 3.75 * ist
13: 3.625 * owner
14: 3.359375 * middle
15: 3.171875 * walked
16: 3.109375 * Rover
17: 3.046875 * valeur
18: 3.015625 * Run
19: 2.953125 * side
20: 2.859375 * tracking
21: 2.859375 * interest
22: 2.765625 * breath
23: 2.671875 * Brown
24: 2.65625 * freedom
25: 2.65625 * ST
26: 2.5625 * realizeaz
27: 2.546875 * IN
28: 2.5 * ST
29: 2.5 * grupuri
30: 2.484375 * west
31: 2.453125 * forward
32: 2.453125 * ling
33: 2.453125 * mândr
34: 2.4375 * PD
35: 2.375 * running
36: 2.359375 * sted
37: 2.34375 * CR
38: 2.3125 * istic
39: 2.296875 * Boston
40: 2.296875 * FC
41: 2.28125 * pets
42: 2.234375 * owner
43: 2.234375 * supplied
44: 2.21875 * path
45: 2.203125 * 2012
46: 2.1875 * size
47: 2.15625 * West
48: 2.15625 * Ross
49: 2.125 * 3
Total loss: 0.20036748051643372 = MSE Loss: 0.15775752067565918, 5.0 * Sparsity Loss: 0.008521992713212967
Epoch: 2 batch_num: 15
0: 8.625 * Walking
1: 7.28125 * Walk
2: 6.25 * ements
3: 5.65625 * dogs
4: 5.625 * Walk
5: 5.28125 * dog
6: 5.0 * Around
7: 4.90625 * Pet
8: 4.4375 * ncing
9: 4.3125 * logy
10: 3.96875 * PR
11: 3.953125 * pet
12: 3.875 * ist
13: 3.609375 * owner
14: 3.328125 * middle
15: 3.125 * walked
16: 3.125 * Rover
17: 3.046875 * valeur
18: 3.0 * Run
19: 2.953125 * side
20: 2.90625 * interest
21: 2.90625 * realizeaz
22: 2.84375 * tracking
23: 2.75 * ST
24: 2.734375 * breath
25: 2.703125 * freedom
26: 2.703125 * IN
27: 2.6875 * Brown
28: 2.59375 * ST
29: 2.53125 * grupuri
30: 2.5 * PD
31: 2.484375 * ling
32: 2.484375 * west
33: 2.421875 * forward
34: 2.40625 * running
35: 2.40625 * sted
36: 2.40625 * CR
37: 2.390625 * istic
38: 2.34375 * path
39: 2.296875 * Boston
40: 2.296875 * supplied
41: 2.28125 * pets
42: 2.265625 * 2012
43: 2.265625 * size
44: 2.21875 * owner
45: 2.203125 * CC
46: 2.203125 * FC
47: 2.1875 * Ross
48: 2.171875 * mândr
49: 2.125 * West
Total loss: 0.23300305008888245 = MSE Loss: 0.19034594297409058, 5.0 * Sparsity Loss: 0.008531423285603523
Epoch: 2 batch_num: 16
0: 8.625 * Walking
1: 7.03125 * Walk
2: 6.25 * ements
3: 5.6875 * dogs
4: 5.4375 * Walk
5: 5.3125 * dog
6: 5.125 * Around
7: 4.90625 * Pet
8: 4.46875 * ncing
9: 4.4375 * logy
10: 4.0625 * PR
11: 4.03125 * pet
12: 3.96875 * ist
13: 3.59375 * owner
14: 3.34375 * middle
15: 3.171875 * realizeaz
16: 3.15625 * walked
17: 3.140625 * Rover
18: 3.0625 * valeur
19: 3.0 * side
20: 2.9375 * interest
21: 2.921875 * Run
22: 2.828125 * tracking
23: 2.8125 * ST
24: 2.796875 * IN
25: 2.734375 * Brown
26: 2.734375 * breath
27: 2.6875 * freedom
28: 2.671875 * ST
29: 2.546875 * grupuri
30: 2.53125 * PD
31: 2.5 * ling
32: 2.484375 * west
33: 2.46875 * istic
34: 2.46875 * CR
35: 2.421875 * forward
36: 2.40625 * path
37: 2.40625 * sted
38: 2.34375 * running
39: 2.34375 * supplied
40: 2.34375 * size
41: 2.3125 * 2012
42: 2.296875 * CC
43: 2.28125 * Boston
44: 2.28125 * pets
45: 2.234375 * Ross
46: 2.21875 * owner
47: 2.140625 * 3
48: 2.125 * FC
49: 2.109375 * Interest
Total loss: 0.266379714012146 = MSE Loss: 0.2245626151561737, 5.0 * Sparsity Loss: 0.008363417349755764
Epoch: 2 batch_num: 17
0: 8.5 * Walking
1: 6.8125 * Walk
2: 6.3125 * ements
3: 5.71875 * dogs
4: 5.34375 * dog
5: 5.28125 * Walk
6: 5.1875 * Around
7: 4.90625 * Pet
8: 4.5625 * logy
9: 4.53125 * ncing
10: 4.15625 * PR
11: 4.125 * pet
12: 4.0625 * ist
13: 3.5625 * owner
14: 3.359375 * realizeaz
15: 3.34375 * middle
16: 3.171875 * Rover
17: 3.125 * walked
18: 3.109375 * valeur
19: 3.0 * side
20: 3.0 * interest
21: 2.875 * IN
22: 2.8125 * ST
23: 2.796875 * tracking
24: 2.796875 * Run
25: 2.78125 * Brown
26: 2.734375 * ST
27: 2.734375 * breath
28: 2.703125 * freedom
29: 2.5625 * ling
30: 2.5625 * CR
31: 2.546875 * istic
32: 2.546875 * PD
33: 2.546875 * grupuri
34: 2.5 * path
35: 2.453125 * west
36: 2.4375 * size
37: 2.421875 * forward
38: 2.421875 * sted
39: 2.375 * supplied
40: 2.328125 * CC
41: 2.328125 * 2012
42: 2.296875 * Boston
43: 2.265625 * pets
44: 2.265625 * Ross
45: 2.25 * owner
46: 2.21875 * running
47: 2.125 * Interest
48: 2.125 * FC
49: 2.109375 * 4%
Total loss: 0.2241591215133667 = MSE Loss: 0.18341760337352753, 5.0 * Sparsity Loss: 0.008148303255438805
Epoch: 2 batch_num: 18
0: 8.5 * Walking
1: 6.5625 * Walk
2: 6.375 * ements
3: 5.625 * dogs
4: 5.28125 * dog
5: 5.15625 * Around
6: 5.125 * Walk
7: 4.90625 * Pet
8: 4.6875 * logy
9: 4.59375 * ncing
10: 4.21875 * PR
11: 4.15625 * pet
12: 4.125 * ist
13: 3.5625 * owner
14: 3.5625 * realizeaz
15: 3.3125 * middle
16: 3.1875 * Rover
17: 3.15625 * walked
18: 3.140625 * valeur
19: 2.984375 * interest
20: 2.9375 * side
21: 2.890625 * IN
22: 2.796875 * ST
23: 2.765625 * Brown
24: 2.765625 * tracking
25: 2.765625 * ST
26: 2.75 * breath
27: 2.703125 * Run
28: 2.65625 * freedom
29: 2.625 * istic
30: 2.609375 * ling
31: 2.609375 * PD
32: 2.609375 * CR
33: 2.5625 * grupuri
34: 2.46875 * path
35: 2.4375 * sted
36: 2.421875 * forward
37: 2.421875 * size
38: 2.40625 * west
39: 2.40625 * supplied
40: 2.34375 * CC
41: 2.328125 * 2012
42: 2.3125 * AT
43: 2.296875 * Boston
44: 2.296875 * Ross
45: 2.265625 * owner
46: 2.25 * pets
47: 2.234375 * 4%
48: 2.171875 * and
49: 2.125 * running
Total loss: 0.3156222105026245 = MSE Loss: 0.2755585014820099, 5.0 * Sparsity Loss: 0.008012744598090649
Epoch: 2 batch_num: 19
0: 8.375 * Walking
1: 6.4375 * Walk
2: 6.40625 * ements
3: 5.53125 * dogs
4: 5.1875 * dog
5: 5.09375 * Around
6: 5.03125 * Walk
7: 4.90625 * Pet
8: 4.78125 * logy
9: 4.625 * ncing
10: 4.28125 * PR
11: 4.1875 * pet
12: 4.1875 * ist
13: 3.765625 * realizeaz
14: 3.5625 * owner
15: 3.3125 * middle
16: 3.203125 * Rover
17: 3.171875 * valeur
18: 3.109375 * walked
19: 2.96875 * interest
20: 2.953125 * IN
21: 2.875 * side
22: 2.765625 * Brown
23: 2.765625 * ST
24: 2.765625 * ST
25: 2.734375 * breath
26: 2.71875 * tracking
27: 2.6875 * istic
28: 2.671875 * ling
29: 2.671875 * CR
30: 2.640625 * PD
31: 2.609375 * Run
32: 2.578125 * freedom
33: 2.578125 * grupuri
34: 2.53125 * AT
35: 2.453125 * supplied
36: 2.453125 * sted
37: 2.4375 * path
38: 2.40625 * forward
39: 2.40625 * size
40: 2.359375 * west
41: 2.34375 * CC
42: 2.328125 * 2012
43: 2.296875 * Boston
44: 2.296875 * 4%
45: 2.296875 * Ross
46: 2.28125 * owner
47: 2.265625 * pets
48: 2.21875 * and
49: 2.109375 * Interest
Total loss: 0.2611370384693146 = MSE Loss: 0.22146296501159668, 5.0 * Sparsity Loss: 0.007934817112982273
Epoch: 2 batch_num: 20
0: 8.375 * Walking
1: 6.40625 * ements
2: 6.28125 * Walk
3: 5.46875 * dogs
4: 5.15625 * dog
5: 5.0625 * Around
6: 4.96875 * Pet
7: 4.90625 * Walk
8: 4.84375 * logy
9: 4.65625 * ncing
10: 4.34375 * PR
11: 4.25 * ist
12: 4.21875 * pet
13: 3.921875 * realizeaz
14: 3.578125 * owner
15: 3.234375 * middle
16: 3.203125 * Rover
17: 3.15625 * valeur
18: 3.09375 * walked
19: 3.015625 * IN
20: 2.90625 * interest
21: 2.796875 * side
22: 2.75 * Brown
23: 2.75 * ST
24: 2.734375 * istic
25: 2.71875 * ST
26: 2.71875 * AT
27: 2.703125 * tracking
28: 2.703125 * CR
29: 2.6875 * ling
30: 2.6875 * breath
31: 2.65625 * PD
32: 2.578125 * grupuri
33: 2.5625 * Run
34: 2.53125 * freedom
35: 2.5 * sted
36: 2.484375 * supplied
37: 2.40625 * path
38: 2.375 * CC
39: 2.359375 * forward
40: 2.359375 * size
41: 2.34375 * 2012
42: 2.328125 * west
43: 2.3125 * 4%
44: 2.296875 * Boston
45: 2.296875 * Ross
46: 2.28125 * owner
47: 2.28125 * and
48: 2.203125 * pets
49: 2.109375 * Interest
Total loss: 0.237833634018898 = MSE Loss: 0.19836005568504333, 5.0 * Sparsity Loss: 0.007894715294241905
Epoch: 2 batch_num: 21
0: 8.25 * Walking
1: 6.40625 * ements
2: 6.15625 * Walk
3: 5.46875 * dogs
4: 5.125 * dog
5: 5.03125 * Pet
6: 5.03125 * Around
7: 4.9375 * logy
8: 4.84375 * Walk
9: 4.65625 * ncing
10: 4.375 * PR
11: 4.3125 * ist
12: 4.28125 * pet
13: 3.9375 * realizeaz
14: 3.578125 * owner
15: 3.1875 * Rover
16: 3.1875 * middle
17: 3.140625 * valeur
18: 3.125 * IN
19: 3.03125 * walked
20: 2.890625 * AT
21: 2.875 * interest
22: 2.75 * istic
23: 2.75 * CR
24: 2.734375 * side
25: 2.71875 * Brown
26: 2.71875 * ST
27: 2.6875 * ling
28: 2.6875 * PD
29: 2.671875 * tracking
30: 2.625 * ST
31: 2.625 * breath
32: 2.578125 * grupuri
33: 2.546875 * freedom
34: 2.546875 * sted
35: 2.515625 * Run
36: 2.5 * supplied
37: 2.421875 * CC
38: 2.390625 * path
39: 2.359375 * 2012
40: 2.34375 * 4%
41: 2.328125 * forward
42: 2.328125 * and
43: 2.296875 * Boston
44: 2.28125 * west
45: 2.28125 * Ross
46: 2.28125 * size
47: 2.265625 * owner
48: 2.09375 * Interest
49: 2.0625 * pets
Total loss: 0.2652547061443329 = MSE Loss: 0.2265058159828186, 5.0 * Sparsity Loss: 0.007749777287244797
Epoch: 2 batch_num: 22
0: 8.3125 * Walking
1: 6.65625 * ements
2: 5.84375 * dogs
3: 5.8125 * Walk
4: 5.375 * dog
5: 5.375 * Pet
6: 5.15625 * Around
7: 4.8125 * logy
8: 4.71875 * ncing
9: 4.5625 * Walk
10: 4.4375 * realizeaz
11: 4.34375 * pet
12: 4.34375 * PR
13: 4.28125 * ist
14: 3.5625 * owner
15: 3.53125 * middle
16: 3.359375 * valeur
17: 3.28125 * Rover
18: 3.25 * IN
19: 3.0625 * walked
20: 3.046875 * Brown
21: 3.015625 * side
22: 3.015625 * AT
23: 2.84375 * istic
24: 2.828125 * freedom
25: 2.828125 * CR
26: 2.75 * ling
27: 2.75 * ST
28: 2.734375 * ST
29: 2.734375 * breath
30: 2.703125 * interest
31: 2.546875 * PD
32: 2.546875 * sted
33: 2.53125 * CC
34: 2.515625 * tracking
35: 2.46875 * grupuri
36: 2.4375 * 4%
37: 2.4375 * Ross
38: 2.390625 * Boston
39: 2.390625 * supplied
40: 2.375 * forward
41: 2.328125 * owner
42: 2.28125 * west
43: 2.28125 * and
44: 2.140625 * FC
45: 2.109375 * animal
46: 2.109375 * path
47: 2.109375 * actiuni
48: 2.109375 * 2012
49: 2.09375 * Run
Total loss: 0.2771059572696686 = MSE Loss: 0.23869995772838593, 5.0 * Sparsity Loss: 0.007681198418140411
Epoch: 2 batch_num: 23
0: 8.25 * Walking
1: 6.84375 * ements
2: 6.21875 * dogs
3: 5.625 * dog
4: 5.625 * Pet
5: 5.46875 * Walk
6: 5.15625 * Around
7: 4.78125 * ncing
8: 4.78125 * logy
9: 4.6875 * realizeaz
10: 4.40625 * pet
11: 4.34375 * PR
12: 4.34375 * ist
13: 4.28125 * Walk
14: 3.765625 * middle
15: 3.5 * owner
16: 3.484375 * valeur
17: 3.359375 * Rover
18: 3.359375 * IN
19: 3.328125 * Brown
20: 3.25 * side
21: 3.125 * AT
22: 3.046875 * walked
23: 3.03125 * freedom
24: 2.953125 * istic
25: 2.90625 * CR
26: 2.84375 * ling
27: 2.84375 * ST
28: 2.796875 * breath
29: 2.78125 * ST
30: 2.609375 * CC
31: 2.578125 * Ross
32: 2.5625 * sted
33: 2.53125 * interest
34: 2.5 * Boston
35: 2.453125 * PD
36: 2.453125 * 4%
37: 2.390625 * tracking
38: 2.375 * owner
39: 2.375 * forward
40: 2.375 * grupuri
41: 2.3125 * animal
42: 2.28125 * supplied
43: 2.28125 * FC
44: 2.25 * west
45: 2.203125 * actiuni
46: 2.171875 * Chuck
47: 2.171875 * and
48: 1.9921875 * path
49: 1.984375 * 3
Total loss: 0.2441311627626419 = MSE Loss: 0.20331059396266937, 5.0 * Sparsity Loss: 0.008164113387465477
Epoch: 2 batch_num: 24
0: 8.375 * Walking
1: 6.96875 * ements
2: 6.59375 * dogs
3: 5.90625 * dog
4: 5.84375 * Pet
5: 5.25 * Around
6: 5.15625 * Walk
7: 4.875 * ncing
8: 4.84375 * realizeaz
9: 4.75 * logy
10: 4.46875 * pet
11: 4.375 * ist
12: 4.34375 * PR
13: 4.03125 * Walk
14: 4.0 * middle
15: 3.59375 * valeur
16: 3.546875 * Brown
17: 3.5 * owner
18: 3.4375 * Rover
19: 3.4375 * side
20: 3.4375 * IN
21: 3.21875 * AT
22: 3.171875 * freedom
23: 3.078125 * walked
24: 3.03125 * istic
25: 2.984375 * CR
26: 2.9375 * ST
27: 2.859375 * ling
28: 2.859375 * breath
29: 2.796875 * ST
30: 2.734375 * CC
31: 2.703125 * Ross
32: 2.59375 * Boston
33: 2.5625 * sted
34: 2.5 * animal
35: 2.453125 * owner
36: 2.4375 * 4%
37: 2.390625 * forward
38: 2.390625 * Chuck
39: 2.390625 * interest
40: 2.390625 * FC
41: 2.359375 * PD
42: 2.296875 * tracking
43: 2.296875 * grupuri
44: 2.28125 * actiuni
45: 2.234375 * west
46: 2.1875 * supplied
47: 2.078125 * Cooper
48: 2.078125 * and
49: 2.0625 * outdoor
Total loss: 0.291006475687027 = MSE Loss: 0.2473401129245758, 5.0 * Sparsity Loss: 0.008733274415135384
Epoch: 2 batch_num: 25
0: 8.3125 * Walking
1: 7.03125 * ements
2: 6.96875 * dogs
3: 6.1875 * dog
4: 6.125 * Pet
5: 5.3125 * Around
6: 5.0625 * Walk
7: 5.0 * realizeaz
8: 4.96875 * ncing
9: 4.6875 * logy
10: 4.5625 * pet
11: 4.40625 * ist
12: 4.34375 * PR
13: 4.15625 * middle
14: 3.875 * Walk
15: 3.703125 * Brown
16: 3.6875 * valeur
17: 3.609375 * side
18: 3.515625 * Rover
19: 3.5 * IN
20: 3.484375 * owner
21: 3.296875 * AT
22: 3.25 * freedom
23: 3.09375 * istic
24: 3.078125 * CR
25: 3.03125 * walked
26: 2.984375 * ST
27: 2.921875 * ling
28: 2.90625 * breath
29: 2.84375 * CC
30: 2.8125 * ST
31: 2.796875 * Ross
32: 2.6875 * Boston
33: 2.59375 * animal
34: 2.578125 * sted
35: 2.546875 * Chuck
36: 2.5 * owner
37: 2.5 * FC
38: 2.453125 * forward
39: 2.40625 * 4%
40: 2.359375 * actiuni
41: 2.296875 * outdoor
42: 2.28125 * PD
43: 2.28125 * interest
44: 2.21875 * west
45: 2.21875 * grupuri
46: 2.1875 * Cooper
47: 2.1875 * wind
48: 2.171875 * tracking
49: 2.09375 * supplied
Total loss: 0.2784326672554016 = MSE Loss: 0.23430214822292328, 5.0 * Sparsity Loss: 0.008826101198792458
Epoch: 2 batch_num: 26
0: 8.1875 * Walking
1: 7.34375 * dogs
2: 7.09375 * ements
3: 6.5 * dog
4: 6.40625 * Pet
5: 5.34375 * Around
6: 5.1875 * realizeaz
7: 5.0625 * Walk
8: 5.03125 * ncing
9: 4.625 * pet
10: 4.625 * logy
11: 4.4375 * ist
12: 4.3125 * middle
13: 4.28125 * PR
14: 3.890625 * Brown
15: 3.796875 * valeur
16: 3.75 * Walk
17: 3.71875 * side
18: 3.59375 * Rover
19: 3.546875 * IN
20: 3.46875 * owner
21: 3.34375 * AT
22: 3.3125 * freedom
23: 3.203125 * CR
24: 3.15625 * istic
25: 2.96875 * ling
26: 2.953125 * walked
27: 2.953125 * ST
28: 2.90625 * CC
29: 2.90625 * breath
30: 2.875 * Ross
31: 2.796875 * Boston
32: 2.78125 * ST
33: 2.6875 * Chuck
34: 2.65625 * animal
35: 2.625 * FC
36: 2.609375 * sted
37: 2.53125 * owner
38: 2.515625 * outdoor
39: 2.484375 * forward
40: 2.4375 * actiuni
41: 2.421875 * 4%
42: 2.421875 * wind
43: 2.296875 * Cooper
44: 2.234375 * PD
45: 2.203125 * west
46: 2.140625 * interest
47: 2.140625 * grupuri
48: 2.0625 * 3
49: 2.015625 * tered
Total loss: 0.2591749429702759 = MSE Loss: 0.2157893031835556, 5.0 * Sparsity Loss: 0.008677128702402115
Epoch: 2 batch_num: 27
0: 8.1875 * Walking
1: 7.53125 * dogs
2: 7.15625 * ements
3: 6.59375 * dog
4: 6.59375 * Pet
5: 5.375 * Around
6: 5.3125 * realizeaz
7: 5.125 * ncing
8: 5.09375 * Walk
9: 4.6875 * pet
10: 4.53125 * logy
11: 4.40625 * ist
12: 4.375 * middle
13: 4.25 * PR
14: 4.0 * Brown
15: 3.890625 * valeur
16: 3.8125 * side
17: 3.671875 * Walk
18: 3.671875 * Rover
19: 3.5625 * IN
20: 3.421875 * owner
21: 3.390625 * AT
22: 3.34375 * freedom
23: 3.3125 * CR
24: 3.1875 * istic
25: 2.9375 * walked
26: 2.921875 * CC
27: 2.921875 * Ross
28: 2.921875 * breath
29: 2.90625 * ling
30: 2.84375 * Boston
31: 2.8125 * ST
32: 2.78125 * Chuck
33: 2.765625 * FC
34: 2.671875 * ST
35: 2.640625 * outdoor
36: 2.609375 * animal
37: 2.59375 * sted
38: 2.578125 * wind
39: 2.5625 * owner
40: 2.53125 * forward
41: 2.40625 * actiuni
42: 2.40625 * 4%
43: 2.375 * Cooper
44: 2.203125 * PD
45: 2.171875 * west
46: 2.078125 * Wind
47: 2.078125 * grupuri
48: 2.0625 * West
49: 2.046875 * interest
Total loss: 0.3989188075065613 = MSE Loss: 0.35507041215896606, 5.0 * Sparsity Loss: 0.008769681677222252
Epoch: 2 batch_num: 28
0: 8.125 * Walking
1: 7.625 * dogs
2: 7.21875 * ements
3: 6.71875 * Pet
4: 6.65625 * dog
5: 5.40625 * realizeaz
6: 5.375 * Around
7: 5.1875 * ncing
8: 5.15625 * Walk
9: 4.71875 * pet
10: 4.46875 * logy
11: 4.40625 * middle
12: 4.375 * ist
13: 4.1875 * PR
14: 4.09375 * Brown
15: 3.96875 * valeur
16: 3.875 * side
17: 3.75 * Rover
18: 3.640625 * Walk
19: 3.546875 * IN
20: 3.421875 * AT
21: 3.421875 * CR
22: 3.390625 * owner
23: 3.375 * freedom
24: 3.21875 * istic
25: 2.953125 * Ross
26: 2.953125 * breath
27: 2.921875 * CC
28: 2.90625 * ling
29: 2.890625 * walked
30: 2.890625 * Boston
31: 2.875 * Chuck
32: 2.859375 * FC
33: 2.765625 * outdoor
34: 2.703125 * wind
35: 2.6875 * ST
36: 2.609375 * owner
37: 2.59375 * sted
38: 2.578125 * ST
39: 2.546875 * animal
40: 2.53125 * forward
41: 2.4375 * Cooper
42: 2.421875 * 4%
43: 2.390625 * actiuni
44: 2.203125 * Fox
45: 2.15625 * Wind
46: 2.125 * west
47: 2.125 * PD
48: 2.0625 * stability
49: 2.046875 * West
Total loss: 0.23210281133651733 = MSE Loss: 0.18858295679092407, 5.0 * Sparsity Loss: 0.008703971281647682
Epoch: 2 batch_num: 29
0: 8.1875 * Walking
1: 7.75 * dogs
2: 7.3125 * ements
3: 6.78125 * Pet
4: 6.75 * dog
5: 5.78125 * realizeaz
6: 5.40625 * Around
7: 5.21875 * ncing
8: 5.125 * Walk
9: 4.75 * pet
10: 4.5625 * middle
11: 4.34375 * ist
12: 4.28125 * logy
13: 4.1875 * PR
14: 4.1875 * Brown
15: 4.09375 * side
16: 4.09375 * valeur
17: 3.828125 * Rover
18: 3.546875 * IN
19: 3.484375 * CR
20: 3.453125 * Walk
21: 3.4375 * owner
22: 3.4375 * AT
23: 3.40625 * freedom
24: 3.265625 * istic
25: 3.0 * breath
26: 2.96875 * CC
27: 2.96875 * Ross
28: 2.953125 * Chuck
29: 2.953125 * FC
30: 2.921875 * walked
31: 2.921875 * ling
32: 2.921875 * wind
33: 2.90625 * outdoor
34: 2.875 * Boston
35: 2.671875 * owner
36: 2.65625 * ST
37: 2.578125 * sted
38: 2.578125 * ST
39: 2.53125 * forward
40: 2.5 * Cooper
41: 2.484375 * animal
42: 2.421875 * 4%
43: 2.421875 * Fox
44: 2.359375 * actiuni
45: 2.328125 * Wind
46: 2.1875 * West
47: 2.171875 * assistant
48: 2.140625 * west
49: 2.125 * staffed
Total loss: 0.2326658070087433 = MSE Loss: 0.19097180664539337, 5.0 * Sparsity Loss: 0.008338800631463528
Epoch: 2 batch_num: 30
0: 8.125 * Walking
1: 7.90625 * dogs
2: 7.3125 * ements
3: 6.875 * dog
4: 6.875 * Pet
5: 6.125 * realizeaz
6: 5.375 * Around
7: 5.28125 * ncing
8: 5.0625 * Walk
9: 4.78125 * pet
10: 4.59375 * middle
11: 4.3125 * ist
12: 4.21875 * Brown
13: 4.21875 * valeur
14: 4.1875 * PR
15: 4.1875 * side
16: 4.125 * logy
17: 3.875 * Rover
18: 3.5625 * CR
19: 3.546875 * IN
20: 3.484375 * owner
21: 3.4375 * freedom
22: 3.40625 * AT
23: 3.3125 * istic
24: 3.25 * Walk
25: 3.09375 * wind
26: 3.0625 * CC
27: 3.03125 * Chuck
28: 3.03125 * Ross
29: 3.03125 * outdoor
30: 3.015625 * FC
31: 3.015625 * breath
32: 2.96875 * ling
33: 2.90625 * walked
34: 2.90625 * Boston
35: 2.734375 * ST
36: 2.6875 * owner
37: 2.640625 * ST
38: 2.609375 * Fox
39: 2.578125 * sted
40: 2.53125 * Cooper
41: 2.5 * forward
42: 2.5 * Wind
43: 2.421875 * 4%
44: 2.40625 * animal
45: 2.375 * actiuni
46: 2.234375 * assistant
47: 2.203125 * staffed
48: 2.171875 * Cro
49: 2.171875 * West
Total loss: 0.27813398838043213 = MSE Loss: 0.23723861575126648, 5.0 * Sparsity Loss: 0.00817907229065895
Epoch: 2 batch_num: 31
0: 8.3125 * Walking
1: 7.84375 * dogs
2: 7.3125 * ements
3: 6.875 * Pet
4: 6.8125 * dog
5: 6.34375 * realizeaz
6: 5.34375 * Around
7: 5.3125 * ncing
8: 4.90625 * Walk
9: 4.75 * pet
10: 4.625 * middle
11: 4.3125 * ist
12: 4.28125 * side
13: 4.21875 * Brown
14: 4.21875 * valeur
15: 4.15625 * PR
16: 4.0625 * logy
17: 3.890625 * Rover
18: 3.59375 * CR
19: 3.53125 * IN
20: 3.5 * owner
21: 3.4375 * freedom
22: 3.40625 * AT
23: 3.3125 * istic
24: 3.1875 * wind
25: 3.09375 * Walk
26: 3.078125 * Chuck
27: 3.078125 * CC
28: 3.078125 * breath
29: 3.0625 * Ross
30: 3.046875 * FC
31: 3.0 * outdoor
32: 2.96875 * walked
33: 2.953125 * ling
34: 2.90625 * Boston
35: 2.734375 * owner
36: 2.71875 * ST
37: 2.671875 * Fox
38: 2.59375 * ST
39: 2.5625 * Cooper
40: 2.546875 * sted
41: 2.546875 * Wind
42: 2.453125 * forward
43: 2.4375 * 4%
44: 2.4375 * assistant
45: 2.34375 * staffed
46: 2.296875 * actiuni
47: 2.28125 * animal
48: 2.25 * West
49: 2.203125 * Cro
Total loss: 0.3236541152000427 = MSE Loss: 0.2810635566711426, 5.0 * Sparsity Loss: 0.008518112823367119
Epoch: 2 batch_num: 32
0: 8.4375 * Walking
1: 7.90625 * dogs
2: 7.28125 * ements
3: 6.84375 * Pet
4: 6.8125 * dog
5: 6.4375 * realizeaz
6: 5.3125 * Around
7: 5.3125 * ncing
8: 4.8125 * Walk
9: 4.75 * pet
10: 4.65625 * middle
11: 4.375 * side
12: 4.3125 * ist
13: 4.21875 * valeur
14: 4.1875 * Brown
15: 4.15625 * PR
16: 4.0625 * logy
17: 3.890625 * Rover
18: 3.609375 * CR
19: 3.53125 * IN
20: 3.5 * owner
21: 3.453125 * freedom
22: 3.40625 * AT
23: 3.34375 * istic
24: 3.21875 * wind
25: 3.125 * Chuck
26: 3.109375 * CC
27: 3.109375 * breath
28: 3.078125 * Ross
29: 3.078125 * FC
30: 3.0 * walked
31: 3.0 * outdoor
32: 2.984375 * Walk
33: 2.953125 * ling
34: 2.921875 * Boston
35: 2.765625 * owner
36: 2.71875 * ST
37: 2.671875 * Fox
38: 2.59375 * Cooper
39: 2.59375 * assistant
40: 2.5625 * ST
41: 2.5625 * Wind
42: 2.53125 * sted
43: 2.453125 * staffed
44: 2.453125 * 4%
45: 2.421875 * forward
46: 2.234375 * actiuni
47: 2.21875 * Cro
48: 2.203125 * animal
49: 2.1875 * West
Total loss: 0.28779470920562744 = MSE Loss: 0.24449072778224945, 5.0 * Sparsity Loss: 0.008660797961056232
Epoch: 2 batch_num: 33
0: 8.375 * Walking
1: 8.1875 * dogs
2: 7.3125 * ements
3: 7.0 * dog
4: 7.0 * Pet
5: 6.65625 * realizeaz
6: 5.3125 * Around
7: 5.3125 * ncing
8: 4.90625 * Walk
9: 4.8125 * pet
10: 4.6875 * middle
11: 4.46875 * side
12: 4.34375 * valeur
13: 4.3125 * ist
14: 4.15625 * Brown
15: 4.09375 * PR
16: 3.96875 * logy
17: 3.953125 * Rover
18: 3.640625 * CR
19: 3.59375 * freedom
20: 3.53125 * IN
21: 3.453125 * owner
22: 3.40625 * AT
23: 3.375 * istic
24: 3.296875 * wind
25: 3.203125 * Chuck
26: 3.1875 * FC
27: 3.109375 * CC
28: 3.09375 * Ross
29: 3.078125 * outdoor
30: 3.078125 * breath
31: 3.0 * ling
32: 2.9375 * walked
33: 2.90625 * Boston
34: 2.890625 * Walk
35: 2.78125 * ST
36: 2.765625 * owner
37: 2.765625 * Fox
38: 2.65625 * assistant
39: 2.640625 * Wind
40: 2.625 * Cooper
41: 2.53125 * ST
42: 2.5 * sted
43: 2.453125 * forward
44: 2.453125 * staffed
45: 2.40625 * 4%
46: 2.359375 * Path
47: 2.3125 * Cro
48: 2.296875 * actiuni
49: 2.203125 * animal
Total loss: 0.27851614356040955 = MSE Loss: 0.23685786128044128, 5.0 * Sparsity Loss: 0.008331656455993652
Epoch: 2 batch_num: 34
0: 8.5625 * dogs
1: 8.125 * Walking
2: 7.375 * ements
3: 7.3125 * dog
4: 7.15625 * Pet
5: 6.875 * realizeaz
6: 5.34375 * Around
7: 5.3125 * ncing
8: 5.09375 * Walk
9: 4.875 * pet
10: 4.8125 * middle
11: 4.5 * side
12: 4.5 * valeur
13: 4.3125 * ist
14: 4.09375 * Brown
15: 4.03125 * Rover
16: 4.0 * PR
17: 3.828125 * logy
18: 3.734375 * freedom
19: 3.671875 * CR
20: 3.484375 * IN
21: 3.375 * owner
22: 3.375 * istic
23: 3.375 * wind
24: 3.359375 * AT
25: 3.3125 * FC
26: 3.234375 * Chuck
27: 3.203125 * outdoor
28: 3.109375 * Ross
29: 3.09375 * ling
30: 3.09375 * CC
31: 3.046875 * breath
32: 2.9375 * Boston
33: 2.84375 * walked
34: 2.84375 * Fox
35: 2.828125 * Walk
36: 2.8125 * ST
37: 2.765625 * owner
38: 2.703125 * Wind
39: 2.671875 * assistant
40: 2.65625 * Cooper
41: 2.65625 * Path
42: 2.5 * forward
43: 2.484375 * sted
44: 2.46875 * ST
45: 2.4375 * staffed
46: 2.390625 * Cro
47: 2.375 * actiuni
48: 2.375 * 4%
49: 2.21875 * animal
Total loss: 0.24514174461364746 = MSE Loss: 0.2042701691389084, 5.0 * Sparsity Loss: 0.008174315094947815
Epoch: 2 batch_num: 35
0: 8.9375 * dogs
1: 8.125 * Walking
2: 7.53125 * dog
3: 7.46875 * ements
4: 7.28125 * Pet
5: 7.21875 * realizeaz
6: 5.34375 * Around
7: 5.28125 * ncing
8: 5.03125 * Walk
9: 4.9375 * middle
10: 4.90625 * pet
11: 4.65625 * valeur
12: 4.59375 * side
13: 4.34375 * ist
14: 4.09375 * Rover
15: 4.0625 * Brown
16: 3.90625 * PR
17: 3.796875 * freedom
18: 3.71875 * logy
19: 3.6875 * CR
20: 3.515625 * wind
21: 3.453125 * FC
22: 3.40625 * istic
23: 3.375 * IN
24: 3.328125 * owner
25: 3.3125 * outdoor
26: 3.296875 * Chuck
27: 3.296875 * AT
28: 3.203125 * ling
29: 3.109375 * Ross
30: 3.078125 * breath
31: 3.046875 * CC
32: 3.03125 * Path
33: 2.953125 * Boston
34: 2.953125 * Fox
35: 2.828125 * walked
36: 2.828125 * Wind
37: 2.8125 * ST
38: 2.78125 * owner
39: 2.6875 * Walk
40: 2.6875 * Cooper
41: 2.671875 * assistant
42: 2.578125 * forward
43: 2.46875 * Cro
44: 2.46875 * sted
45: 2.453125 * actiuni
46: 2.4375 * ST
47: 2.421875 * staffed
48: 2.375 * 4%
49: 2.296875 * mândr
Total loss: 0.2563803791999817 = MSE Loss: 0.21634814143180847, 5.0 * Sparsity Loss: 0.008006447926163673
Epoch: 2 batch_num: 36
0: 9.1875 * dogs
1: 8.125 * Walking
2: 7.71875 * dog
3: 7.53125 * ements
4: 7.4375 * realizeaz
5: 7.40625 * Pet
6: 5.34375 * Around
7: 5.3125 * ncing
8: 5.03125 * Walk
9: 5.0 * middle
10: 4.9375 * pet
11: 4.78125 * valeur
12: 4.59375 * side
13: 4.34375 * ist
14: 4.15625 * Rover
15: 4.0625 * Brown
16: 3.84375 * freedom
17: 3.8125 * PR
18: 3.703125 * CR
19: 3.609375 * logy
20: 3.609375 * FC
21: 3.609375 * wind
22: 3.4375 * istic
23: 3.375 * outdoor
24: 3.359375 * Chuck
25: 3.3125 * owner
26: 3.296875 * Path
27: 3.296875 * IN
28: 3.28125 * ling
29: 3.1875 * AT
30: 3.125 * Ross
31: 3.078125 * Fox
32: 3.078125 * breath
33: 3.0 * CC
34: 2.984375 * Boston
35: 2.953125 * Wind
36: 2.796875 * walked
37: 2.796875 * owner
38: 2.703125 * Cooper
39: 2.671875 * ST
40: 2.640625 * forward
41: 2.640625 * assistant
42: 2.59375 * Walk
43: 2.53125 * Cro
44: 2.46875 * actiuni
45: 2.453125 * sted
46: 2.375 * staffed
47: 2.375 * 4%
48: 2.34375 * mândr
49: 2.328125 * ST
Total loss: 0.25774750113487244 = MSE Loss: 0.2185572385787964, 5.0 * Sparsity Loss: 0.00783805176615715
Epoch: 2 batch_num: 37
0: 9.375 * dogs
1: 8.25 * Walking
2: 7.84375 * dog
3: 7.71875 * realizeaz
4: 7.53125 * ements
5: 7.46875 * Pet
6: 5.34375 * ncing
7: 5.3125 * Around
8: 5.03125 * middle
9: 4.9375 * pet
10: 4.90625 * valeur
11: 4.8125 * Walk
12: 4.6875 * side
13: 4.34375 * ist
14: 4.1875 * Rover
15: 3.984375 * Brown
16: 3.90625 * freedom
17: 3.734375 * PR
18: 3.734375 * FC
19: 3.734375 * wind
20: 3.6875 * CR
21: 3.53125 * Path
22: 3.46875 * istic
23: 3.46875 * logy
24: 3.4375 * Chuck
25: 3.40625 * outdoor
26: 3.34375 * ling
27: 3.3125 * owner
28: 3.21875 * IN
29: 3.203125 * Fox
30: 3.15625 * Ross
31: 3.125 * breath
32: 3.09375 * AT
33: 3.0625 * Wind
34: 3.0 * Boston
35: 2.96875 * CC
36: 2.859375 * walked
37: 2.796875 * owner
38: 2.71875 * Cooper
39: 2.65625 * forward
40: 2.625 * ST
41: 2.609375 * Cro
42: 2.59375 * assistant
43: 2.5 * actiuni
44: 2.421875 * Walk
45: 2.421875 * sted
46: 2.40625 * mândr
47: 2.375 * 4%
48: 2.359375 * staffed
49: 2.296875 * Walker
Total loss: 0.28188595175743103 = MSE Loss: 0.24327518045902252, 5.0 * Sparsity Loss: 0.007722155656665564
Epoch: 2 batch_num: 38
0: 9.5 * dogs
1: 8.375 * Walking
2: 7.90625 * dog
3: 7.90625 * realizeaz
4: 7.5 * ements
5: 7.46875 * Pet
6: 5.375 * ncing
7: 5.28125 * Around
8: 5.09375 * middle
9: 5.0 * valeur
10: 4.96875 * pet
11: 4.75 * side
12: 4.59375 * Walk
13: 4.34375 * ist
14: 4.21875 * Rover
15: 3.9375 * Brown
16: 3.9375 * freedom
17: 3.796875 * Path
18: 3.796875 * wind
19: 3.78125 * FC
20: 3.671875 * PR
21: 3.640625 * CR
22: 3.5 * Chuck
23: 3.484375 * istic
24: 3.40625 * outdoor
25: 3.375 * ling
26: 3.359375 * logy
27: 3.328125 * Fox
28: 3.296875 * owner
29: 3.171875 * IN
30: 3.171875 * Ross
31: 3.15625 * Wind
32: 3.125 * breath
33: 3.078125 * AT
34: 2.96875 * Boston
35: 2.953125 * CC
36: 2.921875 * walked
37: 2.8125 * owner
38: 2.703125 * Cooper
39: 2.6875 * Cro
40: 2.6875 * ST
41: 2.640625 * forward
42: 2.546875 * assistant
43: 2.53125 * actiuni
44: 2.5 * mândr
45: 2.390625 * sted
46: 2.328125 * staffed
47: 2.328125 * 4%
48: 2.296875 * Walker
49: 2.25 * Walk
Total loss: 0.29291367530822754 = MSE Loss: 0.2549360990524292, 5.0 * Sparsity Loss: 0.007595516741275787
Epoch: 2 batch_num: 39
0: 9.5625 * dogs
1: 8.4375 * Walking
2: 8.125 * realizeaz
3: 7.9375 * dog
4: 7.46875 * ements
5: 7.34375 * Pet
6: 5.375 * ncing
7: 5.21875 * Around
8: 5.09375 * middle
9: 5.0625 * valeur
10: 4.96875 * pet
11: 4.75 * side
12: 4.4375 * Walk
13: 4.34375 * ist
14: 4.25 * Rover
15: 4.03125 * Path
16: 3.984375 * freedom
17: 3.875 * Brown
18: 3.796875 * FC
19: 3.796875 * wind
20: 3.59375 * PR
21: 3.59375 * CR
22: 3.5625 * Chuck
23: 3.484375 * istic
24: 3.453125 * Fox
25: 3.40625 * outdoor
26: 3.375 * ling
27: 3.234375 * owner
28: 3.21875 * logy
29: 3.21875 * Wind
30: 3.1875 * Ross
31: 3.125 * IN
32: 3.125 * AT
33: 3.109375 * breath
34: 2.96875 * Boston
35: 2.9375 * walked
36: 2.9375 * CC
37: 2.796875 * Cro
38: 2.78125 * owner
39: 2.78125 * ST
40: 2.6875 * Cooper
41: 2.578125 * forward
42: 2.578125 * actiuni
43: 2.578125 * mândr
44: 2.484375 * assistant
45: 2.390625 * sted
46: 2.3125 * Mal
47: 2.3125 * staffed
48: 2.296875 * Walker
49: 2.296875 * Bark
Total loss: 0.2140464186668396 = MSE Loss: 0.17584013938903809, 5.0 * Sparsity Loss: 0.007641257252544165
Epoch: 2 batch_num: 40
0: 9.5625 * dogs
1: 8.375 * Walking
2: 8.25 * realizeaz
3: 7.96875 * dog
4: 7.4375 * ements
5: 7.3125 * Pet
6: 5.34375 * ncing
7: 5.1875 * Around
8: 5.09375 * valeur
9: 5.0625 * middle
10: 4.96875 * pet
11: 4.75 * side
12: 4.375 * Walk
13: 4.34375 * ist
14: 4.28125 * Rover
15: 4.25 * Path
16: 4.0 * freedom
17: 3.8125 * FC
18: 3.78125 * Brown
19: 3.78125 * wind
20: 3.609375 * Chuck
21: 3.546875 * CR
22: 3.53125 * Fox
23: 3.5 * istic
24: 3.46875 * PR
25: 3.40625 * outdoor
26: 3.390625 * ling
27: 3.25 * Wind
28: 3.1875 * owner
29: 3.1875 * Ross
30: 3.15625 * AT
31: 3.109375 * logy
32: 3.09375 * IN
33: 3.09375 * breath
34: 2.953125 * Boston
35: 2.90625 * walked
36: 2.90625 * CC
37: 2.859375 * Cro
38: 2.796875 * ST
39: 2.765625 * owner
40: 2.671875 * Cooper
41: 2.640625 * mândr
42: 2.609375 * actiuni
43: 2.5 * forward
44: 2.421875 * assistant
45: 2.390625 * sted
46: 2.359375 * Mal
47: 2.328125 * Bark
48: 2.3125 * Walker
49: 2.296875 * staffed
Total loss: 0.22816702723503113 = MSE Loss: 0.19019165635108948, 5.0 * Sparsity Loss: 0.00759507529437542
Epoch: 2 batch_num: 41
0: 9.5625 * dogs
1: 8.4375 * realizeaz
2: 8.375 * Walking
3: 7.96875 * dog
4: 7.375 * ements
5: 7.34375 * Pet
6: 5.4375 * ncing
7: 5.21875 * Around
8: 5.125 * valeur
9: 5.09375 * middle
10: 4.96875 * pet
11: 4.78125 * side
12: 4.375 * Path
13: 4.34375 * Walk
14: 4.28125 * Rover
15: 4.28125 * ist
16: 4.0 * freedom
17: 3.875 * FC
18: 3.796875 * wind
19: 3.6875 * Brown
20: 3.625 * Chuck
21: 3.546875 * Fox
22: 3.5 * CR
23: 3.484375 * istic
24: 3.375 * outdoor
25: 3.359375 * PR
26: 3.34375 * ling
27: 3.296875 * Wind
28: 3.1875 * owner
29: 3.171875 * Ross
30: 3.140625 * AT
31: 3.09375 * IN
32: 3.078125 * breath
33: 3.0 * logy
34: 2.96875 * Boston
35: 2.9375 * CC
36: 2.90625 * walked
37: 2.875 * Cro
38: 2.75 * owner
39: 2.734375 * ST
40: 2.671875 * mândr
41: 2.640625 * Cooper
42: 2.609375 * actiuni
43: 2.453125 * forward
44: 2.359375 * Mal
45: 2.359375 * Bark
46: 2.359375 * assistant
47: 2.34375 * sted
48: 2.328125 * Walker
49: 2.3125 * staffed
Total loss: 0.25536584854125977 = MSE Loss: 0.21828648447990417, 5.0 * Sparsity Loss: 0.007415871135890484
Epoch: 2 batch_num: 42
0: 9.625 * dogs
1: 8.5625 * realizeaz
2: 8.375 * Walking
3: 8.0 * dog
4: 7.4375 * Pet
5: 7.34375 * ements
6: 5.5 * ncing
7: 5.28125 * Around
8: 5.1875 * valeur
9: 5.0625 * middle
10: 5.0 * pet
11: 4.75 * side
12: 4.375 * Walk
13: 4.375 * Path
14: 4.3125 * Rover
15: 4.28125 * ist
16: 4.0 * freedom
17: 3.953125 * FC
18: 3.8125 * wind
19: 3.65625 * Chuck
20: 3.609375 * Brown
21: 3.578125 * Fox
22: 3.5 * CR
23: 3.46875 * istic
24: 3.328125 * outdoor
25: 3.3125 * Wind
26: 3.296875 * ling
27: 3.265625 * PR
28: 3.234375 * owner
29: 3.15625 * Ross
30: 3.15625 * AT
31: 3.140625 * IN
32: 3.046875 * breath
33: 2.953125 * Boston
34: 2.90625 * CC
35: 2.890625 * walked
36: 2.890625 * logy
37: 2.875 * Cro
38: 2.765625 * owner
39: 2.65625 * mândr
40: 2.625 * Cooper
41: 2.625 * actiuni
42: 2.578125 * ST
43: 2.40625 * forward
44: 2.375 * Bark
45: 2.34375 * Mal
46: 2.328125 * trecută
47: 2.296875 * Walker
48: 2.296875 * sted
49: 2.28125 * staffed
Total loss: 0.45270591974258423 = MSE Loss: 0.4166715145111084, 5.0 * Sparsity Loss: 0.007206881418824196
Epoch: 2 batch_num: 43
0: 9.6875 * dogs
1: 8.75 * realizeaz
2: 8.3125 * Walking
3: 8.0625 * dog
4: 7.53125 * Pet
5: 7.34375 * ements
6: 5.53125 * ncing
7: 5.375 * Around
8: 5.25 * valeur
9: 5.03125 * pet
10: 5.03125 * middle
11: 4.75 * side
12: 4.375 * Walk
13: 4.34375 * Rover
14: 4.3125 * Path
15: 4.25 * ist
16: 4.03125 * FC
17: 4.0 * freedom
18: 3.84375 * wind
19: 3.703125 * Chuck
20: 3.625 * Fox
21: 3.59375 * Brown
22: 3.515625 * CR
23: 3.46875 * istic
24: 3.34375 * Wind
25: 3.296875 * owner
26: 3.28125 * ling
27: 3.28125 * outdoor
28: 3.21875 * AT
29: 3.1875 * IN
30: 3.125 * PR
31: 3.125 * Ross
32: 3.0 * breath
33: 2.9375 * Boston
34: 2.875 * Cro
35: 2.84375 * walked
36: 2.84375 * CC
37: 2.8125 * owner
38: 2.8125 * logy
39: 2.65625 * mândr
40: 2.609375 * Cooper
41: 2.578125 * actiuni
42: 2.453125 * ST
43: 2.40625 * Bark
44: 2.375 * forward
45: 2.328125 * Mal
46: 2.328125 * trecută
47: 2.28125 * Walker
48: 2.265625 * sted
49: 2.234375 * staffed
Total loss: 0.22820939123630524 = MSE Loss: 0.19204182922840118, 5.0 * Sparsity Loss: 0.007233512122184038
Epoch: 2 batch_num: 44
0: 9.6875 * dogs
1: 8.875 * realizeaz
2: 8.25 * Walking
3: 8.125 * dog
4: 7.625 * Pet
5: 7.40625 * ements
6: 5.5625 * ncing
7: 5.5 * Around
8: 5.3125 * valeur
9: 5.0625 * middle
10: 5.03125 * pet
11: 4.78125 * side
12: 4.4375 * Walk
13: 4.34375 * Rover
14: 4.25 * ist
15: 4.1875 * Path
16: 4.125 * FC
17: 4.03125 * freedom
18: 3.875 * wind
19: 3.71875 * Chuck
20: 3.640625 * Brown
21: 3.625 * Fox
22: 3.546875 * CR
23: 3.46875 * istic
24: 3.34375 * owner
25: 3.34375 * Wind
26: 3.28125 * ling
27: 3.265625 * AT
28: 3.234375 * outdoor
29: 3.203125 * IN
30: 3.09375 * Ross
31: 2.984375 * breath
32: 2.953125 * PR
33: 2.890625 * Boston
34: 2.875 * Cro
35: 2.84375 * owner
36: 2.796875 * walked
37: 2.765625 * logy
38: 2.734375 * CC
39: 2.609375 * mândr
40: 2.59375 * Cooper
41: 2.515625 * actiuni
42: 2.4375 * Bark
43: 2.375 * forward
44: 2.34375 * trecută
45: 2.328125 * Mal
46: 2.28125 * ST
47: 2.265625 * Walker
48: 2.25 * sted
49: 2.1875 * staffed
Total loss: 0.3394086956977844 = MSE Loss: 0.3035564422607422, 5.0 * Sparsity Loss: 0.007170449942350388
Epoch: 2 batch_num: 45
0: 9.6875 * dogs
1: 9.0 * realizeaz
2: 8.25 * Walking
3: 8.0625 * dog
4: 7.6875 * Pet
5: 7.46875 * ements
6: 5.53125 * Around
7: 5.53125 * ncing
8: 5.34375 * valeur
9: 5.125 * middle
10: 5.0625 * pet
11: 4.84375 * side
12: 4.4375 * Walk
13: 4.375 * Rover
14: 4.25 * ist
15: 4.25 * FC
16: 4.125 * Path
17: 4.03125 * freedom
18: 3.953125 * wind
19: 3.734375 * Chuck
20: 3.640625 * Brown
21: 3.59375 * Fox
22: 3.59375 * CR
23: 3.46875 * istic
24: 3.390625 * owner
25: 3.390625 * Wind
26: 3.265625 * ling
27: 3.265625 * AT
28: 3.1875 * IN
29: 3.171875 * outdoor
30: 3.078125 * Ross
31: 2.984375 * breath
32: 2.890625 * Cro
33: 2.859375 * owner
34: 2.84375 * Boston
35: 2.78125 * PR
36: 2.765625 * walked
37: 2.734375 * logy
38: 2.625 * mândr
39: 2.59375 * Cooper
40: 2.59375 * CC
41: 2.453125 * actiuni
42: 2.4375 * Bark
43: 2.359375 * forward
44: 2.34375 * trecută
45: 2.328125 * Mal
46: 2.25 * Walker
47: 2.234375 * sted
48: 2.125 * staffed
49: 2.109375 * ST
Total loss: 0.22194890677928925 = MSE Loss: 0.18583613634109497, 5.0 * Sparsity Loss: 0.007222553715109825
Epoch: 2 batch_num: 46
0: 9.625 * dogs
1: 9.1875 * realizeaz
2: 8.25 * Walking
3: 8.0 * dog
4: 7.71875 * Pet
5: 7.5625 * ements
6: 5.53125 * Around
7: 5.5 * ncing
8: 5.375 * valeur
9: 5.15625 * middle
10: 5.0625 * pet
11: 4.875 * side
12: 4.53125 * Walk
13: 4.375 * Rover
14: 4.28125 * ist
15: 4.28125 * FC
16: 4.0625 * Path
17: 4.03125 * freedom
18: 4.0 * wind
19: 3.78125 * Chuck
20: 3.734375 * Brown
21: 3.609375 * Fox
22: 3.578125 * CR
23: 3.46875 * istic
24: 3.421875 * Wind
25: 3.40625 * owner
26: 3.28125 * ling
27: 3.234375 * AT
28: 3.140625 * IN
29: 3.09375 * outdoor
30: 3.0625 * Ross
31: 2.96875 * breath
32: 2.921875 * Cro
33: 2.890625 * owner
34: 2.796875 * Boston
35: 2.703125 * walked
36: 2.6875 * logy
37: 2.671875 * PR
38: 2.625 * mândr
39: 2.578125 * Cooper
40: 2.484375 * CC
41: 2.4375 * Bark
42: 2.359375 * actiuni
43: 2.34375 * forward
44: 2.34375 * trecută
45: 2.328125 * Mal
46: 2.234375 * Walker
47: 2.21875 * sted
48: 2.078125 * staffed
49: 2.0625 * ST
Total loss: 0.3783551752567291 = MSE Loss: 0.3429483473300934, 5.0 * Sparsity Loss: 0.007081366144120693
Epoch: 2 batch_num: 47
0: 9.4375 * dogs
1: 9.4375 * realizeaz
2: 8.1875 * Walking
3: 7.90625 * dog
4: 7.75 * Pet
5: 7.59375 * ements
6: 5.46875 * Around
7: 5.46875 * ncing
8: 5.40625 * valeur
9: 5.15625 * middle
10: 5.0625 * pet
11: 4.875 * side
12: 4.53125 * Walk
13: 4.375 * Rover
14: 4.28125 * ist
15: 4.28125 * FC
16: 4.0625 * wind
17: 4.03125 * Path
18: 3.984375 * freedom
19: 3.828125 * Chuck
20: 3.734375 * Brown
21: 3.609375 * Fox
22: 3.546875 * CR
23: 3.46875 * istic
24: 3.453125 * Wind
25: 3.390625 * owner
26: 3.28125 * ling
27: 3.234375 * AT
28: 3.09375 * outdoor
29: 3.0625 * IN
30: 3.0625 * Ross
31: 2.984375 * breath
32: 2.96875 * Cro
33: 2.890625 * owner
34: 2.78125 * Boston
35: 2.65625 * walked
36: 2.625 * mândr
37: 2.625 * logy
38: 2.59375 * PR
39: 2.546875 * Cooper
40: 2.4375 * Bark
41: 2.375 * CC
42: 2.359375 * trecută
43: 2.328125 * actiuni
44: 2.3125 * forward
45: 2.296875 * Mal
46: 2.25 * Walker
47: 2.203125 * sted
48: 2.09375 * ST
49: 2.046875 * staffed
Total loss: 0.2905743420124054 = MSE Loss: 0.2555774450302124, 5.0 * Sparsity Loss: 0.006999381817877293
Epoch: 2 batch_num: 48
0: 9.625 * realizeaz
1: 9.375 * dogs
2: 8.3125 * Walking
3: 7.8125 * dog
4: 7.8125 * Pet
5: 7.625 * ements
6: 5.46875 * Around
7: 5.4375 * ncing
8: 5.40625 * valeur
9: 5.1875 * middle
10: 5.0625 * pet
11: 4.84375 * side
12: 4.4375 * Walk
13: 4.375 * Rover
14: 4.25 * ist
15: 4.25 * FC
16: 4.15625 * wind
17: 4.03125 * Path
18: 3.921875 * freedom
19: 3.890625 * Chuck
20: 3.765625 * Brown
21: 3.65625 * Fox
22: 3.515625 * Wind
23: 3.515625 * CR
24: 3.453125 * istic
25: 3.40625 * owner
26: 3.296875 * ling
27: 3.265625 * AT
28: 3.078125 * Ross
29: 3.046875 * outdoor
30: 3.015625 * Cro
31: 3.015625 * breath
32: 2.984375 * IN
33: 2.90625 * owner
34: 2.75 * Boston
35: 2.671875 * walked
36: 2.625 * mândr
37: 2.546875 * PR
38: 2.546875 * logy
39: 2.53125 * Cooper
40: 2.421875 * Bark
41: 2.34375 * trecută
42: 2.296875 * forward
43: 2.28125 * actiuni
44: 2.28125 * CC
45: 2.25 * Mal
46: 2.21875 * Walker
47: 2.1875 * sted
48: 2.171875 * ST
49: 2.015625 * staffed
Total loss: 0.18685053288936615 = MSE Loss: 0.15206493437290192, 5.0 * Sparsity Loss: 0.006957119330763817
Epoch: 2 batch_num: 49
0: 9.6875 * realizeaz
1: 9.25 * dogs
2: 8.375 * Walking
3: 7.8125 * Pet
4: 7.6875 * dog
5: 7.625 * ements
6: 5.46875 * Around
7: 5.4375 * ncing
8: 5.4375 * valeur
9: 5.21875 * middle
10: 5.0 * pet
11: 4.78125 * side
12: 4.4375 * Walk
13: 4.375 * Rover
14: 4.21875 * FC
15: 4.1875 * ist
16: 4.15625 * wind
17: 4.0 * Path
18: 3.921875 * Chuck
19: 3.859375 * freedom
20: 3.765625 * Brown
21: 3.671875 * Fox
22: 3.53125 * Wind
23: 3.46875 * CR
24: 3.421875 * owner
25: 3.421875 * istic
26: 3.34375 * AT
27: 3.265625 * ling
28: 3.09375 * Ross
29: 3.015625 * Cro
30: 3.015625 * outdoor
31: 3.015625 * breath
32: 2.953125 * IN
33: 2.921875 * owner
34: 2.6875 * walked
35: 2.671875 * Boston
36: 2.625 * mândr
37: 2.546875 * PR
38: 2.515625 * Cooper
39: 2.453125 * logy
40: 2.421875 * Bark
41: 2.328125 * trecută
42: 2.28125 * forward
43: 2.25 * Mal
44: 2.234375 * actiuni
45: 2.203125 * ST
46: 2.171875 * Walker
47: 2.171875 * CC
48: 2.15625 * sted
49: 2.015625 * interest
Total loss: 0.25896209478378296 = MSE Loss: 0.22470420598983765, 5.0 * Sparsity Loss: 0.006851578131318092
Epoch: 2 batch_num: 50
0: 9.75 * realizeaz
1: 9.1875 * dogs
2: 8.3125 * Walking
3: 7.84375 * Pet
4: 7.625 * dog
5: 7.625 * ements
6: 5.53125 * Around
7: 5.46875 * valeur
8: 5.40625 * ncing
9: 5.25 * middle
10: 5.0 * pet
11: 4.6875 * side
12: 4.53125 * Walk
13: 4.40625 * Rover
14: 4.1875 * FC
15: 4.15625 * wind
16: 4.125 * ist
17: 3.96875 * Chuck
18: 3.953125 * Path
19: 3.796875 * freedom
20: 3.75 * Brown
21: 3.71875 * Fox
22: 3.5 * Wind
23: 3.453125 * CR
24: 3.390625 * istic
25: 3.375 * owner
26: 3.359375 * AT
27: 3.25 * ling
28: 3.109375 * Ross
29: 3.03125 * breath
30: 3.0 * Cro
31: 2.96875 * outdoor
32: 2.90625 * owner
33: 2.890625 * IN
34: 2.65625 * walked
35: 2.609375 * Boston
36: 2.59375 * mândr
37: 2.53125 * PR
38: 2.5 * Cooper
39: 2.421875 * logy
40: 2.390625 * Bark
41: 2.328125 * trecută
42: 2.28125 * forward
43: 2.21875 * ST
44: 2.203125 * Mal
45: 2.203125 * actiuni
46: 2.15625 * Walker
47: 2.109375 * CC
48: 2.109375 * sted
49: 2.015625 * assistant
Total loss: 0.3663327097892761 = MSE Loss: 0.3317926526069641, 5.0 * Sparsity Loss: 0.0069080134853720665
Epoch: 2 batch_num: 51
0: 9.875 * realizeaz
1: 9.0625 * dogs
2: 8.375 * Walking
3: 7.90625 * Pet
4: 7.71875 * ements
5: 7.53125 * dog
6: 5.53125 * Around
7: 5.46875 * valeur
8: 5.34375 * ncing
9: 5.25 * middle
10: 4.96875 * pet
11: 4.65625 * side
12: 4.625 * Walk
13: 4.40625 * Rover
14: 4.1875 * wind
15: 4.15625 * FC
16: 4.09375 * ist
17: 4.0 * Path
18: 3.984375 * Chuck
19: 3.734375 * freedom
20: 3.71875 * Fox
21: 3.6875 * Brown
22: 3.53125 * Wind
23: 3.4375 * CR
24: 3.390625 * owner
25: 3.390625 * istic
26: 3.3125 * AT
27: 3.25 * ling
28: 3.125 * Ross
29: 3.046875 * breath
30: 2.984375 * outdoor
31: 2.953125 * Cro
32: 2.90625 * owner
33: 2.8125 * IN
34: 2.671875 * walked
35: 2.53125 * Boston
36: 2.515625 * mândr
37: 2.5 * PR
38: 2.453125 * Cooper
39: 2.390625 * logy
40: 2.328125 * trecută
41: 2.3125 * forward
42: 2.3125 * Bark
43: 2.1875 * actiuni
44: 2.1875 * ST
45: 2.171875 * Mal
46: 2.140625 * Walker
47: 2.09375 * sted
48: 2.0 * CC
49: 1.9921875 * assistant
Total loss: 0.24479222297668457 = MSE Loss: 0.21082143485546112, 5.0 * Sparsity Loss: 0.006794157903641462
Epoch: 2 batch_num: 52
0: 10.0 * realizeaz
1: 9.0 * dogs
2: 8.625 * Walking
3: 7.9375 * Pet
4: 7.8125 * ements
5: 7.4375 * dog
6: 5.53125 * Around
7: 5.4375 * valeur
8: 5.3125 * ncing
9: 5.1875 * middle
10: 4.96875 * pet
11: 4.625 * side
12: 4.59375 * Walk
13: 4.375 * Rover
14: 4.1875 * wind
15: 4.125 * FC
16: 4.03125 * ist
17: 4.03125 * Path
18: 3.984375 * Chuck
19: 3.6875 * Fox
20: 3.671875 * freedom
21: 3.59375 * Brown
22: 3.53125 * Wind
23: 3.421875 * CR
24: 3.390625 * owner
25: 3.375 * istic
26: 3.265625 * ling
27: 3.265625 * AT
28: 3.140625 * Ross
29: 3.03125 * breath
30: 2.984375 * outdoor
31: 2.921875 * owner
32: 2.890625 * Cro
33: 2.765625 * walked
34: 2.734375 * IN
35: 2.46875 * Boston
36: 2.453125 * mândr
37: 2.421875 * PR
38: 2.40625 * Cooper
39: 2.390625 * trecută
40: 2.34375 * forward
41: 2.328125 * logy
42: 2.265625 * Bark
43: 2.1875 * actiuni
44: 2.15625 * Mal
45: 2.109375 * Walker
46: 2.109375 * ST
47: 2.078125 * sted
48: 2.0 * 4%
49: 1.953125 * assistant
Total loss: 0.3575390875339508 = MSE Loss: 0.32428207993507385, 5.0 * Sparsity Loss: 0.006651400588452816
Epoch: 2 batch_num: 53
0: 10.1875 * realizeaz
1: 8.9375 * dogs
2: 8.6875 * Walking
3: 7.96875 * Pet
4: 7.90625 * ements
5: 7.375 * dog
6: 5.5 * Around
7: 5.4375 * valeur
8: 5.25 * ncing
9: 5.09375 * middle
10: 4.9375 * pet
11: 4.6875 * Walk
12: 4.5625 * side
13: 4.375 * Rover
14: 4.1875 * wind
15: 4.09375 * FC
16: 4.03125 * Path
17: 4.0 * ist
18: 3.96875 * Chuck
19: 3.640625 * freedom
20: 3.640625 * Fox
21: 3.484375 * Brown
22: 3.484375 * Wind
23: 3.4375 * CR
24: 3.375 * owner
25: 3.375 * istic
26: 3.25 * ling
27: 3.171875 * AT
28: 3.140625 * Ross
29: 2.984375 * breath
30: 2.96875 * outdoor
31: 2.921875 * owner
32: 2.84375 * Cro
33: 2.796875 * walked
34: 2.65625 * IN
35: 2.453125 * trecută
36: 2.4375 * Boston
37: 2.4375 * mândr
38: 2.359375 * Cooper
39: 2.328125 * forward
40: 2.3125 * PR
41: 2.28125 * logy
42: 2.234375 * Bark
43: 2.203125 * actiuni
44: 2.171875 * Mal
45: 2.09375 * Walker
46: 2.078125 * sted
47: 2.046875 * 4%
48: 1.96875 * ST
49: 1.9296875 * interest
Total loss: 0.21628513932228088 = MSE Loss: 0.18353550136089325, 5.0 * Sparsity Loss: 0.006549927406013012
Epoch: 2 batch_num: 54
0: 10.3125 * realizeaz
1: 8.9375 * dogs
2: 8.75 * Walking
3: 8.0 * ements
4: 7.96875 * Pet
5: 7.34375 * dog
6: 5.5 * Around
7: 5.40625 * valeur
8: 5.1875 * ncing
9: 5.09375 * middle
10: 4.9375 * pet
11: 4.84375 * Walk
12: 4.59375 * side
13: 4.375 * Rover
14: 4.125 * wind
15: 4.09375 * Path
16: 4.09375 * FC
17: 4.0 * ist
18: 3.9375 * Chuck
19: 3.625 * freedom
20: 3.5625 * Fox
21: 3.453125 * Wind
22: 3.453125 * CR
23: 3.421875 * Brown
24: 3.40625 * owner
25: 3.359375 * istic
26: 3.28125 * ling
27: 3.1875 * AT
28: 3.125 * Ross
29: 2.953125 * breath
30: 2.9375 * owner
31: 2.90625 * outdoor
32: 2.8125 * Cro
33: 2.765625 * walked
34: 2.609375 * IN
35: 2.484375 * trecută
36: 2.40625 * Boston
37: 2.390625 * mândr
38: 2.34375 * Cooper
39: 2.328125 * forward
40: 2.25 * logy
41: 2.21875 * PR
42: 2.21875 * Bark
43: 2.203125 * actiuni
44: 2.171875 * Mal
45: 2.109375 * Walker
46: 2.0625 * 4%
47: 2.0625 * sted
48: 1.9296875 * interest
49: 1.8515625 * staffed
Total loss: 0.2781621813774109 = MSE Loss: 0.2452021688222885, 5.0 * Sparsity Loss: 0.006592000834643841
Epoch: 2 batch_num: 55
0: 10.25 * realizeaz
1: 8.9375 * dogs
2: 8.875 * Walking
3: 8.125 * ements
4: 7.96875 * Pet
5: 7.25 * dog
6: 5.65625 * Around
7: 5.375 * valeur
8: 5.1875 * middle
9: 5.15625 * ncing
10: 4.90625 * pet
11: 4.75 * side
12: 4.71875 * Walk
13: 4.3125 * Rover
14: 4.21875 * Path
15: 4.125 * wind
16: 4.09375 * FC
17: 4.03125 * ist
18: 3.859375 * Chuck
19: 3.59375 * freedom
20: 3.515625 * CR
21: 3.484375 * Brown
22: 3.453125 * owner
23: 3.4375 * Fox
24: 3.4375 * Wind
25: 3.359375 * istic
26: 3.34375 * ling
27: 3.171875 * AT
28: 3.109375 * Ross
29: 3.0 * owner
30: 2.890625 * breath
31: 2.828125 * Cro
32: 2.8125 * outdoor
33: 2.765625 * walked
34: 2.53125 * IN
35: 2.4375 * trecută
36: 2.40625 * Boston
37: 2.34375 * forward
38: 2.34375 * logy
39: 2.3125 * Cooper
40: 2.203125 * PR
41: 2.1875 * Mal
42: 2.140625 * actiuni
43: 2.140625 * mândr
44: 2.125 * Bark
45: 2.09375 * 4%
46: 2.078125 * sted
47: 2.03125 * Walker
48: 1.8515625 * interest
49: 1.8359375 * staffed
Total loss: 0.3033658564090729 = MSE Loss: 0.26927247643470764, 5.0 * Sparsity Loss: 0.006818678230047226
Epoch: 2 batch_num: 56
0: 10.25 * realizeaz
1: 8.9375 * Walking
2: 8.875 * dogs
3: 8.3125 * ements
4: 7.90625 * Pet
5: 7.1875 * dog
6: 5.75 * Around
7: 5.3125 * valeur
8: 5.25 * middle
9: 5.125 * ncing
10: 4.875 * pet
11: 4.875 * side
12: 4.65625 * Walk
13: 4.34375 * Path
14: 4.28125 * Rover
15: 4.125 * wind
16: 4.09375 * ist
17: 4.03125 * FC
18: 3.84375 * Chuck
19: 3.59375 * Brown
20: 3.578125 * CR
21: 3.515625 * freedom
22: 3.484375 * owner
23: 3.421875 * ling
24: 3.421875 * Wind
25: 3.390625 * istic
26: 3.3125 * Fox
27: 3.140625 * AT
28: 3.078125 * Ross
29: 3.0 * owner
30: 2.828125 * Cro
31: 2.828125 * breath
32: 2.78125 * outdoor
33: 2.765625 * walked
34: 2.453125 * logy
35: 2.4375 * IN
36: 2.375 * trecută
37: 2.359375 * Boston
38: 2.34375 * forward
39: 2.28125 * Cooper
40: 2.1875 * PR
41: 2.171875 * Mal
42: 2.125 * actiuni
43: 2.09375 * 4%
44: 2.078125 * sted
45: 1.9921875 * Bark
46: 1.953125 * Walker
47: 1.9140625 * mândr
48: 1.8515625 * staffed
49: 1.8203125 * interest
Total loss: 0.20594382286071777 = MSE Loss: 0.17184311151504517, 5.0 * Sparsity Loss: 0.006820141337811947
Epoch: 2 batch_num: 57
0: 10.1875 * realizeaz
1: 9.0 * Walking
2: 8.8125 * dogs
3: 8.4375 * ements
4: 7.84375 * Pet
5: 7.09375 * dog
6: 5.8125 * Around
7: 5.3125 * valeur
8: 5.28125 * middle
9: 5.125 * ncing
10: 4.90625 * side
11: 4.84375 * pet
12: 4.65625 * Walk
13: 4.40625 * Path
14: 4.21875 * Rover
15: 4.15625 * ist
16: 4.09375 * wind
17: 4.0 * FC
18: 3.796875 * Chuck
19: 3.6875 * Brown
20: 3.625 * CR
21: 3.5 * owner
22: 3.46875 * ling
23: 3.4375 * freedom
24: 3.390625 * istic
25: 3.375 * Wind
26: 3.1875 * Fox
27: 3.109375 * AT
28: 3.046875 * Ross
29: 2.984375 * owner
30: 2.84375 * Cro
31: 2.75 * outdoor
32: 2.75 * breath
33: 2.71875 * walked
34: 2.515625 * logy
35: 2.40625 * IN
36: 2.3125 * Boston
37: 2.3125 * forward
38: 2.265625 * Cooper
39: 2.25 * trecută
40: 2.171875 * Mal
41: 2.171875 * PR
42: 2.078125 * actiuni
43: 2.078125 * 4%
44: 2.078125 * sted
45: 1.890625 * Bark
46: 1.8828125 * walk
47: 1.8828125 * Walker
48: 1.84375 * staffed
49: 1.7890625 * West
Total loss: 0.3259226083755493 = MSE Loss: 0.2915075719356537, 5.0 * Sparsity Loss: 0.006883007474243641
Epoch: 2 batch_num: 58
0: 10.125 * realizeaz
1: 8.875 * Walking
2: 8.75 * dogs
3: 8.5 * ements
4: 7.78125 * Pet
5: 7.03125 * dog
6: 5.8125 * Around
7: 5.34375 * middle
8: 5.28125 * valeur
9: 5.09375 * ncing
10: 4.90625 * side
11: 4.78125 * Walk
12: 4.78125 * pet
13: 4.46875 * Path
14: 4.1875 * Rover
15: 4.1875 * ist
16: 4.0625 * wind
17: 4.0 * FC
18: 3.765625 * Brown
19: 3.734375 * Chuck
20: 3.640625 * CR
21: 3.484375 * owner
22: 3.484375 * ling
23: 3.390625 * istic
24: 3.375 * freedom
25: 3.3125 * Wind
26: 3.09375 * Fox
27: 3.09375 * AT
28: 3.0 * Ross
29: 2.96875 * owner
30: 2.84375 * Cro
31: 2.78125 * outdoor
32: 2.671875 * breath
33: 2.640625 * walked
34: 2.5 * logy
35: 2.390625 * IN
36: 2.296875 * forward
37: 2.28125 * Boston
38: 2.234375 * Cooper
39: 2.171875 * Mal
40: 2.15625 * PR
41: 2.140625 * trecută
42: 2.0625 * 4%
43: 2.0625 * sted
44: 2.046875 * actiuni
45: 2.0 * walk
46: 1.8515625 * Walker
47: 1.8203125 * staffed
48: 1.7890625 * West
49: 1.78125 * Bark
Total loss: 0.23716619610786438 = MSE Loss: 0.2034306526184082, 5.0 * Sparsity Loss: 0.00674710888415575
Epoch: 2 batch_num: 59
0: 10.0625 * realizeaz
1: 8.75 * Walking
2: 8.75 * dogs
3: 8.625 * ements
4: 7.6875 * Pet
5: 6.96875 * dog
6: 5.8125 * Around
7: 5.375 * middle
8: 5.25 * valeur
9: 5.0625 * ncing
10: 4.9375 * Walk
11: 4.875 * side
12: 4.71875 * pet
13: 4.53125 * Path
14: 4.21875 * ist
15: 4.1875 * Rover
16: 4.0 * wind
17: 3.984375 * FC
18: 3.8125 * Brown
19: 3.703125 * Chuck
20: 3.640625 * CR
21: 3.453125 * ling
22: 3.390625 * istic
23: 3.375 * owner
24: 3.28125 * freedom
25: 3.265625 * Wind
26: 3.078125 * AT
27: 3.03125 * Fox
28: 2.953125 * Ross
29: 2.921875 * owner
30: 2.84375 * Cro
31: 2.84375 * outdoor
32: 2.59375 * breath
33: 2.53125 * walked
34: 2.453125 * logy
35: 2.390625 * IN
36: 2.28125 * forward
37: 2.265625 * Boston
38: 2.21875 * Cooper
39: 2.171875 * Mal
40: 2.125 * walk
41: 2.078125 * PR
42: 2.0625 * trecută
43: 2.03125 * 4%
44: 2.03125 * sted
45: 1.984375 * actiuni
46: 1.828125 * Walker
47: 1.7734375 * staffed
48: 1.7109375 * West
49: 1.703125 * Bark
Total loss: 0.27938491106033325 = MSE Loss: 0.24590562283992767, 5.0 * Sparsity Loss: 0.00669586006551981
Epoch: 2 batch_num: 60
0: 10.0625 * realizeaz
1: 8.75 * dogs
2: 8.625 * Walking
3: 8.625 * ements
4: 7.625 * Pet
5: 6.96875 * dog
6: 5.78125 * Around
7: 5.375 * middle
8: 5.21875 * valeur
9: 5.09375 * Walk
10: 5.09375 * ncing
11: 4.84375 * side
12: 4.65625 * pet
13: 4.5625 * Path
14: 4.25 * ist
15: 4.15625 * Rover
16: 4.0 * FC
17: 3.953125 * wind
18: 3.78125 * Brown
19: 3.65625 * Chuck
20: 3.65625 * CR
21: 3.390625 * istic
22: 3.390625 * ling
23: 3.328125 * owner
24: 3.21875 * Wind
25: 3.203125 * freedom
26: 3.03125 * AT
27: 2.96875 * Fox
28: 2.921875 * Ross
29: 2.921875 * outdoor
30: 2.875 * owner
31: 2.828125 * Cro
32: 2.53125 * breath
33: 2.4375 * walked
34: 2.390625 * IN
35: 2.375 * logy
36: 2.265625 * forward
37: 2.21875 * Boston
38: 2.1875 * Cooper
39: 2.171875 * walk
40: 2.15625 * Mal
41: 1.9921875 * sted
42: 1.984375 * trecută
43: 1.9765625 * 4%
44: 1.9609375 * PR
45: 1.8984375 * actiuni
46: 1.8046875 * Walker
47: 1.734375 * staffed
48: 1.671875 * wild
49: 1.6328125 * West
Total loss: 0.21604499220848083 = MSE Loss: 0.1825418472290039, 5.0 * Sparsity Loss: 0.006700629368424416
Epoch: 2 batch_num: 61
0: 10.0625 * realizeaz
1: 8.6875 * dogs
2: 8.625 * ements
3: 8.5625 * Walking
4: 7.5625 * Pet
5: 6.90625 * dog
6: 5.78125 * Around
7: 5.375 * middle
8: 5.21875 * valeur
9: 5.1875 * Walk
10: 5.15625 * ncing
11: 4.875 * side
12: 4.59375 * pet
13: 4.5 * Path
14: 4.21875 * ist
15: 4.15625 * Rover
16: 4.03125 * FC
17: 3.890625 * wind
18: 3.734375 * Brown
19: 3.65625 * CR
20: 3.609375 * Chuck
21: 3.390625 * istic
22: 3.34375 * owner
23: 3.265625 * ling
24: 3.1875 * Wind
25: 3.140625 * freedom
26: 2.984375 * AT
27: 2.921875 * outdoor
28: 2.890625 * Ross
29: 2.890625 * Fox
30: 2.859375 * owner
31: 2.78125 * Cro
32: 2.46875 * breath
33: 2.421875 * IN
34: 2.390625 * walked
35: 2.296875 * logy
36: 2.28125 * forward
37: 2.1875 * walk
38: 2.171875 * Boston
39: 2.171875 * Cooper
40: 2.125 * Mal
41: 1.921875 * trecută
42: 1.921875 * sted
43: 1.8984375 * 4%
44: 1.875 * PR
45: 1.7890625 * actiuni
46: 1.765625 * Walker
47: 1.7109375 * staffed
48: 1.6328125 * wild
49: 1.5859375 * Walk
Total loss: 0.1972256898880005 = MSE Loss: 0.1641414761543274, 5.0 * Sparsity Loss: 0.0066168420016765594
Epoch: 2 batch_num: 62
0: 10.1875 * realizeaz
1: 8.625 * ements
2: 8.5625 * Walking
3: 8.5625 * dogs
4: 7.53125 * Pet
5: 6.90625 * dog
6: 5.71875 * Around
7: 5.375 * middle
8: 5.25 * ncing
9: 5.21875 * valeur
10: 5.1875 * Walk
11: 4.9375 * side
12: 4.53125 * pet
13: 4.46875 * Path
14: 4.21875 * ist
15: 4.125 * Rover
16: 4.03125 * FC
17: 3.875 * wind
18: 3.734375 * Brown
19: 3.65625 * CR
20: 3.578125 * Chuck
21: 3.390625 * owner
22: 3.375 * istic
23: 3.1875 * ling
24: 3.1875 * Wind
25: 3.078125 * freedom
26: 2.90625 * AT
27: 2.859375 * owner
28: 2.859375 * Ross
29: 2.859375 * Fox
30: 2.84375 * outdoor
31: 2.78125 * Cro
32: 2.453125 * breath
33: 2.4375 * IN
34: 2.359375 * walked
35: 2.3125 * forward
36: 2.1875 * logy
37: 2.15625 * Cooper
38: 2.140625 * walk
39: 2.109375 * Mal
40: 2.078125 * Boston
41: 1.8671875 * sted
42: 1.8515625 * trecută
43: 1.796875 * PR
44: 1.7890625 * 4%
45: 1.703125 * Walker
46: 1.6796875 * staffed
47: 1.671875 * actiuni
48: 1.6015625 * small
49: 1.6015625 * wild
Total loss: 0.4176006317138672 = MSE Loss: 0.38507169485092163, 5.0 * Sparsity Loss: 0.006505787838250399
Epoch: 2 batch_num: 63
0: 10.25 * realizeaz
1: 8.5 * Walking
2: 8.5 * dogs
3: 8.5 * ements
4: 7.53125 * Pet
5: 6.90625 * dog
6: 5.65625 * Around
7: 5.4375 * middle
8: 5.3125 * ncing
9: 5.25 * valeur
10: 5.15625 * Walk
11: 5.09375 * side
12: 4.46875 * pet
13: 4.40625 * Path
14: 4.1875 * ist
15: 4.125 * Rover
16: 4.03125 * FC
17: 3.890625 * wind
18: 3.765625 * Brown
19: 3.65625 * CR
20: 3.546875 * Chuck
21: 3.375 * owner
22: 3.375 * istic
23: 3.21875 * Wind
24: 3.09375 * ling
25: 3.0625 * freedom
26: 2.84375 * Ross
27: 2.828125 * AT
28: 2.8125 * owner
29: 2.8125 * Fox
30: 2.78125 * Cro
31: 2.734375 * outdoor
32: 2.453125 * IN
33: 2.453125 * breath
34: 2.359375 * forward
35: 2.328125 * walked
36: 2.140625 * Cooper
37: 2.109375 * logy
38: 2.09375 * Mal
39: 2.046875 * walk
40: 2.03125 * Boston
41: 1.8125 * sted
42: 1.7890625 * trecută
43: 1.7265625 * PR
44: 1.65625 * Walker
45: 1.65625 * staffed
46: 1.65625 * 4%
47: 1.609375 * actiuni
48: 1.5703125 * tered
49: 1.5625 * wild
Total loss: 0.26214954257011414 = MSE Loss: 0.23028792440891266, 5.0 * Sparsity Loss: 0.006372326053678989
Epoch: 2 batch_num: 64
0: 10.3125 * realizeaz
1: 8.5625 * Walking
2: 8.5 * dogs
3: 8.4375 * ements
4: 7.5625 * Pet
5: 6.90625 * dog
6: 5.59375 * Around
7: 5.4375 * middle
8: 5.375 * ncing
9: 5.25 * valeur
10: 5.15625 * side
11: 5.09375 * Walk
12: 4.40625 * pet
13: 4.3125 * Path
14: 4.15625 * ist
15: 4.09375 * Rover
16: 4.03125 * FC
17: 3.921875 * wind
18: 3.78125 * Brown
19: 3.65625 * CR
20: 3.515625 * Chuck
21: 3.359375 * owner
22: 3.359375 * istic
23: 3.25 * Wind
24: 3.0625 * freedom
25: 2.984375 * ling
26: 2.84375 * Ross
27: 2.796875 * owner
28: 2.78125 * AT
29: 2.765625 * Cro
30: 2.765625 * Fox
31: 2.671875 * outdoor
32: 2.484375 * IN
33: 2.4375 * breath
34: 2.375 * forward
35: 2.328125 * walked
36: 2.09375 * Cooper
37: 2.0625 * Mal
38: 2.046875 * logy
39: 1.9921875 * Boston
40: 1.9609375 * walk
41: 1.7578125 * sted
42: 1.7109375 * trecută
43: 1.671875 * PR
44: 1.640625 * bebelus
45: 1.609375 * staffed
46: 1.6015625 * pathway
47: 1.59375 * Walker
48: 1.59375 * St
49: 1.5703125 * tered
Total loss: 0.2592509090900421 = MSE Loss: 0.22709472477436066, 5.0 * Sparsity Loss: 0.006431235000491142
Epoch: 2 batch_num: 65
0: 10.4375 * realizeaz
1: 8.5625 * Walking
2: 8.5 * dogs
3: 8.375 * ements
4: 7.59375 * Pet
5: 6.9375 * dog
6: 5.5625 * Around
7: 5.4375 * middle
8: 5.375 * ncing
9: 5.21875 * side
10: 5.21875 * valeur
11: 5.1875 * Walk
12: 4.375 * pet
13: 4.15625 * Path
14: 4.125 * ist
15: 4.09375 * Rover
16: 3.953125 * wind
17: 3.9375 * FC
18: 3.8125 * Brown
19: 3.625 * CR
20: 3.515625 * Chuck
21: 3.3125 * istic
22: 3.28125 * owner
23: 3.265625 * Wind
24: 3.046875 * freedom
25: 2.890625 * ling
26: 2.8125 * Ross
27: 2.765625 * owner
28: 2.75 * AT
29: 2.703125 * Cro
30: 2.703125 * Fox
31: 2.578125 * outdoor
32: 2.4375 * breath
33: 2.421875 * IN
34: 2.40625 * forward
35: 2.328125 * walked
36: 2.0625 * Cooper
37: 2.0 * Mal
38: 1.9921875 * logy
39: 1.9765625 * walk
40: 1.9140625 * Boston
41: 1.75 * St
42: 1.7421875 * bebelus
43: 1.71875 * PR
44: 1.7109375 * sted
45: 1.6953125 * trecută
46: 1.6953125 * west
47: 1.65625 * pathway
48: 1.5859375 * Walker
49: 1.578125 * staffed
Total loss: 0.26966962218284607 = MSE Loss: 0.23669187724590302, 5.0 * Sparsity Loss: 0.006595551501959562
Epoch: 2 batch_num: 66
0: 10.5 * realizeaz
1: 8.6875 * Walking
2: 8.5 * dogs
3: 8.3125 * ements
4: 7.625 * Pet
5: 6.96875 * dog
6: 5.59375 * Around
7: 5.4375 * middle
8: 5.375 * ncing
9: 5.25 * Walk
10: 5.21875 * side
11: 5.1875 * valeur
12: 4.375 * pet
13: 4.09375 * ist
14: 4.0625 * Rover
15: 4.03125 * Path
16: 3.984375 * wind
17: 3.890625 * Brown
18: 3.859375 * FC
19: 3.609375 * CR
20: 3.515625 * Chuck
21: 3.296875 * Wind
22: 3.265625 * owner
23: 3.25 * istic
24: 2.984375 * freedom
25: 2.8125 * ling
26: 2.765625 * Ross
27: 2.734375 * owner
28: 2.6875 * AT
29: 2.65625 * Cro
30: 2.65625 * Fox
31: 2.453125 * forward
32: 2.4375 * outdoor
33: 2.421875 * breath
34: 2.375 * IN
35: 2.3125 * walked
36: 2.046875 * Cooper
37: 1.9609375 * walk
38: 1.953125 * logy
39: 1.9296875 * Mal
40: 1.921875 * St
41: 1.9140625 * PR
42: 1.84375 * Boston
43: 1.8046875 * bebelus
44: 1.7734375 * west
45: 1.7109375 * pathway
46: 1.6796875 * trecută
47: 1.65625 * sted
48: 1.640625 * /
49: 1.546875 * Walker
Total loss: 0.2243436872959137 = MSE Loss: 0.1914326548576355, 5.0 * Sparsity Loss: 0.006582205183804035
Epoch: 2 batch_num: 67
0: 10.5625 * realizeaz
1: 8.8125 * Walking
2: 8.5 * dogs
3: 8.3125 * ements
4: 7.59375 * Pet
5: 7.03125 * dog
6: 5.65625 * Around
7: 5.40625 * middle
8: 5.34375 * ncing
9: 5.3125 * Walk
10: 5.1875 * valeur
11: 5.15625 * side
12: 4.34375 * pet
13: 4.09375 * ist
14: 4.03125 * Rover
15: 4.03125 * wind
16: 3.96875 * Brown
17: 3.875 * Path
18: 3.8125 * FC
19: 3.625 * CR
20: 3.53125 * Chuck
21: 3.359375 * Wind
22: 3.21875 * istic
23: 3.1875 * owner
24: 2.9375 * freedom
25: 2.765625 * ling
26: 2.71875 * Ross
27: 2.703125 * AT
28: 2.6875 * owner
29: 2.625 * Fox
30: 2.609375 * Cro
31: 2.46875 * forward
32: 2.390625 * breath
33: 2.328125 * IN
34: 2.3125 * walked
35: 2.265625 * outdoor
36: 2.09375 * PR
37: 2.03125 * Cooper
38: 1.96875 * logy
39: 1.9609375 * walk
40: 1.9609375 * St
41: 1.890625 * Mal
42: 1.8515625 * west
43: 1.8515625 * bebelus
44: 1.7578125 * Boston
45: 1.75 * pathway
46: 1.703125 * /
47: 1.6640625 * trecută
48: 1.6328125 * sted
49: 1.5078125 * Walker
Total loss: 0.21011292934417725 = MSE Loss: 0.1776878833770752, 5.0 * Sparsity Loss: 0.00648500956594944
Epoch: 2 batch_num: 68
0: 10.625 * realizeaz
1: 8.9375 * Walking
2: 8.625 * dogs
3: 8.25 * ements
4: 7.59375 * Pet
5: 7.125 * dog
6: 5.6875 * Around
7: 5.34375 * ncing
8: 5.34375 * middle
9: 5.3125 * Walk
10: 5.15625 * valeur
11: 5.09375 * side
12: 4.34375 * pet
13: 4.125 * ist
14: 4.03125 * Rover
15: 4.03125 * wind
16: 3.90625 * Brown
17: 3.796875 * Path
18: 3.765625 * FC
19: 3.625 * CR
20: 3.53125 * Chuck
21: 3.390625 * Wind
22: 3.171875 * istic
23: 3.125 * owner
24: 2.875 * freedom
25: 2.78125 * ling
26: 2.6875 * AT
27: 2.671875 * Ross
28: 2.609375 * owner
29: 2.578125 * Cro
30: 2.546875 * Fox
31: 2.453125 * forward
32: 2.359375 * breath
33: 2.34375 * walked
34: 2.28125 * PR
35: 2.265625 * IN
36: 2.203125 * outdoor
37: 2.03125 * Cooper
38: 1.9921875 * St
39: 1.9375 * walk
40: 1.921875 * logy
41: 1.8984375 * bebelus
42: 1.8515625 * Mal
43: 1.84375 * west
44: 1.765625 * pathway
45: 1.7265625 * Boston
46: 1.6796875 * /
47: 1.6328125 * trecută
48: 1.609375 * sted
49: 1.4921875 * In
Total loss: 0.2279169112443924 = MSE Loss: 0.1954890489578247, 5.0 * Sparsity Loss: 0.0064855716191232204
Epoch: 2 batch_num: 69
0: 10.6875 * realizeaz
1: 9.125 * Walking
2: 8.6875 * dogs
3: 8.1875 * ements
4: 7.59375 * Pet
5: 7.21875 * dog
6: 5.75 * Around
7: 5.34375 * ncing
8: 5.34375 * middle
9: 5.1875 * Walk
10: 5.125 * valeur
11: 5.03125 * side
12: 4.3125 * pet
13: 4.0625 * ist
14: 4.0 * Rover
15: 3.984375 * wind
16: 3.9375 * Brown
17: 3.796875 * Path
18: 3.71875 * FC
19: 3.609375 * CR
20: 3.546875 * Chuck
21: 3.390625 * Wind
22: 3.140625 * owner
23: 3.140625 * istic
24: 2.8125 * freedom
25: 2.78125 * ling
26: 2.71875 * AT
27: 2.625 * Ross
28: 2.59375 * owner
29: 2.546875 * Cro
30: 2.453125 * Fox
31: 2.421875 * forward
32: 2.40625 * walked
33: 2.359375 * PR
34: 2.3125 * breath
35: 2.1875 * IN
36: 2.15625 * outdoor
37: 2.015625 * Cooper
38: 1.9375 * bebelus
39: 1.9375 * St
40: 1.9296875 * logy
41: 1.8828125 * walk
42: 1.8203125 * west
43: 1.8125 * Mal
44: 1.7578125 * pathway
45: 1.7109375 * Boston
46: 1.65625 * /
47: 1.5703125 * trecută
48: 1.5703125 * sted
49: 1.5234375 * In
Total loss: 0.25271642208099365 = MSE Loss: 0.22053402662277222, 5.0 * Sparsity Loss: 0.006436476018279791
Epoch: 2 batch_num: 70
0: 10.625 * realizeaz
1: 9.375 * Walking
2: 8.75 * dogs
3: 8.125 * ements
4: 7.59375 * Pet
5: 7.28125 * dog
6: 5.8125 * Around
7: 5.375 * ncing
8: 5.3125 * middle
9: 5.09375 * valeur
10: 5.0 * Walk
11: 4.90625 * side
12: 4.28125 * pet
13: 4.03125 * ist
14: 3.953125 * Rover
15: 3.953125 * wind
16: 3.9375 * Brown
17: 3.828125 * Path
18: 3.6875 * FC
19: 3.625 * CR
20: 3.546875 * Chuck
21: 3.375 * Wind
22: 3.109375 * istic
23: 3.046875 * owner
24: 2.75 * ling
25: 2.75 * freedom
26: 2.71875 * AT
27: 2.5625 * Ross
28: 2.546875 * Cro
29: 2.484375 * walked
30: 2.484375 * owner
31: 2.390625 * PR
32: 2.390625 * forward
33: 2.375 * Fox
34: 2.296875 * breath
35: 2.125 * outdoor
36: 2.09375 * IN
37: 2.015625 * Cooper
38: 1.953125 * bebelus
39: 1.9375 * logy
40: 1.9140625 * St
41: 1.828125 * walk
42: 1.78125 * west
43: 1.765625 * Mal
44: 1.734375 * pathway
45: 1.71875 * Boston
46: 1.6328125 * /
47: 1.5625 * In
48: 1.515625 * sted
49: 1.484375 * trecută
Total loss: 0.24403151869773865 = MSE Loss: 0.21147091686725616, 5.0 * Sparsity Loss: 0.006512122228741646
Epoch: 2 batch_num: 71
0: 10.625 * realizeaz
1: 9.5625 * Walking
2: 8.8125 * dogs
3: 8.125 * ements
4: 7.6875 * Pet
5: 7.3125 * dog
6: 5.90625 * Around
7: 5.4375 * ncing
8: 5.34375 * middle
9: 5.0625 * valeur
10: 4.84375 * side
11: 4.75 * Walk
12: 4.28125 * pet
13: 4.03125 * ist
14: 4.0 * Brown
15: 3.90625 * Rover
16: 3.890625 * Path
17: 3.890625 * wind
18: 3.671875 * FC
19: 3.640625 * CR
20: 3.53125 * Chuck
21: 3.359375 * Wind
22: 3.078125 * istic
23: 2.9375 * owner
24: 2.78125 * AT
25: 2.71875 * ling
26: 2.703125 * freedom
27: 2.546875 * walked
28: 2.546875 * Cro
29: 2.515625 * Ross
30: 2.390625 * PR
31: 2.375 * owner
32: 2.359375 * forward
33: 2.3125 * Fox
34: 2.28125 * breath
35: 2.109375 * outdoor
36: 2.0 * Cooper
37: 1.9921875 * IN
38: 1.984375 * bebelus
39: 1.953125 * logy
40: 1.828125 * St
41: 1.796875 * west
42: 1.765625 * walk
43: 1.7265625 * Mal
44: 1.71875 * pathway
45: 1.7109375 * Boston
46: 1.59375 * ST
47: 1.5625 * In
48: 1.5234375 * /
49: 1.4609375 * ability
Total loss: 0.23554781079292297 = MSE Loss: 0.2025008499622345, 5.0 * Sparsity Loss: 0.00660939235240221
Epoch: 2 batch_num: 72
0: 10.75 * realizeaz
1: 9.6875 * Walking
2: 8.875 * dogs
3: 8.125 * ements
4: 7.75 * Pet
5: 7.34375 * dog
6: 5.9375 * Around
7: 5.4375 * ncing
8: 5.34375 * middle
9: 5.0 * valeur
10: 4.75 * side
11: 4.625 * Walk
12: 4.21875 * pet
13: 4.0 * Brown
14: 4.0 * ist
15: 3.96875 * Path
16: 3.859375 * Rover
17: 3.828125 * wind
18: 3.65625 * FC
19: 3.625 * CR
20: 3.515625 * Chuck
21: 3.3125 * Wind
22: 3.03125 * istic
23: 2.90625 * owner
24: 2.75 * AT
25: 2.6875 * ling
26: 2.640625 * freedom
27: 2.578125 * walked
28: 2.53125 * Cro
29: 2.453125 * Ross
30: 2.375 * PR
31: 2.328125 * forward
32: 2.28125 * breath
33: 2.265625 * owner
34: 2.25 * Fox
35: 2.109375 * outdoor
36: 2.0 * bebelus
37: 1.9921875 * Cooper
38: 1.9296875 * logy
39: 1.8984375 * IN
40: 1.8046875 * west
41: 1.7578125 * St
42: 1.75 * Boston
43: 1.7109375 * walk
44: 1.6875 * pathway
45: 1.671875 * Mal
46: 1.6640625 * ST
47: 1.640625 * begging
48: 1.6171875 * In
49: 1.546875 * ability
Total loss: 0.2630910575389862 = MSE Loss: 0.23005738854408264, 5.0 * Sparsity Loss: 0.006606735289096832
Epoch: 2 batch_num: 73
0: 10.75 * realizeaz
1: 9.75 * Walking
2: 8.9375 * dogs
3: 8.125 * ements
4: 7.75 * Pet
5: 7.28125 * dog
6: 6.0 * Around
7: 5.4375 * ncing
8: 5.34375 * middle
9: 4.9375 * valeur
10: 4.6875 * side
11: 4.46875 * Walk
12: 4.1875 * pet
13: 4.03125 * Path
14: 3.984375 * Brown
15: 3.96875 * ist
16: 3.796875 * Rover
17: 3.765625 * wind
18: 3.65625 * FC
19: 3.609375 * CR
20: 3.484375 * Chuck
21: 3.296875 * Wind
22: 3.0 * istic
23: 2.90625 * owner
24: 2.734375 * AT
25: 2.671875 * ling
26: 2.609375 * freedom
27: 2.578125 * walked
28: 2.53125 * Cro
29: 2.390625 * Ross
30: 2.359375 * PR
31: 2.296875 * forward
32: 2.265625 * breath
33: 2.21875 * owner
34: 2.203125 * Fox
35: 2.109375 * outdoor
36: 1.9921875 * bebelus
37: 1.96875 * Cooper
38: 1.9453125 * logy
39: 1.84375 * IN
40: 1.8125 * Boston
41: 1.8046875 * begging
42: 1.796875 * west
43: 1.75 * ST
44: 1.6953125 * St
45: 1.6796875 * walk
46: 1.6640625 * pathway
47: 1.625 * Mal
48: 1.6015625 * In
49: 1.59375 * ability
Total loss: 0.29537826776504517 = MSE Loss: 0.2626727223396301, 5.0 * Sparsity Loss: 0.006541105918586254
Epoch: 2 batch_num: 74
0: 10.75 * realizeaz
1: 9.75 * Walking
2: 8.9375 * dogs
3: 8.125 * ements
4: 7.71875 * Pet
5: 7.21875 * dog
6: 6.0625 * Around
7: 5.4375 * ncing
8: 5.28125 * middle
9: 4.90625 * valeur
10: 4.625 * side
11: 4.34375 * Walk
12: 4.15625 * pet
13: 4.0625 * Path
14: 3.984375 * ist
15: 3.9375 * Brown
16: 3.765625 * Rover
17: 3.6875 * wind
18: 3.65625 * FC
19: 3.59375 * CR
20: 3.46875 * Chuck
21: 3.25 * Wind
22: 3.0 * istic
23: 2.890625 * owner
24: 2.765625 * AT
25: 2.671875 * ling
26: 2.59375 * freedom
27: 2.5625 * walked
28: 2.5 * Cro
29: 2.359375 * PR
30: 2.34375 * Ross
31: 2.265625 * forward
32: 2.265625 * breath
33: 2.171875 * Fox
34: 2.15625 * owner
35: 2.125 * outdoor
36: 1.96875 * logy
37: 1.9453125 * bebelus
38: 1.9296875 * Cooper
39: 1.9296875 * begging
40: 1.8359375 * Boston
41: 1.8046875 * ST
42: 1.7734375 * IN
43: 1.734375 * west
44: 1.734375 * Assistant
45: 1.65625 * pathway
46: 1.625 * walk
47: 1.6171875 * In
48: 1.578125 * ability
49: 1.578125 * Mal
Total loss: 0.25733447074890137 = MSE Loss: 0.22509980201721191, 5.0 * Sparsity Loss: 0.006446933373808861
Epoch: 2 batch_num: 75
0: 10.75 * realizeaz
1: 9.75 * Walking
2: 8.875 * dogs
3: 8.125 * ements
4: 7.6875 * Pet
5: 7.15625 * dog
6: 6.09375 * Around
7: 5.375 * ncing
8: 5.21875 * middle
9: 4.875 * valeur
10: 4.5 * side
11: 4.28125 * Walk
12: 4.09375 * pet
13: 4.0625 * Path
14: 3.984375 * ist
15: 3.875 * Brown
16: 3.71875 * Rover
17: 3.671875 * FC
18: 3.609375 * wind
19: 3.5625 * CR
20: 3.453125 * Chuck
21: 3.21875 * Wind
22: 2.984375 * istic
23: 2.875 * owner
24: 2.734375 * AT
25: 2.71875 * ling
26: 2.546875 * freedom
27: 2.5 * walked
28: 2.46875 * Cro
29: 2.390625 * PR
30: 2.3125 * Ross
31: 2.265625 * breath
32: 2.203125 * forward
33: 2.15625 * Fox
34: 2.140625 * outdoor
35: 2.09375 * owner
36: 2.015625 * begging
37: 1.9765625 * logy
38: 1.9140625 * Assistant
39: 1.8828125 * Cooper
40: 1.8828125 * bebelus
41: 1.84375 * Boston
42: 1.8359375 * ST
43: 1.7109375 * IN
44: 1.671875 * In
45: 1.65625 * BS
46: 1.640625 * pathway
47: 1.6328125 * west
48: 1.5625 * walk
49: 1.5390625 * ability
Total loss: 0.2132573127746582 = MSE Loss: 0.1811155378818512, 5.0 * Sparsity Loss: 0.006428354885429144
Epoch: 2 batch_num: 76
0: 10.75 * realizeaz
1: 9.8125 * Walking
2: 8.75 * dogs
3: 8.125 * ements
4: 7.65625 * Pet
5: 7.03125 * dog
6: 6.15625 * Around
7: 5.375 * ncing
8: 5.21875 * middle
9: 4.84375 * valeur
10: 4.53125 * side
11: 4.21875 * Walk
12: 4.15625 * Path
13: 4.0625 * pet
14: 3.96875 * ist
15: 3.90625 * Brown
16: 3.6875 * Rover
17: 3.6875 * FC
18: 3.578125 * wind
19: 3.515625 * CR
20: 3.453125 * Chuck
21: 3.21875 * Wind
22: 2.984375 * istic
23: 2.828125 * owner
24: 2.6875 * ling
25: 2.6875 * AT
26: 2.5 * freedom
27: 2.484375 * walked
28: 2.453125 * Cro
29: 2.359375 * PR
30: 2.296875 * Ross
31: 2.28125 * breath
32: 2.171875 * Fox
33: 2.140625 * forward
34: 2.125 * outdoor
35: 2.09375 * begging
36: 2.09375 * Assistant
37: 2.046875 * owner
38: 1.9453125 * logy
39: 1.8828125 * ST
40: 1.84375 * bebelus
41: 1.8359375 * Cooper
42: 1.828125 * Boston
43: 1.7421875 * BS
44: 1.6953125 * In
45: 1.6875 * CC
46: 1.671875 * Day
47: 1.6484375 * IN
48: 1.6015625 * pathway
49: 1.5703125 * extended
Total loss: 0.2189912050962448 = MSE Loss: 0.186978280544281, 5.0 * Sparsity Loss: 0.006402584724128246
Epoch: 2 batch_num: 77
0: 10.6875 * realizeaz
1: 9.8125 * Walking
2: 8.5625 * dogs
3: 8.125 * ements
4: 7.59375 * Pet
5: 6.90625 * dog
6: 6.25 * Around
7: 5.375 * ncing
8: 5.25 * middle
9: 4.8125 * valeur
10: 4.5 * side
11: 4.21875 * Walk
12: 4.21875 * Path
13: 4.0625 * pet
14: 3.9375 * ist
15: 3.875 * Brown
16: 3.703125 * FC
17: 3.671875 * Rover
18: 3.5625 * wind
19: 3.515625 * CR
20: 3.421875 * Chuck
21: 3.203125 * Wind
22: 2.96875 * istic
23: 2.78125 * owner
24: 2.6875 * ling
25: 2.65625 * AT
26: 2.453125 * walked
27: 2.453125 * freedom
28: 2.421875 * Cro
29: 2.34375 * PR
30: 2.28125 * Ross
31: 2.265625 * breath
32: 2.25 * Assistant
33: 2.140625 * begging
34: 2.140625 * Fox
35: 2.09375 * forward
36: 2.09375 * outdoor
37: 1.9921875 * owner
38: 1.9296875 * logy
39: 1.9140625 * ST
40: 1.859375 * CC
41: 1.8125 * BS
42: 1.8046875 * bebelus
43: 1.7890625 * Cooper
44: 1.78125 * Boston
45: 1.7421875 * Day
46: 1.625 * In
47: 1.6171875 * IN
48: 1.6015625 * morning
49: 1.6015625 * assistant
Total loss: 0.19688823819160461 = MSE Loss: 0.16499832272529602, 5.0 * Sparsity Loss: 0.0063779824413359165
Epoch: 2 batch_num: 78
0: 10.6875 * realizeaz
1: 9.8125 * Walking
2: 8.5 * dogs
3: 8.125 * ements
4: 7.5625 * Pet
5: 6.90625 * dog
6: 6.34375 * Around
7: 5.34375 * ncing
8: 5.21875 * middle
9: 4.78125 * valeur
10: 4.40625 * side
11: 4.34375 * Walk
12: 4.1875 * Path
13: 4.0625 * pet
14: 3.90625 * ist
15: 3.8125 * Brown
16: 3.71875 * FC
17: 3.640625 * Rover
18: 3.515625 * wind
19: 3.484375 * CR
20: 3.40625 * Chuck
21: 3.171875 * Wind
22: 2.96875 * istic
23: 2.734375 * owner
24: 2.71875 * ling
25: 2.59375 * AT
26: 2.421875 * freedom
27: 2.390625 * Cro
28: 2.375 * walked
29: 2.359375 * Assistant
30: 2.328125 * PR
31: 2.25 * Ross
32: 2.25 * breath
33: 2.203125 * begging
34: 2.09375 * Fox
35: 2.09375 * outdoor
36: 2.015625 * forward
37: 2.0 * CC
38: 1.9375 * owner
39: 1.9296875 * logy
40: 1.9296875 * ST
41: 1.8828125 * BS
42: 1.8359375 * Day
43: 1.7734375 * morning
44: 1.7734375 * bebelus
45: 1.75 * Cooper
46: 1.7265625 * Boston
47: 1.625 * assistant
48: 1.609375 * extended
49: 1.609375 * IN
Total loss: 0.27490299940109253 = MSE Loss: 0.24268244206905365, 5.0 * Sparsity Loss: 0.006444111466407776
Epoch: 2 batch_num: 79
0: 10.625 * realizeaz
1: 9.75 * Walking
2: 8.4375 * dogs
3: 8.0625 * ements
4: 7.53125 * Pet
5: 6.90625 * dog
6: 6.40625 * Around
7: 5.40625 * ncing
8: 5.21875 * middle
9: 4.71875 * valeur
10: 4.46875 * Walk
11: 4.34375 * side
12: 4.1875 * Path
13: 4.03125 * pet
14: 3.828125 * Brown
15: 3.828125 * ist
16: 3.71875 * FC
17: 3.625 * Rover
18: 3.5 * wind
19: 3.46875 * CR
20: 3.40625 * Chuck
21: 3.171875 * Wind
22: 2.953125 * istic
23: 2.71875 * ling
24: 2.640625 * owner
25: 2.546875 * AT
26: 2.4375 * Assistant
27: 2.421875 * freedom
28: 2.359375 * Cro
29: 2.34375 * walked
30: 2.34375 * PR
31: 2.265625 * begging
32: 2.234375 * Ross
33: 2.21875 * breath
34: 2.109375 * outdoor
35: 2.078125 * CC
36: 2.046875 * Fox
37: 1.96875 * forward
38: 1.9296875 * logy
39: 1.921875 * morning
40: 1.9140625 * BS
41: 1.9140625 * ST
42: 1.8984375 * Day
43: 1.8515625 * owner
44: 1.7265625 * bebelus
45: 1.7109375 * Cooper
46: 1.671875 * Boston
47: 1.6328125 * extended
48: 1.625 * assistant
49: 1.609375 * IN
Total loss: 0.22862638533115387 = MSE Loss: 0.19646723568439484, 5.0 * Sparsity Loss: 0.0064318301156163216
Epoch: 2 batch_num: 80
0: 10.5625 * realizeaz
1: 9.75 * Walking
2: 8.25 * dogs
3: 8.0 * ements
4: 7.53125 * Pet
5: 6.8125 * dog
6: 6.5 * Around
7: 5.4375 * ncing
8: 5.25 * middle
9: 4.6875 * valeur
10: 4.5 * Walk
11: 4.34375 * side
12: 4.15625 * Path
13: 4.03125 * pet
14: 3.84375 * Brown
15: 3.734375 * ist
16: 3.6875 * FC
17: 3.59375 * Rover
18: 3.53125 * wind
19: 3.46875 * CR
20: 3.4375 * Chuck
21: 3.203125 * Wind
22: 2.90625 * istic
23: 2.65625 * ling
24: 2.5625 * owner
25: 2.515625 * AT
26: 2.5 * Assistant
27: 2.421875 * PR
28: 2.40625 * freedom
29: 2.34375 * Cro
30: 2.328125 * walked
31: 2.296875 * begging
32: 2.234375 * Ross
33: 2.1875 * breath
34: 2.109375 * CC
35: 2.109375 * outdoor
36: 2.0 * morning
37: 2.0 * Fox
38: 1.96875 * forward
39: 1.9140625 * logy
40: 1.90625 * BS
41: 1.890625 * Day
42: 1.828125 * ST
43: 1.75 * owner
44: 1.6875 * Cooper
45: 1.6875 * bebelus
46: 1.6171875 * assistant
47: 1.609375 * extended
48: 1.59375 * IN
49: 1.5859375 * Boston
Total loss: 0.35220420360565186 = MSE Loss: 0.32050248980522156, 5.0 * Sparsity Loss: 0.006340343039482832
Epoch: 2 batch_num: 81
0: 10.5 * realizeaz
1: 9.75 * Walking
2: 8.0 * dogs
3: 7.96875 * ements
4: 7.5 * Pet
5: 6.625 * dog
6: 6.5625 * Around
7: 5.46875 * ncing
8: 5.25 * middle
9: 4.6875 * valeur
10: 4.46875 * Walk
11: 4.34375 * side
12: 4.125 * Path
13: 4.03125 * pet
14: 3.859375 * Brown
15: 3.640625 * FC
16: 3.609375 * ist
17: 3.578125 * Rover
18: 3.578125 * wind
19: 3.46875 * CR
20: 3.453125 * Chuck
21: 3.234375 * Wind
22: 2.890625 * istic
23: 2.59375 * ling
24: 2.5625 * Assistant
25: 2.515625 * PR
26: 2.5 * AT
27: 2.484375 * owner
28: 2.375 * freedom
29: 2.34375 * Cro
30: 2.328125 * begging
31: 2.3125 * walked
32: 2.234375 * Ross
33: 2.15625 * CC
34: 2.15625 * breath
35: 2.078125 * outdoor
36: 2.015625 * morning
37: 1.953125 * Fox
38: 1.9296875 * forward
39: 1.9140625 * logy
40: 1.90625 * BS
41: 1.828125 * Day
42: 1.765625 * ST
43: 1.6953125 * owner
44: 1.65625 * Cooper
45: 1.65625 * bebelus
46: 1.609375 * assistant
47: 1.6015625 * extended
48: 1.6015625 * IN
49: 1.53125 * pathway
Total loss: 0.2197168916463852 = MSE Loss: 0.18789811432361603, 5.0 * Sparsity Loss: 0.006363755092024803
Epoch: 2 batch_num: 82
0: 10.375 * realizeaz
1: 9.6875 * Walking
2: 7.9375 * ements
3: 7.71875 * dogs
4: 7.46875 * Pet
5: 6.5625 * Around
6: 6.40625 * dog
7: 5.5 * ncing
8: 5.25 * middle
9: 4.65625 * valeur
10: 4.4375 * Walk
11: 4.375 * side
12: 4.1875 * Path
13: 4.0 * pet
14: 3.875 * Brown
15: 3.65625 * wind
16: 3.546875 * FC
17: 3.53125 * Rover
18: 3.5 * ist
19: 3.46875 * Chuck
20: 3.453125 * CR
21: 3.28125 * Wind
22: 2.859375 * istic
23: 2.59375 * Assistant
24: 2.578125 * ling
25: 2.546875 * PR
26: 2.5 * AT
27: 2.484375 * owner
28: 2.359375 * begging
29: 2.34375 * Cro
30: 2.34375 * freedom
31: 2.296875 * walked
32: 2.234375 * Ross
33: 2.171875 * CC
34: 2.140625 * breath
35: 2.046875 * morning
36: 2.046875 * outdoor
37: 1.9375 * forward
38: 1.90625 * Fox
39: 1.890625 * BS
40: 1.8828125 * logy
41: 1.7578125 * Day
42: 1.6640625 * owner
43: 1.65625 * ST
44: 1.625 * Cooper
45: 1.625 * IN
46: 1.609375 * bebelus
47: 1.59375 * extended
48: 1.59375 * assistant
49: 1.5078125 * ability
Total loss: 0.2686448097229004 = MSE Loss: 0.23651129007339478, 5.0 * Sparsity Loss: 0.006426701322197914
Epoch: 2 batch_num: 83
0: 10.25 * realizeaz
1: 9.625 * Walking
2: 7.90625 * ements
3: 7.53125 * dogs
4: 7.4375 * Pet
5: 6.53125 * Around
6: 6.28125 * dog
7: 5.53125 * ncing
8: 5.21875 * middle
9: 4.625 * valeur
10: 4.4375 * Walk
11: 4.40625 * side
12: 4.15625 * Path
13: 3.984375 * pet
14: 3.875 * Brown
15: 3.765625 * wind
16: 3.5 * Rover
17: 3.46875 * Chuck
18: 3.46875 * FC
19: 3.4375 * ist
20: 3.4375 * CR
21: 3.359375 * Wind
22: 2.84375 * istic
23: 2.59375 * Assistant
24: 2.578125 * PR
25: 2.578125 * ling
26: 2.46875 * owner
27: 2.4375 * AT
28: 2.40625 * begging
29: 2.359375 * Cro
30: 2.296875 * walked
31: 2.28125 * freedom
32: 2.21875 * Ross
33: 2.203125 * CC
34: 2.15625 * breath
35: 2.0625 * morning
36: 2.0 * outdoor
37: 1.9375 * forward
38: 1.8828125 * BS
39: 1.859375 * Fox
40: 1.84375 * logy
41: 1.6953125 * Day
42: 1.6328125 * owner
43: 1.6015625 * Cooper
44: 1.6015625 * IN
45: 1.5859375 * extended
46: 1.5625 * bebelus
47: 1.5546875 * assistant
48: 1.546875 * ST
49: 1.515625 * ability
Total loss: 0.3318203091621399 = MSE Loss: 0.29997003078460693, 5.0 * Sparsity Loss: 0.006370052695274353
Epoch: 2 batch_num: 84
0: 10.25 * realizeaz
1: 9.5 * Walking
2: 7.90625 * ements
3: 7.40625 * Pet
4: 7.34375 * dogs
5: 6.4375 * Around
6: 6.15625 * dog
7: 5.5625 * ncing
8: 5.21875 * middle
9: 4.625 * valeur
10: 4.53125 * Walk
11: 4.34375 * side
12: 4.15625 * Path
13: 3.9375 * pet
14: 3.859375 * Brown
15: 3.796875 * wind
16: 3.484375 * Rover
17: 3.421875 * Chuck
18: 3.421875 * FC
19: 3.40625 * CR
20: 3.359375 * ist
21: 3.359375 * Wind
22: 2.84375 * istic
23: 2.609375 * ling
24: 2.59375 * PR
25: 2.59375 * Assistant
26: 2.5 * owner
27: 2.453125 * begging
28: 2.359375 * Cro
29: 2.296875 * AT
30: 2.265625 * walked
31: 2.21875 * CC
32: 2.21875 * freedom
33: 2.203125 * Ross
34: 2.125 * breath
35: 2.0625 * morning
36: 2.0 * outdoor
37: 1.9140625 * forward
38: 1.859375 * BS
39: 1.796875 * Fox
40: 1.75 * logy
41: 1.65625 * Day
42: 1.625 * owner
43: 1.609375 * IN
44: 1.5703125 * Cooper
45: 1.5703125 * extended
46: 1.546875 * bebelus
47: 1.5390625 * ability
48: 1.5 * Transition
49: 1.5 * assistant
Total loss: 0.4039474129676819 = MSE Loss: 0.37289392948150635, 5.0 * Sparsity Loss: 0.006210695952177048
Epoch: 2 batch_num: 85
0: 10.25 * realizeaz
1: 9.4375 * Walking
2: 7.84375 * ements
3: 7.34375 * Pet
4: 7.25 * dogs
5: 6.375 * Around
6: 6.0625 * dog
7: 5.59375 * ncing
8: 5.1875 * middle
9: 4.59375 * Walk
10: 4.59375 * valeur
11: 4.21875 * side
12: 4.21875 * Path
13: 3.890625 * pet
14: 3.78125 * Brown
15: 3.78125 * wind
16: 3.46875 * Rover
17: 3.375 * Chuck
18: 3.359375 * FC
19: 3.359375 * CR
20: 3.328125 * ist
21: 3.296875 * Wind
22: 2.828125 * istic
23: 2.625 * ling
24: 2.609375 * Assistant
25: 2.53125 * PR
26: 2.484375 * owner
27: 2.46875 * begging
28: 2.34375 * Cro
29: 2.25 * walked
30: 2.203125 * CC
31: 2.171875 * Ross
32: 2.171875 * AT
33: 2.15625 * freedom
34: 2.109375 * breath
35: 2.046875 * morning
36: 1.9921875 * outdoor
37: 1.90625 * forward
38: 1.8046875 * BS
39: 1.71875 * Fox
40: 1.6875 * logy
41: 1.625 * IN
42: 1.6015625 * owner
43: 1.5703125 * Day
44: 1.5625 * extended
45: 1.5546875 * Cooper
46: 1.5546875 * Transition
47: 1.5390625 * bebelus
48: 1.53125 * ability
49: 1.515625 * Pitt
Total loss: 0.277931809425354 = MSE Loss: 0.24768318235874176, 5.0 * Sparsity Loss: 0.006049724295735359
Epoch: 2 batch_num: 86
0: 10.1875 * realizeaz
1: 9.375 * Walking
2: 7.875 * ements
3: 7.21875 * Pet
4: 7.125 * dogs
5: 6.3125 * Around
6: 6.0 * dog
7: 5.625 * ncing
8: 5.15625 * middle
9: 4.5625 * Walk
10: 4.5625 * valeur
11: 4.25 * Path
12: 4.1875 * side
13: 3.84375 * pet
14: 3.75 * wind
15: 3.703125 * Brown
16: 3.453125 * Rover
17: 3.359375 * CR
18: 3.34375 * ist
19: 3.3125 * Chuck
20: 3.296875 * FC
21: 3.265625 * Wind
22: 2.828125 * istic
23: 2.640625 * ling
24: 2.625 * Assistant
25: 2.484375 * begging
26: 2.46875 * PR
27: 2.453125 * owner
28: 2.34375 * Cro
29: 2.265625 * CC
30: 2.25 * walked
31: 2.125 * Ross
32: 2.125 * breath
33: 2.078125 * freedom
34: 2.0625 * AT
35: 2.0 * morning
36: 1.9609375 * outdoor
37: 1.90625 * forward
38: 1.8046875 * BS
39: 1.671875 * logy
40: 1.6328125 * IN
41: 1.625 * Fox
42: 1.59375 * Transition
43: 1.5859375 * Pitt
44: 1.5703125 * owner
45: 1.546875 * extended
46: 1.5234375 * Cooper
47: 1.515625 * interest
48: 1.5 * ability
49: 1.5 * bebelus
Total loss: 0.19281017780303955 = MSE Loss: 0.1622396558523178, 5.0 * Sparsity Loss: 0.006114103365689516
Epoch: 2 batch_num: 87
0: 10.125 * realizeaz
1: 9.375 * Walking
2: 7.875 * ements
3: 7.09375 * Pet
4: 7.0625 * dogs
5: 6.3125 * Around
6: 5.9375 * dog
7: 5.65625 * ncing
8: 5.125 * middle
9: 4.5625 * Walk
10: 4.5 * valeur
11: 4.28125 * Path
12: 4.09375 * side
13: 3.796875 * pet
14: 3.71875 * wind
15: 3.59375 * Brown
16: 3.453125 * Rover
17: 3.34375 * ist
18: 3.34375 * CR
19: 3.265625 * Chuck
20: 3.25 * FC
21: 3.21875 * Wind
22: 2.828125 * istic
23: 2.671875 * Assistant
24: 2.59375 * ling
25: 2.46875 * begging
26: 2.421875 * owner
27: 2.34375 * PR
28: 2.328125 * CC
29: 2.3125 * Cro
30: 2.21875 * walked
31: 2.109375 * breath
32: 2.0625 * Ross
33: 2.03125 * AT
34: 2.0 * freedom
35: 1.9609375 * morning
36: 1.953125 * forward
37: 1.9140625 * outdoor
38: 1.8125 * BS
39: 1.6640625 * IN
40: 1.65625 * logy
41: 1.6484375 * Transition
42: 1.625 * Pitt
43: 1.6015625 * mândr
44: 1.59375 * interest
45: 1.5859375 * Dog
46: 1.578125 * owner
47: 1.53125 * Fox
48: 1.5234375 * extended
49: 1.5 * ability
Total loss: 0.41620850563049316 = MSE Loss: 0.38587892055511475, 5.0 * Sparsity Loss: 0.006065914873033762
Epoch: 2 batch_num: 88
0: 10.0625 * realizeaz
1: 9.4375 * Walking
2: 7.9375 * ements
3: 7.03125 * dogs
4: 7.0 * Pet
5: 6.34375 * Around
6: 5.90625 * dog
7: 5.65625 * ncing
8: 5.09375 * middle
9: 4.53125 * Walk
10: 4.5 * valeur
11: 4.3125 * Path
12: 4.0 * side
13: 3.765625 * pet
14: 3.6875 * wind
15: 3.515625 * Brown
16: 3.453125 * Rover
17: 3.375 * ist
18: 3.359375 * CR
19: 3.234375 * FC
20: 3.234375 * Wind
21: 3.203125 * Chuck
22: 2.828125 * istic
23: 2.703125 * Assistant
24: 2.515625 * ling
25: 2.40625 * begging
26: 2.390625 * owner
27: 2.375 * CC
28: 2.28125 * Cro
29: 2.203125 * walked
30: 2.140625 * PR
31: 2.140625 * breath
32: 2.0625 * forward
33: 2.015625 * Ross
34: 2.0 * mândr
35: 1.984375 * AT
36: 1.921875 * freedom
37: 1.8515625 * outdoor
38: 1.8203125 * morning
39: 1.8125 * BS
40: 1.7109375 * Transition
41: 1.6796875 * IN
42: 1.6796875 * logy
43: 1.65625 * Dog
44: 1.6484375 * interest
45: 1.6328125 * Pitt
46: 1.5625 * owner
47: 1.5625 * fit
48: 1.515625 * ability
49: 1.484375 * extended
Total loss: 0.1938159167766571 = MSE Loss: 0.1626095324754715, 5.0 * Sparsity Loss: 0.006241277791559696
Epoch: 2 batch_num: 89
0: 10.0 * realizeaz
1: 9.5 * Walking
2: 7.96875 * ements
3: 7.0 * dogs
4: 6.96875 * Pet
5: 6.34375 * Around
6: 5.84375 * dog
7: 5.71875 * ncing
8: 5.03125 * middle
9: 4.53125 * Walk
10: 4.46875 * valeur
11: 4.375 * Path
12: 3.921875 * side
13: 3.734375 * pet
14: 3.6875 * wind
15: 3.4375 * Rover
16: 3.4375 * Brown
17: 3.390625 * ist
18: 3.34375 * CR
19: 3.21875 * FC
20: 3.21875 * Wind
21: 3.15625 * Chuck
22: 2.8125 * istic
23: 2.703125 * Assistant
24: 2.40625 * ling
25: 2.375 * owner
26: 2.375 * CC
27: 2.34375 * mândr
28: 2.34375 * begging
29: 2.234375 * Cro
30: 2.21875 * walked
31: 2.15625 * breath
32: 2.109375 * forward
33: 2.015625 * PR
34: 1.9921875 * Ross
35: 1.890625 * freedom
36: 1.890625 * AT
37: 1.8359375 * outdoor
38: 1.796875 * BS
39: 1.7578125 * Transition
40: 1.71875 * Dog
41: 1.7109375 * morning
42: 1.703125 * interest
43: 1.6640625 * logy
44: 1.6484375 * Pitt
45: 1.6484375 * IN
46: 1.5625 * owner
47: 1.546875 * fit
48: 1.5 * ability
49: 1.4609375 * pathway
Total loss: 0.2702505588531494 = MSE Loss: 0.2386898696422577, 5.0 * Sparsity Loss: 0.006312140263617039
Epoch: 2 batch_num: 90
0: 10.0 * realizeaz
1: 9.5625 * Walking
2: 7.96875 * ements
3: 6.9375 * Pet
4: 6.9375 * dogs
5: 6.40625 * Around
6: 5.75 * dog
7: 5.75 * ncing
8: 5.0 * middle
9: 4.53125 * Path
10: 4.5 * Walk
11: 4.46875 * valeur
12: 3.9375 * side
13: 3.703125 * pet
14: 3.671875 * wind
15: 3.4375 * Rover
16: 3.40625 * Brown
17: 3.40625 * ist
18: 3.28125 * CR
19: 3.203125 * FC
20: 3.1875 * Wind
21: 3.125 * Chuck
22: 2.828125 * istic
23: 2.71875 * Assistant
24: 2.640625 * mândr
25: 2.34375 * CC
26: 2.328125 * owner
27: 2.328125 * ling
28: 2.296875 * begging
29: 2.234375 * walked
30: 2.1875 * Cro
31: 2.15625 * breath
32: 2.125 * forward
33: 1.984375 * Ross
34: 1.9140625 * outdoor
35: 1.8984375 * PR
36: 1.890625 * freedom
37: 1.84375 * Transition
38: 1.8046875 * AT
39: 1.7734375 * interest
40: 1.765625 * Dog
41: 1.7578125 * BS
42: 1.6640625 * Pitt
43: 1.640625 * logy
44: 1.6171875 * morning
45: 1.5859375 * IN
46: 1.5546875 * owner
47: 1.546875 * fit
48: 1.4921875 * ability
49: 1.484375 * </s>
Total loss: 0.5223820805549622 = MSE Loss: 0.4915461242198944, 5.0 * Sparsity Loss: 0.006167191080749035
Epoch: 2 batch_num: 91
0: 9.9375 * realizeaz
1: 9.4375 * Walking
2: 7.96875 * ements
3: 6.90625 * Pet
4: 6.875 * dogs
5: 6.40625 * Around
6: 5.78125 * ncing
7: 5.65625 * dog
8: 5.0 * middle
9: 4.6875 * Path
10: 4.65625 * Walk
11: 4.4375 * valeur
12: 3.9375 * side
13: 3.65625 * pet
14: 3.625 * wind
15: 3.453125 * ist
16: 3.421875 * Rover
17: 3.328125 * Brown
18: 3.21875 * CR
19: 3.1875 * FC
20: 3.15625 * Wind
21: 3.0625 * Chuck
22: 2.859375 * mândr
23: 2.84375 * istic
24: 2.71875 * Assistant
25: 2.28125 * CC
26: 2.25 * ling
27: 2.25 * begging
28: 2.234375 * owner
29: 2.15625 * walked
30: 2.15625 * breath
31: 2.140625 * Cro
32: 2.09375 * forward
33: 2.015625 * outdoor
34: 1.9765625 * Ross
35: 1.8984375 * freedom
36: 1.8828125 * Transition
37: 1.8359375 * interest
38: 1.828125 * Dog
39: 1.78125 * PR
40: 1.703125 * BS
41: 1.6953125 * AT
42: 1.671875 * Pitt
43: 1.578125 * morning
44: 1.5703125 * </s>
45: 1.5546875 * logy
46: 1.515625 * owner
47: 1.5078125 * fit
48: 1.4765625 * actiuni
49: 1.46875 * ability
Total loss: 0.28650131821632385 = MSE Loss: 0.25592318177223206, 5.0 * Sparsity Loss: 0.006115627009421587
Epoch: 2 batch_num: 92
0: 10.0 * realizeaz
1: 9.3125 * Walking
2: 7.96875 * ements
3: 6.8125 * Pet
4: 6.71875 * dogs
5: 6.4375 * Around
6: 5.78125 * ncing
7: 5.5625 * dog
8: 4.96875 * middle
9: 4.9375 * Walk
10: 4.9375 * Path
11: 4.46875 * valeur
12: 3.875 * side
13: 3.59375 * pet
14: 3.59375 * wind
15: 3.5 * ist
16: 3.40625 * Rover
17: 3.21875 * Brown
18: 3.15625 * Wind
19: 3.15625 * CR
20: 3.125 * mândr
21: 3.109375 * FC
22: 3.0 * Chuck
23: 2.828125 * istic
24: 2.703125 * Assistant
25: 2.234375 * begging
26: 2.203125 * CC
27: 2.15625 * ling
28: 2.15625 * breath
29: 2.09375 * forward
30: 2.09375 * outdoor
31: 2.078125 * Cro
32: 2.0625 * owner
33: 2.046875 * walked
34: 2.0 * Ross
35: 1.9453125 * freedom
36: 1.9296875 * Transition
37: 1.921875 * interest
38: 1.875 * Dog
39: 1.7265625 * actiuni
40: 1.7109375 * Pitt
41: 1.6953125 * PR
42: 1.6640625 * </s>
43: 1.65625 * AT
44: 1.6171875 * BS
45: 1.53125 * morning
46: 1.515625 * walks
47: 1.4609375 * logy
48: 1.4296875 * bebelus
49: 1.421875 * owner
Total loss: 0.19678889214992523 = MSE Loss: 0.16607312858104706, 5.0 * Sparsity Loss: 0.00614315178245306
Epoch: 2 batch_num: 93
0: 10.0625 * realizeaz
1: 9.25 * Walking
2: 7.96875 * ements
3: 6.84375 * Pet
4: 6.6875 * dogs
5: 6.4375 * Around
6: 5.78125 * ncing
7: 5.5 * dog
8: 5.15625 * Walk
9: 5.125 * Path
10: 4.96875 * middle
11: 4.53125 * valeur
12: 3.84375 * side
13: 3.578125 * wind
14: 3.5625 * pet
15: 3.53125 * ist
16: 3.390625 * Rover
17: 3.359375 * mândr
18: 3.21875 * Wind
19: 3.15625 * Brown
20: 3.109375 * CR
21: 3.03125 * FC
22: 2.9375 * Chuck
23: 2.84375 * istic
24: 2.671875 * Assistant
25: 2.28125 * begging
26: 2.15625 * outdoor
27: 2.109375 * breath
28: 2.09375 * forward
29: 2.09375 * ling
30: 2.09375 * CC
31: 2.046875 * Ross
32: 2.03125 * Cro
33: 2.03125 * interest
34: 1.984375 * Transition
35: 1.9765625 * actiuni
36: 1.96875 * freedom
37: 1.9296875 * walked
38: 1.921875 * owner
39: 1.8671875 * Dog
40: 1.7734375 * walks
41: 1.7734375 * Pitt
42: 1.7109375 * </s>
43: 1.6328125 * AT
44: 1.6015625 * PR
45: 1.5234375 * BS
46: 1.4921875 * decizie
47: 1.4765625 * morning
48: 1.4453125 * bebelus
49: 1.3671875 * logy
Total loss: 0.2519862651824951 = MSE Loss: 0.22121508419513702, 5.0 * Sparsity Loss: 0.006154236849397421
Epoch: 2 batch_num: 94
0: 11.6875 * realizeaz
1: 9.4375 * Walking
2: 7.375 * ements
3: 6.8125 * Pet
4: 6.59375 * dogs
5: 6.5 * Walk
6: 6.34375 * Around
7: 5.71875 * Path
8: 5.5625 * ncing
9: 5.46875 * dog
10: 4.59375 * middle
11: 4.4375 * mândr
12: 4.21875 * valeur
13: 3.4375 * pet
14: 3.421875 * side
15: 3.203125 * ist
16: 3.1875 * Rover
17: 3.109375 * wind
18: 3.109375 * Assistant
19: 2.921875 * Wind
20: 2.828125 * Chuck
21: 2.796875 * </s>
22: 2.78125 * CR
23: 2.765625 * FC
24: 2.734375 * walks
25: 2.59375 * Brown
26: 2.515625 * istic
27: 2.421875 * begging
28: 2.359375 * interest
29: 2.3125 * Transition
30: 2.1875 * actiuni
31: 2.1875 * breath
32: 2.15625 * outdoor
33: 2.140625 * walk
34: 2.015625 * walk
35: 2.015625 * ling
36: 1.96875 * morning
37: 1.953125 * forward
38: 1.953125 * freedom
39: 1.953125 * Ross
40: 1.84375 * bebelus
41: 1.7578125 * walking
42: 1.75 * St
43: 1.7421875 * Pitt
44: 1.703125 * CC
45: 1.6796875 * AT
46: 1.6640625 * Madison
47: 1.6171875 * Dog
48: 1.6171875 * walked
49: 1.59375 * Licensed
Total loss: 0.20100998878479004 = MSE Loss: 0.1663459837436676, 5.0 * Sparsity Loss: 0.00693280017003417
Epoch: 2 batch_num: 95
0: 13.0625 * realizeaz
1: 9.625 * Walking
2: 7.59375 * Walk
3: 6.90625 * ements
4: 6.78125 * Pet
5: 6.46875 * dogs
6: 6.28125 * Around
7: 6.21875 * Path
8: 5.40625 * ncing
9: 5.375 * dog
10: 5.375 * mândr
11: 4.34375 * middle
12: 3.984375 * valeur
13: 3.734375 * </s>
14: 3.5625 * walks
15: 3.46875 * Assistant
16: 3.3125 * pet
17: 3.078125 * side
18: 3.0625 * walk
19: 3.015625 * Rover
20: 2.890625 * ist
21: 2.75 * Chuck
22: 2.71875 * walk
23: 2.71875 * wind
24: 2.671875 * interest
25: 2.671875 * Wind
26: 2.609375 * Transition
27: 2.546875 * begging
28: 2.515625 * FC
29: 2.484375 * CR
30: 2.375 * morning
31: 2.359375 * walking
32: 2.359375 * actiuni
33: 2.3125 * St
34: 2.25 * Licensed
35: 2.25 * breath
36: 2.234375 * istic
37: 2.203125 * bebelus
38: 2.171875 * Brown
39: 2.15625 * outdoor
40: 2.140625 * Day
41: 2.078125 * Madison
42: 1.953125 * freedom
43: 1.9453125 * day
44: 1.890625 * ling
45: 1.8828125 * adecvat
46: 1.875 * Ross
47: 1.8515625 * assistant
48: 1.8359375 * forward
49: 1.7578125 * AT
Total loss: 0.24760481715202332 = MSE Loss: 0.20801405608654022, 5.0 * Sparsity Loss: 0.007918153889477253
Epoch: 2 batch_num: 96
0: 14.25 * realizeaz
1: 9.8125 * Walking
2: 8.5625 * Walk
3: 6.75 * Pet
4: 6.65625 * Path
5: 6.5625 * ements
6: 6.34375 * dogs
7: 6.28125 * Around
8: 6.1875 * mândr
9: 5.28125 * dog
10: 5.25 * ncing
11: 4.5 * </s>
12: 4.28125 * walks
13: 4.15625 * middle
14: 3.859375 * walk
15: 3.78125 * Assistant
16: 3.78125 * valeur
17: 3.3125 * walk
18: 3.203125 * pet
19: 2.984375 * interest
20: 2.859375 * Rover
21: 2.84375 * walking
22: 2.84375 * side
23: 2.828125 * Transition
24: 2.78125 * Licensed
25: 2.703125 * Chuck
26: 2.6875 * morning
27: 2.65625 * begging
28: 2.625 * ist
29: 2.59375 * St
30: 2.53125 * bebelus
31: 2.515625 * actiuni
32: 2.515625 * Day
33: 2.46875 * Wind
34: 2.421875 * Madison
35: 2.390625 * wind
36: 2.34375 * day
37: 2.28125 * breath
38: 2.25 * adecvat
39: 2.234375 * FC
40: 2.203125 * CR
41: 2.125 * assistant
42: 2.046875 * trecută
43: 2.046875 * outdoor
44: 1.984375 * istic
45: 1.9296875 * freedom
46: 1.9140625 * pets
47: 1.890625 * Walk
48: 1.8828125 * AT
49: 1.84375 * grupuri
Total loss: 0.23646625876426697 = MSE Loss: 0.194092258810997, 5.0 * Sparsity Loss: 0.008474800735712051
Epoch: 2 batch_num: 97
0: 15.25 * realizeaz
1: 10.0 * Walking
2: 9.3125 * Walk
3: 6.96875 * Path
4: 6.8125 * mândr
5: 6.6875 * Pet
6: 6.34375 * Around
7: 6.28125 * ements
8: 6.1875 * dogs
9: 5.125 * dog
10: 5.125 * </s>
11: 5.09375 * ncing
12: 4.84375 * walks
13: 4.46875 * walk
14: 4.09375 * Assistant
15: 3.984375 * middle
16: 3.84375 * walk
17: 3.59375 * valeur
18: 3.21875 * interest
19: 3.21875 * Licensed
20: 3.203125 * walking
21: 3.125 * pet
22: 2.984375 * Transition
23: 2.953125 * morning
24: 2.796875 * St
25: 2.78125 * bebelus
26: 2.78125 * Day
27: 2.71875 * begging
28: 2.703125 * Rover
29: 2.703125 * Madison
30: 2.6875 * side
31: 2.671875 * Chuck
32: 2.640625 * actiuni
33: 2.59375 * day
34: 2.5625 * adecvat
35: 2.484375 * trecută
36: 2.40625 * ist
37: 2.375 * assistant
38: 2.328125 * Walk
39: 2.328125 * Wind
40: 2.328125 * breath
41: 2.15625 * pets
42: 2.140625 * grupuri
43: 2.125 * cărui
44: 2.125 * wind
45: 2.015625 * AT
46: 1.9765625 * FC
47: 1.953125 * Weekend
48: 1.953125 * CR
49: 1.9375 * fox
Total loss: 0.22497981786727905 = MSE Loss: 0.18105031549930573, 5.0 * Sparsity Loss: 0.008785899728536606
Epoch: 2 batch_num: 98
0: 16.125 * realizeaz
1: 10.125 * Walking
2: 9.875 * Walk
3: 7.3125 * mândr
4: 7.25 * Path
5: 6.5625 * Pet
6: 6.375 * Around
7: 6.0 * dogs
8: 5.96875 * ements
9: 5.6875 * </s>
10: 5.3125 * walks
11: 4.96875 * walk
12: 4.96875 * ncing
13: 4.9375 * dog
14: 4.34375 * Assistant
15: 4.28125 * walk
16: 3.875 * middle
17: 3.59375 * Licensed
18: 3.515625 * walking
19: 3.4375 * valeur
20: 3.421875 * interest
21: 3.203125 * morning
22: 3.0625 * Transition
23: 3.015625 * pet
24: 3.0 * Day
25: 2.984375 * bebelus
26: 2.96875 * Madison
27: 2.9375 * St
28: 2.84375 * trecută
29: 2.828125 * adecvat
30: 2.796875 * begging
31: 2.796875 * day
32: 2.75 * actiuni
33: 2.71875 * Walk
34: 2.671875 * Chuck
35: 2.609375 * side
36: 2.609375 * assistant
37: 2.578125 * Rover
38: 2.390625 * grupuri
39: 2.375 * cărui
40: 2.359375 * breath
41: 2.28125 * pets
42: 2.234375 * Weekend
43: 2.234375 * ist
44: 2.234375 * fox
45: 2.1875 * Wind
46: 2.109375 * AT
47: 1.9921875 * west
48: 1.9765625 * corespund
49: 1.96875 * weekend
Total loss: 0.3615768253803253 = MSE Loss: 0.3167714774608612, 5.0 * Sparsity Loss: 0.008961067534983158
Epoch: 2 batch_num: 99
0: 16.875 * realizeaz
1: 10.4375 * Walk
2: 10.25 * Walking
3: 7.75 * mândr
4: 7.4375 * Path
5: 6.4375 * Pet
6: 6.34375 * Around
7: 6.15625 * </s>
8: 5.78125 * walks
9: 5.78125 * dogs
10: 5.71875 * ements
11: 5.4375 * walk
12: 4.875 * ncing
13: 4.75 * dog
14: 4.6875 * walk
15: 4.5625 * Assistant
16: 3.921875 * Licensed
17: 3.796875 * walking
18: 3.78125 * middle
19: 3.59375 * interest
20: 3.453125 * morning
21: 3.28125 * valeur
22: 3.1875 * Madison
23: 3.1875 * Day
24: 3.15625 * trecută
25: 3.140625 * bebelus
26: 3.109375 * Transition
27: 3.09375 * St
28: 3.078125 * Walk
29: 3.078125 * adecvat
30: 2.921875 * day
31: 2.890625 * pet
32: 2.84375 * begging
33: 2.8125 * actiuni
34: 2.8125 * assistant
35: 2.671875 * Chuck
36: 2.59375 * cărui
37: 2.59375 * grupuri
38: 2.546875 * side
39: 2.5 * fox
40: 2.46875 * Rover
41: 2.4375 * Weekend
42: 2.375 * breath
43: 2.328125 * pets
44: 2.1875 * west
45: 2.171875 * corespund
46: 2.171875 * AT
47: 2.109375 * weekend
48: 2.109375 * Fox
49: 2.078125 * ist
Total loss: 0.2833757996559143 = MSE Loss: 0.23855838179588318, 5.0 * Sparsity Loss: 0.008963480591773987
Epoch: 2 batch_num: 100
0: 17.5 * realizeaz
1: 11.0 * Walk
2: 10.3125 * Walking
3: 8.125 * mândr
4: 7.5 * Path
5: 6.5625 * </s>
6: 6.34375 * Around
7: 6.25 * Pet
8: 6.1875 * walks
9: 5.875 * walk
10: 5.5625 * dogs
11: 5.4375 * ements
12: 5.0625 * walk
13: 4.78125 * ncing
14: 4.75 * Assistant
15: 4.5625 * dog
16: 4.21875 * Licensed
17: 4.0625 * walking
18: 3.734375 * interest
19: 3.6875 * middle
20: 3.65625 * morning
21: 3.4375 * trecută
22: 3.421875 * Walk
23: 3.390625 * Madison
24: 3.3125 * adecvat
25: 3.296875 * bebelus
26: 3.296875 * Day
27: 3.1875 * St
28: 3.15625 * valeur
29: 3.078125 * Transition
30: 3.015625 * day
31: 2.96875 * assistant
32: 2.890625 * begging
33: 2.875 * actiuni
34: 2.796875 * cărui
35: 2.78125 * pet
36: 2.78125 * grupuri
37: 2.71875 * fox
38: 2.65625 * Chuck
39: 2.609375 * Weekend
40: 2.546875 * side
41: 2.390625 * breath
42: 2.359375 * Rover
43: 2.34375 * corespund
44: 2.328125 * Fox
45: 2.296875 * west
46: 2.296875 * pets
47: 2.203125 * AT
48: 2.1875 * weekend
49: 2.03125 * trained
Total loss: 0.24528513848781586 = MSE Loss: 0.20103006064891815, 5.0 * Sparsity Loss: 0.008851015008985996
Epoch: 2 batch_num: 101
0: 18.0 * realizeaz
1: 11.4375 * Walk
2: 10.375 * Walking
3: 8.5625 * mândr
4: 7.59375 * Path
5: 6.9375 * </s>
6: 6.53125 * walks
7: 6.34375 * Around
8: 6.28125 * walk
9: 6.03125 * Pet
10: 5.40625 * walk
11: 5.375 * dogs
12: 5.1875 * ements
13: 4.9375 * Assistant
14: 4.75 * ncing
15: 4.5 * Licensed
16: 4.40625 * dog
17: 4.28125 * walking
18: 3.8125 * interest
19: 3.796875 * morning
20: 3.703125 * Walk
21: 3.671875 * trecută
22: 3.609375 * middle
23: 3.5625 * Madison
24: 3.5 * adecvat
25: 3.453125 * bebelus
26: 3.375 * Day
27: 3.234375 * St
28: 3.109375 * assistant
29: 3.09375 * Transition
30: 3.03125 * valeur
31: 3.0 * day
32: 2.96875 * cărui
33: 2.953125 * begging
34: 2.953125 * grupuri
35: 2.9375 * actiuni
36: 2.90625 * fox
37: 2.734375 * Weekend
38: 2.65625 * pet
39: 2.625 * Chuck
40: 2.59375 * side
41: 2.53125 * Fox
42: 2.46875 * corespund
43: 2.390625 * west
44: 2.390625 * breath
45: 2.265625 * Rover
46: 2.234375 * weekend
47: 2.234375 * pets
48: 2.234375 * AT
49: 2.109375 * miere
Total loss: 0.22098612785339355 = MSE Loss: 0.17816972732543945, 5.0 * Sparsity Loss: 0.008563278242945671
Epoch: 2 batch_num: 102
0: 18.625 * realizeaz
1: 11.8125 * Walk
2: 10.375 * Walking
3: 8.875 * mândr
4: 7.6875 * Path
5: 7.25 * </s>
6: 6.90625 * walks
7: 6.65625 * walk
8: 6.3125 * Around
9: 5.875 * Pet
10: 5.6875 * walk
11: 5.21875 * dogs
12: 5.09375 * Assistant
13: 4.9375 * ements
14: 4.78125 * Licensed
15: 4.75 * ncing
16: 4.53125 * walking
17: 4.28125 * dog
18: 3.96875 * Walk
19: 3.890625 * morning
20: 3.875 * interest
21: 3.859375 * trecută
22: 3.734375 * Madison
23: 3.65625 * adecvat
24: 3.578125 * bebelus
25: 3.515625 * middle
26: 3.453125 * Day
27: 3.296875 * St
28: 3.25 * assistant
29: 3.109375 * Transition
30: 3.109375 * cărui
31: 3.09375 * grupuri
32: 3.078125 * fox
33: 3.03125 * begging
34: 3.03125 * day
35: 2.96875 * actiuni
36: 2.90625 * valeur
37: 2.859375 * Weekend
38: 2.6875 * Fox
39: 2.625 * side
40: 2.609375 * Chuck
41: 2.59375 * corespund
42: 2.5625 * pet
43: 2.515625 * west
44: 2.375 * breath
45: 2.28125 * weekend
46: 2.234375 * AT
47: 2.21875 * pets
48: 2.1875 * Rover
49: 2.1875 * miere
Total loss: 0.2698812782764435 = MSE Loss: 0.22756966948509216, 5.0 * Sparsity Loss: 0.008462321013212204
Epoch: 2 batch_num: 103
0: 19.125 * realizeaz
1: 12.1875 * Walk
2: 10.375 * Walking
3: 9.1875 * mândr
4: 7.75 * Path
5: 7.53125 * </s>
6: 7.21875 * walks
7: 7.0 * walk
8: 6.34375 * Around
9: 5.90625 * walk
10: 5.71875 * Pet
11: 5.21875 * Assistant
12: 5.09375 * dogs
13: 4.9375 * Licensed
14: 4.78125 * ncing
15: 4.75 * walking
16: 4.6875 * ements
17: 4.1875 * dog
18: 4.1875 * Walk
19: 4.03125 * trecută
20: 3.984375 * morning
21: 3.9375 * interest
22: 3.859375 * Madison
23: 3.78125 * adecvat
24: 3.671875 * bebelus
25: 3.515625 * Day
26: 3.375 * middle
27: 3.34375 * assistant
28: 3.265625 * St
29: 3.234375 * cărui
30: 3.234375 * grupuri
31: 3.21875 * fox
32: 3.140625 * Transition
33: 3.09375 * begging
34: 3.03125 * day
35: 3.0 * actiuni
36: 2.96875 * Weekend
37: 2.859375 * Fox
38: 2.796875 * valeur
39: 2.6875 * corespund
40: 2.65625 * west
41: 2.640625 * side
42: 2.609375 * Chuck
43: 2.453125 * pet
44: 2.390625 * breath
45: 2.34375 * weekend
46: 2.28125 * extended
47: 2.28125 * AT
48: 2.25 * miere
49: 2.203125 * Leaving
Total loss: 0.3147493898868561 = MSE Loss: 0.2738097906112671, 5.0 * Sparsity Loss: 0.008187917992472649
Epoch: 2 batch_num: 104
0: 19.625 * realizeaz
1: 12.4375 * Walk
2: 10.4375 * Walking
3: 9.4375 * mândr
4: 7.875 * Path
5: 7.78125 * </s>
6: 7.5 * walks
7: 7.28125 * walk
8: 6.34375 * Around
9: 6.09375 * walk
10: 5.5625 * Pet
11: 5.3125 * Assistant
12: 5.0625 * dogs
13: 5.03125 * Licensed
14: 4.9375 * walking
15: 4.78125 * ncing
16: 4.375 * ements
17: 4.34375 * Walk
18: 4.1875 * dog
19: 4.15625 * trecută
20: 4.09375 * morning
21: 3.984375 * interest
22: 3.96875 * Madison
23: 3.875 * adecvat
24: 3.765625 * bebelus
25: 3.546875 * Day
26: 3.40625 * assistant
27: 3.34375 * grupuri
28: 3.328125 * cărui
29: 3.328125 * fox
30: 3.265625 * middle
31: 3.1875 * Transition
32: 3.1875 * St
33: 3.140625 * begging
34: 3.078125 * Weekend
35: 3.015625 * actiuni
36: 3.015625 * day
37: 3.0 * Fox
38: 2.765625 * corespund
39: 2.765625 * west
40: 2.671875 * valeur
41: 2.625 * side
42: 2.609375 * Chuck
43: 2.421875 * weekend
44: 2.390625 * breath
45: 2.375 * extended
46: 2.34375 * pet
47: 2.34375 * AT
48: 2.3125 * miere
49: 2.25 * Leaving
Total loss: 0.23525221645832062 = MSE Loss: 0.19493447244167328, 5.0 * Sparsity Loss: 0.008063548244535923
Epoch: 2 batch_num: 105
0: 20.125 * realizeaz
1: 12.6875 * Walk
2: 10.375 * Walking
3: 9.625 * mândr
4: 8.0625 * </s>
5: 8.0 * Path
6: 7.71875 * walks
7: 7.5 * walk
8: 6.3125 * Around
9: 6.25 * walk
10: 5.4375 * Pet
11: 5.4375 * Assistant
12: 5.15625 * Licensed
13: 5.125 * walking
14: 5.03125 * dogs
15: 4.8125 * ncing
16: 4.53125 * Walk
17: 4.25 * morning
18: 4.25 * trecută
19: 4.1875 * dog
20: 4.09375 * Madison
21: 4.09375 * ements
22: 4.03125 * interest
23: 3.953125 * adecvat
24: 3.84375 * bebelus
25: 3.609375 * Day
26: 3.453125 * assistant
27: 3.4375 * fox
28: 3.4375 * grupuri
29: 3.40625 * cărui
30: 3.234375 * Transition
31: 3.203125 * Weekend
32: 3.1875 * begging
33: 3.15625 * Fox
34: 3.125 * middle
35: 3.09375 * St
36: 3.078125 * day
37: 3.0625 * actiuni
38: 2.859375 * west
39: 2.828125 * corespund
40: 2.609375 * side
41: 2.578125 * Chuck
42: 2.5625 * valeur
43: 2.53125 * weekend
44: 2.453125 * extended
45: 2.453125 * AT
46: 2.359375 * miere
47: 2.359375 * breath
48: 2.3125 * major
49: 2.28125 * small
Total loss: 0.28557485342025757 = MSE Loss: 0.24588683247566223, 5.0 * Sparsity Loss: 0.007937601767480373
Epoch: 2 batch_num: 106
0: 20.5 * realizeaz
1: 12.875 * Walk
2: 10.375 * Walking
3: 9.875 * mândr
4: 8.25 * </s>
5: 8.125 * Path
6: 7.9375 * walks
7: 7.6875 * walk
8: 6.40625 * walk
9: 6.3125 * Around
10: 5.5 * Assistant
11: 5.34375 * Pet
12: 5.28125 * Licensed
13: 5.25 * walking
14: 5.0 * dogs
15: 4.78125 * ncing
16: 4.6875 * Walk
17: 4.375 * trecută
18: 4.34375 * morning
19: 4.1875 * dog
20: 4.1875 * Madison
21: 4.03125 * adecvat
22: 4.0 * interest
23: 3.90625 * bebelus
24: 3.859375 * ements
25: 3.640625 * Day
26: 3.53125 * fox
27: 3.53125 * grupuri
28: 3.5 * assistant
29: 3.484375 * cărui
30: 3.296875 * Weekend
31: 3.28125 * Transition
32: 3.28125 * Fox
33: 3.171875 * begging
34: 3.078125 * actiuni
35: 3.078125 * day
36: 3.078125 * middle
37: 2.921875 * St
38: 2.875 * corespund
39: 2.859375 * west
40: 2.609375 * weekend
41: 2.609375 * AT
42: 2.5625 * side
43: 2.53125 * Chuck
44: 2.46875 * extended
45: 2.453125 * small
46: 2.453125 * valeur
47: 2.40625 * miere
48: 2.375 * major
49: 2.328125 * Leaving
Total loss: 0.3058910071849823 = MSE Loss: 0.26764023303985596, 5.0 * Sparsity Loss: 0.007650153245776892
Epoch: 2 batch_num: 107
0: 20.875 * realizeaz
1: 13.1875 * Walk
2: 10.3125 * Walking
3: 10.0625 * mândr
4: 8.375 * </s>
5: 8.25 * Path
6: 8.1875 * walks
7: 7.96875 * walk
8: 6.5625 * walk
9: 6.25 * Around
10: 5.59375 * Assistant
11: 5.4375 * Licensed
12: 5.40625 * walking
13: 5.28125 * Pet
14: 5.0625 * dogs
15: 4.84375 * Walk
16: 4.75 * ncing
17: 4.4375 * morning
18: 4.4375 * trecută
19: 4.25 * dog
20: 4.25 * Madison
21: 4.09375 * adecvat
22: 3.9375 * bebelus
23: 3.921875 * interest
24: 3.703125 * Day
25: 3.640625 * ements
26: 3.625 * fox
27: 3.59375 * grupuri
28: 3.578125 * assistant
29: 3.546875 * cărui
30: 3.375 * Fox
31: 3.34375 * Weekend
32: 3.328125 * Transition
33: 3.1875 * begging
34: 3.140625 * day
35: 3.109375 * actiuni
36: 3.046875 * middle
37: 2.90625 * corespund
38: 2.84375 * west
39: 2.828125 * St
40: 2.71875 * AT
41: 2.65625 * weekend
42: 2.546875 * small
43: 2.46875 * extended
44: 2.453125 * Chuck
45: 2.453125 * side
46: 2.4375 * miere
47: 2.40625 * major
48: 2.359375 * brown
49: 2.328125 * spots
Total loss: 0.21723344922065735 = MSE Loss: 0.17927369475364685, 5.0 * Sparsity Loss: 0.007591951638460159
Epoch: 2 batch_num: 108
0: 21.25 * realizeaz
1: 13.5 * Walk
2: 10.25 * Walking
3: 10.125 * mândr
4: 8.5625 * </s>
5: 8.375 * walks
6: 8.25 * walk
7: 8.25 * Path
8: 6.6875 * walk
9: 6.1875 * Around
10: 5.625 * Assistant
11: 5.53125 * walking
12: 5.53125 * Licensed
13: 5.25 * Pet
14: 5.125 * dogs
15: 5.03125 * Walk
16: 4.71875 * ncing
17: 4.53125 * trecută
18: 4.46875 * morning
19: 4.34375 * dog
20: 4.3125 * Madison
21: 4.15625 * adecvat
22: 3.96875 * bebelus
23: 3.890625 * interest
24: 3.78125 * Day
25: 3.6875 * fox
26: 3.65625 * grupuri
27: 3.625 * cărui
28: 3.625 * assistant
29: 3.484375 * ements
30: 3.453125 * Fox
31: 3.375 * Weekend
32: 3.359375 * Transition
33: 3.21875 * begging
34: 3.171875 * day
35: 3.125 * actiuni
36: 3.0625 * middle
37: 2.9375 * corespund
38: 2.84375 * west
39: 2.796875 * St
40: 2.71875 * AT
41: 2.671875 * weekend
42: 2.609375 * small
43: 2.484375 * extended
44: 2.453125 * miere
45: 2.390625 * Chuck
46: 2.375 * brown
47: 2.375 * major
48: 2.328125 * side
49: 2.328125 * pets
Total loss: 0.2756906747817993 = MSE Loss: 0.23841191828250885, 5.0 * Sparsity Loss: 0.007455751299858093
Epoch: 2 batch_num: 109
0: 21.5 * realizeaz
1: 13.75 * Walk
2: 10.25 * Walking
3: 10.25 * mândr
4: 8.6875 * </s>
5: 8.5 * walks
6: 8.4375 * walk
7: 8.3125 * Path
8: 6.78125 * walk
9: 6.15625 * Around
10: 5.6875 * Assistant
11: 5.65625 * Licensed
12: 5.59375 * walking
13: 5.1875 * Pet
14: 5.1875 * dogs
15: 5.125 * Walk
16: 4.65625 * ncing
17: 4.59375 * trecută
18: 4.46875 * morning
19: 4.375 * dog
20: 4.34375 * Madison
21: 4.1875 * adecvat
22: 4.0 * bebelus
23: 3.875 * interest
24: 3.796875 * Day
25: 3.734375 * fox
26: 3.71875 * grupuri
27: 3.671875 * cărui
28: 3.671875 * assistant
29: 3.484375 * Fox
30: 3.375 * Weekend
31: 3.375 * Transition
32: 3.34375 * ements
33: 3.1875 * begging
34: 3.125 * day
35: 3.109375 * actiuni
36: 3.109375 * middle
37: 2.9375 * corespund
38: 2.703125 * west
39: 2.703125 * St
40: 2.703125 * AT
41: 2.625 * small
42: 2.625 * weekend
43: 2.484375 * extended
44: 2.46875 * miere
45: 2.359375 * brown
46: 2.359375 * major
47: 2.328125 * Chuck
48: 2.296875 * pets
49: 2.265625 * trained
Total loss: 0.19370374083518982 = MSE Loss: 0.15680760145187378, 5.0 * Sparsity Loss: 0.0073792291805148125
Epoch: 2 batch_num: 110
0: 21.75 * realizeaz
1: 13.9375 * Walk
2: 10.4375 * mândr
3: 10.25 * Walking
4: 8.8125 * </s>
5: 8.5625 * walk
6: 8.5625 * walks
7: 8.375 * Path
8: 6.875 * walk
9: 6.15625 * Around
10: 5.75 * Licensed
11: 5.6875 * Assistant
12: 5.65625 * walking
13: 5.21875 * Walk
14: 5.1875 * dogs
15: 5.15625 * Pet
16: 4.65625 * trecută
17: 4.625 * ncing
18: 4.4375 * dog
19: 4.4375 * morning
20: 4.375 * Madison
21: 4.25 * adecvat
22: 4.03125 * bebelus
23: 3.890625 * interest
24: 3.796875 * Day
25: 3.78125 * fox
26: 3.78125 * grupuri
27: 3.703125 * cărui
28: 3.6875 * assistant
29: 3.5 * Fox
30: 3.421875 * Transition
31: 3.390625 * Weekend
32: 3.203125 * ements
33: 3.171875 * begging
34: 3.140625 * middle
35: 3.09375 * actiuni
36: 3.078125 * day
37: 2.9375 * corespund
38: 2.734375 * AT
39: 2.6875 * small
40: 2.625 * St
41: 2.609375 * west
42: 2.59375 * weekend
43: 2.5 * extended
44: 2.46875 * miere
45: 2.359375 * brown
46: 2.359375 * major
47: 2.3125 * pets
48: 2.296875 * trained
49: 2.265625 * Chuck
Total loss: 0.22217804193496704 = MSE Loss: 0.18584248423576355, 5.0 * Sparsity Loss: 0.007267112378031015
Epoch: 2 batch_num: 111
0: 21.875 * realizeaz
1: 14.0 * Walk
2: 10.5625 * mândr
3: 10.25 * Walking
4: 8.9375 * </s>
5: 8.625 * walk
6: 8.625 * walks
7: 8.4375 * Path
8: 6.90625 * walk
9: 6.125 * Around
10: 5.90625 * Licensed
11: 5.75 * Assistant
12: 5.65625 * walking
13: 5.25 * Walk
14: 5.125 * Pet
15: 5.09375 * dogs
16: 4.65625 * trecută
17: 4.625 * ncing
18: 4.4375 * morning
19: 4.40625 * dog
20: 4.40625 * Madison
21: 4.25 * adecvat
22: 4.03125 * bebelus
23: 3.890625 * interest
24: 3.828125 * grupuri
25: 3.796875 * fox
26: 3.796875 * Day
27: 3.75 * cărui
28: 3.71875 * assistant
29: 3.53125 * Fox
30: 3.4375 * Transition
31: 3.390625 * Weekend
32: 3.140625 * middle
33: 3.125 * begging
34: 3.109375 * actiuni
35: 3.09375 * ements
36: 3.03125 * day
37: 2.9375 * corespund
38: 2.75 * small
39: 2.71875 * AT
40: 2.609375 * west
41: 2.578125 * weekend
42: 2.578125 * St
43: 2.5 * extended
44: 2.484375 * miere
45: 2.390625 * major
46: 2.34375 * brown
47: 2.328125 * trained
48: 2.296875 * 
49: 2.265625 * pets
Total loss: 0.3857495188713074 = MSE Loss: 0.35026341676712036, 5.0 * Sparsity Loss: 0.007097217254340649
Epoch: 2 batch_num: 112
0: 22.125 * realizeaz
1: 14.125 * Walk
2: 10.625 * mândr
3: 10.25 * Walking
4: 9.0 * </s>
5: 8.6875 * walks
6: 8.625 * walk
7: 8.4375 * Path
8: 6.96875 * walk
9: 6.125 * Around
10: 6.03125 * Licensed
11: 5.78125 * Assistant
12: 5.6875 * walking
13: 5.3125 * Walk
14: 5.03125 * Pet
15: 4.9375 * dogs
16: 4.65625 * ncing
17: 4.625 * trecută
18: 4.46875 * morning
19: 4.40625 * Madison
20: 4.3125 * dog
21: 4.28125 * adecvat
22: 4.03125 * bebelus
23: 3.875 * grupuri
24: 3.828125 * interest
25: 3.8125 * fox
26: 3.78125 * Day
27: 3.765625 * assistant
28: 3.75 * cărui
29: 3.5625 * Fox
30: 3.40625 * Weekend
31: 3.390625 * Transition
32: 3.140625 * middle
33: 3.125 * actiuni
34: 3.046875 * begging
35: 2.96875 * ements
36: 2.9375 * corespund
37: 2.9375 * day
38: 2.71875 * small
39: 2.703125 * AT
40: 2.6875 * west
41: 2.59375 * weekend
42: 2.59375 * St
43: 2.5 * extended
44: 2.484375 * miere
45: 2.375 * major
46: 2.359375 * trained
47: 2.359375 * 
48: 2.3125 * brown
49: 2.296875 * fit
Total loss: 0.2193990796804428 = MSE Loss: 0.18418937921524048, 5.0 * Sparsity Loss: 0.007041940465569496
Epoch: 2 batch_num: 113
0: 22.375 * realizeaz
1: 14.1875 * Walk
2: 10.75 * mândr
3: 10.3125 * Walking
4: 9.125 * </s>
5: 8.6875 * walks
6: 8.625 * walk
7: 8.5 * Path
8: 6.96875 * walk
9: 6.15625 * Around
10: 6.125 * Licensed
11: 5.78125 * Assistant
12: 5.65625 * walking
13: 5.3125 * Walk
14: 4.96875 * Pet
15: 4.75 * dogs
16: 4.65625 * ncing
17: 4.625 * trecută
18: 4.5 * morning
19: 4.40625 * Madison
20: 4.28125 * adecvat
21: 4.15625 * dog
22: 4.03125 * bebelus
23: 3.90625 * grupuri
24: 3.84375 * interest
25: 3.828125 * fox
26: 3.796875 * Day
27: 3.78125 * assistant
28: 3.75 * cărui
29: 3.546875 * Fox
30: 3.40625 * Weekend
31: 3.3125 * Transition
32: 3.15625 * middle
33: 3.140625 * actiuni
34: 3.0 * begging
35: 2.921875 * corespund
36: 2.90625 * day
37: 2.875 * ements
38: 2.65625 * small
39: 2.640625 * AT
40: 2.59375 * weekend
41: 2.59375 * west
42: 2.578125 * St
43: 2.515625 * extended
44: 2.484375 * miere
45: 2.390625 * trained
46: 2.359375 * 
47: 2.34375 * major
48: 2.3125 * fit
49: 2.25 * brown
Total loss: 0.1923268586397171 = MSE Loss: 0.15742921829223633, 5.0 * Sparsity Loss: 0.0069795288145542145
Epoch: 2 batch_num: 114
0: 22.5 * realizeaz
1: 14.25 * Walk
2: 10.75 * mândr
3: 10.375 * Walking
4: 9.25 * </s>
5: 8.6875 * walk
6: 8.6875 * walks
7: 8.4375 * Path
8: 7.0 * walk
9: 6.21875 * Licensed
10: 6.125 * Around
11: 5.78125 * Assistant
12: 5.625 * walking
13: 5.34375 * Walk
14: 4.90625 * Pet
15: 4.625 * ncing
16: 4.59375 * trecută
17: 4.5625 * dogs
18: 4.53125 * morning
19: 4.40625 * Madison
20: 4.28125 * adecvat
21: 4.03125 * dog
22: 4.0 * bebelus
23: 3.921875 * grupuri
24: 3.84375 * interest
25: 3.828125 * fox
26: 3.828125 * Day
27: 3.796875 * assistant
28: 3.765625 * cărui
29: 3.5625 * Fox
30: 3.4375 * Weekend
31: 3.171875 * Transition
32: 3.140625 * actiuni
33: 3.109375 * middle
34: 2.921875 * begging
35: 2.890625 * day
36: 2.875 * corespund
37: 2.765625 * ements
38: 2.625 * small
39: 2.625 * weekend
40: 2.609375 * west
41: 2.609375 * St
42: 2.5625 * AT
43: 2.546875 * extended
44: 2.5 * miere
45: 2.390625 * trained
46: 2.328125 * major
47: 2.328125 * fit
48: 2.296875 * 
49: 2.203125 * brown
Total loss: 0.19865208864212036 = MSE Loss: 0.16397003829479218, 5.0 * Sparsity Loss: 0.006936408579349518
Epoch: 2 batch_num: 115
0: 22.625 * realizeaz
1: 14.375 * Walk
2: 10.8125 * mândr
3: 10.375 * Walking
4: 9.3125 * </s>
5: 8.75 * walk
6: 8.75 * walks
7: 8.4375 * Path
8: 7.03125 * walk
9: 6.25 * Licensed
10: 6.0625 * Around
11: 5.78125 * Assistant
12: 5.6875 * walking
13: 5.375 * Walk
14: 4.875 * Pet
15: 4.59375 * trecută
16: 4.5625 * morning
17: 4.5625 * ncing
18: 4.40625 * dogs
19: 4.40625 * Madison
20: 4.28125 * adecvat
21: 3.984375 * bebelus
22: 3.9375 * grupuri
23: 3.90625 * dog
24: 3.890625 * interest
25: 3.828125 * fox
26: 3.8125 * Day
27: 3.78125 * assistant
28: 3.765625 * cărui
29: 3.546875 * Fox
30: 3.46875 * Weekend
31: 3.15625 * actiuni
32: 3.0625 * middle
33: 3.046875 * Transition
34: 2.875 * begging
35: 2.875 * day
36: 2.84375 * corespund
37: 2.71875 * small
38: 2.65625 * ements
39: 2.640625 * weekend
40: 2.59375 * extended
41: 2.59375 * St
42: 2.5625 * west
43: 2.515625 * miere
44: 2.515625 * AT
45: 2.390625 * trained
46: 2.34375 * major
47: 2.328125 * fit
48: 2.21875 * 
49: 2.140625 * brown
Total loss: 0.22224926948547363 = MSE Loss: 0.187987819314003, 5.0 * Sparsity Loss: 0.006852288730442524
Epoch: 2 batch_num: 116
0: 22.75 * realizeaz
1: 14.375 * Walk
2: 10.875 * mândr
3: 10.375 * Walking
4: 9.4375 * </s>
5: 8.75 * walk
6: 8.6875 * walks
7: 8.4375 * Path
8: 7.03125 * walk
9: 6.28125 * Licensed
10: 5.9375 * Around
11: 5.78125 * Assistant
12: 5.65625 * walking
13: 5.375 * Walk
14: 4.71875 * Pet
15: 4.65625 * trecută
16: 4.5625 * morning
17: 4.5 * ncing
18: 4.40625 * Madison
19: 4.28125 * adecvat
20: 4.1875 * dogs
21: 3.953125 * bebelus
22: 3.953125 * grupuri
23: 3.921875 * interest
24: 3.828125 * fox
25: 3.796875 * cărui
26: 3.765625 * assistant
27: 3.734375 * Day
28: 3.71875 * dog
29: 3.515625 * Fox
30: 3.5 * Weekend
31: 3.140625 * actiuni
32: 2.984375 * middle
33: 2.953125 * Transition
34: 2.828125 * corespund
35: 2.796875 * day
36: 2.78125 * small
37: 2.765625 * begging
38: 2.640625 * weekend
39: 2.609375 * extended
40: 2.5625 * ements
41: 2.53125 * miere
42: 2.484375 * St
43: 2.484375 * AT
44: 2.40625 * trained
45: 2.375 * west
46: 2.359375 * major
47: 2.328125 * fit
48: 2.234375 * 
49: 2.125 * tracking
Total loss: 0.2191126048564911 = MSE Loss: 0.18502740561962128, 5.0 * Sparsity Loss: 0.006817040033638477
Epoch: 2 batch_num: 117
0: 22.75 * realizeaz
1: 14.375 * Walk
2: 10.875 * mândr
3: 10.4375 * Walking
4: 9.5 * </s>
5: 8.6875 * walk
6: 8.6875 * walks
7: 8.5 * Path
8: 7.0 * walk
9: 6.3125 * Licensed
10: 5.875 * Around
11: 5.8125 * Assistant
12: 5.625 * walking
13: 5.375 * Walk
14: 4.6875 * trecută
15: 4.59375 * Pet
16: 4.5 * morning
17: 4.4375 * ncing
18: 4.40625 * Madison
19: 4.28125 * adecvat
20: 3.984375 * dogs
21: 3.96875 * grupuri
22: 3.9375 * bebelus
23: 3.90625 * interest
24: 3.828125 * cărui
25: 3.828125 * fox
26: 3.78125 * assistant
27: 3.609375 * Day
28: 3.546875 * dog
29: 3.515625 * Weekend
30: 3.5 * Fox
31: 3.125 * actiuni
32: 2.953125 * middle
33: 2.90625 * Transition
34: 2.8125 * corespund
35: 2.78125 * small
36: 2.65625 * begging
37: 2.640625 * day
38: 2.609375 * weekend
39: 2.609375 * extended
40: 2.53125 * miere
41: 2.484375 * ements
42: 2.46875 * AT
43: 2.40625 * trained
44: 2.359375 * St
45: 2.34375 * major
46: 2.34375 * fit
47: 2.25 * west
48: 2.234375 * 
49: 2.109375 * PR
Total loss: 0.20734257996082306 = MSE Loss: 0.17291061580181122, 5.0 * Sparsity Loss: 0.006886393763124943
Epoch: 2 batch_num: 118
0: 22.875 * realizeaz
1: 14.375 * Walk
2: 10.875 * mândr
3: 10.5 * Walking
4: 9.5625 * </s>
5: 8.625 * walk
6: 8.5625 * walks
7: 8.5625 * Path
8: 7.0 * walk
9: 6.34375 * Licensed
10: 5.84375 * Around
11: 5.84375 * Assistant
12: 5.59375 * walking
13: 5.34375 * Walk
14: 4.75 * trecută
15: 4.5 * Pet
16: 4.40625 * morning
17: 4.40625 * Madison
18: 4.40625 * ncing
19: 4.3125 * adecvat
20: 3.96875 * grupuri
21: 3.921875 * bebelus
22: 3.84375 * interest
23: 3.84375 * cărui
24: 3.8125 * fox
25: 3.8125 * assistant
26: 3.75 * dogs
27: 3.546875 * Day
28: 3.53125 * Weekend
29: 3.484375 * Fox
30: 3.375 * dog
31: 3.09375 * actiuni
32: 2.921875 * middle
33: 2.875 * Transition
34: 2.8125 * corespund
35: 2.796875 * small
36: 2.609375 * extended
37: 2.578125 * weekend
38: 2.546875 * miere
39: 2.53125 * day
40: 2.515625 * begging
41: 2.453125 * AT
42: 2.421875 * ements
43: 2.390625 * trained
44: 2.359375 * major
45: 2.3125 * fit
46: 2.28125 * St
47: 2.21875 * PR
48: 2.1875 * west
49: 2.171875 * 
Total loss: 0.2543486952781677 = MSE Loss: 0.21950800716876984, 5.0 * Sparsity Loss: 0.006968140136450529
Epoch: 2 batch_num: 119
0: 22.875 * realizeaz
1: 14.375 * Walk
2: 10.875 * mândr
3: 10.5625 * Walking
4: 9.5625 * </s>
5: 8.625 * walk
6: 8.625 * Path
7: 8.5 * walks
8: 6.96875 * walk
9: 6.34375 * Licensed
10: 5.84375 * Around
11: 5.84375 * Assistant
12: 5.53125 * walking
13: 5.34375 * Walk
14: 4.78125 * trecută
15: 4.46875 * Pet
16: 4.4375 * Madison
17: 4.375 * morning
18: 4.34375 * ncing
19: 4.3125 * adecvat
20: 3.953125 * grupuri
21: 3.890625 * bebelus
22: 3.875 * cărui
23: 3.828125 * assistant
24: 3.8125 * fox
25: 3.71875 * interest
26: 3.59375 * dogs
27: 3.546875 * Weekend
28: 3.546875 * Day
29: 3.5 * Fox
30: 3.25 * dog
31: 3.03125 * actiuni
32: 2.859375 * middle
33: 2.84375 * Transition
34: 2.828125 * small
35: 2.828125 * corespund
36: 2.59375 * extended
37: 2.5625 * miere
38: 2.5625 * weekend
39: 2.46875 * day
40: 2.40625 * begging
41: 2.40625 * AT
42: 2.390625 * trained
43: 2.390625 * major
44: 2.34375 * ements
45: 2.296875 * St
46: 2.296875 * fit
47: 2.265625 * PR
48: 2.203125 * west
49: 2.078125 * 
Total loss: 0.32941219210624695 = MSE Loss: 0.29509782791137695, 5.0 * Sparsity Loss: 0.006862873211503029
Epoch: 2 batch_num: 120
0: 23.0 * realizeaz
1: 14.3125 * Walk
2: 10.875 * mândr
3: 10.6875 * Walking
4: 9.625 * </s>
5: 8.75 * Path
6: 8.5 * walk
7: 8.4375 * walks
8: 6.875 * walk
9: 6.34375 * Licensed
10: 5.9375 * Around
11: 5.875 * Assistant
12: 5.4375 * walking
13: 5.3125 * Walk
14: 4.78125 * trecută
15: 4.4375 * Madison
16: 4.40625 * Pet
17: 4.3125 * morning
18: 4.3125 * ncing
19: 4.3125 * adecvat
20: 3.921875 * grupuri
21: 3.890625 * cărui
22: 3.859375 * bebelus
23: 3.84375 * assistant
24: 3.8125 * fox
25: 3.640625 * interest
26: 3.5625 * Weekend
27: 3.515625 * Fox
28: 3.484375 * Day
29: 3.453125 * dogs
30: 3.09375 * dog
31: 2.96875 * actiuni
32: 2.84375 * corespund
33: 2.8125 * Transition
34: 2.8125 * middle
35: 2.765625 * small
36: 2.59375 * extended
37: 2.578125 * miere
38: 2.53125 * weekend
39: 2.40625 * major
40: 2.375 * trained
41: 2.375 * AT
42: 2.359375 * PR
43: 2.359375 * day
44: 2.34375 * ements
45: 2.3125 * begging
46: 2.265625 * St
47: 2.265625 * fit
48: 2.203125 * west
49: 2.0625 * brown
Total loss: 0.21063046157360077 = MSE Loss: 0.17732097208499908, 5.0 * Sparsity Loss: 0.006661897525191307
Epoch: 2 batch_num: 121
0: 23.125 * realizeaz
1: 14.25 * Walk
2: 10.9375 * mândr
3: 10.75 * Walking
4: 9.625 * </s>
5: 8.875 * Path
6: 8.4375 * walk
7: 8.3125 * walks
8: 6.8125 * walk
9: 6.375 * Licensed
10: 5.96875 * Around
11: 5.90625 * Assistant
12: 5.34375 * walking
13: 5.21875 * Walk
14: 4.75 * trecută
15: 4.46875 * Madison
16: 4.34375 * Pet
17: 4.3125 * adecvat
18: 4.28125 * morning
19: 4.25 * ncing
20: 3.921875 * cărui
21: 3.90625 * grupuri
22: 3.875 * bebelus
23: 3.875 * assistant
24: 3.8125 * fox
25: 3.59375 * Weekend
26: 3.578125 * interest
27: 3.484375 * Fox
28: 3.421875 * Day
29: 3.25 * dogs
30: 2.9375 * actiuni
31: 2.90625 * dog
32: 2.84375 * corespund
33: 2.796875 * Transition
34: 2.765625 * middle
35: 2.625 * small
36: 2.59375 * miere
37: 2.59375 * extended
38: 2.546875 * weekend
39: 2.484375 * PR
40: 2.421875 * major
41: 2.390625 * trained
42: 2.390625 * AT
43: 2.375 * ements
44: 2.28125 * day
45: 2.25 * begging
46: 2.234375 * fit
47: 2.1875 * St
48: 2.15625 * west
49: 2.0625 * brown
Total loss: 0.2954730987548828 = MSE Loss: 0.2629829943180084, 5.0 * Sparsity Loss: 0.006498021073639393
Epoch: 2 batch_num: 122
0: 23.25 * realizeaz
1: 14.125 * Walk
2: 10.9375 * Walking
3: 10.9375 * mândr
4: 9.6875 * </s>
5: 9.0 * Path
6: 8.3125 * walk
7: 8.1875 * walks
8: 6.6875 * walk
9: 6.375 * Licensed
10: 5.96875 * Around
11: 5.9375 * Assistant
12: 5.21875 * walking
13: 5.125 * Walk
14: 4.71875 * trecută
15: 4.46875 * Madison
16: 4.3125 * Pet
17: 4.3125 * adecvat
18: 4.28125 * morning
19: 4.21875 * ncing
20: 3.953125 * cărui
21: 3.890625 * assistant
22: 3.875 * bebelus
23: 3.875 * grupuri
24: 3.8125 * fox
25: 3.625 * Weekend
26: 3.53125 * interest
27: 3.46875 * Fox
28: 3.421875 * Day
29: 3.09375 * dogs
30: 2.90625 * actiuni
31: 2.84375 * corespund
32: 2.796875 * Transition
33: 2.78125 * dog
34: 2.703125 * middle
35: 2.59375 * miere
36: 2.578125 * PR
37: 2.578125 * extended
38: 2.5625 * small
39: 2.546875 * weekend
40: 2.4375 * major
41: 2.40625 * ements
42: 2.390625 * trained
43: 2.375 * AT
44: 2.265625 * day
45: 2.21875 * fit
46: 2.1875 * begging
47: 2.15625 * west
48: 2.140625 * St
49: 2.078125 * brown
Total loss: 0.2013421356678009 = MSE Loss: 0.16885976493358612, 5.0 * Sparsity Loss: 0.006496472284197807
Epoch: 2 batch_num: 123
0: 23.5 * realizeaz
1: 13.9375 * Walk
2: 11.0625 * Walking
3: 11.0 * mândr
4: 9.6875 * </s>
5: 9.0625 * Path
6: 8.125 * walk
7: 8.0 * walks
8: 6.53125 * walk
9: 6.40625 * Licensed
10: 6.0 * Around
11: 5.9375 * Assistant
12: 5.0625 * walking
13: 5.0 * Walk
14: 4.6875 * trecută
15: 4.46875 * Madison
16: 4.3125 * morning
17: 4.3125 * adecvat
18: 4.28125 * Pet
19: 4.1875 * ncing
20: 3.96875 * cărui
21: 3.890625 * assistant
22: 3.859375 * bebelus
23: 3.84375 * grupuri
24: 3.828125 * fox
25: 3.65625 * Weekend
26: 3.453125 * Day
27: 3.4375 * Fox
28: 3.421875 * interest
29: 2.9375 * dogs
30: 2.859375 * actiuni
31: 2.84375 * corespund
32: 2.796875 * Transition
33: 2.671875 * dog
34: 2.640625 * PR
35: 2.625 * middle
36: 2.578125 * miere
37: 2.578125 * extended
38: 2.5625 * weekend
39: 2.53125 * small
40: 2.46875 * major
41: 2.390625 * trained
42: 2.390625 * ements
43: 2.328125 * AT
44: 2.3125 * day
45: 2.1875 * fit
46: 2.140625 * west
47: 2.109375 * begging
48: 2.078125 * brown
49: 2.078125 * St
Total loss: 0.2263163924217224 = MSE Loss: 0.19415582716464996, 5.0 * Sparsity Loss: 0.006432114634662867
Epoch: 2 batch_num: 124
0: 23.5 * realizeaz
1: 13.875 * Walk
2: 11.1875 * Walking
3: 11.0 * mândr
4: 9.75 * </s>
5: 9.0625 * Path
6: 8.0 * walk
7: 7.875 * walks
8: 6.40625 * walk
9: 6.40625 * Licensed
10: 6.03125 * Around
11: 5.9375 * Assistant
12: 4.9375 * walking
13: 4.875 * Walk
14: 4.6875 * trecută
15: 4.5 * Madison
16: 4.3125 * morning
17: 4.3125 * adecvat
18: 4.25 * Pet
19: 4.1875 * ncing
20: 3.984375 * cărui
21: 3.890625 * assistant
22: 3.828125 * bebelus
23: 3.828125 * grupuri
24: 3.8125 * fox
25: 3.6875 * Weekend
26: 3.453125 * Day
27: 3.4375 * Fox
28: 3.328125 * interest
29: 2.828125 * dogs
30: 2.8125 * corespund
31: 2.796875 * actiuni
32: 2.796875 * Transition
33: 2.65625 * PR
34: 2.609375 * dog
35: 2.59375 * middle
36: 2.578125 * miere
37: 2.578125 * extended
38: 2.5625 * weekend
39: 2.5 * small
40: 2.46875 * major
41: 2.375 * trained
42: 2.375 * ements
43: 2.3125 * day
44: 2.296875 * AT
45: 2.1875 * fit
46: 2.109375 * west
47: 2.09375 * brown
48: 2.015625 * begging
49: 2.015625 * St
Total loss: 0.24082216620445251 = MSE Loss: 0.20890696346759796, 5.0 * Sparsity Loss: 0.006383039988577366
Epoch: 2 batch_num: 125
0: 23.625 * realizeaz
1: 13.75 * Walk
2: 11.3125 * Walking
3: 11.0625 * mândr
4: 9.75 * </s>
5: 9.0625 * Path
6: 7.9375 * walk
7: 7.8125 * walks
8: 6.40625 * Licensed
9: 6.3125 * walk
10: 6.03125 * Around
11: 5.96875 * Assistant
12: 4.84375 * walking
13: 4.8125 * Walk
14: 4.65625 * trecută
15: 4.5 * Madison
16: 4.34375 * morning
17: 4.34375 * adecvat
18: 4.21875 * Pet
19: 4.21875 * ncing
20: 3.984375 * cărui
21: 3.890625 * assistant
22: 3.8125 * bebelus
23: 3.8125 * fox
24: 3.8125 * grupuri
25: 3.6875 * Weekend
26: 3.453125 * Day
27: 3.40625 * Fox
28: 3.25 * interest
29: 2.828125 * Transition
30: 2.796875 * dogs
31: 2.78125 * corespund
32: 2.71875 * actiuni
33: 2.640625 * PR
34: 2.578125 * dog
35: 2.578125 * extended
36: 2.5625 * miere
37: 2.5625 * weekend
38: 2.5625 * middle
39: 2.453125 * small
40: 2.453125 * major
41: 2.328125 * day
42: 2.3125 * trained
43: 2.3125 * ements
44: 2.296875 * AT
45: 2.1875 * fit
46: 2.109375 * brown
47: 2.046875 * west
48: 1.9375 * St
49: 1.9375 * breath
Total loss: 0.2540455758571625 = MSE Loss: 0.22239238023757935, 5.0 * Sparsity Loss: 0.006330637726932764
Epoch: 2 batch_num: 126
0: 23.625 * realizeaz
1: 13.6875 * Walk
2: 11.375 * Walking
3: 11.0625 * mândr
4: 9.75 * </s>
5: 9.0 * Path
6: 7.875 * walk
7: 7.78125 * walks
8: 6.34375 * Licensed
9: 6.25 * walk
10: 6.0625 * Around
11: 5.96875 * Assistant
12: 4.78125 * walking
13: 4.71875 * Walk
14: 4.625 * trecută
15: 4.5 * Madison
16: 4.34375 * morning
17: 4.3125 * adecvat
18: 4.21875 * ncing
19: 4.15625 * Pet
20: 3.984375 * cărui
21: 3.859375 * assistant
22: 3.828125 * grupuri
23: 3.8125 * fox
24: 3.796875 * bebelus
25: 3.6875 * Weekend
26: 3.421875 * Day
27: 3.359375 * Fox
28: 3.21875 * interest
29: 2.859375 * Transition
30: 2.734375 * dogs
31: 2.734375 * corespund
32: 2.65625 * PR
33: 2.625 * actiuni
34: 2.59375 * extended
35: 2.546875 * miere
36: 2.546875 * weekend
37: 2.515625 * dog
38: 2.5 * middle
39: 2.421875 * major
40: 2.40625 * small
41: 2.328125 * day
42: 2.28125 * ements
43: 2.265625 * AT
44: 2.234375 * trained
45: 2.1875 * fit
46: 2.078125 * brown
47: 1.984375 * west
48: 1.90625 * illion
49: 1.8984375 * breath
Total loss: 0.25086724758148193 = MSE Loss: 0.21953855454921722, 5.0 * Sparsity Loss: 0.006265740841627121
Epoch: 2 batch_num: 127
0: 23.625 * realizeaz
1: 13.625 * Walk
2: 11.4375 * Walking
3: 11.125 * mândr
4: 9.75 * </s>
5: 8.875 * Path
6: 7.84375 * walk
7: 7.71875 * walks
8: 6.3125 * Licensed
9: 6.21875 * walk
10: 6.0625 * Around
11: 5.9375 * Assistant
12: 4.71875 * walking
13: 4.65625 * Walk
14: 4.59375 * trecută
15: 4.5 * Madison
16: 4.34375 * morning
17: 4.3125 * adecvat
18: 4.21875 * ncing
19: 4.03125 * Pet
20: 3.96875 * cărui
21: 3.828125 * assistant
22: 3.828125 * grupuri
23: 3.8125 * fox
24: 3.765625 * bebelus
25: 3.65625 * Weekend
26: 3.40625 * Day
27: 3.3125 * Fox
28: 3.203125 * interest
29: 2.90625 * Transition
30: 2.71875 * corespund
31: 2.65625 * dogs
32: 2.640625 * PR
33: 2.609375 * extended
34: 2.515625 * miere
35: 2.515625 * weekend
36: 2.5 * actiuni
37: 2.453125 * dog
38: 2.421875 * major
39: 2.40625 * middle
40: 2.359375 * small
41: 2.328125 * day
42: 2.21875 * ements
43: 2.171875 * trained
44: 2.171875 * AT
45: 2.15625 * fit
46: 2.015625 * brown
47: 1.90625 * illion
48: 1.90625 * west
49: 1.8671875 * outdoor
Total loss: 0.20280396938323975 = MSE Loss: 0.17090529203414917, 5.0 * Sparsity Loss: 0.006379735190421343
Epoch: 2 batch_num: 128
0: 23.625 * realizeaz
1: 13.625 * Walk
2: 11.4375 * Walking
3: 11.1875 * mândr
4: 9.75 * </s>
5: 8.6875 * Path
6: 7.84375 * walk
7: 7.71875 * walks
8: 6.28125 * Licensed
9: 6.1875 * walk
10: 5.96875 * Around
11: 5.90625 * Assistant
12: 4.6875 * walking
13: 4.625 * Walk
14: 4.5625 * trecută
15: 4.46875 * Madison
16: 4.375 * morning
17: 4.34375 * adecvat
18: 4.25 * ncing
19: 3.953125 * cărui
20: 3.9375 * Pet
21: 3.8125 * fox
22: 3.8125 * grupuri
23: 3.796875 * assistant
24: 3.71875 * bebelus
25: 3.625 * Weekend
26: 3.421875 * Day
27: 3.3125 * Fox
28: 3.125 * interest
29: 3.046875 * Transition
30: 2.6875 * corespund
31: 2.625 * extended
32: 2.59375 * PR
33: 2.578125 * dogs
34: 2.484375 * miere
35: 2.46875 * weekend
36: 2.421875 * dog
37: 2.421875 * major
38: 2.40625 * actiuni
39: 2.34375 * day
40: 2.328125 * small
41: 2.328125 * middle
42: 2.140625 * ements
43: 2.125 * fit
44: 2.109375 * trained
45: 2.046875 * AT
46: 1.9921875 * outdoor
47: 1.96875 * brown
48: 1.890625 * illion
49: 1.8359375 * west
Total loss: 0.25865527987480164 = MSE Loss: 0.22681932151317596, 5.0 * Sparsity Loss: 0.006367191672325134
Epoch: 2 batch_num: 129
0: 23.625 * realizeaz
1: 13.625 * Walk
2: 11.4375 * Walking
3: 11.1875 * mândr
4: 9.75 * </s>
5: 8.5625 * Path
6: 7.84375 * walk
7: 7.6875 * walks
8: 6.28125 * Licensed
9: 6.1875 * walk
10: 5.90625 * Around
11: 5.90625 * Assistant
12: 4.65625 * walking
13: 4.65625 * Walk
14: 4.53125 * trecută
15: 4.46875 * Madison
16: 4.375 * morning
17: 4.34375 * adecvat
18: 4.25 * ncing
19: 3.9375 * cărui
20: 3.84375 * Pet
21: 3.796875 * fox
22: 3.78125 * grupuri
23: 3.765625 * assistant
24: 3.640625 * bebelus
25: 3.59375 * Weekend
26: 3.453125 * Day
27: 3.265625 * Fox
28: 3.15625 * Transition
29: 3.03125 * interest
30: 2.640625 * corespund
31: 2.625 * extended
32: 2.515625 * PR
33: 2.46875 * dogs
34: 2.46875 * miere
35: 2.40625 * weekend
36: 2.390625 * major
37: 2.359375 * dog
38: 2.359375 * day
39: 2.328125 * actiuni
40: 2.265625 * middle
41: 2.234375 * small
42: 2.09375 * fit
43: 2.0625 * ements
44: 2.046875 * trained
45: 2.046875 * outdoor
46: 1.9140625 * brown
47: 1.8984375 * AT
48: 1.8828125 * illion
49: 1.8125 * St
Total loss: 0.45340853929519653 = MSE Loss: 0.42211395502090454, 5.0 * Sparsity Loss: 0.0062589142471551895
Epoch: 2 batch_num: 130
0: 23.625 * realizeaz
1: 13.625 * Walk
2: 11.4375 * Walking
3: 11.25 * mândr
4: 9.75 * </s>
5: 8.5 * Path
6: 7.8125 * walk
7: 7.65625 * walks
8: 6.25 * Licensed
9: 6.1875 * walk
10: 5.875 * Assistant
11: 5.84375 * Around
12: 4.65625 * Walk
13: 4.625 * walking
14: 4.5 * Madison
15: 4.5 * trecută
16: 4.40625 * morning
17: 4.34375 * adecvat
18: 4.25 * ncing
19: 3.90625 * cărui
20: 3.78125 * fox
21: 3.765625 * Pet
22: 3.75 * grupuri
23: 3.703125 * assistant
24: 3.578125 * Weekend
25: 3.578125 * bebelus
26: 3.4375 * Day
27: 3.234375 * Fox
28: 3.21875 * Transition
29: 2.953125 * interest
30: 2.640625 * extended
31: 2.59375 * corespund
32: 2.453125 * PR
33: 2.421875 * miere
34: 2.390625 * dogs
35: 2.375 * weekend
36: 2.375 * major
37: 2.328125 * day
38: 2.3125 * dog
39: 2.21875 * actiuni
40: 2.171875 * middle
41: 2.125 * small
42: 2.078125 * outdoor
43: 2.0625 * fit
44: 2.0 * trained
45: 1.984375 * ements
46: 1.875 * illion
47: 1.8671875 * brown
48: 1.84375 * St
49: 1.7734375 * AT
Total loss: 0.2591415047645569 = MSE Loss: 0.22821924090385437, 5.0 * Sparsity Loss: 0.006184452213346958
Epoch: 2 batch_num: 131
0: 23.5 * realizeaz
1: 13.625 * Walk
2: 11.4375 * Walking
3: 11.25 * mândr
4: 9.75 * </s>
5: 8.375 * Path
6: 7.78125 * walk
7: 7.65625 * walks
8: 6.21875 * walk
9: 6.21875 * Licensed
10: 5.875 * Assistant
11: 5.78125 * Around
12: 4.6875 * Walk
13: 4.59375 * walking
14: 4.5 * Madison
15: 4.46875 * trecută
16: 4.375 * morning
17: 4.34375 * adecvat
18: 4.21875 * ncing
19: 3.875 * cărui
20: 3.765625 * fox
21: 3.75 * Pet
22: 3.71875 * grupuri
23: 3.671875 * assistant
24: 3.5625 * Weekend
25: 3.546875 * bebelus
26: 3.390625 * Day
27: 3.25 * Transition
28: 3.1875 * Fox
29: 2.90625 * interest
30: 2.640625 * extended
31: 2.546875 * corespund
32: 2.421875 * PR
33: 2.390625 * miere
34: 2.34375 * weekend
35: 2.34375 * major
36: 2.328125 * dogs
37: 2.28125 * dog
38: 2.28125 * day
39: 2.25 * spot
40: 2.109375 * middle
41: 2.09375 * actiuni
42: 2.09375 * outdoor
43: 2.0625 * fit
44: 2.015625 * small
45: 1.9609375 * trained
46: 1.8984375 * ements
47: 1.859375 * illion
48: 1.8203125 * brown
49: 1.8125 * St
Total loss: 0.24738408625125885 = MSE Loss: 0.2169247418642044, 5.0 * Sparsity Loss: 0.006091868504881859
Epoch: 2 batch_num: 132
0: 23.375 * realizeaz
1: 13.5625 * Walk
2: 11.4375 * Walking
3: 11.3125 * mândr
4: 9.6875 * </s>
5: 8.375 * Path
6: 7.6875 * walk
7: 7.59375 * walks
8: 6.1875 * walk
9: 6.15625 * Licensed
10: 5.875 * Assistant
11: 5.71875 * Around
12: 4.6875 * Walk
13: 4.53125 * walking
14: 4.5 * Madison
15: 4.4375 * trecută
16: 4.34375 * adecvat
17: 4.3125 * morning
18: 4.25 * ncing
19: 3.828125 * cărui
20: 3.765625 * fox
21: 3.71875 * grupuri
22: 3.703125 * Pet
23: 3.640625 * assistant
24: 3.5625 * Weekend
25: 3.53125 * bebelus
26: 3.3125 * Day
27: 3.296875 * Transition
28: 3.140625 * Fox
29: 2.84375 * interest
30: 2.8125 * spot
31: 2.625 * extended
32: 2.515625 * corespund
33: 2.421875 * PR
34: 2.359375 * miere
35: 2.328125 * weekend
36: 2.328125 * major
37: 2.234375 * dogs
38: 2.21875 * dog
39: 2.15625 * day
40: 2.078125 * outdoor
41: 2.0625 * fit
42: 2.046875 * middle
43: 2.015625 * actiuni
44: 1.953125 * trained
45: 1.8984375 * small
46: 1.8515625 * illion
47: 1.7890625 * St
48: 1.78125 * ements
49: 1.765625 * brown
Total loss: 0.1990407407283783 = MSE Loss: 0.16877993941307068, 5.0 * Sparsity Loss: 0.006052160169929266
Epoch: 2 batch_num: 133
0: 23.25 * realizeaz
1: 13.4375 * Walk
2: 11.5 * Walking
3: 11.375 * mândr
4: 9.6875 * </s>
5: 8.375 * Path
6: 7.5625 * walk
7: 7.5625 * walks
8: 6.1875 * Licensed
9: 6.15625 * walk
10: 5.875 * Assistant
11: 5.71875 * Around
12: 4.6875 * Walk
13: 4.5 * Madison
14: 4.46875 * walking
15: 4.4375 * trecută
16: 4.34375 * adecvat
17: 4.25 * morning
18: 4.25 * ncing
19: 3.78125 * cărui
20: 3.75 * fox
21: 3.703125 * grupuri
22: 3.640625 * Pet
23: 3.609375 * assistant
24: 3.5625 * Weekend
25: 3.5 * bebelus
26: 3.359375 * Transition
27: 3.296875 * spot
28: 3.265625 * Day
29: 3.109375 * Fox
30: 2.796875 * interest
31: 2.59375 * extended
32: 2.5 * corespund
33: 2.421875 * PR
34: 2.328125 * miere
35: 2.328125 * major
36: 2.296875 * weekend
37: 2.1875 * dog
38: 2.171875 * dogs
39: 2.046875 * day
40: 2.046875 * fit
41: 2.03125 * outdoor
42: 1.984375 * middle
43: 1.9609375 * trained
44: 1.9296875 * actiuni
45: 1.859375 * small
46: 1.84375 * illion
47: 1.765625 * St
48: 1.7265625 * brown
49: 1.6875 * ements
Total loss: 0.23012641072273254 = MSE Loss: 0.20034806430339813, 5.0 * Sparsity Loss: 0.005955669097602367
Epoch: 2 batch_num: 134
0: 23.125 * realizeaz
1: 13.375 * Walk
2: 11.5 * Walking
3: 11.375 * mândr
4: 9.6875 * </s>
5: 8.375 * Path
6: 7.53125 * walks
7: 7.5 * walk
8: 6.15625 * Licensed
9: 6.125 * walk
10: 5.875 * Assistant
11: 5.6875 * Around
12: 4.71875 * Walk
13: 4.5 * Madison
14: 4.40625 * trecută
15: 4.375 * walking
16: 4.34375 * adecvat
17: 4.25 * ncing
18: 4.1875 * morning
19: 3.765625 * fox
20: 3.75 * cărui
21: 3.6875 * spot
22: 3.65625 * grupuri
23: 3.640625 * Pet
24: 3.59375 * assistant
25: 3.578125 * Weekend
26: 3.484375 * bebelus
27: 3.390625 * Transition
28: 3.21875 * Day
29: 3.078125 * Fox
30: 2.828125 * interest
31: 2.578125 * extended
32: 2.46875 * corespund
33: 2.390625 * PR
34: 2.34375 * major
35: 2.3125 * miere
36: 2.296875 * weekend
37: 2.1875 * dog
38: 2.15625 * dogs
39: 2.03125 * fit
40: 1.984375 * trained
41: 1.953125 * outdoor
42: 1.9453125 * day
43: 1.890625 * middle
44: 1.875 * spots
45: 1.8359375 * illion
46: 1.8359375 * actiuni
47: 1.8125 * small
48: 1.75 * St
49: 1.6796875 * brown
Total loss: 0.26792851090431213 = MSE Loss: 0.23804466426372528, 5.0 * Sparsity Loss: 0.005976770538836718
Epoch: 2 batch_num: 135
0: 23.125 * realizeaz
1: 13.375 * Walk
2: 11.5 * Walking
3: 11.375 * mândr
4: 9.6875 * </s>
5: 8.375 * Path
6: 7.53125 * walks
7: 7.46875 * walk
8: 6.15625 * Licensed
9: 6.09375 * walk
10: 5.84375 * Assistant
11: 5.65625 * Around
12: 4.6875 * Walk
13: 4.5 * Madison
14: 4.34375 * walking
15: 4.34375 * trecută
16: 4.34375 * adecvat
17: 4.25 * ncing
18: 4.15625 * morning
19: 4.03125 * spot
20: 3.75 * fox
21: 3.71875 * cărui
22: 3.625 * grupuri
23: 3.578125 * Pet
24: 3.578125 * Weekend
25: 3.546875 * assistant
26: 3.46875 * bebelus
27: 3.421875 * Transition
28: 3.1875 * Day
29: 3.046875 * Fox
30: 2.890625 * interest
31: 2.578125 * extended
32: 2.421875 * corespund
33: 2.359375 * major
34: 2.34375 * PR
35: 2.296875 * miere
36: 2.296875 * weekend
37: 2.171875 * dog
38: 2.140625 * dogs
39: 2.0625 * spots
40: 2.0 * trained
41: 2.0 * fit
42: 1.8828125 * day
43: 1.828125 * illion
44: 1.828125 * outdoor
45: 1.8046875 * small
46: 1.78125 * middle
47: 1.765625 * actiuni
48: 1.6875 * St
49: 1.671875 * stability
Total loss: 0.25801408290863037 = MSE Loss: 0.22850896418094635, 5.0 * Sparsity Loss: 0.005901021882891655
Epoch: 2 batch_num: 136
0: 23.125 * realizeaz
1: 13.25 * Walk
2: 11.5625 * Walking
3: 11.375 * mândr
4: 9.75 * </s>
5: 8.375 * Path
6: 7.46875 * walks
7: 7.375 * walk
8: 6.125 * Licensed
9: 6.0625 * walk
10: 5.84375 * Assistant
11: 5.6875 * Around
12: 4.65625 * Walk
13: 4.5 * Madison
14: 4.375 * spot
15: 4.34375 * adecvat
16: 4.28125 * walking
17: 4.28125 * trecută
18: 4.21875 * ncing
19: 4.0625 * morning
20: 3.71875 * fox
21: 3.6875 * cărui
22: 3.609375 * grupuri
23: 3.53125 * Weekend
24: 3.515625 * Pet
25: 3.515625 * assistant
26: 3.46875 * bebelus
27: 3.4375 * Transition
28: 3.109375 * Day
29: 2.984375 * Fox
30: 2.953125 * interest
31: 2.59375 * extended
32: 2.375 * corespund
33: 2.359375 * major
34: 2.296875 * PR
35: 2.265625 * miere
36: 2.25 * spots
37: 2.234375 * weekend
38: 2.03125 * dog
39: 2.015625 * dogs
40: 2.0 * trained
41: 1.9921875 * fit
42: 1.8203125 * illion
43: 1.75 * day
44: 1.7421875 * middle
45: 1.7265625 * small
46: 1.71875 * stability
47: 1.6953125 * outdoor
48: 1.65625 * actiuni
49: 1.6171875 * St
Total loss: 0.2030196338891983 = MSE Loss: 0.17277750372886658, 5.0 * Sparsity Loss: 0.006048426032066345
Epoch: 2 batch_num: 137
0: 23.125 * realizeaz
1: 13.25 * Walk
2: 11.5625 * Walking
3: 11.3125 * mândr
4: 9.75 * </s>
5: 8.375 * Path
6: 7.46875 * walks
7: 7.34375 * walk
8: 6.125 * Licensed
9: 6.03125 * walk
10: 5.8125 * Assistant
11: 5.6875 * Around
12: 4.65625 * Walk
13: 4.625 * spot
14: 4.46875 * Madison
15: 4.34375 * adecvat
16: 4.28125 * walking
17: 4.21875 * trecută
18: 4.21875 * ncing
19: 4.03125 * morning
20: 3.6875 * cărui
21: 3.6875 * fox
22: 3.5625 * grupuri
23: 3.53125 * Weekend
24: 3.515625 * assistant
25: 3.5 * Pet
26: 3.46875 * Transition
27: 3.4375 * bebelus
28: 3.0625 * Day
29: 2.984375 * interest
30: 2.90625 * Fox
31: 2.625 * extended
32: 2.40625 * spots
33: 2.359375 * major
34: 2.34375 * corespund
35: 2.25 * miere
36: 2.25 * PR
37: 2.234375 * weekend
38: 1.9765625 * trained
39: 1.96875 * fit
40: 1.9375 * dog
41: 1.9296875 * dogs
42: 1.8125 * illion
43: 1.7578125 * stability
44: 1.703125 * middle
45: 1.6953125 * small
46: 1.671875 * day
47: 1.65625 * transition
48: 1.6328125 * freedom
49: 1.6328125 * St
Total loss: 0.20540064573287964 = MSE Loss: 0.17508432269096375, 5.0 * Sparsity Loss: 0.006063264794647694
Epoch: 2 batch_num: 138
0: 23.0 * realizeaz
1: 13.1875 * Walk
2: 11.5 * Walking
3: 11.25 * mândr
4: 9.75 * </s>
5: 8.4375 * Path
6: 7.4375 * walks
7: 7.34375 * walk
8: 6.09375 * Licensed
9: 6.0 * walk
10: 5.8125 * Assistant
11: 5.75 * Around
12: 4.84375 * spot
13: 4.625 * Walk
14: 4.46875 * Madison
15: 4.375 * adecvat
16: 4.3125 * walking
17: 4.25 * ncing
18: 4.1875 * trecută
19: 4.0 * morning
20: 3.671875 * cărui
21: 3.65625 * fox
22: 3.53125 * grupuri
23: 3.515625 * Pet
24: 3.515625 * Weekend
25: 3.5 * assistant
26: 3.46875 * Transition
27: 3.421875 * bebelus
28: 3.015625 * interest
29: 3.015625 * Day
30: 2.890625 * Fox
31: 2.625 * extended
32: 2.515625 * spots
33: 2.359375 * major
34: 2.3125 * corespund
35: 2.234375 * miere
36: 2.21875 * weekend
37: 2.203125 * PR
38: 1.96875 * fit
39: 1.953125 * trained
40: 1.8984375 * dog
41: 1.8828125 * dogs
42: 1.8046875 * illion
43: 1.78125 * stability
44: 1.7265625 * freedom
45: 1.7109375 * transition
46: 1.671875 * middle
47: 1.6640625 * St
48: 1.625 * small
49: 1.609375 * day
Total loss: 0.30841729044914246 = MSE Loss: 0.27873948216438293, 5.0 * Sparsity Loss: 0.005935560911893845
Epoch: 2 batch_num: 139
0: 22.875 * realizeaz
1: 13.1875 * Walk
2: 11.4375 * Walking
3: 11.1875 * mândr
4: 9.75 * </s>
5: 8.5 * Path
6: 7.4375 * walks
7: 7.375 * walk
8: 6.125 * Licensed
9: 6.03125 * walk
10: 5.78125 * Around
11: 5.78125 * Assistant
12: 5.0 * spot
13: 4.65625 * Walk
14: 4.46875 * Madison
15: 4.375 * walking
16: 4.375 * adecvat
17: 4.25 * ncing
18: 4.1875 * trecută
19: 4.0625 * morning
20: 3.65625 * cărui
21: 3.640625 * fox
22: 3.59375 * Pet
23: 3.484375 * Weekend
24: 3.484375 * Transition
25: 3.46875 * grupuri
26: 3.453125 * assistant
27: 3.375 * bebelus
28: 3.015625 * interest
29: 3.0 * Day
30: 2.875 * Fox
31: 2.640625 * spots
32: 2.59375 * extended
33: 2.375 * major
34: 2.296875 * corespund
35: 2.203125 * miere
36: 2.1875 * weekend
37: 2.125 * PR
38: 1.953125 * fit
39: 1.9375 * dog
40: 1.9140625 * trained
41: 1.8984375 * dogs
42: 1.8046875 * stability
43: 1.796875 * illion
44: 1.7890625 * freedom
45: 1.765625 * transition
46: 1.75 * St
47: 1.6484375 * 
48: 1.640625 * middle
49: 1.609375 * small
Total loss: 0.21534517407417297 = MSE Loss: 0.18537390232086182, 5.0 * Sparsity Loss: 0.005994254723191261
Epoch: 2 batch_num: 140
0: 22.75 * realizeaz
1: 13.3125 * Walk
2: 11.375 * Walking
3: 11.125 * mândr
4: 9.75 * </s>
5: 8.5 * Path
6: 7.46875 * walk
7: 7.46875 * walks
8: 6.15625 * Licensed
9: 6.09375 * walk
10: 5.75 * Around
11: 5.75 * Assistant
12: 5.125 * spot
13: 4.6875 * Walk
14: 4.46875 * walking
15: 4.46875 * Madison
16: 4.375 * adecvat
17: 4.28125 * ncing
18: 4.15625 * trecută
19: 4.125 * morning
20: 3.671875 * cărui
21: 3.625 * fox
22: 3.609375 * Pet
23: 3.453125 * Transition
24: 3.4375 * Weekend
25: 3.421875 * grupuri
26: 3.40625 * assistant
27: 3.34375 * bebelus
28: 3.0625 * interest
29: 2.953125 * Day
30: 2.828125 * Fox
31: 2.703125 * spots
32: 2.578125 * extended
33: 2.359375 * major
34: 2.28125 * corespund
35: 2.171875 * miere
36: 2.125 * weekend
37: 2.046875 * PR
38: 1.9296875 * fit
39: 1.890625 * dog
40: 1.8828125 * trained
41: 1.8515625 * freedom
42: 1.8515625 * St
43: 1.8203125 * dogs
44: 1.8203125 * stability
45: 1.7890625 * illion
46: 1.78125 * transition
47: 1.6640625 * 
48: 1.6328125 * stick
49: 1.6171875 * small
Total loss: 0.31573840975761414 = MSE Loss: 0.2855086326599121, 5.0 * Sparsity Loss: 0.006045956164598465
Epoch: 2 batch_num: 141
0: 22.75 * realizeaz
1: 13.375 * Walk
2: 11.25 * Walking
3: 11.0625 * mândr
4: 9.6875 * </s>
5: 8.5 * Path
6: 7.5625 * walk
7: 7.53125 * walks
8: 6.1875 * Licensed
9: 6.125 * walk
10: 5.71875 * Assistant
11: 5.65625 * Around
12: 5.25 * spot
13: 4.6875 * Walk
14: 4.5625 * walking
15: 4.5 * Madison
16: 4.375 * adecvat
17: 4.25 * ncing
18: 4.1875 * morning
19: 4.125 * trecută
20: 3.71875 * Pet
21: 3.671875 * cărui
22: 3.59375 * fox
23: 3.4375 * Transition
24: 3.390625 * Weekend
25: 3.375 * assistant
26: 3.375 * grupuri
27: 3.328125 * bebelus
28: 3.125 * interest
29: 2.890625 * Day
30: 2.765625 * Fox
31: 2.71875 * spots
32: 2.578125 * extended
33: 2.328125 * major
34: 2.25 * corespund
35: 2.140625 * miere
36: 2.078125 * weekend
37: 1.9609375 * PR
38: 1.921875 * fit
39: 1.9140625 * St
40: 1.875 * freedom
41: 1.8515625 * stability
42: 1.84375 * trained
43: 1.828125 * dog
44: 1.78125 * illion
45: 1.78125 * transition
46: 1.7578125 * dogs
47: 1.7109375 * legs
48: 1.6953125 * stick
49: 1.6796875 * small
Total loss: 0.2895719110965729 = MSE Loss: 0.2596414387226105, 5.0 * Sparsity Loss: 0.0059860944747924805
Epoch: 2 batch_num: 142
0: 22.875 * realizeaz
1: 13.4375 * Walk
2: 11.25 * Walking
3: 11.0625 * mândr
4: 9.6875 * </s>
5: 8.5 * Path
6: 7.625 * walk
7: 7.5 * walks
8: 6.1875 * Licensed
9: 6.125 * walk
10: 5.6875 * Assistant
11: 5.625 * Around
12: 5.375 * spot
13: 4.6875 * Walk
14: 4.5625 * walking
15: 4.46875 * Madison
16: 4.34375 * adecvat
17: 4.25 * ncing
18: 4.15625 * morning
19: 4.125 * trecută
20: 3.796875 * Pet
21: 3.671875 * cărui
22: 3.578125 * fox
23: 3.40625 * Transition
24: 3.328125 * Weekend
25: 3.328125 * assistant
26: 3.328125 * grupuri
27: 3.296875 * bebelus
28: 3.171875 * interest
29: 2.796875 * Day
30: 2.765625 * spots
31: 2.703125 * Fox
32: 2.5625 * extended
33: 2.265625 * major
34: 2.203125 * corespund
35: 2.109375 * miere
36: 2.0 * weekend
37: 1.9609375 * St
38: 1.90625 * freedom
39: 1.890625 * PR
40: 1.890625 * stability
41: 1.875 * fit
42: 1.8671875 * dog
43: 1.8515625 * legs
44: 1.828125 * dogs
45: 1.8046875 * trained
46: 1.78125 * transition
47: 1.765625 * illion
48: 1.734375 * stick
49: 1.6640625 * small
Total loss: 0.194362610578537 = MSE Loss: 0.1649356633424759, 5.0 * Sparsity Loss: 0.005885389167815447
Epoch: 2 batch_num: 143
0: 22.875 * realizeaz
1: 13.4375 * Walk
2: 11.3125 * Walking
3: 10.9375 * mândr
4: 9.6875 * </s>
5: 8.5625 * Path
6: 7.59375 * walk
7: 7.4375 * walks
8: 6.25 * Licensed
9: 6.09375 * walk
10: 5.65625 * Assistant
11: 5.625 * Around
12: 5.5 * spot
13: 4.65625 * Walk
14: 4.5 * walking
15: 4.46875 * Madison
16: 4.3125 * adecvat
17: 4.28125 * ncing
18: 4.0625 * morning
19: 4.0625 * trecută
20: 3.828125 * Pet
21: 3.65625 * cărui
22: 3.546875 * fox
23: 3.421875 * Transition
24: 3.296875 * grupuri
25: 3.28125 * bebelus
26: 3.28125 * assistant
27: 3.265625 * Weekend
28: 3.234375 * interest
29: 2.84375 * spots
30: 2.671875 * Day
31: 2.65625 * Fox
32: 2.53125 * extended
33: 2.203125 * major
34: 2.171875 * corespund
35: 2.0625 * miere
36: 1.9296875 * freedom
37: 1.9296875 * St
38: 1.921875 * weekend
39: 1.8828125 * legs
40: 1.8671875 * dog
41: 1.8671875 * stability
42: 1.84375 * fit
43: 1.8203125 * dogs
44: 1.8046875 * transition
45: 1.796875 * PR
46: 1.796875 * stick
47: 1.78125 * trained
48: 1.765625 * illion
49: 1.6171875 * small
Total loss: 0.21615588665008545 = MSE Loss: 0.1868063509464264, 5.0 * Sparsity Loss: 0.005869905464351177
Epoch: 2 batch_num: 144
0: 23.0 * realizeaz
1: 13.3125 * Walk
2: 11.375 * Walking
3: 10.9375 * mândr
4: 9.6875 * </s>
5: 8.5625 * Path
6: 7.5 * walk
7: 7.28125 * walks
8: 6.21875 * Licensed
9: 6.0625 * walk
10: 5.65625 * Around
11: 5.65625 * spot
12: 5.625 * Assistant
13: 4.59375 * Walk
14: 4.4375 * Madison
15: 4.40625 * walking
16: 4.3125 * ncing
17: 4.28125 * adecvat
18: 4.0 * trecută
19: 3.90625 * morning
20: 3.765625 * Pet
21: 3.65625 * cărui
22: 3.515625 * fox
23: 3.390625 * Transition
24: 3.265625 * interest
25: 3.25 * bebelus
26: 3.25 * grupuri
27: 3.234375 * assistant
28: 3.203125 * Weekend
29: 2.90625 * spots
30: 2.59375 * Fox
31: 2.515625 * extended
32: 2.515625 * Day
33: 2.171875 * major
34: 2.125 * corespund
35: 2.03125 * miere
36: 1.9609375 * freedom
37: 1.875 * stick
38: 1.859375 * weekend
39: 1.859375 * legs
40: 1.828125 * stability
41: 1.8203125 * fit
42: 1.8046875 * dog
43: 1.8046875 * transition
44: 1.796875 * St
45: 1.7578125 * illion
46: 1.75 * trained
47: 1.75 * dogs
48: 1.6875 * PR
49: 1.609375 * viziune
Total loss: 0.3373163044452667 = MSE Loss: 0.30787739157676697, 5.0 * Sparsity Loss: 0.005887780338525772
Epoch: 2 batch_num: 145
0: 23.0 * realizeaz
1: 13.25 * Walk
2: 11.5 * Walking
3: 10.875 * mândr
4: 9.6875 * </s>
5: 8.625 * Path
6: 7.375 * walk
7: 7.15625 * walks
8: 6.125 * Licensed
9: 5.96875 * walk
10: 5.78125 * spot
11: 5.6875 * Around
12: 5.59375 * Assistant
13: 4.53125 * Walk
14: 4.4375 * Madison
15: 4.3125 * walking
16: 4.3125 * ncing
17: 4.25 * adecvat
18: 3.953125 * trecută
19: 3.796875 * morning
20: 3.703125 * Pet
21: 3.640625 * cărui
22: 3.5 * fox
23: 3.390625 * Transition
24: 3.265625 * interest
25: 3.234375 * bebelus
26: 3.21875 * assistant
27: 3.203125 * grupuri
28: 3.171875 * Weekend
29: 2.953125 * spots
30: 2.546875 * Fox
31: 2.53125 * extended
32: 2.359375 * Day
33: 2.125 * major
34: 2.09375 * corespund
35: 2.0 * miere
36: 1.96875 * freedom
37: 1.9375 * stick
38: 1.8671875 * legs
39: 1.828125 * dog
40: 1.8125 * weekend
41: 1.8125 * stability
42: 1.796875 * dogs
43: 1.7890625 * transition
44: 1.78125 * fit
45: 1.75 * illion
46: 1.71875 * trained
47: 1.6640625 * CC
48: 1.6484375 * St
49: 1.6328125 * PR
Total loss: 0.21170413494110107 = MSE Loss: 0.18252232670783997, 5.0 * Sparsity Loss: 0.005836361087858677
Epoch: 2 batch_num: 146
0: 23.125 * realizeaz
1: 13.1875 * Walk
2: 11.5 * Walking
3: 10.8125 * mândr
4: 9.75 * </s>
5: 8.6875 * Path
6: 7.34375 * walk
7: 7.09375 * walks
8: 6.0625 * Licensed
9: 5.90625 * walk
10: 5.90625 * spot
11: 5.625 * Around
12: 5.59375 * Assistant
13: 4.5 * Walk
14: 4.40625 * Madison
15: 4.28125 * walking
16: 4.21875 * ncing
17: 4.21875 * adecvat
18: 3.921875 * trecută
19: 3.75 * morning
20: 3.640625 * cărui
21: 3.609375 * Pet
22: 3.46875 * fox
23: 3.359375 * Transition
24: 3.25 * interest
25: 3.21875 * bebelus
26: 3.203125 * assistant
27: 3.15625 * grupuri
28: 3.140625 * Weekend
29: 3.0 * spots
30: 2.546875 * extended
31: 2.484375 * Fox
32: 2.203125 * Day
33: 2.109375 * major
34: 2.046875 * corespund
35: 1.9921875 * miere
36: 1.984375 * freedom
37: 1.96875 * stick
38: 1.921875 * CC
39: 1.90625 * legs
40: 1.7890625 * weekend
41: 1.7734375 * stability
42: 1.765625 * dog
43: 1.765625 * dogs
44: 1.765625 * transition
45: 1.765625 * pets
46: 1.734375 * illion
47: 1.71875 * fit
48: 1.6796875 * trained
49: 1.625 * viziune
Total loss: 0.27486610412597656 = MSE Loss: 0.24567261338233948, 5.0 * Sparsity Loss: 0.005838699173182249
Epoch: 3 batch_num: 0
0: 23.125 * realizeaz
1: 13.1875 * Walk
2: 11.5 * Walking
3: 10.6875 * mândr
4: 9.75 * </s>
5: 8.75 * Path
6: 7.34375 * walk
7: 7.0625 * walks
8: 6.0625 * Licensed
9: 6.0 * spot
10: 5.875 * walk
11: 5.59375 * Around
12: 5.59375 * Assistant
13: 4.5 * Walk
14: 4.375 * Madison
15: 4.3125 * walking
16: 4.1875 * adecvat
17: 4.15625 * ncing
18: 3.859375 * trecută
19: 3.6875 * morning
20: 3.625 * cărui
21: 3.5 * Pet
22: 3.4375 * fox
23: 3.296875 * Transition
24: 3.21875 * interest
25: 3.21875 * assistant
26: 3.203125 * bebelus
27: 3.09375 * Weekend
28: 3.09375 * grupuri
29: 3.046875 * spots
30: 2.578125 * extended
31: 2.421875 * Fox
32: 2.15625 * CC
33: 2.0625 * major
34: 2.0625 * Day
35: 2.0 * corespund
36: 2.0 * stick
37: 1.9765625 * miere
38: 1.96875 * freedom
39: 1.9296875 * legs
40: 1.8671875 * pets
41: 1.7578125 * weekend
42: 1.75 * stability
43: 1.7265625 * illion
44: 1.7109375 * transition
45: 1.6640625 * fit
46: 1.65625 * dogs
47: 1.6484375 * trained
48: 1.640625 * dog
49: 1.625 * viziune
Total loss: 0.22077006101608276 = MSE Loss: 0.19220632314682007, 5.0 * Sparsity Loss: 0.005712748039513826
Running validation... 
 Generating 5 videos with prompt: a dog <>.
Video generated motoken/output/sorted_l1_1e_3/validation/epoch_3/0.mp4
Video generated motoken/output/sorted_l1_1e_3/validation/epoch_3/1.mp4
Video generated motoken/output/sorted_l1_1e_3/validation/epoch_3/2.mp4
Video generated motoken/output/sorted_l1_1e_3/validation/epoch_3/3.mp4
Video generated motoken/output/sorted_l1_1e_3/validation/epoch_3/4.mp4
validation probability:  0.233748197555542
saving alphas from step:  3
saving best alphas from validation epoch 2, words =  ['Walking', 'Walk', 'Walk', 'weekend', 'dogs', 'Licensed', 'Around', 'Weekend', 'dog', 'weekends', 'ements', 'realizeaz', 'tracking', 'mândr', 'ST', 'guest', 'walked', '3', 'Pet', 'size', '</s>', 'transition', 'small', 'side', 'ncing', 'morning', 'FC', 'ST', 'Brown', 'middle', 'Transition', 'Animal', 'Pa', 'animal', 'IN', 'logy', 'breath', 'ation', 'valeur', 'Boston', 'CC', 'Owner', 'friend', 'lead', 'size', 'Territory', 'erstellt', 'Madison', 'DB', 'assistant']
Epoch: 3 batch_num: 1
0: 23.125 * realizeaz
1: 13.125 * Walk
2: 11.375 * Walking
3: 10.625 * mândr
4: 9.75 * </s>
5: 8.8125 * Path
6: 7.34375 * walk
7: 7.0625 * walks
8: 6.0625 * spot
9: 6.03125 * Licensed
10: 5.84375 * walk
11: 5.59375 * Around
12: 5.59375 * Assistant
13: 4.5 * Walk
14: 4.375 * Madison
15: 4.3125 * walking
16: 4.15625 * adecvat
17: 4.03125 * ncing
18: 3.859375 * trecută
19: 3.671875 * morning
20: 3.609375 * cărui
21: 3.421875 * fox
22: 3.390625 * Pet
23: 3.234375 * Transition
24: 3.203125 * assistant
25: 3.171875 * interest
26: 3.171875 * bebelus
27: 3.078125 * Weekend
28: 3.078125 * spots
29: 3.046875 * grupuri
30: 2.5625 * extended
31: 2.390625 * Fox
32: 2.328125 * CC
33: 2.03125 * major
34: 2.0 * stick
35: 1.96875 * miere
36: 1.96875 * legs
37: 1.9609375 * corespund
38: 1.9609375 * Day
39: 1.9296875 * freedom
40: 1.921875 * pets
41: 1.734375 * weekend
42: 1.734375 * stability
43: 1.71875 * illion
44: 1.6640625 * outdoor
45: 1.6484375 * transition
46: 1.6171875 * trained
47: 1.6171875 * viziune
48: 1.6171875 * fit
49: 1.609375 * maşin
Total loss: 0.3555768132209778 = MSE Loss: 0.32614728808403015, 5.0 * Sparsity Loss: 0.0058859060518443584
Epoch: 3 batch_num: 2
0: 23.0 * realizeaz
1: 13.125 * Walk
2: 11.3125 * Walking
3: 10.625 * mândr
4: 9.8125 * </s>
5: 8.8125 * Path
6: 7.28125 * walk
7: 7.0 * walks
8: 6.1875 * spot
9: 6.0 * Licensed
10: 5.84375 * walk
11: 5.6875 * Around
12: 5.59375 * Assistant
13: 4.5 * Walk
14: 4.375 * Madison
15: 4.34375 * walking
16: 4.125 * adecvat
17: 3.90625 * ncing
18: 3.84375 * trecută
19: 3.65625 * morning
20: 3.578125 * cărui
21: 3.390625 * fox
22: 3.28125 * Pet
23: 3.1875 * assistant
24: 3.171875 * Transition
25: 3.140625 * bebelus
26: 3.09375 * spots
27: 3.0625 * interest
28: 3.046875 * Weekend
29: 3.0 * grupuri
30: 2.515625 * extended
31: 2.484375 * CC
32: 2.359375 * Fox
33: 2.015625 * stick
34: 2.0 * major
35: 1.953125 * miere
36: 1.953125 * corespund
37: 1.9453125 * pets
38: 1.9453125 * legs
39: 1.890625 * freedom
40: 1.859375 * Day
41: 1.765625 * outdoor
42: 1.7578125 * small
43: 1.7109375 * illion
44: 1.6875 * stability
45: 1.6796875 * weekend
46: 1.625 * transition
47: 1.6171875 * maşin
48: 1.609375 * viziune
49: 1.59375 * trained
Total loss: 0.19688302278518677 = MSE Loss: 0.16680291295051575, 5.0 * Sparsity Loss: 0.006016021594405174
Epoch: 3 batch_num: 3
0: 22.875 * realizeaz
1: 13.125 * Walk
2: 11.1875 * Walking
3: 10.6875 * mândr
4: 9.75 * </s>
5: 8.75 * Path
6: 7.25 * walk
7: 7.0 * walks
8: 6.25 * spot
9: 5.96875 * Licensed
10: 5.8125 * walk
11: 5.78125 * Around
12: 5.5625 * Assistant
13: 4.5 * Walk
14: 4.34375 * walking
15: 4.34375 * Madison
16: 4.09375 * adecvat
17: 3.875 * ncing
18: 3.8125 * trecută
19: 3.640625 * morning
20: 3.53125 * cărui
21: 3.375 * fox
22: 3.25 * Pet
23: 3.15625 * assistant
24: 3.109375 * spots
25: 3.109375 * Transition
26: 3.109375 * bebelus
27: 3.03125 * Weekend
28: 2.96875 * grupuri
29: 2.921875 * interest
30: 2.578125 * CC
31: 2.484375 * extended
32: 2.359375 * Fox
33: 2.03125 * pets
34: 2.0 * stick
35: 1.984375 * major
36: 1.9453125 * miere
37: 1.9453125 * legs
38: 1.9296875 * corespund
39: 1.875 * small
40: 1.875 * freedom
41: 1.8125 * outdoor
42: 1.78125 * Day
43: 1.6953125 * illion
44: 1.6484375 * weekend
45: 1.6484375 * decizie
46: 1.640625 * stability
47: 1.6171875 * maşin
48: 1.609375 * и
49: 1.609375 * viziune
Total loss: 0.22837771475315094 = MSE Loss: 0.1982818841934204, 5.0 * Sparsity Loss: 0.006019166205078363
Epoch: 3 batch_num: 4
0: 22.75 * realizeaz
1: 13.0625 * Walk
2: 11.1875 * Walking
3: 10.75 * mândr
4: 9.75 * </s>
5: 8.6875 * Path
6: 7.1875 * walk
7: 6.96875 * walks
8: 6.34375 * spot
9: 5.9375 * Licensed
10: 5.875 * Around
11: 5.75 * walk
12: 5.53125 * Assistant
13: 4.5 * Walk
14: 4.34375 * Madison
15: 4.3125 * walking
16: 4.0625 * adecvat
17: 3.859375 * ncing
18: 3.78125 * trecută
19: 3.625 * morning
20: 3.5 * cărui
21: 3.359375 * fox
22: 3.234375 * Pet
23: 3.125 * spots
24: 3.125 * assistant
25: 3.109375 * bebelus
26: 3.0625 * Transition
27: 3.015625 * Weekend
28: 2.96875 * grupuri
29: 2.8125 * interest
30: 2.625 * CC
31: 2.453125 * extended
32: 2.328125 * Fox
33: 2.140625 * pets
34: 2.0 * stick
35: 1.953125 * major
36: 1.9375 * legs
37: 1.9296875 * miere
38: 1.8828125 * small
39: 1.875 * corespund
40: 1.8515625 * freedom
41: 1.8125 * outdoor
42: 1.8046875 * decizie
43: 1.6796875 * illion
44: 1.6484375 * Day
45: 1.625 * weekend
46: 1.625 * и
47: 1.6171875 * viziune
48: 1.609375 * clădiri
49: 1.59375 * maşin
Total loss: 0.2491370290517807 = MSE Loss: 0.21972033381462097, 5.0 * Sparsity Loss: 0.005883338861167431
Epoch: 3 batch_num: 5
0: 22.75 * realizeaz
1: 13.0 * Walk
2: 11.1875 * Walking
3: 10.8125 * mândr
4: 9.75 * </s>
5: 8.6875 * Path
6: 7.1875 * walk
7: 6.9375 * walks
8: 6.40625 * spot
9: 5.9375 * Around
10: 5.90625 * Licensed
11: 5.71875 * walk
12: 5.5 * Assistant
13: 4.4375 * Walk
14: 4.34375 * Madison
15: 4.28125 * walking
16: 4.0 * adecvat
17: 3.859375 * ncing
18: 3.71875 * trecută
19: 3.625 * morning
20: 3.453125 * cărui
21: 3.328125 * fox
22: 3.25 * Pet
23: 3.140625 * bebelus
24: 3.125 * spots
25: 3.078125 * assistant
26: 3.015625 * Weekend
27: 3.0 * Transition
28: 2.984375 * grupuri
29: 2.71875 * interest
30: 2.671875 * CC
31: 2.421875 * extended
32: 2.265625 * Fox
33: 2.25 * pets
34: 1.953125 * decizie
35: 1.953125 * stick
36: 1.921875 * major
37: 1.9140625 * miere
38: 1.890625 * legs
39: 1.859375 * small
40: 1.8359375 * freedom
41: 1.8203125 * corespund
42: 1.78125 * outdoor
43: 1.671875 * illion
44: 1.640625 * и
45: 1.6328125 * viziune
46: 1.6171875 * weekend
47: 1.6015625 * clădiri
48: 1.546875 * Day
49: 1.546875 * fit
Total loss: 0.28056150674819946 = MSE Loss: 0.2506803572177887, 5.0 * Sparsity Loss: 0.0059762317687273026
Epoch: 3 batch_num: 6
0: 22.875 * realizeaz
1: 13.0 * Walk
2: 11.1875 * Walking
3: 10.875 * mândr
4: 9.6875 * </s>
5: 8.6875 * Path
6: 7.15625 * walk
7: 6.90625 * walks
8: 6.4375 * spot
9: 5.96875 * Around
10: 5.90625 * Licensed
11: 5.6875 * walk
12: 5.46875 * Assistant
13: 4.4375 * Walk
14: 4.34375 * Madison
15: 4.25 * walking
16: 3.984375 * adecvat
17: 3.859375 * ncing
18: 3.65625 * trecută
19: 3.609375 * morning
20: 3.421875 * cărui
21: 3.3125 * fox
22: 3.296875 * Pet
23: 3.15625 * bebelus
24: 3.109375 * spots
25: 3.0625 * assistant
26: 3.015625 * Weekend
27: 2.984375 * grupuri
28: 2.953125 * Transition
29: 2.703125 * CC
30: 2.625 * interest
31: 2.375 * extended
32: 2.3125 * pets
33: 2.234375 * Fox
34: 2.046875 * decizie
35: 1.8984375 * miere
36: 1.890625 * major
37: 1.875 * stick
38: 1.8671875 * legs
39: 1.8125 * small
40: 1.7890625 * freedom
41: 1.765625 * corespund
42: 1.71875 * outdoor
43: 1.65625 * illion
44: 1.640625 * viziune
45: 1.6328125 * и
46: 1.6015625 * weekend
47: 1.59375 * Run
48: 1.578125 * clădiri
49: 1.5703125 * ST
Total loss: 0.2254236936569214 = MSE Loss: 0.19553056359291077, 5.0 * Sparsity Loss: 0.00597862433642149
Epoch: 3 batch_num: 7
0: 22.875 * realizeaz
1: 12.875 * Walk
2: 11.25 * Walking
3: 10.875 * mândr
4: 9.6875 * </s>
5: 8.6875 * Path
6: 7.03125 * walk
7: 6.8125 * walks
8: 6.5 * spot
9: 5.96875 * Around
10: 5.9375 * Licensed
11: 5.625 * walk
12: 5.46875 * Assistant
13: 4.375 * Walk
14: 4.34375 * Madison
15: 4.1875 * walking
16: 3.9375 * adecvat
17: 3.875 * ncing
18: 3.609375 * morning
19: 3.578125 * trecută
20: 3.390625 * cărui
21: 3.296875 * fox
22: 3.28125 * Pet
23: 3.15625 * bebelus
24: 3.078125 * spots
25: 3.03125 * assistant
26: 3.0 * Weekend
27: 3.0 * grupuri
28: 2.921875 * Transition
29: 2.71875 * CC
30: 2.484375 * interest
31: 2.328125 * extended
32: 2.3125 * pets
33: 2.203125 * Fox
34: 2.140625 * decizie
35: 1.875 * miere
36: 1.859375 * major
37: 1.859375 * stick
38: 1.8203125 * ST
39: 1.796875 * legs
40: 1.7578125 * small
41: 1.71875 * freedom
42: 1.703125 * corespund
43: 1.703125 * Run
44: 1.640625 * illion
45: 1.6328125 * viziune
46: 1.625 * outdoor
47: 1.6171875 * и
48: 1.5703125 * weekend
49: 1.546875 * clădiri
Total loss: 0.2710948884487152 = MSE Loss: 0.24155652523040771, 5.0 * Sparsity Loss: 0.005907672457396984
Epoch: 3 batch_num: 8
0: 22.875 * realizeaz
1: 12.875 * Walk
2: 11.25 * Walking
3: 10.875 * mândr
4: 9.75 * </s>
5: 8.6875 * Path
6: 6.96875 * walk
7: 6.75 * walks
8: 6.5 * spot
9: 6.0 * Licensed
10: 5.96875 * Around
11: 5.59375 * walk
12: 5.4375 * Assistant
13: 4.375 * Walk
14: 4.3125 * Madison
15: 4.125 * walking
16: 3.921875 * adecvat
17: 3.859375 * ncing
18: 3.609375 * morning
19: 3.5625 * trecută
20: 3.359375 * cărui
21: 3.296875 * Pet
22: 3.265625 * fox
23: 3.15625 * bebelus
24: 3.0625 * spots
25: 3.0 * assistant
26: 2.984375 * Weekend
27: 2.984375 * grupuri
28: 2.875 * Transition
29: 2.6875 * CC
30: 2.34375 * interest
31: 2.296875 * pets
32: 2.265625 * extended
33: 2.21875 * decizie
34: 2.171875 * Fox
35: 1.9765625 * ST
36: 1.859375 * miere
37: 1.8203125 * stick
38: 1.8125 * major
39: 1.7734375 * legs
40: 1.7421875 * small
41: 1.734375 * Run
42: 1.65625 * corespund
43: 1.640625 * freedom
44: 1.6328125 * illion
45: 1.6171875 * viziune
46: 1.609375 * и
47: 1.5546875 * west
48: 1.5390625 * weekend
49: 1.53125 * run
Total loss: 0.2970486283302307 = MSE Loss: 0.2672969400882721, 5.0 * Sparsity Loss: 0.005950336344540119
Epoch: 3 batch_num: 9
0: 23.0 * realizeaz
1: 12.8125 * Walk
2: 11.3125 * Walking
3: 10.875 * mândr
4: 9.75 * </s>
5: 8.6875 * Path
6: 6.9375 * walk
7: 6.71875 * walks
8: 6.5 * spot
9: 6.03125 * Licensed
10: 5.96875 * Around
11: 5.5625 * walk
12: 5.375 * Assistant
13: 4.375 * Walk
14: 4.34375 * Madison
15: 4.09375 * walking
16: 3.890625 * adecvat
17: 3.84375 * ncing
18: 3.609375 * morning
19: 3.5625 * trecută
20: 3.34375 * cărui
21: 3.28125 * Pet
22: 3.25 * fox
23: 3.109375 * bebelus
24: 3.078125 * spots
25: 2.984375 * Weekend
26: 2.953125 * grupuri
27: 2.9375 * assistant
28: 2.8125 * Transition
29: 2.671875 * CC
30: 2.265625 * decizie
31: 2.25 * interest
32: 2.25 * pets
33: 2.203125 * extended
34: 2.125 * Fox
35: 2.03125 * ST
36: 1.84375 * miere
37: 1.7890625 * stick
38: 1.78125 * major
39: 1.7734375 * small
40: 1.765625 * legs
41: 1.7109375 * Run
42: 1.625 * corespund
43: 1.609375 * illion
44: 1.609375 * и
45: 1.578125 * viziune
46: 1.578125 * west
47: 1.578125 * freedom
48: 1.5703125 * run
49: 1.5390625 * weekend
Total loss: 0.39682719111442566 = MSE Loss: 0.3676621615886688, 5.0 * Sparsity Loss: 0.005833003204315901
Epoch: 3 batch_num: 10
0: 23.0 * realizeaz
1: 12.75 * Walk
2: 11.375 * Walking
3: 10.8125 * mândr
4: 9.75 * </s>
5: 8.625 * Path
6: 6.90625 * walk
7: 6.625 * walks
8: 6.5 * spot
9: 6.03125 * Licensed
10: 5.96875 * Around
11: 5.5625 * walk
12: 5.34375 * Assistant
13: 4.34375 * Walk
14: 4.34375 * Madison
15: 4.03125 * walking
16: 3.875 * adecvat
17: 3.828125 * ncing
18: 3.59375 * morning
19: 3.5625 * trecută
20: 3.328125 * cărui
21: 3.21875 * Pet
22: 3.21875 * fox
23: 3.09375 * bebelus
24: 3.078125 * spots
25: 2.953125 * Weekend
26: 2.9375 * grupuri
27: 2.890625 * assistant
28: 2.75 * Transition
29: 2.6875 * CC
30: 2.328125 * decizie
31: 2.234375 * interest
32: 2.171875 * pets
33: 2.15625 * extended
34: 2.15625 * ST
35: 2.0625 * Fox
36: 1.875 * small
37: 1.828125 * miere
38: 1.796875 * stick
39: 1.7578125 * major
40: 1.7421875 * legs
41: 1.6796875 * Run
42: 1.6328125 * west
43: 1.609375 * и
44: 1.6015625 * illion
45: 1.59375 * run
46: 1.5859375 * corespund
47: 1.5390625 * viziune
48: 1.5390625 * freedom
49: 1.5078125 * weekend
Total loss: 0.2237243354320526 = MSE Loss: 0.1951088309288025, 5.0 * Sparsity Loss: 0.00572309922426939
Epoch: 3 batch_num: 11
0: 23.0 * realizeaz
1: 12.75 * Walk
2: 11.4375 * Walking
3: 10.8125 * mândr
4: 9.75 * </s>
5: 8.5625 * Path
6: 6.90625 * walk
7: 6.59375 * walks
8: 6.5 * spot
9: 6.03125 * Licensed
10: 5.9375 * Around
11: 5.5625 * walk
12: 5.3125 * Assistant
13: 4.34375 * Madison
14: 4.3125 * Walk
15: 4.03125 * walking
16: 3.859375 * adecvat
17: 3.828125 * ncing
18: 3.609375 * morning
19: 3.609375 * trecută
20: 3.328125 * cărui
21: 3.1875 * fox
22: 3.09375 * Pet
23: 3.078125 * spots
24: 3.0625 * bebelus
25: 2.921875 * Weekend
26: 2.90625 * grupuri
27: 2.8125 * assistant
28: 2.6875 * Transition
29: 2.65625 * CC
30: 2.34375 * decizie
31: 2.234375 * ST
32: 2.21875 * interest
33: 2.140625 * extended
34: 2.03125 * pets
35: 2.0 * Fox
36: 1.984375 * small
37: 1.796875 * miere
38: 1.7734375 * stick
39: 1.7578125 * major
40: 1.7109375 * legs
41: 1.65625 * Run
42: 1.65625 * west
43: 1.59375 * run
44: 1.5859375 * illion
45: 1.578125 * и
46: 1.5546875 * corespund
47: 1.5234375 * freedom
48: 1.484375 * viziune
49: 1.46875 * weekend
Total loss: 0.25634658336639404 = MSE Loss: 0.22712664306163788, 5.0 * Sparsity Loss: 0.005843984894454479
Epoch: 3 batch_num: 12
0: 23.0 * realizeaz
1: 12.8125 * Walk
2: 11.4375 * Walking
3: 10.8125 * mândr
4: 9.75 * </s>
5: 8.5 * Path
6: 6.96875 * walk
7: 6.59375 * walks
8: 6.4375 * spot
9: 6.03125 * Licensed
10: 5.90625 * Around
11: 5.5625 * walk
12: 5.25 * Assistant
13: 4.375 * Madison
14: 4.28125 * Walk
15: 4.03125 * walking
16: 3.84375 * adecvat
17: 3.828125 * ncing
18: 3.65625 * trecută
19: 3.625 * morning
20: 3.328125 * cărui
21: 3.171875 * fox
22: 3.03125 * spots
23: 3.03125 * bebelus
24: 3.0 * Pet
25: 2.90625 * Weekend
26: 2.859375 * grupuri
27: 2.75 * assistant
28: 2.625 * Transition
29: 2.609375 * CC
30: 2.359375 * decizie
31: 2.25 * interest
32: 2.15625 * ST
33: 2.125 * extended
34: 2.109375 * small
35: 1.953125 * Fox
36: 1.9140625 * pets
37: 1.78125 * miere
38: 1.7734375 * major
39: 1.75 * stick
40: 1.6796875 * legs
41: 1.640625 * west
42: 1.609375 * Run
43: 1.578125 * illion
44: 1.5390625 * corespund
45: 1.5390625 * run
46: 1.5234375 * и
47: 1.484375 * freedom
48: 1.453125 * Free
49: 1.4375 * weekend
Total loss: 0.23815509676933289 = MSE Loss: 0.20929206907749176, 5.0 * Sparsity Loss: 0.005772605538368225
Epoch: 3 batch_num: 13
0: 23.125 * realizeaz
1: 12.8125 * Walk
2: 11.4375 * Walking
3: 10.875 * mândr
4: 9.6875 * </s>
5: 8.4375 * Path
6: 7.0 * walk
7: 6.59375 * walks
8: 6.40625 * spot
9: 6.0 * Licensed
10: 5.875 * Around
11: 5.59375 * walk
12: 5.25 * Assistant
13: 4.375 * Madison
14: 4.25 * Walk
15: 4.09375 * walking
16: 3.828125 * ncing
17: 3.8125 * adecvat
18: 3.640625 * trecută
19: 3.59375 * morning
20: 3.328125 * cărui
21: 3.15625 * fox
22: 3.0 * bebelus
23: 2.984375 * spots
24: 2.890625 * Pet
25: 2.859375 * Weekend
26: 2.796875 * grupuri
27: 2.71875 * assistant
28: 2.609375 * CC
29: 2.59375 * Transition
30: 2.328125 * decizie
31: 2.21875 * interest
32: 2.1875 * ST
33: 2.09375 * extended
34: 2.078125 * small
35: 1.8984375 * Fox
36: 1.8125 * pets
37: 1.75 * miere
38: 1.734375 * major
39: 1.6796875 * stick
40: 1.609375 * west
41: 1.59375 * Run
42: 1.59375 * legs
43: 1.578125 * illion
44: 1.5390625 * Free
45: 1.515625 * run
46: 1.5 * corespund
47: 1.4609375 * и
48: 1.4453125 * freedom
49: 1.421875 * begging
Total loss: 0.2593710124492645 = MSE Loss: 0.23122180998325348, 5.0 * Sparsity Loss: 0.005629842635244131
Epoch: 3 batch_num: 14
0: 23.25 * realizeaz
1: 12.875 * Walk
2: 11.3125 * Walking
3: 10.875 * mândr
4: 9.75 * </s>
5: 8.375 * Path
6: 7.125 * walk
7: 6.65625 * walks
8: 6.375 * spot
9: 5.96875 * Licensed
10: 5.8125 * Around
11: 5.59375 * walk
12: 5.21875 * Assistant
13: 4.375 * Madison
14: 4.25 * Walk
15: 4.1875 * walking
16: 3.78125 * adecvat
17: 3.765625 * ncing
18: 3.609375 * trecută
19: 3.59375 * morning
20: 3.3125 * cărui
21: 3.140625 * fox
22: 2.96875 * bebelus
23: 2.953125 * spots
24: 2.796875 * Weekend
25: 2.78125 * Pet
26: 2.75 * grupuri
27: 2.6875 * assistant
28: 2.578125 * CC
29: 2.53125 * Transition
30: 2.296875 * decizie
31: 2.203125 * interest
32: 2.15625 * ST
33: 2.125 * small
34: 2.0625 * extended
35: 1.828125 * Fox
36: 1.71875 * miere
37: 1.6953125 * major
38: 1.6796875 * pets
39: 1.625 * west
40: 1.5859375 * Run
41: 1.5703125 * Free
42: 1.5625 * illion
43: 1.546875 * stick
44: 1.515625 * legs
45: 1.484375 * FC
46: 1.4765625 * run
47: 1.4609375 * actiuni
48: 1.4453125 * corespund
49: 1.4140625 * freedom
Total loss: 0.19550341367721558 = MSE Loss: 0.16725513339042664, 5.0 * Sparsity Loss: 0.005649656057357788
Epoch: 3 batch_num: 15
0: 23.25 * realizeaz
1: 12.9375 * Walk
2: 11.25 * Walking
3: 10.875 * mândr
4: 9.75 * </s>
5: 8.25 * Path
6: 7.21875 * walk
7: 6.71875 * walks
8: 6.34375 * spot
9: 5.9375 * Licensed
10: 5.78125 * Around
11: 5.625 * walk
12: 5.1875 * Assistant
13: 4.34375 * Madison
14: 4.3125 * walking
15: 4.25 * Walk
16: 3.765625 * adecvat
17: 3.734375 * ncing
18: 3.625 * trecută
19: 3.578125 * morning
20: 3.3125 * cărui
21: 3.125 * fox
22: 2.953125 * bebelus
23: 2.90625 * spots
24: 2.75 * Weekend
25: 2.71875 * grupuri
26: 2.703125 * Pet
27: 2.65625 * assistant
28: 2.59375 * CC
29: 2.46875 * Transition
30: 2.265625 * decizie
31: 2.203125 * ST
32: 2.171875 * small
33: 2.15625 * interest
34: 2.015625 * extended
35: 1.8046875 * Fox
36: 1.703125 * miere
37: 1.671875 * major
38: 1.609375 * west
39: 1.609375 * FC
40: 1.5859375 * pets
41: 1.5625 * Run
42: 1.546875 * illion
43: 1.53125 * actiuni
44: 1.53125 * Free
45: 1.4609375 * run
46: 1.4609375 * stick
47: 1.4453125 * breath
48: 1.4296875 * legs
49: 1.3984375 * ears
Total loss: 0.2743788957595825 = MSE Loss: 0.24646343290805817, 5.0 * Sparsity Loss: 0.005583090241998434
Epoch: 3 batch_num: 16
0: 23.25 * realizeaz
1: 13.0 * Walk
2: 11.125 * Walking
3: 10.875 * mândr
4: 9.75 * </s>
5: 8.25 * Path
6: 7.3125 * walk
7: 6.84375 * walks
8: 6.3125 * spot
9: 5.90625 * Licensed
10: 5.71875 * Around
11: 5.65625 * walk
12: 5.15625 * Assistant
13: 4.4375 * walking
14: 4.375 * Madison
15: 4.28125 * Walk
16: 3.75 * adecvat
17: 3.703125 * ncing
18: 3.609375 * morning
19: 3.609375 * trecută
20: 3.3125 * cărui
21: 3.140625 * fox
22: 2.9375 * bebelus
23: 2.84375 * spots
24: 2.734375 * Weekend
25: 2.671875 * grupuri
26: 2.640625 * Pet
27: 2.625 * CC
28: 2.609375 * assistant
29: 2.421875 * Transition
30: 2.25 * decizie
31: 2.21875 * small
32: 2.203125 * ST
33: 2.140625 * interest
34: 1.9765625 * extended
35: 1.8203125 * Fox
36: 1.71875 * FC
37: 1.6796875 * miere
38: 1.6640625 * major
39: 1.59375 * actiuni
40: 1.5625 * west
41: 1.5390625 * illion
42: 1.5390625 * pets
43: 1.53125 * Run
44: 1.4921875 * ears
45: 1.4609375 * Free
46: 1.453125 * breath
47: 1.4296875 * run
48: 1.421875 * do
49: 1.421875 * freedom
Total loss: 0.21000075340270996 = MSE Loss: 0.1821826994419098, 5.0 * Sparsity Loss: 0.005563609302043915
Epoch: 3 batch_num: 17
0: 23.25 * realizeaz
1: 13.0 * Walk
2: 11.125 * Walking
3: 10.8125 * mândr
4: 9.75 * </s>
5: 8.1875 * Path
6: 7.34375 * walk
7: 6.90625 * walks
8: 6.28125 * spot
9: 5.84375 * Licensed
10: 5.6875 * Around
11: 5.65625 * walk
12: 5.125 * Assistant
13: 4.5 * walking
14: 4.34375 * Madison
15: 4.28125 * Walk
16: 3.71875 * adecvat
17: 3.6875 * ncing
18: 3.609375 * morning
19: 3.59375 * trecută
20: 3.296875 * cărui
21: 3.125 * fox
22: 2.890625 * bebelus
23: 2.8125 * spots
24: 2.703125 * Weekend
25: 2.65625 * grupuri
26: 2.609375 * Pet
27: 2.59375 * CC
28: 2.546875 * assistant
29: 2.34375 * Transition
30: 2.234375 * decizie
31: 2.140625 * small
32: 2.109375 * ST
33: 2.0625 * interest
34: 1.953125 * extended
35: 1.8359375 * FC
36: 1.8046875 * Fox
37: 1.65625 * miere
38: 1.6328125 * major
39: 1.59375 * actiuni
40: 1.5625 * west
41: 1.5390625 * ears
42: 1.515625 * illion
43: 1.484375 * Run
44: 1.46875 * pets
45: 1.4453125 * breath
46: 1.4140625 * run
47: 1.4140625 * PD
48: 1.4140625 * freedom
49: 1.4140625 * Free
Total loss: 0.1998571753501892 = MSE Loss: 0.17179445922374725, 5.0 * Sparsity Loss: 0.005612544249743223
Epoch: 3 batch_num: 18
0: 23.375 * realizeaz
1: 13.0 * Walk
2: 11.125 * Walking
3: 10.75 * mândr
4: 9.75 * </s>
5: 8.125 * Path
6: 7.3125 * walk
7: 6.90625 * walks
8: 6.28125 * spot
9: 5.78125 * Licensed
10: 5.625 * Around
11: 5.59375 * walk
12: 5.09375 * Assistant
13: 4.53125 * walking
14: 4.34375 * Madison
15: 4.25 * Walk
16: 3.6875 * ncing
17: 3.671875 * adecvat
18: 3.609375 * morning
19: 3.5625 * trecută
20: 3.265625 * cărui
21: 3.09375 * fox
22: 2.859375 * bebelus
23: 2.78125 * spots
24: 2.671875 * Weekend
25: 2.640625 * grupuri
26: 2.578125 * CC
27: 2.53125 * Pet
28: 2.53125 * assistant
29: 2.28125 * Transition
30: 2.21875 * decizie
31: 2.0625 * small
32: 2.046875 * ST
33: 1.953125 * extended
34: 1.9296875 * interest
35: 1.9296875 * FC
36: 1.7578125 * Fox
37: 1.625 * miere
38: 1.6015625 * major
39: 1.6015625 * ears
40: 1.578125 * actiuni
41: 1.5546875 * west
42: 1.4921875 * illion
43: 1.46875 * Run
44: 1.4609375 * PD
45: 1.4375 * breath
46: 1.421875 * run
47: 1.40625 * freedom
48: 1.390625 * pets
49: 1.390625 * Free
Total loss: 0.23491710424423218 = MSE Loss: 0.20664136111736298, 5.0 * Sparsity Loss: 0.005655147600919008
Epoch: 3 batch_num: 19
0: 23.375 * realizeaz
1: 13.0 * Walk
2: 11.1875 * Walking
3: 10.6875 * mândr
4: 9.75 * </s>
5: 8.0625 * Path
6: 7.28125 * walk
7: 6.875 * walks
8: 6.28125 * spot
9: 5.75 * Licensed
10: 5.625 * Around
11: 5.59375 * walk
12: 5.09375 * Assistant
13: 4.5 * walking
14: 4.34375 * Madison
15: 4.21875 * Walk
16: 3.671875 * ncing
17: 3.65625 * adecvat
18: 3.578125 * morning
19: 3.578125 * trecută
20: 3.25 * cărui
21: 3.09375 * fox
22: 2.828125 * bebelus
23: 2.765625 * spots
24: 2.609375 * Weekend
25: 2.59375 * grupuri
26: 2.5 * CC
27: 2.484375 * assistant
28: 2.46875 * Pet
29: 2.203125 * decizie
30: 2.203125 * Transition
31: 2.046875 * FC
32: 1.953125 * ST
33: 1.9375 * extended
34: 1.8828125 * small
35: 1.8203125 * interest
36: 1.7265625 * Fox
37: 1.640625 * ears
38: 1.59375 * miere
39: 1.5546875 * PD
40: 1.546875 * major
41: 1.53125 * west
42: 1.5078125 * actiuni
43: 1.4765625 * illion
44: 1.4296875 * Run
45: 1.421875 * breath
46: 1.390625 * run
47: 1.3828125 * AN
48: 1.3828125 * freedom
49: 1.3359375 * Free
Total loss: 0.19988000392913818 = MSE Loss: 0.17111986875534058, 5.0 * Sparsity Loss: 0.0057520270347595215
Epoch: 3 batch_num: 20
0: 23.375 * realizeaz
1: 12.9375 * Walk
2: 11.25 * Walking
3: 10.625 * mândr
4: 9.75 * </s>
5: 8.0 * Path
6: 7.25 * walk
7: 6.8125 * walks
8: 6.25 * spot
9: 5.75 * Licensed
10: 5.625 * Around
11: 5.5625 * walk
12: 5.0625 * Assistant
13: 4.46875 * walking
14: 4.3125 * Madison
15: 4.1875 * Walk
16: 3.6875 * ncing
17: 3.65625 * adecvat
18: 3.5625 * trecută
19: 3.53125 * morning
20: 3.234375 * cărui
21: 3.0625 * fox
22: 2.796875 * bebelus
23: 2.734375 * spots
24: 2.578125 * Weekend
25: 2.578125 * grupuri
26: 2.453125 * assistant
27: 2.4375 * CC
28: 2.390625 * Pet
29: 2.203125 * decizie
30: 2.125 * FC
31: 2.09375 * Transition
32: 1.953125 * ST
33: 1.9453125 * extended
34: 1.71875 * small
35: 1.71875 * interest
36: 1.671875 * ears
37: 1.671875 * Fox
38: 1.578125 * PD
39: 1.5625 * miere
40: 1.53125 * west
41: 1.5234375 * major
42: 1.4609375 * illion
43: 1.4296875 * actiuni
44: 1.4140625 * breath
45: 1.390625 * AN
46: 1.3671875 * freedom
47: 1.3515625 * Run
48: 1.3359375 * on
49: 1.328125 * FC
Total loss: 0.4161290228366852 = MSE Loss: 0.38782021403312683, 5.0 * Sparsity Loss: 0.0056617604568600655
Epoch: 3 batch_num: 21
0: 23.5 * realizeaz
1: 12.9375 * Walk
2: 11.3125 * Walking
3: 10.625 * mândr
4: 9.75 * </s>
5: 7.9375 * Path
6: 7.25 * walk
7: 6.78125 * walks
8: 6.21875 * spot
9: 5.75 * Licensed
10: 5.65625 * Around
11: 5.5 * walk
12: 5.0625 * Assistant
13: 4.46875 * walking
14: 4.3125 * Madison
15: 4.15625 * Walk
16: 3.6875 * ncing
17: 3.65625 * adecvat
18: 3.53125 * trecută
19: 3.421875 * morning
20: 3.21875 * cărui
21: 3.03125 * fox
22: 2.796875 * bebelus
23: 2.703125 * spots
24: 2.5625 * grupuri
25: 2.53125 * Weekend
26: 2.40625 * assistant
27: 2.390625 * CC
28: 2.34375 * Pet
29: 2.234375 * decizie
30: 2.171875 * FC
31: 2.03125 * ST
32: 2.015625 * Transition
33: 1.953125 * extended
34: 1.703125 * ears
35: 1.625 * small
36: 1.6171875 * interest
37: 1.6015625 * Fox
38: 1.578125 * west
39: 1.5703125 * PD
40: 1.546875 * FC
41: 1.53125 * miere
42: 1.5 * major
43: 1.4375 * illion
44: 1.3984375 * erstellt
45: 1.390625 * AN
46: 1.3828125 * breath
47: 1.3671875 * on
48: 1.3515625 * Pa
49: 1.34375 * actiuni
Total loss: 0.3203786313533783 = MSE Loss: 0.2923439145088196, 5.0 * Sparsity Loss: 0.005606942344456911
Epoch: 3 batch_num: 22
0: 23.625 * realizeaz
1: 12.9375 * Walk
2: 11.3125 * Walking
3: 10.5625 * mândr
4: 9.75 * </s>
5: 7.9375 * Path
6: 7.25 * walk
7: 6.75 * walks
8: 6.1875 * spot
9: 5.71875 * Licensed
10: 5.625 * Around
11: 5.46875 * walk
12: 5.03125 * Assistant
13: 4.4375 * walking
14: 4.3125 * Madison
15: 4.125 * Walk
16: 3.65625 * ncing
17: 3.640625 * adecvat
18: 3.53125 * trecută
19: 3.28125 * morning
20: 3.21875 * cărui
21: 3.015625 * fox
22: 2.78125 * bebelus
23: 2.640625 * spots
24: 2.515625 * grupuri
25: 2.484375 * Weekend
26: 2.390625 * CC
27: 2.390625 * assistant
28: 2.359375 * Pet
29: 2.21875 * FC
30: 2.203125 * decizie
31: 2.046875 * ST
32: 1.96875 * extended
33: 1.9609375 * Transition
34: 1.7265625 * FC
35: 1.6875 * ears
36: 1.6328125 * small
37: 1.578125 * Pa
38: 1.578125 * PD
39: 1.578125 * Fox
40: 1.546875 * west
41: 1.5 * major
42: 1.4921875 * miere
43: 1.4921875 * interest
44: 1.4921875 * erstellt
45: 1.421875 * illion
46: 1.3984375 * AN
47: 1.390625 * on
48: 1.3671875 * breath
49: 1.3203125 * actiuni
Total loss: 0.22572378814220428 = MSE Loss: 0.19743892550468445, 5.0 * Sparsity Loss: 0.005656973458826542
Epoch: 3 batch_num: 23
0: 23.625 * realizeaz
1: 12.9375 * Walk
2: 11.375 * Walking
3: 10.5625 * mândr
4: 9.75 * </s>
5: 8.0 * Path
6: 7.25 * walk
7: 6.75 * walks
8: 6.15625 * spot
9: 5.6875 * Licensed
10: 5.59375 * Around
11: 5.40625 * walk
12: 5.03125 * Assistant
13: 4.4375 * walking
14: 4.3125 * Madison
15: 4.09375 * Walk
16: 3.65625 * ncing
17: 3.640625 * adecvat
18: 3.515625 * trecută
19: 3.203125 * morning
20: 3.203125 * cărui
21: 3.0 * fox
22: 2.796875 * bebelus
23: 2.578125 * spots
24: 2.484375 * Weekend
25: 2.484375 * grupuri
26: 2.453125 * CC
27: 2.375 * assistant
28: 2.359375 * Pet
29: 2.21875 * FC
30: 2.15625 * decizie
31: 2.109375 * ST
32: 1.96875 * extended
33: 1.8984375 * Transition
34: 1.859375 * FC
35: 1.7578125 * Pa
36: 1.6796875 * ears
37: 1.6015625 * small
38: 1.578125 * erstellt
39: 1.546875 * PD
40: 1.546875 * Fox
41: 1.5 * west
42: 1.4921875 * major
43: 1.4609375 * on
44: 1.453125 * miere
45: 1.40625 * illion
46: 1.390625 * interest
47: 1.34375 * breath
48: 1.3359375 * AN
49: 1.3125 * actiuni
Total loss: 0.1709061861038208 = MSE Loss: 0.1426781862974167, 5.0 * Sparsity Loss: 0.005645601078867912
Epoch: 3 batch_num: 24
0: 23.625 * realizeaz
1: 12.9375 * Walk
2: 11.3125 * Walking
3: 10.5625 * mândr
4: 9.75 * </s>
5: 8.0625 * Path
6: 7.3125 * walk
7: 6.8125 * walks
8: 6.09375 * spot
9: 5.65625 * Licensed
10: 5.53125 * Around
11: 5.375 * walk
12: 5.03125 * Assistant
13: 4.5 * walking
14: 4.28125 * Madison
15: 4.09375 * Walk
16: 3.640625 * adecvat
17: 3.625 * ncing
18: 3.453125 * trecută
19: 3.203125 * cărui
20: 3.15625 * morning
21: 3.0 * fox
22: 2.8125 * bebelus
23: 2.5 * spots
24: 2.46875 * Weekend
25: 2.46875 * CC
26: 2.46875 * grupuri
27: 2.375 * Pet
28: 2.359375 * assistant
29: 2.234375 * FC
30: 2.171875 * ST
31: 2.109375 * decizie
32: 1.984375 * FC
33: 1.96875 * extended
34: 1.890625 * Pa
35: 1.8125 * Transition
36: 1.6796875 * ears
37: 1.65625 * erstellt
38: 1.5859375 * small
39: 1.53125 * on
40: 1.5234375 * Fox
41: 1.5 * major
42: 1.484375 * PD
43: 1.4453125 * west
44: 1.4296875 * miere
45: 1.3828125 * illion
46: 1.328125 * interest
47: 1.3203125 * breath
48: 1.28125 * actiuni
49: 1.28125 * pets
Total loss: 0.22290106117725372 = MSE Loss: 0.19530339539051056, 5.0 * Sparsity Loss: 0.005519532598555088
Epoch: 3 batch_num: 25
0: 23.625 * realizeaz
1: 13.0 * Walk
2: 11.3125 * Walking
3: 10.5 * mândr
4: 9.75 * </s>
5: 8.0625 * Path
6: 7.40625 * walk
7: 6.90625 * walks
8: 6.0625 * spot
9: 5.59375 * Licensed
10: 5.5 * Around
11: 5.34375 * walk
12: 5.03125 * Assistant
13: 4.53125 * walking
14: 4.28125 * Madison
15: 4.09375 * Walk
16: 3.640625 * adecvat
17: 3.546875 * ncing
18: 3.4375 * trecută
19: 3.1875 * cărui
20: 3.09375 * morning
21: 2.984375 * fox
22: 2.796875 * bebelus
23: 2.453125 * Weekend
24: 2.4375 * spots
25: 2.4375 * CC
26: 2.4375 * grupuri
27: 2.375 * Pet
28: 2.328125 * assistant
29: 2.25 * FC
30: 2.1875 * ST
31: 2.078125 * FC
32: 2.0625 * decizie
33: 2.015625 * Pa
34: 1.9453125 * extended
35: 1.71875 * erstellt
36: 1.6953125 * Transition
37: 1.671875 * ears
38: 1.5546875 * on
39: 1.53125 * small
40: 1.515625 * major
41: 1.484375 * Fox
42: 1.4609375 * PD
43: 1.390625 * miere
44: 1.3828125 * west
45: 1.3671875 * illion
46: 1.3125 * go
47: 1.3046875 * dogs
48: 1.3046875 * interest
49: 1.28125 * stretch
Total loss: 0.17114780843257904 = MSE Loss: 0.14394623041152954, 5.0 * Sparsity Loss: 0.005440315697342157
Epoch: 3 batch_num: 26
0: 23.625 * realizeaz
1: 13.0 * Walk
2: 11.3125 * Walking
3: 10.4375 * mândr
4: 9.75 * </s>
5: 8.0625 * Path
6: 7.40625 * walk
7: 6.90625 * walks
8: 6.03125 * spot
9: 5.59375 * Licensed
10: 5.46875 * Around
11: 5.28125 * walk
12: 5.0 * Assistant
13: 4.5 * walking
14: 4.25 * Madison
15: 4.0625 * Walk
16: 3.625 * adecvat
17: 3.484375 * ncing
18: 3.421875 * trecută
19: 3.171875 * cărui
20: 3.015625 * morning
21: 2.96875 * fox
22: 2.78125 * bebelus
23: 2.453125 * Weekend
24: 2.4375 * grupuri
25: 2.40625 * spots
26: 2.40625 * CC
27: 2.34375 * Pet
28: 2.3125 * ST
29: 2.28125 * assistant
30: 2.265625 * FC
31: 2.15625 * FC
32: 2.125 * Pa
33: 1.9921875 * decizie
34: 1.9375 * extended
35: 1.75 * erstellt
36: 1.65625 * ears
37: 1.609375 * Transition
38: 1.59375 * on
39: 1.546875 * major
40: 1.5234375 * small
41: 1.453125 * Fox
42: 1.4375 * dogs
43: 1.4296875 * PD
44: 1.359375 * illion
45: 1.359375 * miere
46: 1.359375 * west
47: 1.3359375 * interest
48: 1.3046875 * go
49: 1.2890625 * stretch
Total loss: 0.34056639671325684 = MSE Loss: 0.31363338232040405, 5.0 * Sparsity Loss: 0.005386601202189922
Epoch: 3 batch_num: 27
0: 23.625 * realizeaz
1: 12.9375 * Walk
2: 11.3125 * Walking
3: 10.4375 * mândr
4: 9.8125 * </s>
5: 8.125 * Path
6: 7.375 * walk
7: 6.875 * walks
8: 6.03125 * spot
9: 5.59375 * Licensed
10: 5.40625 * Around
11: 5.21875 * walk
12: 4.96875 * Assistant
13: 4.46875 * walking
14: 4.25 * Madison
15: 4.03125 * Walk
16: 3.609375 * adecvat
17: 3.46875 * ncing
18: 3.40625 * trecută
19: 3.140625 * cărui
20: 3.0 * morning
21: 2.9375 * fox
22: 2.75 * bebelus
23: 2.4375 * Weekend
24: 2.421875 * grupuri
25: 2.40625 * spots
26: 2.375 * CC
27: 2.375 * ST
28: 2.3125 * Pet
29: 2.265625 * FC
30: 2.234375 * FC
31: 2.234375 * assistant
32: 2.203125 * Pa
33: 1.9296875 * decizie
34: 1.921875 * extended
35: 1.765625 * erstellt
36: 1.625 * ears
37: 1.5859375 * on
38: 1.5625 * major
39: 1.5546875 * Transition
40: 1.515625 * small
41: 1.5 * dogs
42: 1.421875 * PD
43: 1.4140625 * Fox
44: 1.3671875 * west
45: 1.3359375 * illion
46: 1.3359375 * miere
47: 1.3359375 * Scout
48: 1.3359375 * go
49: 1.3203125 * interest
Total loss: 0.38570868968963623 = MSE Loss: 0.35900068283081055, 5.0 * Sparsity Loss: 0.005341603420674801
Epoch: 3 batch_num: 28
0: 23.625 * realizeaz
1: 12.9375 * Walk
2: 11.3125 * Walking
3: 10.375 * mândr
4: 9.8125 * </s>
5: 8.125 * Path
6: 7.34375 * walk
7: 6.875 * walks
8: 6.03125 * spot
9: 5.625 * Licensed
10: 5.34375 * Around
11: 5.15625 * walk
12: 4.96875 * Assistant
13: 4.4375 * walking
14: 4.25 * Madison
15: 4.0 * Walk
16: 3.59375 * adecvat
17: 3.46875 * ncing
18: 3.34375 * trecută
19: 3.109375 * cărui
20: 3.046875 * morning
21: 2.921875 * fox
22: 2.734375 * bebelus
23: 2.5 * ST
24: 2.453125 * Weekend
25: 2.421875 * grupuri
26: 2.375 * spots
27: 2.375 * CC
28: 2.265625 * Pet
29: 2.265625 * Pa
30: 2.25 * FC
31: 2.25 * FC
32: 2.203125 * assistant
33: 1.8984375 * extended
34: 1.859375 * decizie
35: 1.7734375 * erstellt
36: 1.6171875 * on
37: 1.609375 * ears
38: 1.5625 * major
39: 1.5078125 * dogs
40: 1.5 * Transition
41: 1.4921875 * small
42: 1.4140625 * /
43: 1.3984375 * Scout
44: 1.390625 * go
45: 1.390625 * west
46: 1.3671875 * Fox
47: 1.34375 * PD
48: 1.3203125 * illion
49: 1.3203125 * stretch
Total loss: 0.25469160079956055 = MSE Loss: 0.22799092531204224, 5.0 * Sparsity Loss: 0.005340133793652058
Epoch: 3 batch_num: 29
0: 23.5 * realizeaz
1: 12.8125 * Walk
2: 11.4375 * Walking
3: 10.375 * mândr
4: 9.8125 * </s>
5: 8.25 * Path
6: 7.15625 * walk
7: 6.6875 * walks
8: 6.0 * spot
9: 5.65625 * Licensed
10: 5.34375 * Around
11: 5.0 * walk
12: 4.9375 * Assistant
13: 4.3125 * walking
14: 4.25 * Madison
15: 3.890625 * Walk
16: 3.546875 * adecvat
17: 3.484375 * ncing
18: 3.296875 * trecută
19: 3.078125 * morning
20: 3.078125 * cărui
21: 2.90625 * fox
22: 2.71875 * bebelus
23: 2.609375 * ST
24: 2.5 * Weekend
25: 2.40625 * grupuri
26: 2.359375 * CC
27: 2.328125 * spots
28: 2.296875 * Pa
29: 2.296875 * FC
30: 2.234375 * FC
31: 2.203125 * Pet
32: 2.15625 * assistant
33: 1.875 * extended
34: 1.7734375 * decizie
35: 1.7421875 * erstellt
36: 1.6484375 * on
37: 1.5703125 * ears
38: 1.546875 * major
39: 1.53125 * /
40: 1.5 * Transition
41: 1.4765625 * Scout
42: 1.453125 * dogs
43: 1.4296875 * west
44: 1.375 * go
45: 1.34375 * small
46: 1.34375 * Fox
47: 1.3203125 * stretch
48: 1.3046875 * illion
49: 1.296875 * Wind
Total loss: 0.29465094208717346 = MSE Loss: 0.2677810788154602, 5.0 * Sparsity Loss: 0.00537397526204586
Epoch: 3 batch_num: 30
0: 23.375 * realizeaz
1: 12.625 * Walk
2: 11.625 * Walking
3: 10.375 * mândr
4: 9.8125 * </s>
5: 8.375 * Path
6: 6.84375 * walk
7: 6.40625 * walks
8: 5.90625 * spot
9: 5.6875 * Licensed
10: 5.34375 * Around
11: 4.90625 * Assistant
12: 4.78125 * walk
13: 4.25 * Madison
14: 4.0625 * walking
15: 3.765625 * Walk
16: 3.53125 * adecvat
17: 3.4375 * ncing
18: 3.25 * trecută
19: 3.109375 * morning
20: 3.078125 * cărui
21: 2.875 * fox
22: 2.65625 * bebelus
23: 2.640625 * ST
24: 2.546875 * Weekend
25: 2.375 * FC
26: 2.375 * grupuri
27: 2.34375 * Pa
28: 2.296875 * CC
29: 2.234375 * spots
30: 2.234375 * FC
31: 2.125 * assistant
32: 2.109375 * Pet
33: 1.859375 * extended
34: 1.703125 * erstellt
35: 1.671875 * decizie
36: 1.6015625 * on
37: 1.578125 * /
38: 1.578125 * Scout
39: 1.5390625 * Transition
40: 1.53125 * ears
41: 1.5234375 * major
42: 1.4765625 * west
43: 1.3984375 * go
44: 1.3984375 * Wind
45: 1.3046875 * Fox
46: 1.296875 * illion
47: 1.28125 * miere
48: 1.28125 * stretch
49: 1.2734375 * dărui
Total loss: 0.18621785938739777 = MSE Loss: 0.15924645960330963, 5.0 * Sparsity Loss: 0.005394280888140202
Epoch: 3 batch_num: 31
0: 23.375 * realizeaz
1: 12.5 * Walk
2: 11.75 * Walking
3: 10.375 * mândr
4: 9.8125 * </s>
5: 8.5 * Path
6: 6.65625 * walk
7: 6.21875 * walks
8: 5.8125 * spot
9: 5.71875 * Licensed
10: 5.375 * Around
11: 4.90625 * Assistant
12: 4.59375 * walk
13: 4.25 * Madison
14: 3.859375 * walking
15: 3.65625 * Walk
16: 3.515625 * adecvat
17: 3.4375 * ncing
18: 3.21875 * trecută
19: 3.109375 * morning
20: 3.0625 * cărui
21: 2.84375 * fox
22: 2.609375 * ST
23: 2.59375 * bebelus
24: 2.578125 * Weekend
25: 2.4375 * FC
26: 2.390625 * Pa
27: 2.3125 * grupuri
28: 2.25 * CC
29: 2.25 * FC
30: 2.109375 * spots
31: 2.09375 * assistant
32: 2.0 * Pet
33: 1.84375 * extended
34: 1.6640625 * erstellt
35: 1.65625 * Scout
36: 1.59375 * Transition
37: 1.578125 * on
38: 1.5703125 * decizie
39: 1.5625 * /
40: 1.5234375 * west
41: 1.4921875 * ears
42: 1.484375 * major
43: 1.46875 * Wind
44: 1.453125 * go
45: 1.3203125 * dărui
46: 1.3125 * DOT
47: 1.28125 * illion
48: 1.28125 * stability
49: 1.2734375 * miere
Total loss: 0.23958873748779297 = MSE Loss: 0.2119874805212021, 5.0 * Sparsity Loss: 0.005520252510905266
Epoch: 3 batch_num: 32
0: 23.375 * realizeaz
1: 12.3125 * Walk
2: 12.0 * Walking
3: 10.375 * mândr
4: 9.875 * </s>
5: 8.625 * Path
6: 6.375 * walk
7: 5.9375 * walks
8: 5.8125 * spot
9: 5.75 * Licensed
10: 5.46875 * Around
11: 4.90625 * Assistant
12: 4.40625 * walk
13: 4.25 * Madison
14: 3.609375 * walking
15: 3.53125 * Walk
16: 3.484375 * adecvat
17: 3.40625 * ncing
18: 3.203125 * trecută
19: 3.0625 * morning
20: 3.0625 * cărui
21: 2.8125 * fox
22: 2.578125 * ST
23: 2.5625 * Weekend
24: 2.515625 * bebelus
25: 2.46875 * FC
26: 2.421875 * Pa
27: 2.265625 * grupuri
28: 2.25 * FC
29: 2.1875 * CC
30: 2.078125 * assistant
31: 2.0625 * spots
32: 1.875 * Pet
33: 1.828125 * extended
34: 1.7109375 * Scout
35: 1.671875 * Transition
36: 1.625 * erstellt
37: 1.6171875 * /
38: 1.59375 * west
39: 1.546875 * Wind
40: 1.515625 * on
41: 1.5078125 * decizie
42: 1.46875 * ears
43: 1.4375 * major
44: 1.4375 * go
45: 1.3828125 * DOT
46: 1.3671875 * dărui
47: 1.3046875 * stability
48: 1.2890625 * DB
49: 1.2578125 * illion
Total loss: 0.3677615821361542 = MSE Loss: 0.33989647030830383, 5.0 * Sparsity Loss: 0.005573022644966841
Epoch: 3 batch_num: 33
0: 23.5 * realizeaz
1: 12.125 * Walking
2: 12.125 * Walk
3: 10.3125 * mândr
4: 9.9375 * </s>
5: 8.75 * Path
6: 6.15625 * walk
7: 5.8125 * spot
8: 5.75 * Licensed
9: 5.71875 * walks
10: 5.5 * Around
11: 4.90625 * Assistant
12: 4.25 * walk
13: 4.21875 * Madison
14: 3.453125 * adecvat
15: 3.4375 * Walk
16: 3.421875 * walking
17: 3.34375 * ncing
18: 3.21875 * trecută
19: 3.046875 * morning
20: 3.046875 * cărui
21: 2.78125 * fox
22: 2.5625 * Weekend
23: 2.515625 * ST
24: 2.515625 * FC
25: 2.453125 * bebelus
26: 2.4375 * Pa
27: 2.265625 * FC
28: 2.203125 * grupuri
29: 2.125 * CC
30: 2.0625 * spots
31: 2.0625 * assistant
32: 1.8203125 * extended
33: 1.7734375 * Transition
34: 1.7578125 * Pet
35: 1.7578125 * Scout
36: 1.640625 * west
37: 1.6015625 * /
38: 1.59375 * Wind
39: 1.578125 * erstellt
40: 1.4453125 * DOT
41: 1.4375 * decizie
42: 1.4296875 * major
43: 1.421875 * ears
44: 1.4140625 * dărui
45: 1.3984375 * on
46: 1.3828125 * go
47: 1.3515625 * DB
48: 1.296875 * stability
49: 1.2421875 * illion
Total loss: 0.2293548732995987 = MSE Loss: 0.20121636986732483, 5.0 * Sparsity Loss: 0.00562770152464509
Epoch: 3 batch_num: 34
0: 23.5 * realizeaz
1: 12.1875 * Walking
2: 12.0625 * Walk
3: 10.3125 * mândr
4: 9.9375 * </s>
5: 8.875 * Path
6: 5.9375 * walk
7: 5.8125 * spot
8: 5.78125 * Licensed
9: 5.53125 * walks
10: 5.53125 * Around
11: 4.875 * Assistant
12: 4.21875 * Madison
13: 4.09375 * walk
14: 3.421875 * adecvat
15: 3.375 * Walk
16: 3.359375 * ncing
17: 3.28125 * walking
18: 3.1875 * trecută
19: 3.046875 * morning
20: 3.015625 * cărui
21: 2.75 * fox
22: 2.5625 * Weekend
23: 2.53125 * FC
24: 2.453125 * ST
25: 2.4375 * Pa
26: 2.40625 * bebelus
27: 2.28125 * FC
28: 2.171875 * grupuri
29: 2.078125 * CC
30: 2.046875 * spots
31: 2.015625 * assistant
32: 1.8203125 * extended
33: 1.8046875 * Transition
34: 1.7890625 * Scout
35: 1.703125 * Pet
36: 1.6796875 * west
37: 1.6171875 * Wind
38: 1.5703125 * /
39: 1.5234375 * erstellt
40: 1.484375 * DOT
41: 1.4453125 * dărui
42: 1.4296875 * major
43: 1.40625 * DB
44: 1.3828125 * decizie
45: 1.375 * on
46: 1.359375 * ears
47: 1.3046875 * West
48: 1.296875 * go
49: 1.28125 * stick
Total loss: 0.3369862139225006 = MSE Loss: 0.3085445165634155, 5.0 * Sparsity Loss: 0.005688341334462166
Epoch: 3 batch_num: 35
0: 23.625 * realizeaz
1: 12.1875 * Walk
2: 12.125 * Walking
3: 10.25 * mândr
4: 9.9375 * </s>
5: 8.875 * Path
6: 6.03125 * walk
7: 5.71875 * spot
8: 5.71875 * Licensed
9: 5.59375 * walks
10: 5.53125 * Around
11: 4.8125 * Assistant
12: 4.21875 * Madison
13: 4.15625 * walk
14: 3.40625 * Walk
15: 3.390625 * adecvat
16: 3.34375 * walking
17: 3.296875 * ncing
18: 3.15625 * trecută
19: 3.109375 * morning
20: 3.015625 * cărui
21: 2.703125 * fox
22: 2.578125 * Weekend
23: 2.53125 * FC
24: 2.46875 * Pa
25: 2.375 * bebelus
26: 2.359375 * ST
27: 2.28125 * FC
28: 2.140625 * grupuri
29: 2.0625 * CC
30: 1.9296875 * spots
31: 1.921875 * assistant
32: 1.8203125 * extended
33: 1.8046875 * Scout
34: 1.796875 * Transition
35: 1.7109375 * west
36: 1.6875 * Pet
37: 1.6484375 * /
38: 1.5859375 * Wind
39: 1.5078125 * dărui
40: 1.5 * DOT
41: 1.4140625 * major
42: 1.40625 * West
43: 1.390625 * erstellt
44: 1.390625 * on
45: 1.3828125 * DB
46: 1.359375 * ears
47: 1.328125 * stick
48: 1.3203125 * stability
49: 1.3125 * decizie
Total loss: 0.28247401118278503 = MSE Loss: 0.2538697123527527, 5.0 * Sparsity Loss: 0.00572085939347744
Epoch: 3 batch_num: 36
0: 23.625 * realizeaz
1: 12.25 * Walk
2: 12.125 * Walking
3: 10.1875 * mândr
4: 9.875 * </s>
5: 8.875 * Path
6: 6.125 * walk
7: 5.6875 * walks
8: 5.65625 * Licensed
9: 5.625 * spot
10: 5.5 * Around
11: 4.75 * Assistant
12: 4.21875 * Madison
13: 4.1875 * walk
14: 3.453125 * Walk
15: 3.390625 * walking
16: 3.375 * adecvat
17: 3.28125 * ncing
18: 3.15625 * morning
19: 3.09375 * trecută
20: 3.0 * cărui
21: 2.671875 * fox
22: 2.59375 * Weekend
23: 2.53125 * FC
24: 2.484375 * Pa
25: 2.359375 * bebelus
26: 2.265625 * ST
27: 2.265625 * FC
28: 2.09375 * grupuri
29: 2.015625 * CC
30: 1.84375 * assistant
31: 1.8359375 * spots
32: 1.8203125 * Scout
33: 1.8203125 * extended
34: 1.78125 * Transition
35: 1.734375 * west
36: 1.703125 * /
37: 1.6875 * Pet
38: 1.5703125 * Wind
39: 1.5625 * dărui
40: 1.515625 * DOT
41: 1.5 * West
42: 1.40625 * west
43: 1.3984375 * on
44: 1.375 * major
45: 1.3671875 * stability
46: 1.359375 * stick
47: 1.3515625 * IN
48: 1.3359375 * owner
49: 1.3359375 * go
Total loss: 0.2724447250366211 = MSE Loss: 0.24440906941890717, 5.0 * Sparsity Loss: 0.00560713279992342
Epoch: 3 batch_num: 37
0: 23.75 * realizeaz
1: 12.3125 * Walk
2: 12.0625 * Walking
3: 10.125 * mândr
4: 9.8125 * </s>
5: 8.875 * Path
6: 6.15625 * walk
7: 5.71875 * walks
8: 5.59375 * Licensed
9: 5.53125 * spot
10: 5.5 * Around
11: 4.6875 * Assistant
12: 4.25 * Madison
13: 4.1875 * walk
14: 3.46875 * Walk
15: 3.40625 * walking
16: 3.34375 * adecvat
17: 3.25 * ncing
18: 3.234375 * morning
19: 3.015625 * trecută
20: 3.0 * cărui
21: 2.640625 * fox
22: 2.625 * Weekend
23: 2.5625 * FC
24: 2.515625 * Pa
25: 2.359375 * bebelus
26: 2.265625 * FC
27: 2.09375 * ST
28: 2.078125 * grupuri
29: 1.984375 * CC
30: 1.8203125 * Scout
31: 1.8203125 * extended
32: 1.765625 * west
33: 1.75 * spots
34: 1.7421875 * /
35: 1.7421875 * Transition
36: 1.734375 * assistant
37: 1.6875 * Pet
38: 1.6171875 * West
39: 1.6015625 * dărui
40: 1.578125 * west
41: 1.5703125 * Wind
42: 1.5703125 * DOT
43: 1.5078125 * IN
44: 1.4296875 * stability
45: 1.390625 * Col
46: 1.390625 * on
47: 1.3671875 * stick
48: 1.3515625 * owner
49: 1.3359375 * major
Total loss: 0.38801950216293335 = MSE Loss: 0.35999107360839844, 5.0 * Sparsity Loss: 0.005605688784271479
Epoch: 3 batch_num: 38
0: 23.75 * realizeaz
1: 12.375 * Walk
2: 12.0 * Walking
3: 10.0625 * mândr
4: 9.75 * </s>
5: 8.875 * Path
6: 6.25 * walk
7: 5.8125 * walks
8: 5.53125 * Licensed
9: 5.46875 * Around
10: 5.4375 * spot
11: 4.59375 * Assistant
12: 4.25 * Madison
13: 4.21875 * walk
14: 3.515625 * Walk
15: 3.484375 * walking
16: 3.3125 * adecvat
17: 3.28125 * morning
18: 3.203125 * ncing
19: 2.984375 * cărui
20: 2.96875 * trecută
21: 2.625 * Weekend
22: 2.59375 * fox
23: 2.5625 * FC
24: 2.546875 * Pa
25: 2.34375 * bebelus
26: 2.234375 * FC
27: 2.046875 * grupuri
28: 1.9921875 * ST
29: 1.9609375 * CC
30: 1.8203125 * Scout
31: 1.8125 * extended
32: 1.7890625 * /
33: 1.7890625 * west
34: 1.75 * West
35: 1.734375 * west
36: 1.6796875 * Pet
37: 1.65625 * spots
38: 1.65625 * Transition
39: 1.6484375 * IN
40: 1.625 * dărui
41: 1.625 * assistant
42: 1.5859375 * DOT
43: 1.5390625 * Wind
44: 1.453125 * Col
45: 1.453125 * stability
46: 1.3671875 * on
47: 1.359375 * Leaving
48: 1.3515625 * owner
49: 1.3515625 * go
Total loss: 0.23398920893669128 = MSE Loss: 0.2063433974981308, 5.0 * Sparsity Loss: 0.005529160611331463
Epoch: 3 batch_num: 39
0: 23.75 * realizeaz
1: 12.4375 * Walk
2: 11.9375 * Walking
3: 10.0 * mândr
4: 9.75 * </s>
5: 8.8125 * Path
6: 6.34375 * walk
7: 5.90625 * walks
8: 5.46875 * Licensed
9: 5.4375 * Around
10: 5.34375 * spot
11: 4.53125 * Assistant
12: 4.25 * walk
13: 4.25 * Madison
14: 3.5625 * walking
15: 3.53125 * Walk
16: 3.296875 * morning
17: 3.28125 * adecvat
18: 3.140625 * ncing
19: 2.96875 * cărui
20: 2.921875 * trecută
21: 2.59375 * Weekend
22: 2.578125 * Pa
23: 2.578125 * FC
24: 2.5625 * fox
25: 2.328125 * bebelus
26: 2.234375 * FC
27: 2.015625 * grupuri
28: 1.96875 * CC
29: 1.890625 * ST
30: 1.875 * /
31: 1.8515625 * west
32: 1.8125 * Scout
33: 1.8125 * West
34: 1.8125 * west
35: 1.8046875 * extended
36: 1.78125 * IN
37: 1.6953125 * Pet
38: 1.640625 * dărui
39: 1.59375 * Leaving
40: 1.578125 * Transition
41: 1.578125 * DOT
42: 1.5234375 * spots
43: 1.5078125 * Col
44: 1.5078125 * Wind
45: 1.5078125 * assistant
46: 1.453125 * stability
47: 1.390625 * constient
48: 1.359375 * go
49: 1.359375 * on
Total loss: 0.2549609839916229 = MSE Loss: 0.22732925415039062, 5.0 * Sparsity Loss: 0.005526346620172262
Epoch: 3 batch_num: 40
0: 23.75 * realizeaz
1: 12.5 * Walk
2: 11.875 * Walking
3: 9.9375 * mândr
4: 9.6875 * </s>
5: 8.75 * Path
6: 6.4375 * walk
7: 6.0 * walks
8: 5.375 * Around
9: 5.375 * Licensed
10: 5.28125 * spot
11: 4.46875 * Assistant
12: 4.28125 * walk
13: 4.25 * Madison
14: 3.640625 * walking
15: 3.5625 * Walk
16: 3.296875 * morning
17: 3.265625 * adecvat
18: 3.09375 * ncing
19: 2.96875 * cărui
20: 2.890625 * trecută
21: 2.59375 * Weekend
22: 2.59375 * Pa
23: 2.59375 * FC
24: 2.515625 * fox
25: 2.28125 * bebelus
26: 2.21875 * FC
27: 2.0 * grupuri
28: 1.9609375 * CC
29: 1.9609375 * west
30: 1.8671875 * West
31: 1.859375 * /
32: 1.8359375 * west
33: 1.8203125 * Scout
34: 1.8046875 * extended
35: 1.8046875 * ST
36: 1.78125 * IN
37: 1.7734375 * Leaving
38: 1.703125 * Pet
39: 1.6484375 * dărui
40: 1.578125 * DOT
41: 1.5390625 * Col
42: 1.484375 * Transition
43: 1.484375 * Wind
44: 1.46875 * stability
45: 1.4453125 * constient
46: 1.4296875 * spots
47: 1.4296875 * assistant
48: 1.421875 * cuplu
49: 1.3828125 * go
Total loss: 0.21160349249839783 = MSE Loss: 0.1842503845691681, 5.0 * Sparsity Loss: 0.005470620468258858
Epoch: 3 batch_num: 41
0: 23.875 * realizeaz
1: 12.5 * Walk
2: 11.875 * Walking
3: 9.8125 * mândr
4: 9.6875 * </s>
5: 8.75 * Path
6: 6.46875 * walk
7: 6.03125 * walks
8: 5.34375 * Around
9: 5.28125 * spot
10: 5.25 * Licensed
11: 4.40625 * Assistant
12: 4.28125 * walk
13: 4.25 * Madison
14: 3.671875 * walking
15: 3.578125 * Walk
16: 3.28125 * morning
17: 3.234375 * adecvat
18: 3.015625 * ncing
19: 2.984375 * cărui
20: 2.859375 * trecută
21: 2.609375 * Pa
22: 2.59375 * FC
23: 2.5625 * Weekend
24: 2.484375 * fox
25: 2.25 * bebelus
26: 2.203125 * FC
27: 2.078125 * west
28: 1.9765625 * grupuri
29: 1.9375 * CC
30: 1.921875 * West
31: 1.890625 * Leaving
32: 1.8515625 * west
33: 1.828125 * Scout
34: 1.8046875 * /
35: 1.8046875 * extended
36: 1.796875 * IN
37: 1.75 * ST
38: 1.6875 * Pet
39: 1.6484375 * dărui
40: 1.5859375 * DOT
41: 1.578125 * Col
42: 1.53125 * ST
43: 1.4921875 * constient
44: 1.484375 * cuplu
45: 1.4765625 * Transition
46: 1.4765625 * stability
47: 1.4453125 * Wind
48: 1.40625 * go
49: 1.390625 * West
Total loss: 0.22273941338062286 = MSE Loss: 0.19543278217315674, 5.0 * Sparsity Loss: 0.005461325403302908
Epoch: 3 batch_num: 42
0: 24.0 * realizeaz
1: 12.5 * Walk
2: 11.9375 * Walking
3: 9.75 * mândr
4: 9.6875 * </s>
5: 8.6875 * Path
6: 6.5 * walk
7: 6.0625 * walks
8: 5.34375 * Around
9: 5.25 * spot
10: 5.21875 * Licensed
11: 4.375 * Assistant
12: 4.25 * walk
13: 4.21875 * Madison
14: 3.6875 * walking
15: 3.5625 * Walk
16: 3.234375 * morning
17: 3.21875 * adecvat
18: 2.984375 * ncing
19: 2.96875 * cărui
20: 2.828125 * trecută
21: 2.625 * Pa
22: 2.609375 * FC
23: 2.515625 * Weekend
24: 2.4375 * fox
25: 2.21875 * bebelus
26: 2.1875 * FC
27: 2.171875 * west
28: 1.9921875 * West
29: 1.96875 * grupuri
30: 1.921875 * Leaving
31: 1.9140625 * CC
32: 1.890625 * IN
33: 1.8671875 * west
34: 1.8359375 * Scout
35: 1.8203125 * extended
36: 1.7421875 * /
37: 1.7109375 * ST
38: 1.703125 * Pet
39: 1.65625 * dărui
40: 1.6484375 * ST
41: 1.59375 * Col
42: 1.5859375 * DOT
43: 1.546875 * cuplu
44: 1.53125 * Transition
45: 1.53125 * constient
46: 1.5 * stability
47: 1.4375 * Brown
48: 1.4375 * West
49: 1.390625 * go
Total loss: 0.29623541235923767 = MSE Loss: 0.268760621547699, 5.0 * Sparsity Loss: 0.005494956858456135
Epoch: 3 batch_num: 43
0: 24.25 * realizeaz
1: 12.625 * Walk
2: 11.8125 * Walking
3: 9.6875 * </s>
4: 9.6875 * mândr
5: 8.5625 * Path
6: 6.78125 * walk
7: 6.3125 * walks
8: 5.28125 * Around
9: 5.21875 * spot
10: 5.125 * Licensed
11: 4.4375 * walk
12: 4.34375 * Assistant
13: 4.1875 * Madison
14: 3.875 * walking
15: 3.59375 * Walk
16: 3.234375 * adecvat
17: 3.203125 * morning
18: 2.96875 * cărui
19: 2.90625 * ncing
20: 2.796875 * trecută
21: 2.609375 * Pa
22: 2.578125 * FC
23: 2.40625 * Weekend
24: 2.375 * fox
25: 2.1875 * FC
26: 2.171875 * west
27: 2.171875 * bebelus
28: 2.046875 * IN
29: 1.96875 * grupuri
30: 1.9296875 * West
31: 1.90625 * CC
32: 1.875 * Leaving
33: 1.8515625 * ST
34: 1.8359375 * Scout
35: 1.8359375 * extended
36: 1.8046875 * west
37: 1.703125 * dărui
38: 1.671875 * /
39: 1.6484375 * Col
40: 1.640625 * constient
41: 1.625 * cuplu
42: 1.5625 * Pet
43: 1.53125 * DOT
44: 1.5234375 * stability
45: 1.4609375 * ST
46: 1.4375 * Brown
47: 1.421875 * PR
48: 1.4140625 * Transition
49: 1.3984375 * West
Total loss: 0.23238131403923035 = MSE Loss: 0.20509226620197296, 5.0 * Sparsity Loss: 0.005457808263599873
Epoch: 3 batch_num: 44
0: 24.5 * realizeaz
1: 12.8125 * Walk
2: 11.6875 * Walking
3: 9.6875 * </s>
4: 9.6875 * mândr
5: 8.4375 * Path
6: 7.0 * walk
7: 6.5625 * walks
8: 5.25 * Around
9: 5.21875 * spot
10: 5.03125 * Licensed
11: 4.625 * walk
12: 4.3125 * Assistant
13: 4.15625 * Madison
14: 4.03125 * walking
15: 3.65625 * Walk
16: 3.25 * adecvat
17: 3.15625 * morning
18: 2.9375 * cărui
19: 2.796875 * ncing
20: 2.75 * trecută
21: 2.609375 * Pa
22: 2.546875 * FC
23: 2.34375 * fox
24: 2.3125 * Weekend
25: 2.203125 * IN
26: 2.171875 * west
27: 2.171875 * FC
28: 2.140625 * bebelus
29: 1.9921875 * ST
30: 1.9453125 * grupuri
31: 1.890625 * CC
32: 1.859375 * West
33: 1.8515625 * extended
34: 1.8359375 * Leaving
35: 1.8203125 * Scout
36: 1.7421875 * west
37: 1.734375 * dărui
38: 1.71875 * constient
39: 1.6953125 * Col
40: 1.6875 * cuplu
41: 1.578125 * /
42: 1.5078125 * stability
43: 1.5 * DOT
44: 1.4921875 * PR
45: 1.484375 * Brown
46: 1.4296875 * owner
47: 1.40625 * Pet
48: 1.3515625 * Walker
49: 1.34375 * assistant
Total loss: 0.22212852537631989 = MSE Loss: 0.19524294137954712, 5.0 * Sparsity Loss: 0.005377117544412613
Epoch: 3 batch_num: 45
0: 24.625 * realizeaz
1: 12.9375 * Walk
2: 11.625 * Walking
3: 9.6875 * </s>
4: 9.6875 * mândr
5: 8.375 * Path
6: 7.1875 * walk
7: 6.71875 * walks
8: 5.21875 * Around
9: 5.1875 * spot
10: 4.96875 * Licensed
11: 4.78125 * walk
12: 4.28125 * Assistant
13: 4.15625 * walking
14: 4.125 * Madison
15: 3.6875 * Walk
16: 3.25 * adecvat
17: 3.109375 * morning
18: 2.921875 * cărui
19: 2.75 * ncing
20: 2.734375 * trecută
21: 2.609375 * Pa
22: 2.53125 * FC
23: 2.296875 * fox
24: 2.21875 * Weekend
25: 2.203125 * IN
26: 2.171875 * west
27: 2.140625 * FC
28: 2.125 * bebelus
29: 2.109375 * ST
30: 1.921875 * grupuri
31: 1.859375 * CC
32: 1.8515625 * extended
33: 1.8125 * Scout
34: 1.8046875 * West
35: 1.7890625 * Leaving
36: 1.7578125 * dărui
37: 1.7578125 * constient
38: 1.7421875 * cuplu
39: 1.703125 * west
40: 1.6953125 * Col
41: 1.5546875 * stability
42: 1.515625 * PR
43: 1.515625 * Brown
44: 1.4921875 * DOT
45: 1.4609375 * /
46: 1.40625 * owner
47: 1.3671875 * freedom
48: 1.359375 * Walker
49: 1.34375 * assistant
Total loss: 0.437845915555954 = MSE Loss: 0.41077306866645813, 5.0 * Sparsity Loss: 0.005414566956460476
Epoch: 3 batch_num: 46
0: 24.75 * realizeaz
1: 13.0625 * Walk
2: 11.5625 * Walking
3: 9.625 * </s>
4: 9.625 * mândr
5: 8.3125 * Path
6: 7.34375 * walk
7: 6.90625 * walks
8: 5.1875 * Around
9: 5.15625 * spot
10: 4.96875 * walk
11: 4.9375 * Licensed
12: 4.28125 * walking
13: 4.25 * Assistant
14: 4.09375 * Madison
15: 3.75 * Walk
16: 3.265625 * adecvat
17: 3.03125 * morning
18: 2.90625 * cărui
19: 2.71875 * trecută
20: 2.6875 * ncing
21: 2.609375 * Pa
22: 2.515625 * FC
23: 2.28125 * ST
24: 2.28125 * fox
25: 2.125 * IN
26: 2.125 * FC
27: 2.109375 * Weekend
28: 2.09375 * west
29: 2.078125 * bebelus
30: 1.8671875 * grupuri
31: 1.8203125 * extended
32: 1.8203125 * constient
33: 1.8125 * Scout
34: 1.8046875 * CC
35: 1.796875 * dărui
36: 1.7890625 * Leaving
37: 1.7734375 * cuplu
38: 1.6640625 * Col
39: 1.625 * west
40: 1.6171875 * West
41: 1.609375 * stability
42: 1.59375 * Brown
43: 1.4921875 * DOT
44: 1.484375 * owner
45: 1.4765625 * PR
46: 1.4375 * freedom
47: 1.375 * logy
48: 1.359375 * /
49: 1.3515625 * Walker
Total loss: 0.2613774836063385 = MSE Loss: 0.23404745757579803, 5.0 * Sparsity Loss: 0.005466007627546787
Epoch: 3 batch_num: 47
0: 24.875 * realizeaz
1: 13.1875 * Walk
2: 11.5 * Walking
3: 9.625 * </s>
4: 9.625 * mândr
5: 8.1875 * Path
6: 7.46875 * walk
7: 7.0 * walks
8: 5.1875 * Around
9: 5.125 * walk
10: 5.125 * spot
11: 4.875 * Licensed
12: 4.34375 * walking
13: 4.1875 * Assistant
14: 4.09375 * Madison
15: 3.765625 * Walk
16: 3.25 * adecvat
17: 2.875 * morning
18: 2.875 * cărui
19: 2.6875 * trecută
20: 2.640625 * ncing
21: 2.578125 * Pa
22: 2.484375 * FC
23: 2.390625 * ST
24: 2.265625 * fox
25: 2.125 * IN
26: 2.125 * FC
27: 2.0625 * west
28: 2.046875 * bebelus
29: 1.9921875 * Weekend
30: 1.8359375 * constient
31: 1.8359375 * grupuri
32: 1.8203125 * cuplu
33: 1.8125 * dărui
34: 1.796875 * Leaving
35: 1.7890625 * Scout
36: 1.78125 * extended
37: 1.75 * CC
38: 1.6640625 * stability
39: 1.6484375 * Col
40: 1.59375 * Brown
41: 1.5625 * west
42: 1.5234375 * West
43: 1.5 * DOT
44: 1.4921875 * owner
45: 1.4921875 * freedom
46: 1.4609375 * PR
47: 1.4296875 * logy
48: 1.359375 * Small
49: 1.359375 * /
Total loss: 0.31732335686683655 = MSE Loss: 0.2906306982040405, 5.0 * Sparsity Loss: 0.0053385295905172825
Epoch: 3 batch_num: 48
0: 25.0 * realizeaz
1: 13.25 * Walk
2: 11.5 * Walking
3: 9.6875 * mândr
4: 9.625 * </s>
5: 8.0625 * Path
6: 7.5625 * walk
7: 7.0625 * walks
8: 5.25 * walk
9: 5.25 * Around
10: 5.0625 * spot
11: 4.84375 * Licensed
12: 4.40625 * walking
13: 4.15625 * Assistant
14: 4.0625 * Madison
15: 3.765625 * Walk
16: 3.234375 * adecvat
17: 2.84375 * cărui
18: 2.765625 * morning
19: 2.65625 * trecută
20: 2.609375 * ncing
21: 2.5625 * Pa
22: 2.46875 * ST
23: 2.421875 * FC
24: 2.265625 * fox
25: 2.15625 * IN
26: 2.09375 * FC
27: 2.03125 * bebelus
28: 2.015625 * west
29: 1.875 * Weekend
30: 1.859375 * cuplu
31: 1.84375 * constient
32: 1.8203125 * dărui
33: 1.8125 * Leaving
34: 1.8125 * grupuri
35: 1.7578125 * Scout
36: 1.7265625 * extended
37: 1.71875 * CC
38: 1.703125 * stability
39: 1.640625 * Col
40: 1.578125 * freedom
41: 1.5703125 * Brown
42: 1.5078125 * west
43: 1.4921875 * DOT
44: 1.4765625 * owner
45: 1.4765625 * PR
46: 1.453125 * West
47: 1.4375 * logy
48: 1.3984375 * Small
49: 1.3984375 * /
Total loss: 0.18999038636684418 = MSE Loss: 0.1630924791097641, 5.0 * Sparsity Loss: 0.005379580892622471
Epoch: 3 batch_num: 49
0: 25.0 * realizeaz
1: 13.375 * Walk
2: 11.375 * Walking
3: 9.6875 * mândr
4: 9.625 * </s>
5: 7.9375 * Path
6: 7.65625 * walk
7: 7.15625 * walks
8: 5.34375 * walk
9: 5.21875 * Around
10: 5.0 * spot
11: 4.8125 * Licensed
12: 4.46875 * walking
13: 4.09375 * Assistant
14: 4.0625 * Madison
15: 3.78125 * Walk
16: 3.21875 * adecvat
17: 2.828125 * cărui
18: 2.75 * morning
19: 2.625 * trecută
20: 2.609375 * ncing
21: 2.5625 * ST
22: 2.53125 * Pa
23: 2.375 * FC
24: 2.28125 * fox
25: 2.078125 * FC
26: 2.046875 * IN
27: 2.015625 * bebelus
28: 1.9296875 * west
29: 1.8828125 * cuplu
30: 1.859375 * Leaving
31: 1.8359375 * constient
32: 1.8125 * dărui
33: 1.796875 * Weekend
34: 1.7734375 * grupuri
35: 1.7109375 * Scout
36: 1.6953125 * stability
37: 1.671875 * extended
38: 1.671875 * CC
39: 1.6171875 * Col
40: 1.5859375 * freedom
41: 1.5546875 * Brown
42: 1.5 * PR
43: 1.46875 * DOT
44: 1.453125 * logy
45: 1.4453125 * owner
46: 1.4453125 * west
47: 1.4375 * /
48: 1.3984375 * Small
49: 1.3515625 * Profile
Total loss: 0.20544004440307617 = MSE Loss: 0.17800645530223846, 5.0 * Sparsity Loss: 0.005486717913299799
Epoch: 3 batch_num: 50
0: 25.125 * realizeaz
1: 13.4375 * Walk
2: 11.3125 * Walking
3: 9.625 * mândr
4: 9.5625 * </s>
5: 7.78125 * Path
6: 7.75 * walk
7: 7.21875 * walks
8: 5.40625 * walk
9: 5.1875 * Around
10: 4.875 * spot
11: 4.78125 * Licensed
12: 4.5625 * walking
13: 4.03125 * Madison
14: 4.03125 * Assistant
15: 3.796875 * Walk
16: 3.203125 * adecvat
17: 2.8125 * cărui
18: 2.703125 * morning
19: 2.640625 * ST
20: 2.609375 * trecută
21: 2.59375 * ncing
22: 2.5 * Pa
23: 2.359375 * FC
24: 2.3125 * fox
25: 2.078125 * FC
26: 1.9921875 * IN
27: 1.9609375 * bebelus
28: 1.9375 * Leaving
29: 1.90625 * cuplu
30: 1.8359375 * constient
31: 1.7890625 * dărui
32: 1.7890625 * west
33: 1.7421875 * Weekend
34: 1.703125 * grupuri
35: 1.6640625 * Scout
36: 1.6328125 * stability
37: 1.625 * extended
38: 1.59375 * CC
39: 1.59375 * Col
40: 1.578125 * Brown
41: 1.5234375 * freedom
42: 1.515625 * PR
43: 1.5 * /
44: 1.484375 * Profile
45: 1.453125 * logy
46: 1.4453125 * DOT
47: 1.4140625 * owner
48: 1.3984375 * Small
49: 1.3515625 * west
Total loss: 0.5121175050735474 = MSE Loss: 0.48396751284599304, 5.0 * Sparsity Loss: 0.005629999563097954
Epoch: 3 batch_num: 51
0: 25.375 * realizeaz
1: 13.5 * Walk
2: 11.25 * Walking
3: 9.75 * mândr
4: 9.5625 * </s>
5: 7.84375 * walk
6: 7.46875 * Path
7: 7.25 * walks
8: 5.5 * walk
9: 5.125 * Around
10: 4.71875 * Licensed
11: 4.6875 * spot
12: 4.59375 * walking
13: 4.03125 * Madison
14: 3.921875 * Assistant
15: 3.75 * Walk
16: 3.203125 * adecvat
17: 2.8125 * cărui
18: 2.765625 * ST
19: 2.703125 * morning
20: 2.59375 * trecută
21: 2.5625 * ncing
22: 2.453125 * Pa
23: 2.390625 * FC
24: 2.296875 * fox
25: 2.078125 * FC
26: 2.0 * IN
27: 1.953125 * cuplu
28: 1.9453125 * bebelus
29: 1.9296875 * Leaving
30: 1.8125 * constient
31: 1.7734375 * dărui
32: 1.6875 * Weekend
33: 1.640625 * Profile
34: 1.640625 * west
35: 1.640625 * grupuri
36: 1.6015625 * Brown
37: 1.59375 * Col
38: 1.5859375 * extended
39: 1.578125 * Scout
40: 1.5625 * /
41: 1.515625 * stability
42: 1.4921875 * PR
43: 1.4921875 * CC
44: 1.4453125 * DOT
45: 1.4296875 * owner
46: 1.4296875 * freedom
47: 1.421875 * logy
48: 1.3125 * Small
49: 1.3046875 * Walker
Total loss: 0.3501240611076355 = MSE Loss: 0.32154381275177, 5.0 * Sparsity Loss: 0.005716047249734402
Epoch: 3 batch_num: 52
0: 25.75 * realizeaz
1: 13.5625 * Walk
2: 11.1875 * Walking
3: 9.875 * mândr
4: 9.625 * </s>
5: 7.875 * walk
6: 7.28125 * walks
7: 7.21875 * Path
8: 5.59375 * walk
9: 5.0625 * Around
10: 4.71875 * Licensed
11: 4.625 * walking
12: 4.53125 * spot
13: 4.03125 * Madison
14: 3.828125 * Assistant
15: 3.734375 * Walk
16: 3.203125 * adecvat
17: 2.859375 * ST
18: 2.828125 * cărui
19: 2.6875 * morning
20: 2.53125 * trecută
21: 2.515625 * ncing
22: 2.40625 * Pa
23: 2.390625 * FC
24: 2.28125 * fox
25: 2.078125 * FC
26: 2.0 * IN
27: 2.0 * cuplu
28: 1.9375 * bebelus
29: 1.890625 * Leaving
30: 1.7734375 * constient
31: 1.7578125 * dărui
32: 1.7265625 * Profile
33: 1.640625 * Weekend
34: 1.6015625 * Col
35: 1.5859375 * /
36: 1.578125 * grupuri
37: 1.5703125 * Brown
38: 1.53125 * extended
39: 1.53125 * west
40: 1.5078125 * Scout
41: 1.484375 * PR
42: 1.421875 * DOT
43: 1.421875 * stability
44: 1.4140625 * CC
45: 1.390625 * owner
46: 1.3828125 * freedom
47: 1.375 * logy
48: 1.3203125 * actiuni
49: 1.2890625 * Walker
Total loss: 0.21468864381313324 = MSE Loss: 0.1869453340768814, 5.0 * Sparsity Loss: 0.005548662506043911
Epoch: 3 batch_num: 53
0: 26.0 * realizeaz
1: 13.625 * Walk
2: 11.125 * Walking
3: 10.0 * mândr
4: 9.625 * </s>
5: 7.9375 * walk
6: 7.3125 * walks
7: 7.03125 * Path
8: 5.65625 * walk
9: 5.0 * Around
10: 4.6875 * Licensed
11: 4.65625 * walking
12: 4.375 * spot
13: 4.03125 * Madison
14: 3.75 * Assistant
15: 3.703125 * Walk
16: 3.203125 * adecvat
17: 2.921875 * ST
18: 2.828125 * cărui
19: 2.625 * morning
20: 2.5 * trecută
21: 2.453125 * ncing
22: 2.40625 * FC
23: 2.375 * Pa
24: 2.28125 * fox
25: 2.078125 * FC
26: 2.0625 * cuplu
27: 2.0 * IN
28: 1.9296875 * bebelus
29: 1.8515625 * Leaving
30: 1.796875 * Profile
31: 1.7578125 * constient
32: 1.734375 * dărui
33: 1.6484375 * /
34: 1.609375 * decizie
35: 1.59375 * Col
36: 1.578125 * Weekend
37: 1.53125 * grupuri
38: 1.515625 * Brown
39: 1.515625 * actiuni
40: 1.484375 * extended
41: 1.4609375 * path
42: 1.453125 * PR
43: 1.4375 * west
44: 1.421875 * Scout
45: 1.3828125 * DOT
46: 1.3515625 * CC
47: 1.3515625 * stability
48: 1.3359375 * owner
49: 1.328125 * freedom
Total loss: 0.19083809852600098 = MSE Loss: 0.16350838541984558, 5.0 * Sparsity Loss: 0.005465944297611713
Epoch: 3 batch_num: 54
0: 26.25 * realizeaz
1: 13.6875 * Walk
2: 11.125 * Walking
3: 10.0625 * mândr
4: 9.625 * </s>
5: 7.96875 * walk
6: 7.375 * walks
7: 6.8125 * Path
8: 5.71875 * walk
9: 4.9375 * Around
10: 4.65625 * walking
11: 4.65625 * Licensed
12: 4.28125 * spot
13: 4.0 * Madison
14: 3.703125 * Walk
15: 3.6875 * Assistant
16: 3.21875 * adecvat
17: 2.9375 * ST
18: 2.828125 * cărui
19: 2.546875 * morning
20: 2.484375 * trecută
21: 2.40625 * FC
22: 2.375 * ncing
23: 2.359375 * Pa
24: 2.265625 * fox
25: 2.109375 * cuplu
26: 2.078125 * FC
27: 2.046875 * decizie
28: 2.0 * IN
29: 1.8984375 * bebelus
30: 1.8359375 * Profile
31: 1.8125 * Leaving
32: 1.8046875 * path
33: 1.734375 * constient
34: 1.703125 * dărui
35: 1.6796875 * actiuni
36: 1.6328125 * /
37: 1.5703125 * Col
38: 1.4921875 * Weekend
39: 1.4921875 * Brown
40: 1.4609375 * grupuri
41: 1.4453125 * extended
42: 1.4296875 * ATION
43: 1.390625 * PR
44: 1.3515625 * Scout
45: 1.3359375 * west
46: 1.3359375 * DOT
47: 1.3359375 * pathway
48: 1.3203125 * LC
49: 1.3046875 * freedom
Total loss: 0.27343040704727173 = MSE Loss: 0.24545884132385254, 5.0 * Sparsity Loss: 0.005594315007328987
Epoch: 3 batch_num: 55
0: 26.375 * realizeaz
1: 13.75 * Walk
2: 11.125 * Walking
3: 10.0625 * mândr
4: 9.625 * </s>
5: 8.0 * walk
6: 7.40625 * walks
7: 6.6875 * Path
8: 5.78125 * walk
9: 4.90625 * Around
10: 4.65625 * walking
11: 4.59375 * Licensed
12: 4.1875 * spot
13: 3.984375 * Madison
14: 3.6875 * Walk
15: 3.625 * Assistant
16: 3.234375 * adecvat
17: 2.921875 * ST
18: 2.828125 * cărui
19: 2.484375 * morning
20: 2.453125 * trecută
21: 2.421875 * decizie
22: 2.390625 * FC
23: 2.328125 * Pa
24: 2.3125 * ncing
25: 2.234375 * fox
26: 2.140625 * cuplu
27: 2.09375 * path
28: 2.0625 * FC
29: 1.9921875 * IN
30: 1.8671875 * Profile
31: 1.84375 * bebelus
32: 1.7890625 * actiuni
33: 1.7890625 * Leaving
34: 1.71875 * constient
35: 1.65625 * dărui
36: 1.6171875 * /
37: 1.59375 * ATION
38: 1.546875 * Col
39: 1.4921875 * Brown
40: 1.421875 * Weekend
41: 1.421875 * extended
42: 1.3828125 * grupuri
43: 1.359375 * PR
44: 1.34375 * St
45: 1.34375 * pathway
46: 1.3203125 * LC
47: 1.3046875 * freedom
48: 1.296875 * Scout
49: 1.296875 * erstellt
Total loss: 0.3020838499069214 = MSE Loss: 0.27423277497291565, 5.0 * Sparsity Loss: 0.005570217967033386
Epoch: 3 batch_num: 56
0: 26.625 * realizeaz
1: 13.75 * Walk
2: 11.0625 * Walking
3: 10.0 * mândr
4: 9.625 * </s>
5: 8.0625 * walk
6: 7.46875 * walks
7: 6.59375 * Path
8: 5.8125 * walk
9: 4.8125 * Around
10: 4.6875 * walking
11: 4.53125 * Licensed
12: 4.15625 * spot
13: 3.984375 * Madison
14: 3.65625 * Walk
15: 3.578125 * Assistant
16: 3.265625 * adecvat
17: 2.84375 * cărui
18: 2.796875 * ST
19: 2.734375 * decizie
20: 2.40625 * morning
21: 2.390625 * trecută
22: 2.390625 * FC
23: 2.296875 * path
24: 2.28125 * Pa
25: 2.21875 * ncing
26: 2.203125 * fox
27: 2.15625 * cuplu
28: 2.09375 * IN
29: 2.046875 * FC
30: 1.9140625 * actiuni
31: 1.8671875 * Profile
32: 1.8046875 * bebelus
33: 1.75 * Leaving
34: 1.71875 * ATION
35: 1.6875 * constient
36: 1.6171875 * dărui
37: 1.578125 * /
38: 1.5546875 * Col
39: 1.5546875 * St
40: 1.4375 * Brown
41: 1.421875 * extended
42: 1.3828125 * CR
43: 1.375 * Weekend
44: 1.359375 * erstellt
45: 1.359375 * pathway
46: 1.34375 * PR
47: 1.3359375 * LC
48: 1.328125 * grupuri
49: 1.3046875 * freedom
Total loss: 0.33208659291267395 = MSE Loss: 0.3053903579711914, 5.0 * Sparsity Loss: 0.005339247640222311
Epoch: 3 batch_num: 57
0: 26.875 * realizeaz
1: 13.75 * Walk
2: 11.0625 * Walking
3: 9.9375 * mândr
4: 9.625 * </s>
5: 8.125 * walk
6: 7.5 * walks
7: 6.5 * Path
8: 5.875 * walk
9: 4.75 * Around
10: 4.71875 * walking
11: 4.5 * Licensed
12: 4.125 * spot
13: 3.984375 * Madison
14: 3.625 * Walk
15: 3.53125 * Assistant
16: 3.28125 * adecvat
17: 3.015625 * decizie
18: 2.84375 * cărui
19: 2.71875 * ST
20: 2.46875 * path
21: 2.40625 * FC
22: 2.359375 * trecută
23: 2.34375 * morning
24: 2.265625 * Pa
25: 2.15625 * ncing
26: 2.15625 * cuplu
27: 2.15625 * fox
28: 2.046875 * IN
29: 2.03125 * FC
30: 1.984375 * actiuni
31: 1.859375 * Profile
32: 1.8046875 * ATION
33: 1.7578125 * bebelus
34: 1.7109375 * Leaving
35: 1.6640625 * constient
36: 1.609375 * St
37: 1.5859375 * dărui
38: 1.5625 * /
39: 1.5390625 * Col
40: 1.4921875 * CR
41: 1.4296875 * Brown
42: 1.4296875 * extended
43: 1.3984375 * erstellt
44: 1.3671875 * AN
45: 1.359375 * pathway
46: 1.34375 * LC
47: 1.3359375 * Weekend
48: 1.3203125 * freedom
49: 1.2890625 * PR
Total loss: 0.23680584132671356 = MSE Loss: 0.20969294011592865, 5.0 * Sparsity Loss: 0.005422580987215042
Epoch: 3 batch_num: 58
0: 27.25 * realizeaz
1: 13.75 * Walk
2: 11.125 * Walking
3: 9.875 * mândr
4: 9.625 * </s>
5: 8.0625 * walk
6: 7.46875 * walks
7: 6.4375 * Path
8: 5.84375 * walk
9: 4.6875 * walking
10: 4.6875 * Around
11: 4.40625 * Licensed
12: 4.125 * spot
13: 3.984375 * Madison
14: 3.578125 * Walk
15: 3.46875 * Assistant
16: 3.265625 * decizie
17: 3.265625 * adecvat
18: 2.84375 * cărui
19: 2.671875 * ST
20: 2.546875 * path
21: 2.4375 * FC
22: 2.28125 * trecută
23: 2.265625 * morning
24: 2.265625 * Pa
25: 2.140625 * cuplu
26: 2.125 * ncing
27: 2.109375 * fox
28: 2.046875 * actiuni
29: 2.03125 * FC
30: 1.90625 * IN
31: 1.84375 * Profile
32: 1.8359375 * ATION
33: 1.7265625 * bebelus
34: 1.625 * Leaving
35: 1.625 * constient
36: 1.5859375 * St
37: 1.578125 * dărui
38: 1.578125 * CR
39: 1.5078125 * Col
40: 1.4765625 * AN
41: 1.4609375 * Brown
42: 1.453125 * /
43: 1.453125 * erstellt
44: 1.4296875 * extended
45: 1.359375 * LC
46: 1.3515625 * pathway
47: 1.3203125 * freedom
48: 1.2890625 * Weekend
49: 1.25 * Walker
Total loss: 0.27267512679100037 = MSE Loss: 0.2453332096338272, 5.0 * Sparsity Loss: 0.005468383897095919
Epoch: 3 batch_num: 59
0: 27.5 * realizeaz
1: 13.625 * Walk
2: 11.1875 * Walking
3: 9.75 * mândr
4: 9.625 * </s>
5: 7.96875 * walk
6: 7.375 * walks
7: 6.375 * Path
8: 5.78125 * walk
9: 4.6875 * Around
10: 4.59375 * walking
11: 4.34375 * Licensed
12: 4.1875 * spot
13: 3.984375 * Madison
14: 3.5 * Walk
15: 3.484375 * decizie
16: 3.40625 * Assistant
17: 3.265625 * adecvat
18: 2.84375 * cărui
19: 2.671875 * ST
20: 2.625 * path
21: 2.46875 * FC
22: 2.25 * Pa
23: 2.234375 * morning
24: 2.1875 * trecută
25: 2.125 * actiuni
26: 2.125 * cuplu
27: 2.109375 * ncing
28: 2.0625 * fox
29: 2.03125 * FC
30: 1.8359375 * ATION
31: 1.796875 * Profile
32: 1.703125 * bebelus
33: 1.6953125 * IN
34: 1.65625 * CR
35: 1.6015625 * St
36: 1.578125 * constient
37: 1.5546875 * dărui
38: 1.546875 * AN
39: 1.5234375 * Leaving
40: 1.5078125 * erstellt
41: 1.4765625 * Brown
42: 1.4453125 * Col
43: 1.4140625 * extended
44: 1.3828125 * /
45: 1.3828125 * LC
46: 1.3671875 * new
47: 1.34375 * pathway
48: 1.3125 * freedom
49: 1.25 * Weekend
Total loss: 0.24994508922100067 = MSE Loss: 0.2225201278924942, 5.0 * Sparsity Loss: 0.005484991241246462
Epoch: 3 batch_num: 60
0: 27.5 * realizeaz
1: 13.5625 * Walk
2: 11.3125 * Walking
3: 9.75 * mândr
4: 9.625 * </s>
5: 7.875 * walk
6: 7.25 * walks
7: 6.3125 * Path
8: 5.71875 * walk
9: 4.625 * Around
10: 4.53125 * walking
11: 4.3125 * Licensed
12: 4.21875 * spot
13: 4.0 * Madison
14: 3.65625 * decizie
15: 3.46875 * Walk
16: 3.328125 * Assistant
17: 3.265625 * adecvat
18: 2.828125 * cărui
19: 2.71875 * ST
20: 2.65625 * path
21: 2.5 * FC
22: 2.21875 * morning
23: 2.21875 * Pa
24: 2.125 * actiuni
25: 2.109375 * cuplu
26: 2.078125 * ncing
27: 2.0625 * trecută
28: 2.03125 * FC
29: 2.015625 * fox
30: 1.84375 * ATION
31: 1.7421875 * Profile
32: 1.7421875 * CR
33: 1.6953125 * bebelus
34: 1.625 * St
35: 1.6171875 * AN
36: 1.609375 * IN
37: 1.5625 * new
38: 1.5390625 * Brown
39: 1.5390625 * erstellt
40: 1.5234375 * dărui
41: 1.5078125 * constient
42: 1.484375 * Leaving
43: 1.4140625 * LC
44: 1.40625 * /
45: 1.375 * extended
46: 1.375 * Col
47: 1.34375 * average
48: 1.3125 * pathway
49: 1.25 * Weekend
Total loss: 0.24789366126060486 = MSE Loss: 0.22067755460739136, 5.0 * Sparsity Loss: 0.005443220026791096
Epoch: 3 batch_num: 61
0: 27.625 * realizeaz
1: 13.5625 * Walk
2: 11.3125 * Walking
3: 9.6875 * mândr
4: 9.625 * </s>
5: 7.875 * walk
6: 7.21875 * walks
7: 6.28125 * Path
8: 5.71875 * walk
9: 4.59375 * Around
10: 4.5 * walking
11: 4.28125 * Licensed
12: 4.25 * spot
13: 4.03125 * Madison
14: 3.796875 * decizie
15: 3.453125 * Walk
16: 3.25 * adecvat
17: 3.234375 * Assistant
18: 2.8125 * cărui
19: 2.734375 * ST
20: 2.671875 * path
21: 2.515625 * FC
22: 2.234375 * Pa
23: 2.21875 * morning
24: 2.09375 * actiuni
25: 2.09375 * cuplu
26: 2.046875 * ncing
27: 2.03125 * FC
28: 1.984375 * trecută
29: 1.984375 * fox
30: 1.9140625 * ATION
31: 1.796875 * CR
32: 1.71875 * Profile
33: 1.71875 * new
34: 1.6796875 * AN
35: 1.671875 * bebelus
36: 1.59375 * Brown
37: 1.5703125 * St
38: 1.5390625 * erstellt
39: 1.5078125 * dărui
40: 1.5 * Leaving
41: 1.4921875 * average
42: 1.4765625 * IN
43: 1.4375 * constient
44: 1.4296875 * /
45: 1.4296875 * LC
46: 1.3515625 * extended
47: 1.2734375 * pathway
48: 1.2578125 * Col
49: 1.25 * Weekend
Total loss: 0.2363683134317398 = MSE Loss: 0.20954470336437225, 5.0 * Sparsity Loss: 0.0053647225722670555
Epoch: 3 batch_num: 62
0: 27.5 * realizeaz
1: 13.5625 * Walk
2: 11.25 * Walking
3: 9.6875 * mândr
4: 9.625 * </s>
5: 7.90625 * walk
6: 7.1875 * walks
7: 6.1875 * Path
8: 5.75 * walk
9: 4.625 * Around
10: 4.5 * walking
11: 4.3125 * Licensed
12: 4.25 * spot
13: 4.0625 * Madison
14: 3.921875 * decizie
15: 3.453125 * Walk
16: 3.265625 * adecvat
17: 3.171875 * Assistant
18: 2.796875 * cărui
19: 2.71875 * ST
20: 2.6875 * path
21: 2.53125 * FC
22: 2.25 * morning
23: 2.234375 * Pa
24: 2.078125 * actiuni
25: 2.078125 * cuplu
26: 2.046875 * ncing
27: 2.015625 * FC
28: 1.984375 * ATION
29: 1.953125 * trecută
30: 1.953125 * fox
31: 1.859375 * CR
32: 1.8359375 * new
33: 1.7421875 * AN
34: 1.703125 * Profile
35: 1.65625 * Brown
36: 1.625 * average
37: 1.6171875 * bebelus
38: 1.515625 * St
39: 1.5078125 * IN
40: 1.5078125 * erstellt
41: 1.484375 * dărui
42: 1.484375 * Leaving
43: 1.453125 * /
44: 1.4140625 * LC
45: 1.359375 * constient
46: 1.3515625 * West
47: 1.3125 * extended
48: 1.296875 * PR
49: 1.2734375 * Weekend
Total loss: 0.39390313625335693 = MSE Loss: 0.3663679361343384, 5.0 * Sparsity Loss: 0.005507039371877909
Epoch: 3 batch_num: 63
0: 27.5 * realizeaz
1: 13.5625 * Walk
2: 11.3125 * Walking
3: 9.75 * mândr
4: 9.625 * </s>
5: 7.875 * walk
6: 7.125 * walks
7: 6.125 * Path
8: 5.71875 * walk
9: 4.625 * Around
10: 4.46875 * walking
11: 4.375 * Licensed
12: 4.28125 * spot
13: 4.0625 * Madison
14: 4.0 * decizie
15: 3.4375 * Walk
16: 3.25 * adecvat
17: 3.125 * Assistant
18: 2.78125 * cărui
19: 2.71875 * ST
20: 2.6875 * path
21: 2.53125 * FC
22: 2.3125 * morning
23: 2.21875 * Pa
24: 2.078125 * ncing
25: 2.0625 * cuplu
26: 2.046875 * ATION
27: 2.046875 * actiuni
28: 1.9921875 * FC
29: 1.9296875 * fox
30: 1.9140625 * CR
31: 1.90625 * trecută
32: 1.890625 * new
33: 1.78125 * AN
34: 1.7421875 * average
35: 1.7265625 * Profile
36: 1.6796875 * Brown
37: 1.5703125 * bebelus
38: 1.5390625 * West
39: 1.4765625 * Leaving
40: 1.4765625 * erstellt
41: 1.46875 * dărui
42: 1.4140625 * IN
43: 1.3984375 * St
44: 1.3984375 * LC
45: 1.3828125 * /
46: 1.34375 * PR
47: 1.3046875 * Weekend
48: 1.2734375 * constient
49: 1.2578125 * extended
Total loss: 0.24979551136493683 = MSE Loss: 0.22289691865444183, 5.0 * Sparsity Loss: 0.0053797196596860886
Epoch: 3 batch_num: 64
0: 27.5 * realizeaz
1: 13.4375 * Walk
2: 11.3125 * Walking
3: 9.8125 * mândr
4: 9.625 * </s>
5: 7.75 * walk
6: 7.03125 * walks
7: 6.09375 * Path
8: 5.65625 * walk
9: 4.625 * Around
10: 4.4375 * spot
11: 4.4375 * Licensed
12: 4.375 * walking
13: 4.0625 * Madison
14: 4.0625 * decizie
15: 3.421875 * Walk
16: 3.234375 * adecvat
17: 3.078125 * Assistant
18: 2.765625 * cărui
19: 2.71875 * ST
20: 2.65625 * path
21: 2.53125 * FC
22: 2.390625 * morning
23: 2.1875 * Pa
24: 2.109375 * ATION
25: 2.109375 * ncing
26: 2.046875 * cuplu
27: 1.9921875 * actiuni
28: 1.984375 * FC
29: 1.984375 * CR
30: 1.9140625 * new
31: 1.90625 * trecută
32: 1.90625 * fox
33: 1.84375 * average
34: 1.7890625 * AN
35: 1.7421875 * Profile
36: 1.6796875 * Brown
37: 1.6796875 * West
38: 1.515625 * bebelus
39: 1.453125 * dărui
40: 1.453125 * Leaving
41: 1.4296875 * erstellt
42: 1.4140625 * PR
43: 1.390625 * LC
44: 1.375 * IN
45: 1.3359375 * Weekend
46: 1.3359375 * DB
47: 1.3125 * /
48: 1.2890625 * St
49: 1.25 * Strip
Total loss: 0.21991394460201263 = MSE Loss: 0.19305536150932312, 5.0 * Sparsity Loss: 0.005371716804802418
Epoch: 3 batch_num: 65
0: 27.5 * realizeaz
1: 13.375 * Walk
2: 11.3125 * Walking
3: 9.8125 * mândr
4: 9.625 * </s>
5: 7.625 * walk
6: 6.90625 * walks
7: 6.03125 * Path
8: 5.625 * walk
9: 4.59375 * Around
10: 4.5625 * spot
11: 4.46875 * Licensed
12: 4.3125 * walking
13: 4.125 * decizie
14: 4.09375 * Madison
15: 3.421875 * Walk
16: 3.21875 * adecvat
17: 3.0 * Assistant
18: 2.78125 * ST
19: 2.75 * cărui
20: 2.640625 * path
21: 2.53125 * FC
22: 2.484375 * morning
23: 2.15625 * Pa
24: 2.109375 * ATION
25: 2.078125 * ncing
26: 2.046875 * CR
27: 2.015625 * cuplu
28: 1.984375 * FC
29: 1.9375 * new
30: 1.921875 * average
31: 1.890625 * fox
32: 1.8828125 * actiuni
33: 1.8828125 * trecută
34: 1.8203125 * West
35: 1.7890625 * AN
36: 1.765625 * Profile
37: 1.65625 * Brown
38: 1.4921875 * Leaving
39: 1.484375 * PR
40: 1.46875 * bebelus
41: 1.453125 * dărui
42: 1.4140625 * LC
43: 1.3984375 * Weekend
44: 1.3984375 * erstellt
45: 1.390625 * animal
46: 1.390625 * IN
47: 1.3828125 * DB
48: 1.2578125 * /
49: 1.2421875 * Strip
Total loss: 0.25417035818099976 = MSE Loss: 0.22730515897274017, 5.0 * Sparsity Loss: 0.005373041145503521
Epoch: 3 batch_num: 66
0: 27.375 * realizeaz
1: 13.3125 * Walk
2: 11.375 * Walking
3: 9.8125 * mândr
4: 9.625 * </s>
5: 7.5 * walk
6: 6.84375 * walks
7: 5.96875 * Path
8: 5.59375 * walk
9: 4.59375 * spot
10: 4.5625 * Around
11: 4.46875 * Licensed
12: 4.25 * walking
13: 4.15625 * decizie
14: 4.09375 * Madison
15: 3.390625 * Walk
16: 3.203125 * adecvat
17: 2.9375 * Assistant
18: 2.875 * ST
19: 2.75 * cărui
20: 2.65625 * path
21: 2.53125 * morning
22: 2.515625 * FC
23: 2.125 * Pa
24: 2.109375 * CR
25: 2.0625 * ATION
26: 2.046875 * ncing
27: 2.0 * cuplu
28: 1.9921875 * new
29: 1.9921875 * average
30: 1.984375 * FC
31: 1.921875 * West
32: 1.8828125 * trecută
33: 1.8828125 * fox
34: 1.8046875 * AN
35: 1.7890625 * Profile
36: 1.7890625 * actiuni
37: 1.578125 * Brown
38: 1.546875 * PR
39: 1.4921875 * animal
40: 1.4921875 * Leaving
41: 1.4921875 * IN
42: 1.453125 * Weekend
43: 1.453125 * dărui
44: 1.4296875 * bebelus
45: 1.4296875 * LC
46: 1.421875 * DB
47: 1.359375 * erstellt
48: 1.2578125 * running
49: 1.25 * /
Total loss: 0.3482678532600403 = MSE Loss: 0.3219110369682312, 5.0 * Sparsity Loss: 0.005271365866065025
Epoch: 3 batch_num: 67
0: 27.25 * realizeaz
1: 13.25 * Walk
2: 11.4375 * Walking
3: 9.8125 * mândr
4: 9.625 * </s>
5: 7.375 * walk
6: 6.71875 * walks
7: 5.90625 * Path
8: 5.5625 * walk
9: 4.59375 * spot
10: 4.46875 * Around
11: 4.46875 * Licensed
12: 4.1875 * walking
13: 4.1875 * decizie
14: 4.09375 * Madison
15: 3.34375 * Walk
16: 3.1875 * adecvat
17: 3.0 * ST
18: 2.890625 * Assistant
19: 2.75 * cărui
20: 2.734375 * path
21: 2.546875 * morning
22: 2.515625 * FC
23: 2.15625 * West
24: 2.15625 * CR
25: 2.109375 * Pa
26: 2.078125 * average
27: 2.03125 * new
28: 2.015625 * ATION
29: 2.015625 * ncing
30: 1.9921875 * FC
31: 1.96875 * cuplu
32: 1.8828125 * trecută
33: 1.875 * fox
34: 1.8515625 * Profile
35: 1.8125 * AN
36: 1.71875 * actiuni
37: 1.6171875 * PR
38: 1.578125 * IN
39: 1.5546875 * animal
40: 1.5 * Weekend
41: 1.4765625 * Brown
42: 1.453125 * LC
43: 1.4453125 * dărui
44: 1.4453125 * DB
45: 1.421875 * Leaving
46: 1.4140625 * running
47: 1.390625 * bebelus
48: 1.3671875 * ements
49: 1.328125 * erstellt
Total loss: 0.20284029841423035 = MSE Loss: 0.17622730135917664, 5.0 * Sparsity Loss: 0.005322597920894623
Epoch: 3 batch_num: 68
0: 27.25 * realizeaz
1: 13.1875 * Walk
2: 11.5 * Walking
3: 9.75 * mândr
4: 9.6875 * </s>
5: 7.25 * walk
6: 6.625 * walks
7: 5.90625 * Path
8: 5.53125 * walk
9: 4.625 * spot
10: 4.5 * Licensed
11: 4.40625 * Around
12: 4.21875 * decizie
13: 4.09375 * walking
14: 4.09375 * Madison
15: 3.28125 * Walk
16: 3.15625 * adecvat
17: 3.109375 * ST
18: 2.875 * Assistant
19: 2.765625 * cărui
20: 2.75 * path
21: 2.59375 * morning
22: 2.484375 * FC
23: 2.34375 * West
24: 2.1875 * CR
25: 2.171875 * average
26: 2.109375 * Pa
27: 2.015625 * new
28: 1.984375 * FC
29: 1.953125 * ncing
30: 1.9296875 * cuplu
31: 1.890625 * Profile
32: 1.875 * ATION
33: 1.875 * fox
34: 1.8359375 * trecută
35: 1.8046875 * AN
36: 1.6796875 * PR
37: 1.6484375 * actiuni
38: 1.640625 * IN
39: 1.609375 * animal
40: 1.53125 * Weekend
41: 1.4765625 * running
42: 1.46875 * ements
43: 1.4453125 * LC
44: 1.4375 * dărui
45: 1.421875 * DB
46: 1.375 * Leaving
47: 1.3671875 * Brown
48: 1.3359375 * Summer
49: 1.328125 * bebelus
Total loss: 0.21151384711265564 = MSE Loss: 0.18513207137584686, 5.0 * Sparsity Loss: 0.005276354029774666
Epoch: 3 batch_num: 69
0: 27.25 * realizeaz
1: 13.125 * Walk
2: 11.5625 * Walking
3: 9.75 * mândr
4: 9.6875 * </s>
5: 7.09375 * walk
6: 6.46875 * walks
7: 5.96875 * Path
8: 5.5 * walk
9: 4.65625 * spot
10: 4.5 * Licensed
11: 4.375 * Around
12: 4.21875 * decizie
13: 4.09375 * Madison
14: 3.984375 * walking
15: 3.21875 * Walk
16: 3.21875 * ST
17: 3.140625 * adecvat
18: 2.875 * Assistant
19: 2.78125 * cărui
20: 2.65625 * path
21: 2.578125 * morning
22: 2.546875 * West
23: 2.40625 * FC
24: 2.25 * average
25: 2.203125 * CR
26: 2.125 * Pa
27: 1.984375 * new
28: 1.96875 * FC
29: 1.9140625 * Profile
30: 1.8828125 * fox
31: 1.859375 * ncing
32: 1.8515625 * cuplu
33: 1.84375 * trecută
34: 1.7578125 * AN
35: 1.7421875 * ATION
36: 1.7421875 * PR
37: 1.609375 * animal
38: 1.5703125 * actiuni
39: 1.546875 * Weekend
40: 1.546875 * IN
41: 1.53125 * ements
42: 1.5234375 * running
43: 1.4375 * LC
44: 1.4140625 * dărui
45: 1.3828125 * DB
46: 1.3671875 * Leaving
47: 1.34375 * mo
48: 1.2734375 * intention
49: 1.265625 * Summer
Total loss: 0.3399971127510071 = MSE Loss: 0.3138425946235657, 5.0 * Sparsity Loss: 0.005230904556810856
Epoch: 3 batch_num: 70
0: 27.125 * realizeaz
1: 13.0625 * Walk
2: 11.625 * Walking
3: 9.6875 * </s>
4: 9.6875 * mândr
5: 6.96875 * walk
6: 6.375 * walks
7: 6.0 * Path
8: 5.46875 * walk
9: 4.6875 * spot
10: 4.46875 * Licensed
11: 4.34375 * Around
12: 4.21875 * decizie
13: 4.09375 * Madison
14: 3.90625 * walking
15: 3.34375 * ST
16: 3.15625 * Walk
17: 3.125 * adecvat
18: 2.859375 * Assistant
19: 2.828125 * West
20: 2.796875 * cărui
21: 2.59375 * path
22: 2.5625 * morning
23: 2.34375 * FC
24: 2.328125 * average
25: 2.1875 * CR
26: 2.140625 * Pa
27: 1.953125 * FC
28: 1.921875 * new
29: 1.90625 * Profile
30: 1.90625 * fox
31: 1.8515625 * trecută
32: 1.8203125 * PR
33: 1.78125 * ncing
34: 1.78125 * cuplu
35: 1.7109375 * AN
36: 1.703125 * ATION
37: 1.59375 * animal
38: 1.5546875 * Weekend
39: 1.546875 * ements
40: 1.484375 * actiuni
41: 1.46875 * running
42: 1.453125 * mo
43: 1.4453125 * IN
44: 1.40625 * LC
45: 1.375 * Leaving
46: 1.3671875 * dărui
47: 1.3359375 * DB
48: 1.328125 * intention
49: 1.2734375 * spots
Total loss: 0.21338815987110138 = MSE Loss: 0.18726053833961487, 5.0 * Sparsity Loss: 0.005225524306297302
Epoch: 3 batch_num: 71
0: 27.25 * realizeaz
1: 13.0 * Walk
2: 11.6875 * Walking
3: 9.6875 * </s>
4: 9.625 * mândr
5: 6.875 * walk
6: 6.28125 * walks
7: 6.0625 * Path
8: 5.375 * walk
9: 4.71875 * spot
10: 4.40625 * Licensed
11: 4.28125 * Around
12: 4.25 * decizie
13: 4.09375 * Madison
14: 3.859375 * walking
15: 3.40625 * ST
16: 3.109375 * Walk
17: 3.109375 * adecvat
18: 3.0625 * West
19: 2.859375 * Assistant
20: 2.78125 * cărui
21: 2.5625 * morning
22: 2.53125 * path
23: 2.390625 * average
24: 2.3125 * FC
25: 2.1875 * CR
26: 2.15625 * Pa
27: 1.921875 * fox
28: 1.921875 * FC
29: 1.8828125 * PR
30: 1.875 * Profile
31: 1.84375 * new
32: 1.828125 * trecută
33: 1.734375 * cuplu
34: 1.6953125 * ncing
35: 1.6875 * ATION
36: 1.6796875 * AN
37: 1.5859375 * animal
38: 1.578125 * ements
39: 1.53125 * mo
40: 1.53125 * Weekend
41: 1.4609375 * dogs
42: 1.4453125 * actiuni
43: 1.40625 * running
44: 1.3828125 * west
45: 1.3828125 * LC
46: 1.375 * stretch
47: 1.359375 * Leaving
48: 1.3515625 * intention
49: 1.34375 * spots
Total loss: 0.34990549087524414 = MSE Loss: 0.32343608140945435, 5.0 * Sparsity Loss: 0.005293879192322493
Epoch: 3 batch_num: 72
0: 27.25 * realizeaz
1: 12.6875 * Walk
2: 11.8125 * Walking
3: 9.75 * </s>
4: 9.625 * mândr
5: 6.5 * walk
6: 6.1875 * Path
7: 5.9375 * walks
8: 5.15625 * walk
9: 4.78125 * spot
10: 4.375 * Licensed
11: 4.25 * Around
12: 4.21875 * decizie
13: 4.0625 * Madison
14: 3.609375 * walking
15: 3.5 * ST
16: 3.25 * West
17: 3.078125 * adecvat
18: 2.9375 * Walk
19: 2.875 * Assistant
20: 2.796875 * cărui
21: 2.484375 * morning
22: 2.484375 * average
23: 2.390625 * path
24: 2.296875 * FC
25: 2.1875 * Pa
26: 2.171875 * CR
27: 1.9765625 * PR
28: 1.9453125 * fox
29: 1.9140625 * FC
30: 1.84375 * Profile
31: 1.8046875 * new
32: 1.7890625 * trecută
33: 1.6875 * ATION
34: 1.6640625 * ements
35: 1.6640625 * cuplu
36: 1.6484375 * AN
37: 1.6328125 * dogs
38: 1.625 * ncing
39: 1.6015625 * animal
40: 1.59375 * mo
41: 1.5625 * west
42: 1.5234375 * Weekend
43: 1.4609375 * stretch
44: 1.3984375 * spots
45: 1.375 * running
46: 1.375 * actiuni
47: 1.375 * Leaving
48: 1.375 * LC
49: 1.34375 * intention
Total loss: 0.2829849421977997 = MSE Loss: 0.25652024149894714, 5.0 * Sparsity Loss: 0.005292942747473717
Epoch: 3 batch_num: 73
0: 27.25 * realizeaz
1: 12.4375 * Walk
2: 11.9375 * Walking
3: 9.6875 * </s>
4: 9.6875 * mândr
5: 6.3125 * Path
6: 6.1875 * walk
7: 5.625 * walks
8: 4.96875 * walk
9: 4.8125 * spot
10: 4.3125 * Licensed
11: 4.25 * Around
12: 4.21875 * decizie
13: 4.0625 * Madison
14: 3.546875 * ST
15: 3.421875 * walking
16: 3.296875 * West
17: 3.046875 * adecvat
18: 2.875 * Assistant
19: 2.8125 * Walk
20: 2.78125 * cărui
21: 2.5625 * average
22: 2.421875 * morning
23: 2.265625 * path
24: 2.25 * FC
25: 2.1875 * Pa
26: 2.15625 * CR
27: 2.03125 * PR
28: 1.953125 * fox
29: 1.8828125 * FC
30: 1.8203125 * dogs
31: 1.796875 * new
32: 1.78125 * Profile
33: 1.75 * trecută
34: 1.7265625 * ements
35: 1.6640625 * ATION
36: 1.65625 * west
37: 1.640625 * AN
38: 1.625 * cuplu
39: 1.6171875 * size
40: 1.6015625 * mo
41: 1.5859375 * animal
42: 1.5546875 * stretch
43: 1.5546875 * ncing
44: 1.5 * Weekend
45: 1.4765625 * spots
46: 1.3828125 * Leaving
47: 1.375 * LC
48: 1.3671875 * running
49: 1.328125 * intention
Total loss: 0.1724645495414734 = MSE Loss: 0.1459347903728485, 5.0 * Sparsity Loss: 0.005305951461195946
Epoch: 3 batch_num: 74
0: 27.25 * realizeaz
1: 12.25 * Walk
2: 12.0 * Walking
3: 9.75 * mândr
4: 9.6875 * </s>
5: 6.4375 * Path
6: 5.9375 * walk
7: 5.34375 * walks
8: 4.84375 * spot
9: 4.8125 * walk
10: 4.25 * Around
11: 4.25 * Licensed
12: 4.21875 * decizie
13: 4.09375 * Madison
14: 3.625 * ST
15: 3.40625 * West
16: 3.21875 * walking
17: 3.03125 * adecvat
18: 2.890625 * Assistant
19: 2.765625 * cărui
20: 2.6875 * Walk
21: 2.640625 * average
22: 2.359375 * morning
23: 2.25 * FC
24: 2.203125 * Pa
25: 2.171875 * path
26: 2.171875 * CR
27: 2.125 * PR
28: 1.9609375 * fox
29: 1.890625 * dogs
30: 1.875 * FC
31: 1.8125 * new
32: 1.8046875 * size
33: 1.7890625 * ements
34: 1.765625 * west
35: 1.734375 * trecută
36: 1.7265625 * Profile
37: 1.6796875 * ATION
38: 1.6484375 * stretch
39: 1.640625 * AN
40: 1.6328125 * mo
41: 1.5859375 * animal
42: 1.5703125 * cuplu
43: 1.5078125 * spots
44: 1.4921875 * ncing
45: 1.4609375 * Weekend
46: 1.421875 * On
47: 1.390625 * Leaving
48: 1.375 * running
49: 1.375 * LC
Total loss: 0.2515955865383148 = MSE Loss: 0.22403721511363983, 5.0 * Sparsity Loss: 0.005511673167347908
Epoch: 3 batch_num: 75
0: 27.25 * realizeaz
1: 12.125 * Walk
2: 12.0625 * Walking
3: 9.875 * mândr
4: 9.6875 * </s>
5: 6.53125 * Path
6: 5.78125 * walk
7: 5.15625 * walks
8: 4.84375 * spot
9: 4.65625 * walk
10: 4.25 * Around
11: 4.21875 * Licensed
12: 4.1875 * decizie
13: 4.125 * Madison
14: 3.703125 * ST
15: 3.546875 * West
16: 3.078125 * walking
17: 3.03125 * adecvat
18: 2.90625 * Assistant
19: 2.765625 * cărui
20: 2.703125 * average
21: 2.59375 * Walk
22: 2.359375 * morning
23: 2.234375 * FC
24: 2.1875 * Pa
25: 2.171875 * PR
26: 2.171875 * CR
27: 2.046875 * path
28: 1.9609375 * fox
29: 1.90625 * size
30: 1.8984375 * dogs
31: 1.8984375 * west
32: 1.8671875 * FC
33: 1.8046875 * ements
34: 1.796875 * new
35: 1.734375 * stretch
36: 1.7109375 * ATION
37: 1.6796875 * mo
38: 1.671875 * Profile
39: 1.65625 * trecută
40: 1.640625 * AN
41: 1.59375 * On
42: 1.5703125 * animal
43: 1.53125 * spots
44: 1.5234375 * Summer
45: 1.5234375 * cuplu
46: 1.46875 * Weekend
47: 1.4609375 * ncing
48: 1.4453125 * ST
49: 1.390625 * Leaving
Total loss: 0.34377411007881165 = MSE Loss: 0.31637832522392273, 5.0 * Sparsity Loss: 0.005479156505316496
Epoch: 3 batch_num: 76
0: 27.25 * realizeaz
1: 12.1875 * Walking
2: 11.9375 * Walk
3: 9.9375 * mândr
4: 9.6875 * </s>
5: 6.59375 * Path
6: 5.59375 * walk
7: 4.9375 * walks
8: 4.8125 * spot
9: 4.46875 * walk
10: 4.25 * Around
11: 4.1875 * decizie
12: 4.15625 * Licensed
13: 4.125 * Madison
14: 3.75 * ST
15: 3.71875 * West
16: 3.015625 * adecvat
17: 2.9375 * Assistant
18: 2.90625 * walking
19: 2.78125 * average
20: 2.734375 * cărui
21: 2.484375 * Walk
22: 2.34375 * morning
23: 2.234375 * FC
24: 2.203125 * PR
25: 2.203125 * CR
26: 2.171875 * Pa
27: 2.03125 * west
28: 1.9765625 * path
29: 1.953125 * fox
30: 1.921875 * dogs
31: 1.9140625 * size
32: 1.84375 * FC
33: 1.8046875 * new
34: 1.796875 * ements
35: 1.7734375 * ATION
36: 1.7734375 * stretch
37: 1.734375 * mo
38: 1.7109375 * On
39: 1.65625 * AN
40: 1.640625 * Summer
41: 1.5703125 * Profile
42: 1.5703125 * spots
43: 1.5625 * trecută
44: 1.515625 * animal
45: 1.515625 * ST
46: 1.4765625 * cuplu
47: 1.4609375 * ncing
48: 1.4375 * Weekend
49: 1.3828125 * Leaving
Total loss: 0.2991306781768799 = MSE Loss: 0.2725929021835327, 5.0 * Sparsity Loss: 0.005307557061314583
Epoch: 3 batch_num: 77
0: 27.25 * realizeaz
1: 12.1875 * Walking
2: 11.875 * Walk
3: 10.0 * mândr
4: 9.6875 * </s>
5: 6.625 * Path
6: 5.46875 * walk
7: 4.78125 * spot
8: 4.75 * walks
9: 4.375 * walk
10: 4.21875 * Around
11: 4.1875 * decizie
12: 4.125 * Madison
13: 4.09375 * Licensed
14: 3.859375 * West
15: 3.796875 * ST
16: 3.0 * adecvat
17: 2.96875 * Assistant
18: 2.828125 * average
19: 2.78125 * walking
20: 2.703125 * cărui
21: 2.421875 * Walk
22: 2.28125 * morning
23: 2.25 * FC
24: 2.21875 * PR
25: 2.203125 * CR
26: 2.140625 * Pa
27: 2.109375 * west
28: 1.9296875 * fox
29: 1.921875 * size
30: 1.90625 * path
31: 1.8828125 * ATION
32: 1.84375 * FC
33: 1.828125 * dogs
34: 1.8046875 * new
35: 1.7890625 * On
36: 1.7734375 * mo
37: 1.7734375 * stretch
38: 1.765625 * ements
39: 1.734375 * Summer
40: 1.703125 * AN
41: 1.59375 * spots
42: 1.5625 * ST
43: 1.5390625 * Profile
44: 1.46875 * ncing
45: 1.4453125 * trecută
46: 1.421875 * animal
47: 1.40625 * cuplu
48: 1.390625 * Weekend
49: 1.3828125 * Leaving
Total loss: 0.42431679368019104 = MSE Loss: 0.39825960993766785, 5.0 * Sparsity Loss: 0.005211436655372381
Epoch: 3 batch_num: 78
0: 27.25 * realizeaz
1: 12.1875 * Walking
2: 11.8125 * Walk
3: 10.0 * mândr
4: 9.625 * </s>
5: 6.6875 * Path
6: 5.375 * walk
7: 4.75 * spot
8: 4.625 * walks
9: 4.28125 * walk
10: 4.21875 * Around
11: 4.21875 * decizie
12: 4.125 * Madison
13: 4.0625 * Licensed
14: 3.96875 * West
15: 3.796875 * ST
16: 3.015625 * adecvat
17: 3.0 * Assistant
18: 2.890625 * average
19: 2.671875 * walking
20: 2.65625 * cărui
21: 2.375 * Walk
22: 2.234375 * FC
23: 2.21875 * PR
24: 2.21875 * morning
25: 2.203125 * CR
26: 2.1875 * west
27: 2.09375 * Pa
28: 1.953125 * ATION
29: 1.9375 * size
30: 1.90625 * fox
31: 1.8671875 * On
32: 1.8515625 * Summer
33: 1.828125 * path
34: 1.828125 * FC
35: 1.8203125 * mo
36: 1.7890625 * stretch
37: 1.78125 * new
38: 1.75 * dogs
39: 1.75 * AN
40: 1.71875 * ements
41: 1.625 * spots
42: 1.5390625 * ST
43: 1.5078125 * Profile
44: 1.4375 * ncing
45: 1.3984375 * Leaving
46: 1.3984375 * New
47: 1.3671875 * PT
48: 1.3515625 * begging
49: 1.3359375 * Weekend
Total loss: 0.27459269762039185 = MSE Loss: 0.24807208776474, 5.0 * Sparsity Loss: 0.005304120481014252
Epoch: 3 batch_num: 79
0: 27.25 * realizeaz
1: 12.1875 * Walking
2: 11.6875 * Walk
3: 10.0625 * mândr
4: 9.625 * </s>
5: 6.6875 * Path
6: 5.3125 * walk
7: 4.71875 * spot
8: 4.5 * walks
9: 4.28125 * Around
10: 4.21875 * walk
11: 4.21875 * decizie
12: 4.125 * Madison
13: 4.03125 * Licensed
14: 3.953125 * West
15: 3.8125 * ST
16: 3.046875 * Assistant
17: 3.015625 * adecvat
18: 2.921875 * average
19: 2.625 * cărui
20: 2.59375 * walking
21: 2.328125 * Walk
22: 2.25 * FC
23: 2.21875 * PR
24: 2.21875 * CR
25: 2.203125 * west
26: 2.109375 * morning
27: 2.0625 * Pa
28: 2.015625 * On
29: 1.984375 * ATION
30: 1.921875 * size
31: 1.8828125 * Summer
32: 1.875 * fox
33: 1.859375 * mo
34: 1.828125 * FC
35: 1.8046875 * new
36: 1.78125 * stretch
37: 1.78125 * AN
38: 1.7734375 * path
39: 1.671875 * ements
40: 1.65625 * spots
41: 1.625 * dogs
42: 1.53125 * ST
43: 1.4921875 * Profile
44: 1.40625 * ncing
45: 1.390625 * New
46: 1.3828125 * PT
47: 1.359375 * Leaving
48: 1.3359375 * begging
49: 1.296875 * west
Total loss: 0.2327529639005661 = MSE Loss: 0.20632515847682953, 5.0 * Sparsity Loss: 0.00528556015342474
Epoch: 3 batch_num: 80
0: 27.25 * realizeaz
1: 12.1875 * Walking
2: 11.625 * Walk
3: 10.0625 * mândr
4: 9.625 * </s>
5: 6.71875 * Path
6: 5.28125 * walk
7: 4.6875 * spot
8: 4.40625 * walks
9: 4.34375 * Around
10: 4.21875 * decizie
11: 4.15625 * walk
12: 4.125 * Madison
13: 4.03125 * Licensed
14: 3.9375 * West
15: 3.78125 * ST
16: 3.0625 * Assistant
17: 3.0 * adecvat
18: 2.96875 * average
19: 2.59375 * cărui
20: 2.515625 * walking
21: 2.28125 * Walk
22: 2.265625 * FC
23: 2.234375 * PR
24: 2.21875 * CR
25: 2.203125 * west
26: 2.140625 * On
27: 2.046875 * Pa
28: 2.03125 * ATION
29: 2.03125 * morning
30: 1.921875 * size
31: 1.9140625 * mo
32: 1.8984375 * Summer
33: 1.859375 * fox
34: 1.828125 * new
35: 1.828125 * FC
36: 1.8203125 * AN
37: 1.7734375 * stretch
38: 1.7265625 * path
39: 1.65625 * spots
40: 1.609375 * ements
41: 1.4921875 * ST
42: 1.4765625 * Profile
43: 1.46875 * dogs
44: 1.3828125 * ncing
45: 1.3828125 * PT
46: 1.359375 * begging
47: 1.34375 * New
48: 1.34375 * clădiri
49: 1.328125 * Pitt
Total loss: 0.3759572505950928 = MSE Loss: 0.34966203570365906, 5.0 * Sparsity Loss: 0.005259043537080288
Epoch: 3 batch_num: 81
0: 27.0 * realizeaz
1: 12.3125 * Walking
2: 11.375 * Walk
3: 10.125 * mândr
4: 9.75 * </s>
5: 6.84375 * Path
6: 5.03125 * walk
7: 4.75 * spot
8: 4.40625 * Around
9: 4.21875 * decizie
10: 4.15625 * Madison
11: 4.15625 * West
12: 4.125 * walks
13: 4.03125 * Licensed
14: 4.0 * walk
15: 3.828125 * ST
16: 3.015625 * Assistant
17: 3.0 * average
18: 3.0 * adecvat
19: 2.5625 * cărui
20: 2.390625 * west
21: 2.34375 * walking
22: 2.296875 * PR
23: 2.28125 * FC
24: 2.234375 * Walk
25: 2.203125 * CR
26: 2.109375 * On
27: 2.0625 * morning
28: 2.03125 * ATION
29: 2.015625 * Pa
30: 1.9453125 * mo
31: 1.9296875 * Summer
32: 1.9296875 * size
33: 1.84375 * fox
34: 1.84375 * FC
35: 1.796875 * new
36: 1.78125 * AN
37: 1.75 * spots
38: 1.7421875 * stretch
39: 1.6484375 * begging
40: 1.5546875 * path
41: 1.5390625 * ST
42: 1.515625 * clădiri
43: 1.46875 * PD
44: 1.4609375 * Profile
45: 1.453125 * ements
46: 1.40625 * PT
47: 1.3984375 * dogs
48: 1.3984375 * west
49: 1.3984375 * DB
Total loss: 0.2513396739959717 = MSE Loss: 0.225040003657341, 5.0 * Sparsity Loss: 0.005259932950139046
Epoch: 3 batch_num: 82
0: 26.875 * realizeaz
1: 12.375 * Walking
2: 11.25 * Walk
3: 10.1875 * mândr
4: 9.875 * </s>
5: 6.875 * Path
6: 4.90625 * walk
7: 4.75 * spot
8: 4.4375 * Around
9: 4.25 * West
10: 4.21875 * decizie
11: 4.1875 * Madison
12: 4.03125 * Licensed
13: 3.9375 * walks
14: 3.90625 * walk
15: 3.90625 * ST
16: 3.046875 * average
17: 3.015625 * adecvat
18: 2.953125 * Assistant
19: 2.53125 * west
20: 2.53125 * cărui
21: 2.375 * PR
22: 2.265625 * FC
23: 2.21875 * walking
24: 2.21875 * Walk
25: 2.21875 * CR
26: 2.109375 * morning
27: 2.09375 * On
28: 2.046875 * ATION
29: 2.03125 * PD
30: 2.015625 * Pa
31: 1.984375 * mo
32: 1.984375 * size
33: 1.9765625 * Summer
34: 1.8671875 * begging
35: 1.8515625 * FC
36: 1.828125 * fox
37: 1.8046875 * spots
38: 1.7890625 * stretch
39: 1.7578125 * AN
40: 1.7265625 * new
41: 1.6953125 * clădiri
42: 1.6171875 * DB
43: 1.609375 * ST
44: 1.4765625 * west
45: 1.46875 * Profile
46: 1.46875 * path
47: 1.40625 * PT
48: 1.3984375 * staffed
49: 1.3984375 * New
Total loss: 0.3923860788345337 = MSE Loss: 0.365736722946167, 5.0 * Sparsity Loss: 0.0053298743441700935
Epoch: 3 batch_num: 83
0: 26.75 * realizeaz
1: 12.5 * Walking
2: 11.1875 * Walk
3: 10.1875 * mândr
4: 9.9375 * </s>
5: 6.90625 * Path
6: 4.84375 * walk
7: 4.6875 * spot
8: 4.5 * Around
9: 4.3125 * West
10: 4.21875 * Madison
11: 4.21875 * decizie
12: 4.0625 * Licensed
13: 3.96875 * ST
14: 3.84375 * walk
15: 3.8125 * walks
16: 3.078125 * average
17: 3.03125 * adecvat
18: 2.875 * Assistant
19: 2.609375 * west
20: 2.515625 * cărui
21: 2.484375 * PD
22: 2.4375 * PR
23: 2.234375 * FC
24: 2.21875 * CR
25: 2.203125 * Walk
26: 2.125 * morning
27: 2.109375 * walking
28: 2.109375 * On
29: 2.0625 * size
30: 2.046875 * ATION
31: 2.03125 * mo
32: 2.03125 * begging
33: 2.015625 * Pa
34: 1.9921875 * Summer
35: 1.8515625 * FC
36: 1.8515625 * clădiri
37: 1.8359375 * spots
38: 1.828125 * stretch
39: 1.8125 * fox
40: 1.7734375 * DB
41: 1.7265625 * AN
42: 1.6640625 * new
43: 1.609375 * ST
44: 1.5390625 * west
45: 1.4921875 * Profile
46: 1.4921875 * BS
47: 1.4375 * staffed
48: 1.4375 * trecută
49: 1.421875 * New
Total loss: 0.20143014192581177 = MSE Loss: 0.174237921833992, 5.0 * Sparsity Loss: 0.005438444670289755
Epoch: 3 batch_num: 84
0: 26.5 * realizeaz
1: 12.625 * Walking
2: 11.0 * Walk
3: 10.25 * mândr
4: 10.0 * </s>
5: 6.96875 * Path
6: 4.71875 * spot
7: 4.6875 * walk
8: 4.53125 * Around
9: 4.28125 * West
10: 4.21875 * decizie
11: 4.1875 * Madison
12: 4.0625 * Licensed
13: 3.9375 * ST
14: 3.734375 * walk
15: 3.640625 * walks
16: 3.09375 * average
17: 3.015625 * adecvat
18: 2.84375 * PD
19: 2.8125 * Assistant
20: 2.625 * west
21: 2.484375 * cărui
22: 2.453125 * PR
23: 2.203125 * begging
24: 2.1875 * CR
25: 2.171875 * FC
26: 2.15625 * Walk
27: 2.140625 * size
28: 2.109375 * morning
29: 2.109375 * On
30: 2.0625 * mo
31: 2.03125 * ATION
32: 2.0 * Pa
33: 1.984375 * Summer
34: 1.984375 * clădiri
35: 1.9453125 * walking
36: 1.875 * spots
37: 1.8671875 * DB
38: 1.828125 * stretch
39: 1.828125 * FC
40: 1.796875 * fox
41: 1.6953125 * AN
42: 1.625 * new
43: 1.5859375 * BS
44: 1.578125 * west
45: 1.515625 * Profile
46: 1.5078125 * Animal
47: 1.4921875 * trecută
48: 1.4921875 * ST
49: 1.4609375 * PT
Total loss: 0.18144090473651886 = MSE Loss: 0.1537974625825882, 5.0 * Sparsity Loss: 0.005528687499463558
Epoch: 3 batch_num: 85
0: 26.375 * realizeaz
1: 12.75 * Walking
2: 10.875 * Walk
3: 10.25 * mândr
4: 10.0625 * </s>
5: 7.03125 * Path
6: 4.75 * spot
7: 4.59375 * Around
8: 4.53125 * walk
9: 4.25 * decizie
10: 4.1875 * Madison
11: 4.1875 * West
12: 4.09375 * Licensed
13: 3.90625 * ST
14: 3.625 * walk
15: 3.46875 * walks
16: 3.09375 * PD
17: 3.09375 * average
18: 3.0 * adecvat
19: 2.765625 * Assistant
20: 2.609375 * west
21: 2.484375 * cărui
22: 2.453125 * PR
23: 2.375 * begging
24: 2.15625 * size
25: 2.140625 * CR
26: 2.125 * Walk
27: 2.125 * FC
28: 2.09375 * clădiri
29: 2.0625 * mo
30: 2.0625 * morning
31: 2.0625 * On
32: 2.0 * ATION
33: 1.984375 * Pa
34: 1.984375 * Summer
35: 1.921875 * spots
36: 1.921875 * DB
37: 1.8125 * FC
38: 1.796875 * stretch
39: 1.78125 * walking
40: 1.765625 * fox
41: 1.6953125 * AN
42: 1.6875 * Animal
43: 1.6640625 * BS
44: 1.625 * new
45: 1.59375 * west
46: 1.546875 * Bark
47: 1.5234375 * trecută
48: 1.515625 * Profile
49: 1.5 * PT
Total loss: 0.36698320508003235 = MSE Loss: 0.3395859897136688, 5.0 * Sparsity Loss: 0.005479444283992052
Epoch: 3 batch_num: 86
0: 26.25 * realizeaz
1: 12.875 * Walking
2: 10.875 * Walk
3: 10.1875 * mândr
4: 10.0625 * </s>
5: 7.0625 * Path
6: 4.78125 * spot
7: 4.65625 * Around
8: 4.5625 * walk
9: 4.28125 * decizie
10: 4.15625 * Madison
11: 4.09375 * Licensed
12: 4.03125 * West
13: 3.8125 * ST
14: 3.5625 * walk
15: 3.4375 * walks
16: 3.203125 * PD
17: 3.109375 * average
18: 2.953125 * adecvat
19: 2.6875 * Assistant
20: 2.53125 * west
21: 2.453125 * begging
22: 2.453125 * cărui
23: 2.4375 * PR
24: 2.1875 * clădiri
25: 2.125 * size
26: 2.109375 * Walk
27: 2.078125 * mo
28: 2.078125 * FC
29: 2.0625 * CR
30: 2.03125 * morning
31: 2.03125 * Summer
32: 2.0 * On
33: 1.9921875 * Pa
34: 1.96875 * ATION
35: 1.9453125 * spots
36: 1.890625 * stretch
37: 1.875 * Animal
38: 1.859375 * DB
39: 1.765625 * FC
40: 1.71875 * walking
41: 1.71875 * AN
42: 1.71875 * fox
43: 1.6875 * BS
44: 1.671875 * Bark
45: 1.6484375 * new
46: 1.546875 * Profile
47: 1.53125 * west
48: 1.5078125 * PT
49: 1.5 * trecută
Total loss: 0.21688732504844666 = MSE Loss: 0.1902991086244583, 5.0 * Sparsity Loss: 0.0053176432847976685
Epoch: 3 batch_num: 87
0: 26.0 * realizeaz
1: 13.0 * Walking
2: 10.8125 * Walk
3: 10.1875 * mândr
4: 10.125 * </s>
5: 7.0625 * Path
6: 4.8125 * spot
7: 4.75 * Around
8: 4.5 * walk
9: 4.34375 * decizie
10: 4.15625 * Madison
11: 4.125 * Licensed
12: 3.828125 * West
13: 3.734375 * ST
14: 3.484375 * walk
15: 3.359375 * walks
16: 3.3125 * PD
17: 3.109375 * average
18: 2.921875 * adecvat
19: 2.640625 * Assistant
20: 2.53125 * begging
21: 2.453125 * west
22: 2.4375 * cărui
23: 2.390625 * PR
24: 2.25 * clădiri
25: 2.109375 * Walk
26: 2.109375 * size
27: 2.09375 * mo
28: 2.078125 * Summer
29: 2.03125 * FC
30: 2.015625 * On
31: 2.0 * Pa
32: 1.984375 * CR
33: 1.9765625 * morning
34: 1.96875 * Animal
35: 1.96875 * ATION
36: 1.953125 * spots
37: 1.9375 * stretch
38: 1.8203125 * DB
39: 1.8046875 * Bark
40: 1.75 * AN
41: 1.71875 * BS
42: 1.71875 * FC
43: 1.6640625 * new
44: 1.6640625 * fox
45: 1.65625 * walking
46: 1.59375 * Profile
47: 1.5703125 * St
48: 1.5390625 * summer
49: 1.5234375 * Average
Total loss: 0.2969968616962433 = MSE Loss: 0.27030041813850403, 5.0 * Sparsity Loss: 0.005339288152754307
Epoch: 3 batch_num: 88
0: 25.75 * realizeaz
1: 13.0625 * Walking
2: 10.75 * Walk
3: 10.1875 * mândr
4: 10.125 * </s>
5: 7.09375 * Path
6: 4.875 * Around
7: 4.875 * spot
8: 4.4375 * walk
9: 4.375 * decizie
10: 4.125 * Madison
11: 4.125 * Licensed
12: 3.65625 * ST
13: 3.625 * West
14: 3.4375 * PD
15: 3.421875 * walk
16: 3.265625 * walks
17: 3.09375 * average
18: 2.859375 * adecvat
19: 2.609375 * begging
20: 2.59375 * Assistant
21: 2.421875 * cărui
22: 2.375 * PR
23: 2.34375 * west
24: 2.296875 * clădiri
25: 2.09375 * Walk
26: 2.078125 * mo
27: 2.0625 * Summer
28: 2.0625 * On
29: 2.0625 * size
30: 2.03125 * Pa
31: 2.015625 * Animal
32: 1.984375 * FC
33: 1.9765625 * ATION
34: 1.9765625 * spots
35: 1.953125 * stretch
36: 1.9375 * CR
37: 1.9140625 * Bark
38: 1.875 * morning
39: 1.8359375 * St
40: 1.828125 * DB
41: 1.765625 * AN
42: 1.75 * BS
43: 1.6796875 * new
44: 1.6796875 * FC
45: 1.6328125 * Profile
46: 1.6171875 * fox
47: 1.6015625 * walking
48: 1.5390625 * Average
49: 1.515625 * summer
Total loss: 0.23017871379852295 = MSE Loss: 0.2035021185874939, 5.0 * Sparsity Loss: 0.005335320718586445
Epoch: 3 batch_num: 89
0: 25.625 * realizeaz
1: 13.1875 * Walking
2: 10.6875 * Walk
3: 10.1875 * </s>
4: 10.125 * mândr
5: 7.15625 * Path
6: 4.90625 * Around
7: 4.90625 * spot
8: 4.46875 * decizie
9: 4.3125 * walk
10: 4.125 * Madison
11: 4.125 * Licensed
12: 3.59375 * PD
13: 3.59375 * ST
14: 3.4375 * West
15: 3.34375 * walk
16: 3.15625 * walks
17: 3.09375 * average
18: 2.8125 * adecvat
19: 2.65625 * begging
20: 2.5625 * Assistant
21: 2.390625 * cărui
22: 2.375 * PR
23: 2.328125 * clădiri
24: 2.21875 * west
25: 2.0625 * mo
26: 2.0625 * size
27: 2.046875 * Walk
28: 2.046875 * Pa
29: 2.046875 * Summer
30: 2.046875 * St
31: 2.046875 * On
32: 2.015625 * Bark
33: 2.0 * Animal
34: 2.0 * spots
35: 1.953125 * ATION
36: 1.9453125 * stretch
37: 1.9140625 * FC
38: 1.8828125 * CR
39: 1.8359375 * DB
40: 1.78125 * morning
41: 1.7734375 * BS
42: 1.7578125 * AN
43: 1.671875 * new
44: 1.625 * Profile
45: 1.625 * FC
46: 1.5859375 * fox
47: 1.546875 * Average
48: 1.5234375 * walking
49: 1.515625 * Side
Total loss: 0.25326141715049744 = MSE Loss: 0.22622831165790558, 5.0 * Sparsity Loss: 0.005406619980931282
Epoch: 3 batch_num: 90
0: 25.5 * realizeaz
1: 13.1875 * Walking
2: 10.625 * Walk
3: 10.1875 * </s>
4: 10.0 * mândr
5: 7.21875 * Path
6: 4.9375 * Around
7: 4.9375 * spot
8: 4.5 * decizie
9: 4.25 * walk
10: 4.125 * Madison
11: 4.09375 * Licensed
12: 3.71875 * PD
13: 3.546875 * ST
14: 3.28125 * walk
15: 3.25 * West
16: 3.109375 * walks
17: 3.09375 * average
18: 2.765625 * adecvat
19: 2.671875 * begging
20: 2.53125 * Assistant
21: 2.390625 * PR
22: 2.390625 * cărui
23: 2.34375 * clădiri
24: 2.234375 * St
25: 2.109375 * west
26: 2.09375 * Bark
27: 2.078125 * size
28: 2.0625 * Pa
29: 2.03125 * On
30: 2.015625 * Walk
31: 2.015625 * Animal
32: 2.015625 * mo
33: 2.015625 * spots
34: 2.015625 * Summer
35: 1.9765625 * stretch
36: 1.890625 * ATION
37: 1.875 * FC
38: 1.8515625 * CR
39: 1.8359375 * DB
40: 1.8203125 * BS
41: 1.734375 * AN
42: 1.7109375 * morning
43: 1.65625 * new
44: 1.578125 * Profile
45: 1.578125 * FC
46: 1.5625 * Side
47: 1.5546875 * fox
48: 1.5390625 * Average
49: 1.5 * walking
Total loss: 0.3212089240550995 = MSE Loss: 0.2939159870147705, 5.0 * Sparsity Loss: 0.005458587780594826
Epoch: 3 batch_num: 91
0: 25.375 * realizeaz
1: 13.3125 * Walking
2: 10.5625 * Walk
3: 10.25 * </s>
4: 9.9375 * mândr
5: 7.3125 * Path
6: 5.0 * spot
7: 4.96875 * Around
8: 4.5625 * decizie
9: 4.15625 * walk
10: 4.09375 * Madison
11: 4.09375 * Licensed
12: 3.828125 * PD
13: 3.484375 * ST
14: 3.234375 * walk
15: 3.078125 * average
16: 3.0625 * West
17: 3.046875 * walks
18: 2.71875 * adecvat
19: 2.703125 * begging
20: 2.53125 * Assistant
21: 2.421875 * St
22: 2.375 * PR
23: 2.359375 * cărui
24: 2.359375 * clădiri
25: 2.171875 * Bark
26: 2.140625 * size
27: 2.0625 * Animal
28: 2.0625 * Pa
29: 2.046875 * spots
30: 2.015625 * west
31: 2.015625 * On
32: 1.9921875 * stretch
33: 1.96875 * Walk
34: 1.96875 * mo
35: 1.9609375 * Summer
36: 1.84375 * DB
37: 1.828125 * ATION
38: 1.828125 * BS
39: 1.828125 * FC
40: 1.796875 * CR
41: 1.734375 * AN
42: 1.671875 * new
43: 1.6640625 * Brown
44: 1.65625 * morning
45: 1.609375 * Side
46: 1.546875 * actiuni
47: 1.5390625 * FC
48: 1.5234375 * fox
49: 1.515625 * Average
Total loss: 0.27837875485420227 = MSE Loss: 0.25118356943130493, 5.0 * Sparsity Loss: 0.005439038388431072
Epoch: 3 batch_num: 92
0: 25.375 * realizeaz
1: 13.375 * Walking
2: 10.5625 * Walk
3: 10.25 * </s>
4: 9.875 * mândr
5: 7.375 * Path
6: 5.0 * spot
7: 4.9375 * Around
8: 4.5625 * decizie
9: 4.15625 * walk
10: 4.09375 * Madison
11: 4.03125 * Licensed
12: 3.921875 * PD
13: 3.4375 * ST
14: 3.25 * walk
15: 3.09375 * walks
16: 3.0625 * average
17: 3.0 * West
18: 2.71875 * begging
19: 2.671875 * adecvat
20: 2.53125 * Assistant
21: 2.484375 * St
22: 2.375 * clădiri
23: 2.359375 * cărui
24: 2.3125 * PR
25: 2.234375 * Bark
26: 2.125 * size
27: 2.09375 * Animal
28: 2.046875 * Pa
29: 2.03125 * spots
30: 1.96875 * west
31: 1.9609375 * stretch
32: 1.9453125 * Walk
33: 1.9296875 * mo
34: 1.921875 * On
35: 1.890625 * Summer
36: 1.859375 * Brown
37: 1.84375 * BS
38: 1.8125 * ATION
39: 1.8046875 * FC
40: 1.796875 * DB
41: 1.7734375 * actiuni
42: 1.7578125 * CR
43: 1.703125 * AN
44: 1.671875 * new
45: 1.6328125 * morning
46: 1.6171875 * Side
47: 1.5 * fox
48: 1.5 * FC
49: 1.4765625 * Average
Total loss: 0.22039391100406647 = MSE Loss: 0.1940365880727768, 5.0 * Sparsity Loss: 0.005271464586257935
Epoch: 3 batch_num: 93
0: 25.25 * realizeaz
1: 13.3125 * Walking
2: 10.6875 * Walk
3: 10.25 * </s>
4: 9.875 * mândr
5: 7.4375 * Path
6: 5.0 * spot
7: 4.875 * Around
8: 4.53125 * decizie
9: 4.25 * walk
10: 4.09375 * Madison
11: 3.984375 * PD
12: 3.96875 * Licensed
13: 3.40625 * ST
14: 3.328125 * walk
15: 3.203125 * walks
16: 3.046875 * average
17: 3.015625 * West
18: 2.71875 * begging
19: 2.65625 * adecvat
20: 2.515625 * Assistant
21: 2.5 * St
22: 2.40625 * clădiri
23: 2.34375 * cărui
24: 2.3125 * Bark
25: 2.234375 * PR
26: 2.1875 * Animal
27: 2.15625 * size
28: 2.015625 * Pa
29: 2.0 * spots
30: 1.9921875 * stretch
31: 1.96875 * Walk
32: 1.9609375 * Brown
33: 1.9609375 * west
34: 1.9375 * actiuni
35: 1.8984375 * mo
36: 1.8671875 * BS
37: 1.8671875 * Summer
38: 1.8359375 * On
39: 1.7890625 * FC
40: 1.7734375 * ATION
41: 1.75 * DB
42: 1.7109375 * CR
43: 1.6875 * new
44: 1.6796875 * AN
45: 1.640625 * morning
46: 1.609375 * Side
47: 1.515625 * walking
48: 1.4921875 * fox
49: 1.46875 * low
Total loss: 0.38537976145744324 = MSE Loss: 0.3592560291290283, 5.0 * Sparsity Loss: 0.005224745254963636
Epoch: 3 batch_num: 94
0: 25.125 * realizeaz
1: 13.3125 * Walking
2: 10.75 * Walk
3: 10.1875 * </s>
4: 9.8125 * mândr
5: 7.46875 * Path
6: 4.96875 * spot
7: 4.875 * Around
8: 4.5 * decizie
9: 4.34375 * walk
10: 4.09375 * Madison
11: 4.03125 * PD
12: 3.875 * Licensed
13: 3.390625 * walk
14: 3.390625 * ST
15: 3.296875 * walks
16: 3.0 * West
17: 3.0 * average
18: 2.703125 * begging
19: 2.640625 * adecvat
20: 2.53125 * Assistant
21: 2.515625 * St
22: 2.4375 * clădiri
23: 2.390625 * Bark
24: 2.3125 * cărui
25: 2.28125 * Animal
26: 2.15625 * PR
27: 2.078125 * size
28: 2.0625 * actiuni
29: 2.015625 * Pa
30: 2.0 * Walk
31: 1.9921875 * stretch
32: 1.984375 * Brown
33: 1.9765625 * spots
34: 1.9375 * west
35: 1.890625 * mo
36: 1.890625 * BS
37: 1.8515625 * Summer
38: 1.7734375 * ATION
39: 1.7734375 * On
40: 1.765625 * FC
41: 1.7265625 * new
42: 1.7265625 * DB
43: 1.6796875 * AN
44: 1.6640625 * morning
45: 1.6640625 * CR
46: 1.6015625 * Side
47: 1.5703125 * walking
48: 1.5546875 * low
49: 1.5546875 * free
Total loss: 0.20660176873207092 = MSE Loss: 0.18022598326206207, 5.0 * Sparsity Loss: 0.005275157745927572
Epoch: 3 batch_num: 95
0: 25.0 * realizeaz
1: 13.375 * Walking
2: 10.8125 * Walk
3: 10.1875 * </s>
4: 9.8125 * mândr
5: 7.5625 * Path
6: 4.96875 * Around
7: 4.96875 * spot
8: 4.5 * decizie
9: 4.34375 * walk
10: 4.09375 * Madison
11: 4.0625 * PD
12: 3.796875 * Licensed
13: 3.4375 * walk
14: 3.375 * ST
15: 3.328125 * walks
16: 2.953125 * average
17: 2.9375 * West
18: 2.71875 * begging
19: 2.609375 * adecvat
20: 2.5625 * St
21: 2.546875 * Assistant
22: 2.46875 * clădiri
23: 2.453125 * Bark
24: 2.359375 * Animal
25: 2.296875 * cărui
26: 2.21875 * actiuni
27: 2.078125 * PR
28: 2.046875 * size
29: 2.03125 * Walk
30: 2.03125 * Brown
31: 2.0 * Pa
32: 1.96875 * spots
33: 1.9453125 * stretch
34: 1.9140625 * BS
35: 1.8828125 * mo
36: 1.875 * west
37: 1.8515625 * Summer
38: 1.765625 * ATION
39: 1.7578125 * new
40: 1.7578125 * On
41: 1.7421875 * WS
42: 1.7265625 * FC
43: 1.6875 * DB
44: 1.6796875 * morning
45: 1.6640625 * free
46: 1.65625 * AN
47: 1.6328125 * low
48: 1.6328125 * CR
49: 1.6171875 * Side
Total loss: 0.28998589515686035 = MSE Loss: 0.2634727358818054, 5.0 * Sparsity Loss: 0.005302634090185165
Epoch: 3 batch_num: 96
0: 25.0 * realizeaz
1: 13.4375 * Walking
2: 10.875 * Walk
3: 10.1875 * </s>
4: 9.8125 * mândr
5: 7.65625 * Path
6: 5.03125 * Around
7: 4.96875 * spot
8: 4.5 * decizie
9: 4.3125 * walk
10: 4.09375 * Madison
11: 4.0625 * PD
12: 3.75 * Licensed
13: 3.46875 * walk
14: 3.375 * ST
15: 3.3125 * walks
16: 2.90625 * average
17: 2.859375 * West
18: 2.734375 * begging
19: 2.578125 * St
20: 2.578125 * adecvat
21: 2.578125 * Assistant
22: 2.484375 * Bark
23: 2.484375 * clădiri
24: 2.421875 * Animal
25: 2.34375 * actiuni
26: 2.296875 * cărui
27: 2.0625 * Brown
28: 2.046875 * Walk
29: 2.046875 * PR
30: 2.03125 * WS
31: 2.0 * Pa
32: 1.9921875 * size
33: 1.9375 * spots
34: 1.9375 * BS
35: 1.8984375 * stretch
36: 1.8828125 * mo
37: 1.8515625 * Summer
38: 1.8046875 * west
39: 1.7890625 * new
40: 1.765625 * free
41: 1.7578125 * ATION
42: 1.71875 * morning
43: 1.703125 * On
44: 1.6953125 * FC
45: 1.6875 * low
46: 1.640625 * DB
47: 1.625 * Side
48: 1.6015625 * AN
49: 1.5859375 * CR
Total loss: 0.2426196038722992 = MSE Loss: 0.21646113693714142, 5.0 * Sparsity Loss: 0.00523169431835413
Epoch: 3 batch_num: 97
0: 25.0 * realizeaz
1: 13.4375 * Walking
2: 10.875 * Walk
3: 10.25 * </s>
4: 9.8125 * mândr
5: 7.75 * Path
6: 5.0625 * Around
7: 4.96875 * spot
8: 4.5 * decizie
9: 4.25 * walk
10: 4.09375 * Madison
11: 4.0625 * PD
12: 3.703125 * Licensed
13: 3.46875 * walk
14: 3.359375 * ST
15: 3.265625 * walks
16: 2.84375 * average
17: 2.796875 * West
18: 2.75 * begging
19: 2.609375 * St
20: 2.5625 * Assistant
21: 2.53125 * adecvat
22: 2.5 * Bark
23: 2.484375 * clădiri
24: 2.46875 * Animal
25: 2.453125 * actiuni
26: 2.28125 * cărui
27: 2.265625 * WS
28: 2.125 * Brown
29: 2.03125 * Walk
30: 1.96875 * Pa
31: 1.9609375 * size
32: 1.953125 * PR
33: 1.9375 * BS
34: 1.9140625 * spots
35: 1.859375 * mo
36: 1.84375 * Summer
37: 1.8046875 * stretch
38: 1.796875 * new
39: 1.78125 * free
40: 1.7421875 * morning
41: 1.734375 * west
42: 1.7265625 * low
43: 1.6875 * ATION
44: 1.6640625 * Side
45: 1.65625 * FC
46: 1.5859375 * ling
47: 1.5859375 * DB
48: 1.5546875 * On
49: 1.5390625 * CR
Total loss: 0.21457220613956451 = MSE Loss: 0.1886357069015503, 5.0 * Sparsity Loss: 0.005187300033867359
Epoch: 3 batch_num: 98
0: 24.875 * realizeaz
1: 13.5 * Walking
2: 10.8125 * Walk
3: 10.25 * </s>
4: 9.8125 * mândr
5: 7.8125 * Path
6: 5.09375 * Around
7: 5.0 * spot
8: 4.5 * decizie
9: 4.15625 * walk
10: 4.09375 * Madison
11: 4.0625 * PD
12: 3.65625 * Licensed
13: 3.4375 * walk
14: 3.328125 * ST
15: 3.21875 * walks
16: 2.8125 * average
17: 2.75 * begging
18: 2.6875 * West
19: 2.6875 * St
20: 2.578125 * actiuni
21: 2.546875 * Assistant
22: 2.515625 * Bark
23: 2.5 * Animal
24: 2.5 * adecvat
25: 2.484375 * clădiri
26: 2.46875 * WS
27: 2.25 * cărui
28: 2.203125 * Brown
29: 2.015625 * Walk
30: 1.9765625 * BS
31: 1.953125 * size
32: 1.9375 * Pa
33: 1.8984375 * spots
34: 1.890625 * PR
35: 1.84375 * Summer
36: 1.828125 * mo
37: 1.828125 * free
38: 1.7890625 * new
39: 1.78125 * stretch
40: 1.75 * morning
41: 1.75 * low
42: 1.7109375 * Side
43: 1.6484375 * west
44: 1.6328125 * ATION
45: 1.6328125 * ling
46: 1.6171875 * FC
47: 1.578125 * West
48: 1.53125 * Ross
49: 1.5234375 * DB
Total loss: 0.34113672375679016 = MSE Loss: 0.3157961964607239, 5.0 * Sparsity Loss: 0.005068105645477772
Epoch: 3 batch_num: 99
0: 24.875 * realizeaz
1: 13.625 * Walking
2: 10.4375 * Walk
3: 10.3125 * </s>
4: 9.8125 * mândr
5: 7.90625 * Path
6: 5.09375 * Around
7: 5.03125 * spot
8: 4.46875 * decizie
9: 4.125 * Madison
10: 4.125 * PD
11: 3.828125 * walk
12: 3.625 * Licensed
13: 3.34375 * ST
14: 3.171875 * walk
15: 2.875 * walks
16: 2.796875 * average
17: 2.78125 * St
18: 2.703125 * begging
19: 2.65625 * WS
20: 2.640625 * West
21: 2.609375 * actiuni
22: 2.515625 * Animal
23: 2.515625 * Assistant
24: 2.484375 * Bark
25: 2.453125 * clădiri
26: 2.40625 * adecvat
27: 2.328125 * Brown
28: 2.21875 * cărui
29: 2.03125 * BS
30: 1.9921875 * size
31: 1.9375 * Summer
32: 1.921875 * Pa
33: 1.890625 * PR
34: 1.890625 * spots
35: 1.859375 * Walk
36: 1.84375 * free
37: 1.8125 * mo
38: 1.8125 * Side
39: 1.7734375 * low
40: 1.7734375 * new
41: 1.75 * stretch
42: 1.7421875 * morning
43: 1.671875 * ling
44: 1.671875 * West
45: 1.6328125 * ATION
46: 1.6328125 * FC
47: 1.6015625 * west
48: 1.5859375 * DB
49: 1.5546875 * Ross
Total loss: 0.27085939049720764 = MSE Loss: 0.24581973254680634, 5.0 * Sparsity Loss: 0.005007932893931866
Epoch: 3 batch_num: 100
0: 24.75 * realizeaz
1: 13.625 * Walking
2: 10.3125 * Walk
3: 10.3125 * </s>
4: 9.6875 * mândr
5: 7.90625 * Path
6: 5.03125 * Around
7: 5.03125 * spot
8: 4.46875 * decizie
9: 4.1875 * PD
10: 4.09375 * Madison
11: 3.65625 * walk
12: 3.609375 * Licensed
13: 3.375 * ST
14: 3.0625 * walk
15: 2.796875 * WS
16: 2.765625 * average
17: 2.75 * St
18: 2.703125 * walks
19: 2.6875 * begging
20: 2.671875 * actiuni
21: 2.625 * West
22: 2.53125 * Animal
23: 2.484375 * Assistant
24: 2.453125 * Brown
25: 2.453125 * Bark
26: 2.4375 * clădiri
27: 2.34375 * adecvat
28: 2.171875 * cărui
29: 2.0625 * BS
30: 1.9609375 * Summer
31: 1.953125 * size
32: 1.90625 * Pa
33: 1.875 * spots
34: 1.8671875 * PR
35: 1.828125 * mo
36: 1.828125 * Side
37: 1.828125 * new
38: 1.7890625 * Walk
39: 1.7890625 * free
40: 1.765625 * low
41: 1.7265625 * morning
42: 1.7265625 * stretch
43: 1.7265625 * West
44: 1.71875 * ling
45: 1.671875 * ATION
46: 1.6640625 * FC
47: 1.6015625 * DB
48: 1.578125 * Ross
49: 1.546875 * Weekend
Total loss: 0.21824193000793457 = MSE Loss: 0.1928790956735611, 5.0 * Sparsity Loss: 0.005072568543255329
Epoch: 3 batch_num: 101
0: 24.625 * realizeaz
1: 13.625 * Walking
2: 10.3125 * </s>
3: 10.1875 * Walk
4: 9.6875 * mândr
5: 7.90625 * Path
6: 5.03125 * Around
7: 5.03125 * spot
8: 4.4375 * decizie
9: 4.21875 * PD
10: 4.09375 * Madison
11: 3.609375 * Licensed
12: 3.53125 * walk
13: 3.390625 * ST
14: 2.953125 * walk
15: 2.921875 * WS
16: 2.765625 * average
17: 2.75 * actiuni
18: 2.734375 * St
19: 2.671875 * begging
20: 2.59375 * West
21: 2.578125 * walks
22: 2.546875 * Animal
23: 2.546875 * Brown
24: 2.453125 * Assistant
25: 2.4375 * Bark
26: 2.390625 * clădiri
27: 2.28125 * adecvat
28: 2.140625 * cărui
29: 2.078125 * BS
30: 1.96875 * Summer
31: 1.921875 * size
32: 1.90625 * Pa
33: 1.8515625 * spots
34: 1.84375 * mo
35: 1.84375 * new
36: 1.8203125 * PR
37: 1.8203125 * Side
38: 1.7734375 * West
39: 1.7578125 * low
40: 1.734375 * free
41: 1.71875 * Walk
42: 1.71875 * ling
43: 1.7109375 * stretch
44: 1.703125 * morning
45: 1.6953125 * ATION
46: 1.6875 * FC
47: 1.609375 * DB
48: 1.6015625 * Ross
49: 1.59375 * path
Total loss: 0.23294112086296082 = MSE Loss: 0.20773762464523315, 5.0 * Sparsity Loss: 0.005040700547397137
Epoch: 3 batch_num: 102
0: 24.5 * realizeaz
1: 13.6875 * Walking
2: 10.3125 * </s>
3: 10.125 * Walk
4: 9.625 * mândr
5: 7.90625 * Path
6: 5.03125 * spot
7: 5.0 * Around
8: 4.4375 * decizie
9: 4.25 * PD
10: 4.0625 * Madison
11: 3.609375 * Licensed
12: 3.46875 * walk
13: 3.4375 * ST
14: 3.015625 * WS
15: 2.84375 * walk
16: 2.828125 * actiuni
17: 2.75 * average
18: 2.671875 * begging
19: 2.640625 * Brown
20: 2.625 * St
21: 2.59375 * West
22: 2.546875 * Animal
23: 2.5 * walks
24: 2.421875 * Bark
25: 2.421875 * Assistant
26: 2.34375 * clădiri
27: 2.234375 * adecvat
28: 2.09375 * BS
29: 2.09375 * cărui
30: 1.9296875 * Pa
31: 1.90625 * Summer
32: 1.875 * new
33: 1.8671875 * mo
34: 1.8515625 * size
35: 1.8203125 * spots
36: 1.8203125 * Side
37: 1.8125 * West
38: 1.765625 * PR
39: 1.7578125 * ATION
40: 1.734375 * ling
41: 1.7265625 * FC
42: 1.7109375 * low
43: 1.6953125 * stretch
44: 1.6796875 * path
45: 1.6640625 * Walk
46: 1.6484375 * morning
47: 1.625 * DB
48: 1.625 * Ross
49: 1.6015625 * free
Total loss: 0.262540727853775 = MSE Loss: 0.23672443628311157, 5.0 * Sparsity Loss: 0.005163260269910097
Epoch: 3 batch_num: 103
0: 24.5 * realizeaz
1: 13.6875 * Walking
2: 10.375 * </s>
3: 10.0 * Walk
4: 9.625 * mândr
5: 7.90625 * Path
6: 5.03125 * spot
7: 4.9375 * Around
8: 4.4375 * decizie
9: 4.28125 * PD
10: 4.03125 * Madison
11: 3.609375 * Licensed
12: 3.453125 * ST
13: 3.390625 * walk
14: 3.109375 * WS
15: 2.921875 * actiuni
16: 2.765625 * walk
17: 2.734375 * average
18: 2.6875 * Brown
19: 2.671875 * begging
20: 2.640625 * West
21: 2.515625 * Animal
22: 2.5 * St
23: 2.421875 * walks
24: 2.390625 * Bark
25: 2.375 * Assistant
26: 2.3125 * clădiri
27: 2.203125 * adecvat
28: 2.109375 * BS
29: 2.0625 * cărui
30: 1.9296875 * Pa
31: 1.8984375 * new
32: 1.8828125 * mo
33: 1.859375 * Summer
34: 1.8359375 * West
35: 1.8203125 * ATION
36: 1.796875 * spots
37: 1.7890625 * Side
38: 1.78125 * size
39: 1.7734375 * ling
40: 1.75 * FC
41: 1.7421875 * path
42: 1.71875 * PR
43: 1.671875 * stretch
44: 1.6484375 * low
45: 1.640625 * morning
46: 1.6328125 * Ross
47: 1.609375 * Walk
48: 1.59375 * Weekend
49: 1.578125 * DB
Total loss: 0.23274707794189453 = MSE Loss: 0.2069397121667862, 5.0 * Sparsity Loss: 0.005161474458873272
Epoch: 3 batch_num: 104
0: 24.375 * realizeaz
1: 13.6875 * Walking
2: 10.375 * </s>
3: 9.9375 * Walk
4: 9.5625 * mândr
5: 7.875 * Path
6: 4.96875 * spot
7: 4.90625 * Around
8: 4.40625 * decizie
9: 4.3125 * PD
10: 4.03125 * Madison
11: 3.609375 * Licensed
12: 3.484375 * ST
13: 3.34375 * walk
14: 3.1875 * WS
15: 3.015625 * actiuni
16: 2.71875 * average
17: 2.703125 * walk
18: 2.703125 * Brown
19: 2.671875 * West
20: 2.65625 * begging
21: 2.46875 * Animal
22: 2.40625 * walks
23: 2.375 * Bark
24: 2.359375 * St
25: 2.296875 * Assistant
26: 2.296875 * clădiri
27: 2.171875 * adecvat
28: 2.109375 * BS
29: 2.046875 * cărui
30: 1.921875 * Pa
31: 1.9140625 * new
32: 1.875 * mo
33: 1.859375 * West
34: 1.84375 * ling
35: 1.8203125 * ATION
36: 1.8046875 * Summer
37: 1.7734375 * path
38: 1.7578125 * FC
39: 1.75 * Side
40: 1.7265625 * spots
41: 1.71875 * size
42: 1.6953125 * PR
43: 1.6484375 * morning
44: 1.640625 * Ross
45: 1.609375 * Weekend
46: 1.609375 * stretch
47: 1.6015625 * low
48: 1.5546875 * Walk
49: 1.546875 * DB
Total loss: 0.19827833771705627 = MSE Loss: 0.1724669486284256, 5.0 * Sparsity Loss: 0.005162276327610016
Epoch: 3 batch_num: 105
0: 24.375 * realizeaz
1: 13.6875 * Walking
2: 10.375 * </s>
3: 9.9375 * Walk
4: 9.5625 * mândr
5: 7.875 * Path
6: 4.9375 * spot
7: 4.875 * Around
8: 4.40625 * decizie
9: 4.34375 * PD
10: 4.03125 * Madison
11: 3.609375 * Licensed
12: 3.5 * ST
13: 3.296875 * walk
14: 3.25 * WS
15: 3.09375 * actiuni
16: 2.71875 * average
17: 2.703125 * Brown
18: 2.65625 * West
19: 2.640625 * walk
20: 2.625 * begging
21: 2.421875 * Animal
22: 2.359375 * walks
23: 2.359375 * Bark
24: 2.265625 * clădiri
25: 2.234375 * St
26: 2.15625 * Assistant
27: 2.125 * adecvat
28: 2.09375 * BS
29: 2.03125 * cărui
30: 1.921875 * Pa
31: 1.921875 * new
32: 1.8984375 * West
33: 1.8671875 * ling
34: 1.859375 * mo
35: 1.78125 * path
36: 1.765625 * ATION
37: 1.7578125 * Summer
38: 1.7421875 * FC
39: 1.71875 * morning
40: 1.703125 * size
41: 1.6953125 * Side
42: 1.6640625 * PR
43: 1.6640625 * spots
44: 1.640625 * Weekend
45: 1.625 * Ross
46: 1.59375 * low
47: 1.5546875 * stretch
48: 1.515625 * DB
49: 1.5 * Walk
Total loss: 0.21067842841148376 = MSE Loss: 0.18478913605213165, 5.0 * Sparsity Loss: 0.005177857354283333
Epoch: 3 batch_num: 106
0: 24.375 * realizeaz
1: 13.75 * Walking
2: 10.375 * </s>
3: 9.875 * Walk
4: 9.5625 * mândr
5: 7.875 * Path
6: 4.875 * spot
7: 4.8125 * Around
8: 4.40625 * decizie
9: 4.375 * PD
10: 4.03125 * Madison
11: 3.59375 * Licensed
12: 3.46875 * ST
13: 3.3125 * WS
14: 3.25 * walk
15: 3.15625 * actiuni
16: 2.71875 * average
17: 2.671875 * Brown
18: 2.65625 * West
19: 2.59375 * walk
20: 2.578125 * begging
21: 2.375 * Animal
22: 2.328125 * walks
23: 2.328125 * Bark
24: 2.234375 * clădiri
25: 2.171875 * St
26: 2.109375 * adecvat
27: 2.0625 * BS
28: 2.0625 * Assistant
29: 2.0 * cărui
30: 1.9453125 * new
31: 1.9375 * Pa
32: 1.9296875 * West
33: 1.8828125 * ling
34: 1.8515625 * mo
35: 1.8203125 * path
36: 1.7578125 * morning
37: 1.734375 * Summer
38: 1.7265625 * ATION
39: 1.703125 * FC
40: 1.6796875 * size
41: 1.65625 * Weekend
42: 1.6171875 * spots
43: 1.6171875 * Side
44: 1.6171875 * Ross
45: 1.578125 * PR
46: 1.578125 * low
47: 1.5625 * grupuri
48: 1.53125 * stretch
49: 1.4765625 * DB
Total loss: 0.19701296091079712 = MSE Loss: 0.17141196131706238, 5.0 * Sparsity Loss: 0.005120198242366314
Epoch: 3 batch_num: 107
0: 24.25 * realizeaz
1: 13.6875 * Walking
2: 10.4375 * </s>
3: 9.8125 * Walk
4: 9.5625 * mândr
5: 7.875 * Path
6: 4.875 * spot
7: 4.75 * Around
8: 4.375 * decizie
9: 4.375 * PD
10: 4.03125 * Madison
11: 3.609375 * Licensed
12: 3.46875 * ST
13: 3.359375 * WS
14: 3.234375 * walk
15: 3.203125 * actiuni
16: 2.71875 * average
17: 2.703125 * West
18: 2.609375 * Brown
19: 2.546875 * walk
20: 2.546875 * begging
21: 2.3125 * walks
22: 2.296875 * Animal
23: 2.28125 * Bark
24: 2.203125 * clădiri
25: 2.109375 * St
26: 2.078125 * adecvat
27: 2.046875 * BS
28: 1.984375 * Assistant
29: 1.9765625 * cărui
30: 1.953125 * ling
31: 1.9375 * Pa
32: 1.9375 * West
33: 1.9296875 * new
34: 1.8359375 * path
35: 1.828125 * mo
36: 1.78125 * morning
37: 1.7265625 * Summer
38: 1.703125 * grupuri
39: 1.6796875 * Weekend
40: 1.671875 * FC
41: 1.6640625 * ATION
42: 1.65625 * size
43: 1.625 * trecută
44: 1.6171875 * Ross
45: 1.5859375 * spots
46: 1.578125 * low
47: 1.5703125 * Side
48: 1.5234375 * stretch
49: 1.5078125 * PR
Total loss: 0.2700989842414856 = MSE Loss: 0.2445768564939499, 5.0 * Sparsity Loss: 0.005104422569274902
Epoch: 3 batch_num: 108
0: 24.375 * realizeaz
1: 13.75 * Walking
2: 10.5 * </s>
3: 9.75 * Walk
4: 9.625 * mândr
5: 7.84375 * Path
6: 4.84375 * spot
7: 4.71875 * Around
8: 4.40625 * decizie
9: 4.40625 * PD
10: 4.03125 * Madison
11: 3.640625 * Licensed
12: 3.5 * ST
13: 3.421875 * WS
14: 3.25 * actiuni
15: 3.140625 * walk
16: 2.703125 * average
17: 2.671875 * West
18: 2.5625 * Brown
19: 2.546875 * begging
20: 2.46875 * walk
21: 2.25 * Bark
22: 2.21875 * walks
23: 2.21875 * Animal
24: 2.15625 * clădiri
25: 2.03125 * BS
26: 2.03125 * adecvat
27: 2.015625 * ling
28: 2.0 * St
29: 1.9609375 * West
30: 1.9375 * Pa
31: 1.9375 * cărui
32: 1.9296875 * new
33: 1.9296875 * Assistant
34: 1.8515625 * trecută
35: 1.828125 * grupuri
36: 1.8125 * path
37: 1.7890625 * mo
38: 1.7578125 * morning
39: 1.6875 * Weekend
40: 1.671875 * Summer
41: 1.6171875 * FC
42: 1.609375 * ATION
43: 1.6015625 * low
44: 1.6015625 * Ross
45: 1.6015625 * size
46: 1.5703125 * Side
47: 1.5625 * spots
48: 1.46875 * PR
49: 1.453125 * stretch
Total loss: 0.18941092491149902 = MSE Loss: 0.1632828712463379, 5.0 * Sparsity Loss: 0.005225609987974167
Epoch: 3 batch_num: 109
0: 24.375 * realizeaz
1: 13.875 * Walking
2: 10.5625 * </s>
3: 9.6875 * Walk
4: 9.6875 * mândr
5: 7.75 * Path
6: 4.84375 * spot
7: 4.65625 * Around
8: 4.4375 * PD
9: 4.375 * decizie
10: 4.0 * Madison
11: 3.6875 * Licensed
12: 3.515625 * ST
13: 3.453125 * WS
14: 3.296875 * actiuni
15: 3.0625 * walk
16: 2.703125 * average
17: 2.625 * West
18: 2.546875 * Brown
19: 2.546875 * begging
20: 2.390625 * walk
21: 2.203125 * Bark
22: 2.171875 * Animal
23: 2.140625 * walks
24: 2.125 * clădiri
25: 2.046875 * trecută
26: 2.03125 * ling
27: 2.015625 * BS
28: 1.9921875 * adecvat
29: 1.9765625 * West
30: 1.9296875 * Pa
31: 1.9296875 * new
32: 1.9296875 * St
33: 1.90625 * grupuri
34: 1.8828125 * cărui
35: 1.8828125 * Assistant
36: 1.7578125 * mo
37: 1.7265625 * path
38: 1.7109375 * Weekend
39: 1.703125 * morning
40: 1.6484375 * low
41: 1.6171875 * Summer
42: 1.609375 * ATION
43: 1.5859375 * Ross
44: 1.578125 * FC
45: 1.5625 * Side
46: 1.53125 * size
47: 1.5234375 * spots
48: 1.5234375 * dărui
49: 1.5234375 * Pitt
Total loss: 0.19878730177879333 = MSE Loss: 0.1726890504360199, 5.0 * Sparsity Loss: 0.005219651386141777
Epoch: 3 batch_num: 110
0: 24.5 * realizeaz
1: 13.875 * Walking
2: 10.5625 * </s>
3: 9.6875 * mândr
4: 9.5625 * Walk
5: 7.71875 * Path
6: 4.78125 * spot
7: 4.59375 * Around
8: 4.4375 * PD
9: 4.375 * decizie
10: 4.0 * Madison
11: 3.71875 * Licensed
12: 3.515625 * WS
13: 3.5 * ST
14: 3.3125 * actiuni
15: 3.015625 * walk
16: 2.71875 * average
17: 2.671875 * West
18: 2.546875 * begging
19: 2.453125 * Brown
20: 2.3125 * walk
21: 2.203125 * trecută
22: 2.1875 * Bark
23: 2.125 * Animal
24: 2.09375 * clădiri
25: 2.0625 * walks
26: 2.046875 * ling
27: 2.015625 * BS
28: 1.9609375 * adecvat
29: 1.953125 * West
30: 1.9453125 * grupuri
31: 1.90625 * Pa
32: 1.8671875 * St
33: 1.8671875 * Assistant
34: 1.859375 * new
35: 1.84375 * cărui
36: 1.7265625 * Weekend
37: 1.7109375 * mo
38: 1.703125 * path
39: 1.671875 * morning
40: 1.6640625 * ATION
41: 1.6328125 * Pitt
42: 1.6171875 * low
43: 1.6015625 * dărui
44: 1.59375 * Summer
45: 1.5703125 * Ross
46: 1.53125 * Side
47: 1.53125 * FC
48: 1.5234375 * size
49: 1.4609375 * dogs
Total loss: 0.2788203954696655 = MSE Loss: 0.25369447469711304, 5.0 * Sparsity Loss: 0.005025181919336319
Epoch: 3 batch_num: 111
0: 24.5 * realizeaz
1: 14.0 * Walking
2: 10.5625 * </s>
3: 9.6875 * mândr
4: 9.375 * Walk
5: 7.75 * Path
6: 4.75 * spot
7: 4.5 * Around
8: 4.4375 * PD
9: 4.34375 * decizie
10: 3.984375 * Madison
11: 3.796875 * Licensed
12: 3.5625 * WS
13: 3.4375 * ST
14: 3.296875 * actiuni
15: 2.859375 * walk
16: 2.703125 * West
17: 2.703125 * average
18: 2.578125 * begging
19: 2.375 * Brown
20: 2.359375 * trecută
21: 2.171875 * Bark
22: 2.15625 * walk
23: 2.109375 * Animal
24: 2.078125 * clădiri
25: 2.015625 * ling
26: 1.9921875 * BS
27: 1.9921875 * grupuri
28: 1.96875 * West
29: 1.9296875 * adecvat
30: 1.90625 * walks
31: 1.890625 * St
32: 1.8671875 * Pa
33: 1.859375 * Assistant
34: 1.8046875 * cărui
35: 1.796875 * new
36: 1.75 * ATION
37: 1.7421875 * path
38: 1.734375 * Weekend
39: 1.71875 * Pitt
40: 1.6640625 * mo
41: 1.6640625 * morning
42: 1.65625 * dărui
43: 1.578125 * Summer
44: 1.5546875 * low
45: 1.546875 * dogs
46: 1.546875 * Ross
47: 1.5078125 * Side
48: 1.5 * size
49: 1.4609375 * FC
Total loss: 0.23463666439056396 = MSE Loss: 0.2096083164215088, 5.0 * Sparsity Loss: 0.005005670711398125
Epoch: 3 batch_num: 112
0: 24.5 * realizeaz
1: 14.125 * Walking
2: 10.5625 * </s>
3: 9.6875 * mândr
4: 9.125 * Walk
5: 7.78125 * Path
6: 4.75 * spot
7: 4.46875 * Around
8: 4.4375 * PD
9: 4.3125 * decizie
10: 3.96875 * Madison
11: 3.84375 * Licensed
12: 3.59375 * WS
13: 3.375 * ST
14: 3.25 * actiuni
15: 2.6875 * West
16: 2.6875 * average
17: 2.640625 * walk
18: 2.59375 * begging
19: 2.46875 * trecută
20: 2.28125 * Brown
21: 2.15625 * Bark
22: 2.09375 * Animal
23: 2.046875 * clădiri
24: 2.03125 * grupuri
25: 1.9921875 * ling
26: 1.9921875 * West
27: 1.984375 * walk
28: 1.984375 * St
29: 1.96875 * BS
30: 1.8828125 * adecvat
31: 1.8359375 * Assistant
32: 1.8203125 * Pa
33: 1.78125 * path
34: 1.78125 * Pitt
35: 1.7734375 * cărui
36: 1.765625 * ATION
37: 1.734375 * new
38: 1.7265625 * Weekend
39: 1.6875 * walks
40: 1.6875 * dărui
41: 1.625 * morning
42: 1.6015625 * mo
43: 1.5390625 * Summer
44: 1.5234375 * dogs
45: 1.5234375 * Ross
46: 1.515625 * Side
47: 1.5 * low
48: 1.4921875 * size
49: 1.4609375 * free
Total loss: 0.2026626020669937 = MSE Loss: 0.17738956212997437, 5.0 * Sparsity Loss: 0.005054607056081295
Epoch: 3 batch_num: 113
0: 24.625 * realizeaz
1: 14.25 * Walking
2: 10.5 * </s>
3: 9.6875 * mândr
4: 8.875 * Walk
5: 7.78125 * Path
6: 4.75 * spot
7: 4.46875 * Around
8: 4.40625 * PD
9: 4.3125 * decizie
10: 3.953125 * Madison
11: 3.890625 * Licensed
12: 3.625 * WS
13: 3.28125 * ST
14: 3.21875 * actiuni
15: 2.65625 * average
16: 2.625 * West
17: 2.609375 * begging
18: 2.5625 * trecută
19: 2.40625 * walk
20: 2.234375 * Brown
21: 2.109375 * Bark
22: 2.09375 * St
23: 2.078125 * Animal
24: 2.078125 * grupuri
25: 2.046875 * West
26: 2.03125 * clădiri
27: 1.96875 * ling
28: 1.9609375 * BS
29: 1.8359375 * Pitt
30: 1.8359375 * adecvat
31: 1.8203125 * path
32: 1.8203125 * Assistant
33: 1.8046875 * walk
34: 1.7734375 * Pa
35: 1.75 * ATION
36: 1.734375 * cărui
37: 1.7265625 * dărui
38: 1.6796875 * Weekend
39: 1.6796875 * new
40: 1.5390625 * mo
41: 1.53125 * dogs
42: 1.515625 * morning
43: 1.515625 * Side
44: 1.4921875 * Ross
45: 1.484375 * free
46: 1.4609375 * owner
47: 1.4609375 * low
48: 1.4609375 * Summer
49: 1.4453125 * walks
Total loss: 0.31954044103622437 = MSE Loss: 0.2943286895751953, 5.0 * Sparsity Loss: 0.0050423527136445045
Epoch: 3 batch_num: 114
0: 24.625 * realizeaz
1: 14.3125 * Walking
2: 10.5 * </s>
3: 9.6875 * mândr
4: 8.6875 * Walk
5: 7.8125 * Path
6: 4.75 * spot
7: 4.46875 * Around
8: 4.375 * PD
9: 4.3125 * decizie
10: 3.921875 * Madison
11: 3.90625 * Licensed
12: 3.625 * WS
13: 3.171875 * actiuni
14: 3.171875 * ST
15: 2.640625 * trecută
16: 2.625 * average
17: 2.609375 * begging
18: 2.53125 * West
19: 2.234375 * walk
20: 2.234375 * St
21: 2.21875 * Brown
22: 2.125 * grupuri
23: 2.078125 * Bark
24: 2.0625 * West
25: 2.046875 * Animal
26: 2.0 * clădiri
27: 1.9375 * BS
28: 1.921875 * ling
29: 1.8828125 * Pitt
30: 1.859375 * path
31: 1.7890625 * adecvat
32: 1.7890625 * Assistant
33: 1.7578125 * dărui
34: 1.7421875 * ATION
35: 1.734375 * Pa
36: 1.6953125 * cărui
37: 1.65625 * walk
38: 1.6328125 * new
39: 1.6171875 * Weekend
40: 1.578125 * dogs
41: 1.53125 * Side
42: 1.5078125 * free
43: 1.5 * mo
44: 1.46875 * Wind
45: 1.453125 * Ross
46: 1.4453125 * owner
47: 1.40625 * morning
48: 1.3828125 * low
49: 1.3671875 * size
Total loss: 0.40334776043891907 = MSE Loss: 0.37805044651031494, 5.0 * Sparsity Loss: 0.005059461109340191
Epoch: 3 batch_num: 115
0: 24.625 * realizeaz
1: 14.375 * Walking
2: 10.5 * </s>
3: 9.6875 * mândr
4: 8.5 * Walk
5: 7.8125 * Path
6: 4.75 * spot
7: 4.5 * Around
8: 4.375 * PD
9: 4.3125 * decizie
10: 3.90625 * Madison
11: 3.90625 * Licensed
12: 3.65625 * WS
13: 3.125 * ST
14: 3.09375 * actiuni
15: 2.765625 * trecută
16: 2.59375 * average
17: 2.59375 * begging
18: 2.5 * West
19: 2.21875 * Brown
20: 2.203125 * St
21: 2.140625 * grupuri
22: 2.078125 * walk
23: 2.0625 * West
24: 2.046875 * Bark
25: 2.015625 * Animal
26: 2.0 * clădiri
27: 1.9296875 * BS
28: 1.921875 * Pitt
29: 1.875 * path
30: 1.8359375 * ling
31: 1.7734375 * dărui
32: 1.765625 * Assistant
33: 1.75 * adecvat
34: 1.71875 * Pa
35: 1.6953125 * ATION
36: 1.65625 * cărui
37: 1.6484375 * dogs
38: 1.6015625 * new
39: 1.5390625 * Weekend
40: 1.5234375 * Side
41: 1.4921875 * mo
42: 1.4921875 * free
43: 1.484375 * walk
44: 1.4765625 * Wind
45: 1.46875 * owner
46: 1.4140625 * Ross
47: 1.390625 * logy
48: 1.3515625 * walked
49: 1.328125 * morning
Total loss: 0.21900923550128937 = MSE Loss: 0.1936679631471634, 5.0 * Sparsity Loss: 0.0050682551227509975
Epoch: 3 batch_num: 116
0: 24.625 * realizeaz
1: 14.5 * Walking
2: 10.5 * </s>
3: 9.6875 * mândr
4: 8.375 * Walk
5: 7.78125 * Path
6: 4.71875 * spot
7: 4.5625 * Around
8: 4.40625 * PD
9: 4.3125 * decizie
10: 3.90625 * Licensed
11: 3.875 * Madison
12: 3.671875 * WS
13: 3.171875 * ST
14: 3.0625 * actiuni
15: 2.859375 * trecută
16: 2.5625 * begging
17: 2.546875 * average
18: 2.40625 * West
19: 2.265625 * Brown
20: 2.171875 * grupuri
21: 2.09375 * St
22: 2.078125 * West
23: 2.03125 * Bark
24: 2.0 * clădiri
25: 1.9765625 * Pitt
26: 1.953125 * Animal
27: 1.921875 * BS
28: 1.8984375 * walk
29: 1.8359375 * path
30: 1.7890625 * dărui
31: 1.765625 * dogs
32: 1.7421875 * ling
33: 1.7421875 * Assistant
34: 1.734375 * Pa
35: 1.7109375 * adecvat
36: 1.6328125 * ATION
37: 1.609375 * cărui
38: 1.6015625 * new
39: 1.5546875 * Side
40: 1.5 * mo
41: 1.4921875 * owner
42: 1.484375 * free
43: 1.4609375 * Weekend
44: 1.4375 * logy
45: 1.3828125 * Wind
46: 1.375 * Ross
47: 1.3671875 * walked
48: 1.328125 * walk
49: 1.2890625 * Chuck
Total loss: 0.27265113592147827 = MSE Loss: 0.2480154037475586, 5.0 * Sparsity Loss: 0.004927144385874271
Epoch: 3 batch_num: 117
0: 24.75 * realizeaz
1: 14.5625 * Walking
2: 10.5625 * </s>
3: 9.6875 * mândr
4: 8.25 * Walk
5: 7.75 * Path
6: 4.6875 * Around
7: 4.6875 * spot
8: 4.375 * PD
9: 4.3125 * decizie
10: 3.90625 * Licensed
11: 3.859375 * Madison
12: 3.671875 * WS
13: 3.21875 * ST
14: 3.0 * actiuni
15: 2.96875 * trecută
16: 2.5 * begging
17: 2.484375 * average
18: 2.34375 * Brown
19: 2.234375 * West
20: 2.1875 * grupuri
21: 2.15625 * West
22: 2.046875 * Pitt
23: 2.015625 * Bark
24: 2.015625 * St
25: 1.984375 * clădiri
26: 1.9453125 * Animal
27: 1.9375 * dogs
28: 1.921875 * BS
29: 1.8203125 * path
30: 1.796875 * dărui
31: 1.765625 * walk
32: 1.734375 * Pa
33: 1.7109375 * Assistant
34: 1.6796875 * adecvat
35: 1.6484375 * ling
36: 1.6328125 * Side
37: 1.59375 * new
38: 1.5625 * ATION
39: 1.546875 * cărui
40: 1.5390625 * owner
41: 1.4921875 * mo
42: 1.4765625 * logy
43: 1.453125 * free
44: 1.390625 * walked
45: 1.390625 * Weekend
46: 1.359375 * Ross
47: 1.3046875 * Wind
48: 1.2734375 * Chuck
49: 1.25 * PR
Total loss: 0.23595744371414185 = MSE Loss: 0.21086056530475616, 5.0 * Sparsity Loss: 0.005019376054406166
Epoch: 3 batch_num: 118
0: 24.75 * realizeaz
1: 14.625 * Walking
2: 10.5625 * </s>
3: 9.625 * mândr
4: 8.125 * Walk
5: 7.71875 * Path
6: 4.78125 * Around
7: 4.65625 * spot
8: 4.34375 * decizie
9: 4.34375 * PD
10: 3.890625 * Licensed
11: 3.84375 * Madison
12: 3.6875 * WS
13: 3.25 * ST
14: 3.046875 * trecută
15: 2.953125 * actiuni
16: 2.4375 * begging
17: 2.421875 * average
18: 2.359375 * Brown
19: 2.21875 * West
20: 2.21875 * grupuri
21: 2.125 * dogs
22: 2.125 * West
23: 2.078125 * Pitt
24: 1.9921875 * Bark
25: 1.984375 * St
26: 1.953125 * clădiri
27: 1.90625 * BS
28: 1.890625 * Animal
29: 1.78125 * dărui
30: 1.765625 * path
31: 1.71875 * Pa
32: 1.6875 * Side
33: 1.6796875 * Assistant
34: 1.6640625 * walk
35: 1.640625 * adecvat
36: 1.5859375 * ling
37: 1.5625 * new
38: 1.5390625 * owner
39: 1.5 * logy
40: 1.5 * cărui
41: 1.4921875 * ATION
42: 1.46875 * mo
43: 1.4140625 * free
44: 1.390625 * walked
45: 1.3515625 * Weekend
46: 1.34375 * Ross
47: 1.2890625 * local
48: 1.2578125 * Chuck
49: 1.2421875 * Wind
Total loss: 0.25121673941612244 = MSE Loss: 0.22612228989601135, 5.0 * Sparsity Loss: 0.00501888757571578
Epoch: 3 batch_num: 119
0: 24.75 * realizeaz
1: 14.625 * Walking
2: 10.5625 * </s>
3: 9.5625 * mândr
4: 8.0 * Walk
5: 7.6875 * Path
6: 4.84375 * Around
7: 4.625 * spot
8: 4.34375 * decizie
9: 4.34375 * PD
10: 3.859375 * Licensed
11: 3.828125 * Madison
12: 3.703125 * WS
13: 3.265625 * ST
14: 3.09375 * trecută
15: 2.90625 * actiuni
16: 2.40625 * begging
17: 2.390625 * average
18: 2.328125 * Brown
19: 2.28125 * dogs
20: 2.25 * West
21: 2.25 * grupuri
22: 2.09375 * Pitt
23: 2.0625 * West
24: 1.9765625 * St
25: 1.96875 * Bark
26: 1.890625 * BS
27: 1.8828125 * clădiri
28: 1.7578125 * Animal
29: 1.7421875 * dărui
30: 1.7265625 * path
31: 1.71875 * Side
32: 1.6796875 * Pa
33: 1.6484375 * Assistant
34: 1.59375 * adecvat
35: 1.5703125 * walk
36: 1.5703125 * ling
37: 1.53125 * new
38: 1.5078125 * owner
39: 1.5 * logy
40: 1.46875 * local
41: 1.4375 * mo
42: 1.4375 * cărui
43: 1.4296875 * ATION
44: 1.40625 * walked
45: 1.359375 * free
46: 1.3203125 * Ross
47: 1.3125 * Weekend
48: 1.25 * Chuck
49: 1.2109375 * ped
Total loss: 0.20938517153263092 = MSE Loss: 0.18472394347190857, 5.0 * Sparsity Loss: 0.004932246170938015
Epoch: 3 batch_num: 120
0: 24.75 * realizeaz
1: 14.6875 * Walking
2: 10.5 * </s>
3: 9.5625 * mândr
4: 7.875 * Walk
5: 7.6875 * Path
6: 4.90625 * Around
7: 4.59375 * spot
8: 4.34375 * decizie
9: 4.3125 * PD
10: 3.828125 * Licensed
11: 3.8125 * Madison
12: 3.703125 * WS
13: 3.265625 * ST
14: 3.140625 * trecută
15: 2.90625 * actiuni
16: 2.375 * average
17: 2.34375 * dogs
18: 2.34375 * begging
19: 2.3125 * Brown
20: 2.3125 * West
21: 2.296875 * grupuri
22: 2.109375 * Pitt
23: 2.015625 * St
24: 1.9609375 * Bark
25: 1.9296875 * West
26: 1.8671875 * BS
27: 1.828125 * clădiri
28: 1.7421875 * Side
29: 1.734375 * dărui
30: 1.6875 * Animal
31: 1.6640625 * path
32: 1.6328125 * Assistant
33: 1.625 * Pa
34: 1.546875 * adecvat
35: 1.5390625 * ling
36: 1.5390625 * local
37: 1.5078125 * new
38: 1.4921875 * logy
39: 1.453125 * walk
40: 1.453125 * owner
41: 1.4296875 * walked
42: 1.4140625 * mo
43: 1.3984375 * cărui
44: 1.375 * ATION
45: 1.34375 * ped
46: 1.296875 * Ross
47: 1.265625 * Weekend
48: 1.2421875 * middle
49: 1.234375 * Chuck
Total loss: 0.30457788705825806 = MSE Loss: 0.2798314690589905, 5.0 * Sparsity Loss: 0.0049492837861180305
Epoch: 3 batch_num: 121
0: 24.75 * realizeaz
1: 14.75 * Walking
2: 10.5 * </s>
3: 9.5 * mândr
4: 7.75 * Walk
5: 7.65625 * Path
6: 4.96875 * Around
7: 4.59375 * spot
8: 4.34375 * decizie
9: 4.3125 * PD
10: 3.8125 * Licensed
11: 3.796875 * Madison
12: 3.6875 * WS
13: 3.234375 * ST
14: 3.15625 * trecută
15: 2.921875 * actiuni
16: 2.375 * West
17: 2.359375 * dogs
18: 2.359375 * Brown
19: 2.34375 * average
20: 2.328125 * grupuri
21: 2.28125 * begging
22: 2.125 * Pitt
23: 2.078125 * St
24: 1.9375 * Bark
25: 1.8359375 * BS
26: 1.7578125 * Side
27: 1.7578125 * West
28: 1.75 * clădiri
29: 1.703125 * dărui
30: 1.6640625 * path
31: 1.6328125 * Assistant
32: 1.625 * Animal
33: 1.5859375 * local
34: 1.578125 * Pa
35: 1.5390625 * ling
36: 1.5078125 * adecvat
37: 1.5 * new
38: 1.46875 * logy
39: 1.453125 * walked
40: 1.4375 * ped
41: 1.4140625 * owner
42: 1.3984375 * mo
43: 1.3515625 * cărui
44: 1.3203125 * walk
45: 1.2890625 * ATION
46: 1.2734375 * middle
47: 1.265625 * Ross
48: 1.265625 * valeur
49: 1.234375 * Chuck
Total loss: 0.246088445186615 = MSE Loss: 0.22144003212451935, 5.0 * Sparsity Loss: 0.004929683171212673
Epoch: 3 batch_num: 122
0: 24.875 * realizeaz
1: 14.8125 * Walking
2: 10.4375 * </s>
3: 9.4375 * mândr
4: 7.65625 * Path
5: 7.59375 * Walk
6: 5.0 * Around
7: 4.5625 * spot
8: 4.34375 * decizie
9: 4.28125 * PD
10: 3.828125 * Licensed
11: 3.765625 * Madison
12: 3.6875 * WS
13: 3.21875 * ST
14: 3.1875 * trecută
15: 2.953125 * actiuni
16: 2.4375 * Brown
17: 2.421875 * West
18: 2.328125 * grupuri
19: 2.3125 * average
20: 2.296875 * dogs
21: 2.21875 * begging
22: 2.125 * Pitt
23: 2.09375 * St
24: 1.9296875 * Bark
25: 1.796875 * BS
26: 1.7578125 * Side
27: 1.6953125 * dărui
28: 1.6796875 * clădiri
29: 1.6640625 * path
30: 1.6484375 * Assistant
31: 1.6328125 * West
32: 1.59375 * Animal
33: 1.5546875 * local
34: 1.546875 * Pa
35: 1.5234375 * ped
36: 1.515625 * ling
37: 1.4921875 * new
38: 1.46875 * walked
39: 1.46875 * logy
40: 1.4609375 * adecvat
41: 1.4375 * owner
42: 1.390625 * mo
43: 1.3359375 * valeur
44: 1.3125 * walking
45: 1.3125 * cărui
46: 1.3046875 * middle
47: 1.234375 * Ross
48: 1.21875 * Chuck
49: 1.2109375 * ATION
Total loss: 0.1987241506576538 = MSE Loss: 0.1743185669183731, 5.0 * Sparsity Loss: 0.0048811174929142
Epoch: 3 batch_num: 123
0: 24.75 * realizeaz
1: 14.8125 * Walking
2: 10.375 * </s>
3: 9.4375 * mândr
4: 7.59375 * Walk
5: 7.59375 * Path
6: 5.0 * Around
7: 4.5 * spot
8: 4.34375 * decizie
9: 4.25 * PD
10: 3.84375 * Licensed
11: 3.734375 * Madison
12: 3.6875 * WS
13: 3.203125 * trecută
14: 3.171875 * ST
15: 2.984375 * actiuni
16: 2.484375 * Brown
17: 2.453125 * West
18: 2.3125 * grupuri
19: 2.296875 * average
20: 2.28125 * dogs
21: 2.15625 * begging
22: 2.125 * Pitt
23: 2.09375 * St
24: 1.9296875 * Bark
25: 1.765625 * BS
26: 1.7265625 * Side
27: 1.671875 * dărui
28: 1.671875 * Assistant
29: 1.6484375 * path
30: 1.625 * clădiri
31: 1.609375 * ped
32: 1.5703125 * Animal
33: 1.53125 * Pa
34: 1.515625 * local
35: 1.5 * ling
36: 1.5 * West
37: 1.4765625 * new
38: 1.4609375 * walked
39: 1.453125 * logy
40: 1.4296875 * owner
41: 1.4296875 * adecvat
42: 1.40625 * valeur
43: 1.390625 * mo
44: 1.3515625 * walking
45: 1.3359375 * middle
46: 1.28125 * cărui
47: 1.265625 * wind
48: 1.21875 * ATION
49: 1.21875 * Ross
Total loss: 0.4122990071773529 = MSE Loss: 0.3872983157634735, 5.0 * Sparsity Loss: 0.005000136326998472
Epoch: 3 batch_num: 124
0: 24.625 * realizeaz
1: 14.8125 * Walking
2: 10.375 * </s>
3: 9.375 * mândr
4: 7.59375 * Walk
5: 7.59375 * Path
6: 5.0 * Around
7: 4.46875 * spot
8: 4.34375 * decizie
9: 4.21875 * PD
10: 3.84375 * Licensed
11: 3.71875 * Madison
12: 3.6875 * WS
13: 3.25 * trecută
14: 3.078125 * ST
15: 3.03125 * actiuni
16: 2.5625 * Brown
17: 2.453125 * West
18: 2.296875 * grupuri
19: 2.28125 * average
20: 2.265625 * dogs
21: 2.109375 * St
22: 2.09375 * Pitt
23: 2.078125 * begging
24: 1.921875 * Bark
25: 1.703125 * path
26: 1.703125 * BS
27: 1.6796875 * Side
28: 1.6796875 * Assistant
29: 1.671875 * ped
30: 1.671875 * dărui
31: 1.5625 * clădiri
32: 1.5390625 * Animal
33: 1.515625 * Pa
34: 1.4921875 * ling
35: 1.4921875 * local
36: 1.4765625 * logy
37: 1.46875 * valeur
38: 1.4609375 * new
39: 1.4375 * walked
40: 1.4140625 * middle
41: 1.390625 * owner
42: 1.390625 * mo
43: 1.3828125 * walking
44: 1.3828125 * adecvat
45: 1.375 * West
46: 1.3515625 * wind
47: 1.25 * cărui
48: 1.1953125 * walk
49: 1.1953125 * Ross
Total loss: 0.20376715064048767 = MSE Loss: 0.17930641770362854, 5.0 * Sparsity Loss: 0.004892147611826658
Epoch: 3 batch_num: 125
0: 24.5 * realizeaz
1: 14.75 * Walking
2: 10.3125 * </s>
3: 9.25 * mândr
4: 7.71875 * Walk
5: 7.59375 * Path
6: 5.0 * Around
7: 4.4375 * spot
8: 4.34375 * decizie
9: 4.1875 * PD
10: 3.8125 * Licensed
11: 3.703125 * WS
12: 3.6875 * Madison
13: 3.296875 * trecută
14: 3.078125 * actiuni
15: 2.984375 * ST
16: 2.625 * Brown
17: 2.4375 * West
18: 2.265625 * dogs
19: 2.265625 * average
20: 2.25 * grupuri
21: 2.109375 * St
22: 2.078125 * Pitt
23: 2.046875 * begging
24: 1.9296875 * Bark
25: 1.7734375 * path
26: 1.7265625 * ped
27: 1.6796875 * dărui
28: 1.671875 * Assistant
29: 1.6484375 * BS
30: 1.625 * Side
31: 1.53125 * valeur
32: 1.515625 * local
33: 1.515625 * clădiri
34: 1.5078125 * Animal
35: 1.4921875 * logy
36: 1.484375 * Pa
37: 1.484375 * middle
38: 1.4765625 * ling
39: 1.421875 * new
40: 1.3984375 * mo
41: 1.390625 * wind
42: 1.359375 * walked
43: 1.359375 * owner
44: 1.3359375 * adecvat
45: 1.328125 * West
46: 1.3125 * walk
47: 1.296875 * walking
48: 1.21875 * cărui
49: 1.1953125 * Weekend
Total loss: 0.24502474069595337 = MSE Loss: 0.2204844057559967, 5.0 * Sparsity Loss: 0.004908066242933273
Epoch: 3 batch_num: 126
0: 24.5 * realizeaz
1: 14.625 * Walking
2: 10.3125 * </s>
3: 9.1875 * mândr
4: 7.8125 * Walk
5: 7.59375 * Path
6: 4.96875 * Around
7: 4.4375 * spot
8: 4.34375 * decizie
9: 4.15625 * PD
10: 3.78125 * Licensed
11: 3.6875 * WS
12: 3.65625 * Madison
13: 3.3125 * trecută
14: 3.09375 * actiuni
15: 2.90625 * ST
16: 2.640625 * Brown
17: 2.375 * West
18: 2.265625 * dogs
19: 2.265625 * average
20: 2.234375 * grupuri
21: 2.078125 * St
22: 2.0625 * Pitt
23: 2.015625 * begging
24: 1.9453125 * Bark
25: 1.8515625 * path
26: 1.75 * ped
27: 1.671875 * dărui
28: 1.65625 * Assistant
29: 1.609375 * BS
30: 1.59375 * valeur
31: 1.5703125 * Side
32: 1.5546875 * local
33: 1.5234375 * middle
34: 1.5 * logy
35: 1.484375 * Pa
36: 1.4765625 * clădiri
37: 1.4609375 * Animal
38: 1.4453125 * ling
39: 1.4453125 * wind
40: 1.421875 * mo
41: 1.390625 * walk
42: 1.390625 * new
43: 1.375 * owner
44: 1.328125 * West
45: 1.3125 * walked
46: 1.3125 * adecvat
47: 1.234375 * и
48: 1.2265625 * walking
49: 1.1953125 * Weekend
Total loss: 0.3012864887714386 = MSE Loss: 0.27580058574676514, 5.0 * Sparsity Loss: 0.005097178276628256
Epoch: 3 batch_num: 127
0: 24.375 * realizeaz
1: 14.5625 * Walking
2: 10.25 * </s>
3: 9.125 * mândr
4: 7.875 * Walk
5: 7.59375 * Path
6: 4.96875 * Around
7: 4.375 * spot
8: 4.34375 * decizie
9: 4.15625 * PD
10: 3.75 * Licensed
11: 3.6875 * WS
12: 3.640625 * Madison
13: 3.3125 * trecută
14: 3.078125 * actiuni
15: 2.796875 * ST
16: 2.6875 * Brown
17: 2.34375 * West
18: 2.296875 * dogs
19: 2.28125 * average
20: 2.21875 * grupuri
21: 2.109375 * St
22: 2.046875 * Pitt
23: 1.9453125 * begging
24: 1.9375 * Bark
25: 1.828125 * path
26: 1.765625 * ped
27: 1.671875 * dărui
28: 1.6484375 * Assistant
29: 1.640625 * valeur
30: 1.6015625 * local
31: 1.59375 * BS
32: 1.5625 * middle
33: 1.5390625 * Side
34: 1.5234375 * logy
35: 1.5 * wind
36: 1.4921875 * walk
37: 1.453125 * Pa
38: 1.4375 * Animal
39: 1.4375 * clădiri
40: 1.421875 * mo
41: 1.421875 * и
42: 1.4140625 * owner
43: 1.3828125 * ling
44: 1.3671875 * new
45: 1.2890625 * adecvat
46: 1.2578125 * West
47: 1.2421875 * PR
48: 1.2265625 * walked
49: 1.1796875 * Weekend
Total loss: 0.3771989047527313 = MSE Loss: 0.3524148762226105, 5.0 * Sparsity Loss: 0.0049568060785532
Epoch: 3 batch_num: 128
0: 24.25 * realizeaz
1: 14.5 * Walking
2: 10.1875 * </s>
3: 9.0625 * mândr
4: 7.875 * Walk
5: 7.59375 * Path
6: 4.9375 * Around
7: 4.375 * decizie
8: 4.34375 * spot
9: 4.125 * PD
10: 3.71875 * Licensed
11: 3.6875 * WS
12: 3.609375 * Madison
13: 3.328125 * trecută
14: 3.046875 * actiuni
15: 2.734375 * Brown
16: 2.65625 * ST
17: 2.34375 * West
18: 2.328125 * dogs
19: 2.296875 * average
20: 2.28125 * St
21: 2.203125 * grupuri
22: 2.03125 * Pitt
23: 1.90625 * Bark
24: 1.8671875 * path
25: 1.8671875 * begging
26: 1.7734375 * ped
27: 1.6796875 * valeur
28: 1.65625 * dărui
29: 1.6484375 * local
30: 1.6328125 * Assistant
31: 1.609375 * middle
32: 1.5703125 * BS
33: 1.5703125 * wind
34: 1.5390625 * Side
35: 1.53125 * logy
36: 1.5234375 * и
37: 1.515625 * walk
38: 1.4921875 * PR
39: 1.4140625 * Pa
40: 1.4140625 * clădiri
41: 1.3984375 * Animal
42: 1.3984375 * mo
43: 1.3671875 * owner
44: 1.3203125 * new
45: 1.3046875 * ling
46: 1.265625 * medium
47: 1.2421875 * adecvat
48: 1.171875 * walked
49: 1.171875 * Weekend
Total loss: 0.2567571699619293 = MSE Loss: 0.23180757462978363, 5.0 * Sparsity Loss: 0.004989917390048504
Epoch: 3 batch_num: 129
0: 24.25 * realizeaz
1: 14.5 * Walking
2: 10.1875 * </s>
3: 9.125 * mândr
4: 7.90625 * Walk
5: 7.59375 * Path
6: 4.90625 * Around
7: 4.375 * decizie
8: 4.25 * spot
9: 4.125 * PD
10: 3.6875 * WS
11: 3.6875 * Licensed
12: 3.609375 * Madison
13: 3.328125 * trecută
14: 2.984375 * actiuni
15: 2.734375 * Brown
16: 2.5625 * ST
17: 2.40625 * St
18: 2.34375 * dogs
19: 2.34375 * average
20: 2.3125 * West
21: 2.171875 * grupuri
22: 2.0 * Pitt
23: 1.875 * Bark
24: 1.8125 * path
25: 1.78125 * begging
26: 1.7578125 * ped
27: 1.7109375 * valeur
28: 1.703125 * local
29: 1.65625 * PR
30: 1.625 * dărui
31: 1.625 * middle
32: 1.609375 * wind
33: 1.609375 * Assistant
34: 1.5859375 * walk
35: 1.578125 * и
36: 1.5546875 * logy
37: 1.5390625 * Side
38: 1.5390625 * BS
39: 1.4453125 * medium
40: 1.390625 * Pa
41: 1.390625 * clădiri
42: 1.3828125 * mo
43: 1.3671875 * Animal
44: 1.3515625 * owner
45: 1.25 * ling
46: 1.25 * new
47: 1.21875 * leaving
48: 1.2109375 * CC
49: 1.203125 * adecvat
Total loss: 0.36380869150161743 = MSE Loss: 0.33926495909690857, 5.0 * Sparsity Loss: 0.004908743780106306
Epoch: 3 batch_num: 130
0: 24.25 * realizeaz
1: 14.4375 * Walking
2: 10.1875 * </s>
3: 9.125 * mândr
4: 7.90625 * Walk
5: 7.5625 * Path
6: 4.84375 * Around
7: 4.40625 * decizie
8: 4.1875 * PD
9: 4.125 * spot
10: 3.703125 * WS
11: 3.6875 * Licensed
12: 3.59375 * Madison
13: 3.296875 * trecută
14: 2.921875 * actiuni
15: 2.734375 * Brown
16: 2.5 * ST
17: 2.421875 * St
18: 2.359375 * dogs
19: 2.359375 * average
20: 2.296875 * West
21: 2.140625 * grupuri
22: 1.984375 * Pitt
23: 1.8359375 * Bark
24: 1.765625 * local
25: 1.75 * PR
26: 1.75 * valeur
27: 1.7265625 * path
28: 1.7109375 * begging
29: 1.6875 * ped
30: 1.6328125 * wind
31: 1.6328125 * middle
32: 1.6171875 * walk
33: 1.6015625 * и
34: 1.5859375 * dărui
35: 1.5859375 * logy
36: 1.578125 * Assistant
37: 1.5703125 * medium
38: 1.515625 * Side
39: 1.5 * BS
40: 1.3828125 * mo
41: 1.375 * Pa
42: 1.3671875 * owner
43: 1.359375 * clădiri
44: 1.3203125 * Animal
45: 1.28125 * walks
46: 1.28125 * ling
47: 1.2578125 * CC
48: 1.2421875 * leaving
49: 1.1875 * potential
Total loss: 0.23405010998249054 = MSE Loss: 0.20978564023971558, 5.0 * Sparsity Loss: 0.004852893762290478
Epoch: 3 batch_num: 131
0: 24.25 * realizeaz
1: 14.4375 * Walking
2: 10.125 * </s>
3: 9.125 * mândr
4: 8.0 * Walk
5: 7.5 * Path
6: 4.8125 * Around
7: 4.40625 * decizie
8: 4.21875 * PD
9: 4.0 * spot
10: 3.71875 * WS
11: 3.703125 * Licensed
12: 3.59375 * Madison
13: 3.234375 * trecută
14: 2.890625 * actiuni
15: 2.65625 * Brown
16: 2.46875 * ST
17: 2.40625 * dogs
18: 2.375 * average
19: 2.34375 * St
20: 2.25 * West
21: 2.109375 * grupuri
22: 1.984375 * Pitt
23: 1.8515625 * PR
24: 1.84375 * local
25: 1.8046875 * Bark
26: 1.78125 * valeur
27: 1.7265625 * walk
28: 1.671875 * medium
29: 1.6640625 * wind
30: 1.65625 * begging
31: 1.625 * ped
32: 1.6171875 * и
33: 1.609375 * path
34: 1.609375 * middle
35: 1.6015625 * logy
36: 1.5625 * Assistant
37: 1.546875 * dărui
38: 1.46875 * walks
39: 1.46875 * Side
40: 1.46875 * BS
41: 1.3828125 * mo
42: 1.3671875 * Pa
43: 1.3515625 * owner
44: 1.3359375 * ling
45: 1.3359375 * clădiri
46: 1.2890625 * ements
47: 1.2734375 * Animal
48: 1.2734375 * CC
49: 1.25 * leaving
Total loss: 0.2769079804420471 = MSE Loss: 0.2526896893978119, 5.0 * Sparsity Loss: 0.004843659698963165
Epoch: 3 batch_num: 132
0: 24.125 * realizeaz
1: 14.4375 * Walking
2: 10.125 * </s>
3: 9.1875 * mândr
4: 8.125 * Walk
5: 7.40625 * Path
6: 4.78125 * Around
7: 4.375 * decizie
8: 4.21875 * PD
9: 3.890625 * spot
10: 3.71875 * WS
11: 3.703125 * Licensed
12: 3.578125 * Madison
13: 3.203125 * trecută
14: 2.8125 * actiuni
15: 2.640625 * Brown
16: 2.5 * dogs
17: 2.453125 * ST
18: 2.359375 * average
19: 2.234375 * St
20: 2.203125 * West
21: 2.078125 * grupuri
22: 1.9921875 * Pitt
23: 1.9453125 * PR
24: 1.921875 * local
25: 1.8203125 * walk
26: 1.8125 * valeur
27: 1.765625 * Bark
28: 1.734375 * medium
29: 1.6875 * и
30: 1.6875 * wind
31: 1.6171875 * walks
32: 1.609375 * logy
33: 1.6015625 * begging
34: 1.5859375 * ped
35: 1.5859375 * middle
36: 1.5390625 * Assistant
37: 1.5078125 * ements
38: 1.5 * dărui
39: 1.4765625 * path
40: 1.4140625 * BS
41: 1.40625 * Side
42: 1.390625 * Pa
43: 1.3828125 * mo
44: 1.34375 * ling
45: 1.3359375 * owner
46: 1.3046875 * CC
47: 1.3046875 * clădiri
48: 1.2578125 * at
49: 1.2265625 * leaving
Total loss: 0.2204425185918808 = MSE Loss: 0.19602972269058228, 5.0 * Sparsity Loss: 0.00488255824893713
Epoch: 3 batch_num: 133
0: 24.125 * realizeaz
1: 14.375 * Walking
2: 10.125 * </s>
3: 9.1875 * mândr
4: 8.1875 * Walk
5: 7.34375 * Path
6: 4.75 * Around
7: 4.375 * decizie
8: 4.21875 * PD
9: 3.78125 * spot
10: 3.734375 * WS
11: 3.6875 * Licensed
12: 3.578125 * Madison
13: 3.171875 * trecută
14: 2.78125 * actiuni
15: 2.640625 * Brown
16: 2.5 * dogs
17: 2.4375 * ST
18: 2.34375 * average
19: 2.1875 * West
20: 2.078125 * St
21: 2.0625 * grupuri
22: 2.015625 * PR
23: 2.0 * Pitt
24: 1.9765625 * local
25: 1.9296875 * walk
26: 1.859375 * valeur
27: 1.78125 * и
28: 1.765625 * walks
29: 1.75 * medium
30: 1.734375 * Bark
31: 1.7109375 * ements
32: 1.703125 * wind
33: 1.578125 * ped
34: 1.578125 * middle
35: 1.5546875 * logy
36: 1.53125 * begging
37: 1.5078125 * Assistant
38: 1.4765625 * dărui
39: 1.4140625 * Pa
40: 1.3828125 * mo
41: 1.3671875 * Side
42: 1.3671875 * BS
43: 1.3515625 * path
44: 1.34375 * at
45: 1.3203125 * ling
46: 1.3203125 * CC
47: 1.2890625 * owner
48: 1.2890625 * clădiri
49: 1.203125 * leaving
Total loss: 0.22200019657611847 = MSE Loss: 0.1980084776878357, 5.0 * Sparsity Loss: 0.004798344802111387
Epoch: 3 batch_num: 134
0: 24.125 * realizeaz
1: 14.375 * Walking
2: 10.125 * </s>
3: 9.25 * mândr
4: 8.1875 * Walk
5: 7.34375 * Path
6: 4.71875 * Around
7: 4.34375 * decizie
8: 4.1875 * PD
9: 3.734375 * WS
10: 3.703125 * spot
11: 3.671875 * Licensed
12: 3.59375 * Madison
13: 3.171875 * trecută
14: 2.75 * actiuni
15: 2.609375 * Brown
16: 2.515625 * dogs
17: 2.453125 * ST
18: 2.328125 * average
19: 2.15625 * West
20: 2.0625 * PR
21: 2.046875 * grupuri
22: 2.015625 * Pitt
23: 1.984375 * local
24: 1.9453125 * walk
25: 1.921875 * ements
26: 1.9140625 * St
27: 1.875 * valeur
28: 1.859375 * и
29: 1.8515625 * walks
30: 1.78125 * medium
31: 1.734375 * wind
32: 1.6953125 * Bark
33: 1.59375 * ped
34: 1.546875 * middle
35: 1.484375 * Assistant
36: 1.4453125 * dărui
37: 1.4453125 * logy
38: 1.4453125 * begging
39: 1.40625 * Pa
40: 1.359375 * mo
41: 1.3515625 * at
42: 1.34375 * Side
43: 1.34375 * path
44: 1.296875 * CC
45: 1.2890625 * BS
46: 1.265625 * owner
47: 1.2578125 * ling
48: 1.2578125 * clădiri
49: 1.2109375 * stability
Total loss: 0.24519604444503784 = MSE Loss: 0.22074656188488007, 5.0 * Sparsity Loss: 0.004889897536486387
Epoch: 3 batch_num: 135
0: 24.25 * realizeaz
1: 14.375 * Walking
2: 10.125 * </s>
3: 9.25 * mândr
4: 8.1875 * Walk
5: 7.34375 * Path
6: 4.6875 * Around
7: 4.3125 * decizie
8: 4.125 * PD
9: 3.71875 * WS
10: 3.65625 * spot
11: 3.609375 * Madison
12: 3.609375 * Licensed
13: 3.15625 * trecută
14: 2.6875 * actiuni
15: 2.59375 * Brown
16: 2.5 * dogs
17: 2.421875 * ST
18: 2.3125 * average
19: 2.171875 * West
20: 2.125 * PR
21: 2.09375 * ements
22: 2.03125 * Pitt
23: 2.03125 * grupuri
24: 1.9921875 * local
25: 1.921875 * walk
26: 1.9140625 * и
27: 1.8984375 * walks
28: 1.8984375 * valeur
29: 1.8125 * medium
30: 1.8125 * St
31: 1.7578125 * wind
32: 1.6640625 * Bark
33: 1.5625 * ped
34: 1.546875 * middle
35: 1.4609375 * Assistant
36: 1.40625 * dărui
37: 1.3984375 * Pa
38: 1.375 * begging
39: 1.3671875 * path
40: 1.359375 * at
41: 1.3515625 * ution
42: 1.3359375 * Side
43: 1.3203125 * logy
44: 1.3046875 * mo
45: 1.3046875 * stability
46: 1.28125 * CC
47: 1.265625 * owner
48: 1.2265625 * BS
49: 1.2265625 * clădiri
Total loss: 0.3353732228279114 = MSE Loss: 0.3105944097042084, 5.0 * Sparsity Loss: 0.004955762531608343
Epoch: 3 batch_num: 136
0: 24.375 * realizeaz
1: 14.3125 * Walking
2: 10.125 * </s>
3: 9.125 * mândr
4: 8.1875 * Walk
5: 7.34375 * Path
6: 4.59375 * Around
7: 4.28125 * decizie
8: 4.0625 * PD
9: 3.703125 * WS
10: 3.609375 * spot
11: 3.609375 * Madison
12: 3.546875 * Licensed
13: 3.140625 * trecută
14: 2.671875 * actiuni
15: 2.5625 * Brown
16: 2.375 * dogs
17: 2.375 * ST
18: 2.28125 * average
19: 2.234375 * ements
20: 2.171875 * West
21: 2.15625 * PR
22: 2.03125 * grupuri
23: 2.015625 * Pitt
24: 1.9921875 * local
25: 1.96875 * и
26: 1.921875 * walks
27: 1.9140625 * walk
28: 1.890625 * valeur
29: 1.859375 * medium
30: 1.7890625 * wind
31: 1.7734375 * St
32: 1.6015625 * Bark
33: 1.546875 * ped
34: 1.546875 * middle
35: 1.4609375 * ution
36: 1.4375 * Assistant
37: 1.40625 * dărui
38: 1.390625 * path
39: 1.375 * Pa
40: 1.3671875 * stability
41: 1.3359375 * at
42: 1.3203125 * begging
43: 1.2890625 * CC
44: 1.2734375 * Side
45: 1.25 * owner
46: 1.25 * mo
47: 1.2109375 * logy
48: 1.1953125 * ity
49: 1.1875 * clădiri
Total loss: 0.2184302657842636 = MSE Loss: 0.1939934641122818, 5.0 * Sparsity Loss: 0.004887360148131847
Epoch: 3 batch_num: 137
0: 24.5 * realizeaz
1: 14.3125 * Walking
2: 10.1875 * </s>
3: 9.0625 * mândr
4: 8.1875 * Walk
5: 7.34375 * Path
6: 4.5 * Around
7: 4.28125 * decizie
8: 4.03125 * PD
9: 3.6875 * WS
10: 3.609375 * Madison
11: 3.5625 * spot
12: 3.453125 * Licensed
13: 3.125 * trecută
14: 2.65625 * actiuni
15: 2.5625 * Brown
16: 2.390625 * ST
17: 2.296875 * ements
18: 2.25 * dogs
19: 2.25 * average
20: 2.171875 * West
21: 2.15625 * PR
22: 2.0 * и
23: 2.0 * grupuri
24: 1.9921875 * Pitt
25: 1.96875 * walks
26: 1.9609375 * local
27: 1.9375 * walk
28: 1.8828125 * valeur
29: 1.875 * wind
30: 1.8671875 * medium
31: 1.734375 * St
32: 1.5625 * ution
33: 1.5390625 * Bark
34: 1.53125 * middle
35: 1.5078125 * ped
36: 1.4140625 * dărui
37: 1.40625 * Assistant
38: 1.3984375 * stability
39: 1.375 * path
40: 1.359375 * Pa
41: 1.328125 * at
42: 1.28125 * CC
43: 1.2578125 * begging
44: 1.2265625 * Side
45: 1.2109375 * spots
46: 1.203125 * ity
47: 1.1953125 * owner
48: 1.1953125 * mo
49: 1.1640625 * BS
Total loss: 0.308668315410614 = MSE Loss: 0.28476759791374207, 5.0 * Sparsity Loss: 0.004780144430696964
Epoch: 3 batch_num: 138
0: 24.625 * realizeaz
1: 14.25 * Walking
2: 10.1875 * </s>
3: 9.0 * mândr
4: 8.1875 * Walk
5: 7.3125 * Path
6: 4.53125 * Around
7: 4.28125 * decizie
8: 4.0625 * PD
9: 3.671875 * WS
10: 3.59375 * Madison
11: 3.515625 * spot
12: 3.34375 * Licensed
13: 3.109375 * trecută
14: 2.65625 * actiuni
15: 2.5625 * Brown
16: 2.40625 * ST
17: 2.3125 * ements
18: 2.234375 * average
19: 2.21875 * West
20: 2.140625 * dogs
21: 2.078125 * PR
22: 2.03125 * и
23: 2.015625 * walks
24: 2.0 * grupuri
25: 1.9609375 * walk
26: 1.953125 * Pitt
27: 1.9453125 * wind
28: 1.890625 * medium
29: 1.875 * local
30: 1.8671875 * valeur
31: 1.7421875 * St
32: 1.671875 * ution
33: 1.53125 * middle
34: 1.4921875 * Bark
35: 1.46875 * ped
36: 1.4375 * stability
37: 1.4140625 * dărui
38: 1.375 * Assistant
39: 1.34375 * Pa
40: 1.3359375 * path
41: 1.328125 * CC
42: 1.296875 * at
43: 1.28125 * spots
44: 1.2578125 * and
45: 1.2109375 * begging
46: 1.171875 * BS
47: 1.15625 * Side
48: 1.15625 * ity
49: 1.1484375 * owner
Total loss: 0.2112162858247757 = MSE Loss: 0.18788719177246094, 5.0 * Sparsity Loss: 0.004665818996727467
Epoch: 3 batch_num: 139
0: 24.75 * realizeaz
1: 14.1875 * Walking
2: 10.25 * </s>
3: 8.9375 * mândr
4: 8.1875 * Walk
5: 7.28125 * Path
6: 4.5 * Around
7: 4.28125 * decizie
8: 4.03125 * PD
9: 3.671875 * WS
10: 3.578125 * Madison
11: 3.5 * spot
12: 3.28125 * Licensed
13: 3.125 * trecută
14: 2.640625 * actiuni
15: 2.53125 * Brown
16: 2.375 * ST
17: 2.296875 * ements
18: 2.265625 * West
19: 2.234375 * average
20: 2.109375 * walks
21: 2.0625 * PR
22: 2.046875 * и
23: 2.015625 * walk
24: 2.015625 * grupuri
25: 2.0 * wind
26: 1.953125 * medium
27: 1.9140625 * dogs
28: 1.890625 * Pitt
29: 1.84375 * valeur
30: 1.796875 * local
31: 1.7734375 * St
32: 1.765625 * ution
33: 1.5078125 * middle
34: 1.4453125 * Bark
35: 1.4453125 * stability
36: 1.421875 * ped
37: 1.421875 * dărui
38: 1.3984375 * and
39: 1.359375 * CC
40: 1.3359375 * Assistant
41: 1.3203125 * Pa
42: 1.3125 * spots
43: 1.3046875 * path
44: 1.28125 * at
45: 1.1875 * begging
46: 1.1796875 * BS
47: 1.15625 * owner
48: 1.140625 * Profile
49: 1.109375 * ity
Total loss: 0.26887887716293335 = MSE Loss: 0.24558186531066895, 5.0 * Sparsity Loss: 0.00465940497815609
Epoch: 3 batch_num: 140
0: 24.875 * realizeaz
1: 14.0625 * Walking
2: 10.3125 * </s>
3: 8.875 * mândr
4: 8.25 * Walk
5: 7.25 * Path
6: 4.40625 * Around
7: 4.25 * decizie
8: 3.984375 * PD
9: 3.671875 * WS
10: 3.578125 * Madison
11: 3.46875 * spot
12: 3.25 * Licensed
13: 3.15625 * trecută
14: 2.59375 * actiuni
15: 2.4375 * Brown
16: 2.328125 * ST
17: 2.3125 * ements
18: 2.296875 * West
19: 2.25 * walks
20: 2.234375 * average
21: 2.125 * walk
22: 2.109375 * PR
23: 2.078125 * и
24: 2.03125 * medium
25: 2.0 * wind
26: 1.9921875 * grupuri
27: 1.84375 * ution
28: 1.828125 * Pitt
29: 1.828125 * valeur
30: 1.796875 * dogs
31: 1.796875 * local
32: 1.7890625 * St
33: 1.4375 * and
34: 1.421875 * middle
35: 1.40625 * Bark
36: 1.3984375 * ped
37: 1.3984375 * dărui
38: 1.3984375 * stability
39: 1.3671875 * spots
40: 1.34375 * CC
41: 1.296875 * Pa
42: 1.296875 * Assistant
43: 1.2890625 * at
44: 1.2421875 * path
45: 1.15625 * BS
46: 1.1484375 * Profile
47: 1.1484375 * begging
48: 1.1171875 * owner
49: 1.0625 * In
Total loss: 0.39867857098579407 = MSE Loss: 0.37475961446762085, 5.0 * Sparsity Loss: 0.00478379288688302
Epoch: 3 batch_num: 141
0: 24.875 * realizeaz
1: 14.0 * Walking
2: 10.25 * </s>
3: 8.8125 * mândr
4: 8.375 * Walk
5: 7.25 * Path
6: 4.375 * Around
7: 4.21875 * decizie
8: 3.890625 * PD
9: 3.671875 * WS
10: 3.578125 * Madison
11: 3.453125 * spot
12: 3.21875 * Licensed
13: 3.171875 * trecută
14: 2.5625 * actiuni
15: 2.421875 * walks
16: 2.359375 * West
17: 2.296875 * ements
18: 2.28125 * Brown
19: 2.25 * walk
20: 2.234375 * ST
21: 2.21875 * average
22: 2.140625 * PR
23: 2.09375 * medium
24: 2.078125 * и
25: 1.9921875 * wind
26: 1.984375 * grupuri
27: 1.8984375 * ution
28: 1.8046875 * St
29: 1.796875 * valeur
30: 1.7734375 * local
31: 1.765625 * dogs
32: 1.7421875 * Pitt
33: 1.4375 * and
34: 1.3828125 * ped
35: 1.3828125 * spots
36: 1.3828125 * dărui
37: 1.375 * Bark
38: 1.375 * stability
39: 1.3671875 * middle
40: 1.2890625 * CC
41: 1.2734375 * Pa
42: 1.2734375 * at
43: 1.25 * Assistant
44: 1.1875 * path
45: 1.1328125 * owner
46: 1.1171875 * Profile
47: 1.1171875 * BS
48: 1.109375 * begging
49: 1.0859375 * In
Total loss: 0.26370006799697876 = MSE Loss: 0.23958584666252136, 5.0 * Sparsity Loss: 0.004822841379791498
Epoch: 3 batch_num: 142
0: 24.875 * realizeaz
1: 13.9375 * Walking
2: 10.1875 * </s>
3: 8.8125 * mândr
4: 8.5 * Walk
5: 7.1875 * Path
6: 4.3125 * Around
7: 4.1875 * decizie
8: 3.796875 * PD
9: 3.640625 * WS
10: 3.5625 * Madison
11: 3.421875 * spot
12: 3.1875 * trecută
13: 3.171875 * Licensed
14: 2.59375 * walks
15: 2.53125 * actiuni
16: 2.4375 * West
17: 2.359375 * walk
18: 2.328125 * ements
19: 2.25 * average
20: 2.1875 * Brown
21: 2.171875 * PR
22: 2.171875 * ST
23: 2.140625 * medium
24: 2.0625 * и
25: 1.96875 * wind
26: 1.9609375 * grupuri
27: 1.9375 * ution
28: 1.8125 * St
29: 1.7578125 * local
30: 1.75 * valeur
31: 1.6953125 * dogs
32: 1.6640625 * Pitt
33: 1.421875 * spots
34: 1.4140625 * ped
35: 1.40625 * and
36: 1.3671875 * stability
37: 1.3515625 * dărui
38: 1.3359375 * Bark
39: 1.3046875 * middle
40: 1.2421875 * at
41: 1.234375 * CC
42: 1.2265625 * Pa
43: 1.1953125 * Assistant
44: 1.1328125 * owner
45: 1.1015625 * In
46: 1.09375 * path
47: 1.0859375 * Run
48: 1.0703125 * In
49: 1.0546875 * BS
Total loss: 0.26026198267936707 = MSE Loss: 0.2359652817249298, 5.0 * Sparsity Loss: 0.0048593380488455296
Epoch: 3 batch_num: 143
0: 25.0 * realizeaz
1: 13.9375 * Walking
2: 10.125 * </s>
3: 8.8125 * mândr
4: 8.625 * Walk
5: 7.09375 * Path
6: 4.28125 * Around
7: 4.125 * decizie
8: 3.71875 * PD
9: 3.625 * WS
10: 3.5625 * Madison
11: 3.375 * spot
12: 3.1875 * trecută
13: 3.09375 * Licensed
14: 2.71875 * walks
15: 2.5 * actiuni
16: 2.46875 * walk
17: 2.46875 * West
18: 2.390625 * ements
19: 2.296875 * average
20: 2.234375 * medium
21: 2.15625 * ST
22: 2.140625 * PR
23: 2.09375 * Brown
24: 2.046875 * и
25: 1.96875 * ution
26: 1.9296875 * wind
27: 1.921875 * grupuri
28: 1.84375 * local
29: 1.75 * St
30: 1.7109375 * valeur
31: 1.6796875 * dogs
32: 1.6015625 * Pitt
33: 1.453125 * ped
34: 1.4375 * spots
35: 1.359375 * stability
36: 1.328125 * and
37: 1.3203125 * dărui
38: 1.296875 * Bark
39: 1.25 * middle
40: 1.2109375 * Pa
41: 1.2109375 * CC
42: 1.1875 * at
43: 1.1484375 * Assistant
44: 1.140625 * owner
45: 1.1171875 * In
46: 1.09375 * In
47: 1.0625 * stick
48: 1.046875 * mo
49: 1.046875 * Run
Total loss: 0.21380069851875305 = MSE Loss: 0.18901796638965607, 5.0 * Sparsity Loss: 0.004956548102200031
Epoch: 3 batch_num: 144
0: 25.125 * realizeaz
1: 14.0 * Walking
2: 10.125 * </s>
3: 8.8125 * mândr
4: 8.75 * Walk
5: 7.0 * Path
6: 4.25 * Around
7: 4.0625 * decizie
8: 3.640625 * PD
9: 3.625 * WS
10: 3.546875 * Madison
11: 3.34375 * spot
12: 3.203125 * trecută
13: 2.953125 * Licensed
14: 2.828125 * walks
15: 2.546875 * walk
16: 2.484375 * actiuni
17: 2.453125 * West
18: 2.421875 * ements
19: 2.34375 * average
20: 2.234375 * medium
21: 2.125 * ST
22: 2.109375 * PR
23: 2.0625 * и
24: 2.046875 * Brown
25: 1.984375 * ution
26: 1.8984375 * wind
27: 1.8828125 * local
28: 1.859375 * grupuri
29: 1.6875 * dogs
30: 1.671875 * valeur
31: 1.625 * St
32: 1.5390625 * Pitt
33: 1.4609375 * ped
34: 1.421875 * spots
35: 1.3828125 * stability
36: 1.296875 * dărui
37: 1.2578125 * Bark
38: 1.234375 * middle
39: 1.2109375 * and
40: 1.203125 * Pa
41: 1.1953125 * CC
42: 1.1796875 * at
43: 1.125 * owner
44: 1.1015625 * Assistant
45: 1.09375 * stick
46: 1.078125 * In
47: 1.0703125 * mo
48: 1.0703125 * day
49: 1.0546875 * In
Total loss: 0.21031206846237183 = MSE Loss: 0.18611815571784973, 5.0 * Sparsity Loss: 0.004838781431317329
Epoch: 3 batch_num: 145
0: 25.25 * realizeaz
1: 14.0 * Walking
2: 10.0625 * </s>
3: 8.8125 * Walk
4: 8.8125 * mândr
5: 6.90625 * Path
6: 4.28125 * Around
7: 3.984375 * decizie
8: 3.625 * WS
9: 3.578125 * PD
10: 3.515625 * Madison
11: 3.328125 * spot
12: 3.21875 * trecută
13: 2.890625 * walks
14: 2.84375 * Licensed
15: 2.578125 * walk
16: 2.453125 * actiuni
17: 2.390625 * ements
18: 2.390625 * West
19: 2.359375 * average
20: 2.21875 * medium
21: 2.140625 * ST
22: 2.09375 * PR
23: 2.03125 * Brown
24: 2.015625 * и
25: 2.015625 * ution
26: 1.90625 * local
27: 1.875 * wind
28: 1.7890625 * grupuri
29: 1.65625 * dogs
30: 1.65625 * valeur
31: 1.5390625 * St
32: 1.484375 * Pitt
33: 1.453125 * ped
34: 1.4296875 * spots
35: 1.3984375 * stability
36: 1.2578125 * dărui
37: 1.2421875 * day
38: 1.2109375 * middle
39: 1.1953125 * Bark
40: 1.1875 * at
41: 1.171875 * Pa
42: 1.171875 * CC
43: 1.125 * stick
44: 1.1171875 * side
45: 1.0703125 * Assistant
46: 1.0625 * owner
47: 1.0625 * bebelus
48: 1.0546875 * mo
49: 1.0546875 * and
Total loss: 0.24465352296829224 = MSE Loss: 0.22085002064704895, 5.0 * Sparsity Loss: 0.0047607021406292915
Epoch: 3 batch_num: 146
0: 25.25 * realizeaz
1: 14.125 * Walking
2: 10.125 * </s>
3: 8.875 * Walk
4: 8.75 * mândr
5: 6.8125 * Path
6: 4.28125 * Around
7: 3.953125 * decizie
8: 3.625 * WS
9: 3.546875 * PD
10: 3.5 * Madison
11: 3.265625 * spot
12: 3.203125 * trecută
13: 2.9375 * walks
14: 2.75 * Licensed
15: 2.59375 * walk
16: 2.4375 * actiuni
17: 2.34375 * ements
18: 2.34375 * average
19: 2.328125 * West
20: 2.15625 * medium
21: 2.125 * ST
22: 2.0625 * PR
23: 2.0625 * Brown
24: 2.046875 * ution
25: 1.96875 * и
26: 1.9375 * local
27: 1.859375 * wind
28: 1.734375 * grupuri
29: 1.6796875 * dogs
30: 1.625 * valeur
31: 1.4609375 * spots
32: 1.4296875 * ped
33: 1.4296875 * stability
34: 1.421875 * Pitt
35: 1.4140625 * St
36: 1.3828125 * day
37: 1.265625 * side
38: 1.234375 * at
39: 1.2265625 * dărui
40: 1.2265625 * middle
41: 1.203125 * Pet
42: 1.171875 * tation
43: 1.1640625 * Pa
44: 1.1484375 * Bark
45: 1.1484375 * stick
46: 1.1328125 * CC
47: 1.1171875 * bebelus
48: 1.0703125 * mo
49: 1.046875 * Walk
Total loss: 0.22719216346740723 = MSE Loss: 0.2028394490480423, 5.0 * Sparsity Loss: 0.0048705413937568665
